recent_count,older_count,recent_share,older_share,delta_share,topic
100.0,243.0,0.017170329670329672,0.0069418654477931725,0.0102284642225365,Obstetric Complications
156.0,580.0,0.026785714285714284,0.016569061562633908,0.010216652723080377,Infectious Diseases
78.0,188.0,0.013392857142857142,0.00537066133409513,0.008022195808762012,Gynecologic Oncology
101.0,344.0,0.017342032967032968,0.009827167547493215,0.007514865419539753,Hematopathology
79.0,237.0,0.01356456043956044,0.006770461362662477,0.006794099076897963,Inflammation & Healing
77.0,235.0,0.013221153846153846,0.006713326667618912,0.006507827178534934,Neurology
95.0,356.0,0.016311813186813188,0.010169975717754607,0.006141837469058581,Neoplasia
60.0,154.0,0.010302197802197802,0.004399371518354521,0.005902826283843281,Toxicology
117.0,501.0,0.020089285714285716,0.014312241108413084,0.005777044605872632,Cardiology
49.0,99.0,0.008413461538461538,0.0028281674046564775,0.00558529413380506,Head & Neck
84.0,312.0,0.014423076923076924,0.008913012426796173,0.005510064496280751,Vitamins & Nutrition
43.0,107.0,0.007383241758241758,0.0030567061848307386,0.0043265355734110195,Histology
38.0,78.0,0.006524725274725275,0.002228253106699043,0.004296472168026232,Mycology
45.0,130.0,0.007726648351648352,0.0037137551778317385,0.004012893173816614,Endocrine
35.0,72.0,0.006009615384615385,0.0020568490215683473,0.003952766363047038,Urology
27.0,33.0,0.004635989010989011,0.0009427224682188259,0.0036932665427701853,Gastrointestinal Surgery
56.0,222.0,0.009615384615384616,0.006341951149835738,0.003273433465548878,Trauma
62.0,260.0,0.010645604395604396,0.007427510355663477,0.003218094039940919,Antenatal Care
57.0,239.0,0.009787087912087912,0.006827596057706042,0.00295949185438187,Renal
33.0,101.0,0.005666208791208791,0.0028853020997000427,0.0027809066915087484,Lower Limb
84.0,411.0,0.014423076923076924,0.011741179831452649,0.002681897091624275,Pulmonology
32.0,110.0,0.005494505494505495,0.003142408227396086,0.002352097267109409,Labor & Delivery
28.0,89.0,0.004807692307692308,0.0025424939294386517,0.002265198378253656,General Surgery
52.0,241.0,0.008928571428571428,0.006884730752749607,0.002043840675821821,Endocrinology
37.0,156.0,0.006353021978021978,0.004456506213398086,0.0018965157646238916,Thorax
12.0,7.0,0.0020604395604395605,0.00019997143265247823,0.0018604681277870822,Nerve Muscle
21.0,62.0,0.003605769230769231,0.0017711755463505213,0.0018345936844187097,Emergency Medicine
39.0,172.0,0.006696428571428571,0.004913583773746608,0.0017828447976819635,Gastroenterology
12.0,11.0,0.0020604395604395605,0.0003142408227396086,0.001746198737699952,Pharynx
15.0,33.0,0.0025755494505494505,0.0009427224682188259,0.0016328269823306246,Peripheral Nerves
9.0,0.0,0.0015453296703296703,0.0,0.0015453296703296703,Cvs Pharmacology
9.0,0.0,0.0015453296703296703,0.0,0.0015453296703296703,Communicable And Non-Communicable Diseases
19.0,63.0,0.0032623626373626375,0.0017997428938723039,0.0014626197434903336,Cell Injury & Death
65.0,341.0,0.011160714285714286,0.009741465504927868,0.0014192487807864178,Bacteriology
15.0,43.0,0.0025755494505494505,0.001228395943436652,0.0013471535071127986,Nose & PNS
12.0,25.0,0.0020604395604395605,0.0007141836880445651,0.0013462558723949954,X-ray
24.0,99.0,0.004120879120879121,0.0028281674046564775,0.0012927117162226435,Enzymology
20.0,75.0,0.003434065934065934,0.0021425510641336952,0.0012915148699322388,Immunopathology
25.0,106.0,0.004292582417582418,0.0030281388373089558,0.0012644435802734622,Nephrology
13.0,34.0,0.002232142857142857,0.0009712898157406085,0.0012608530414022485,Metabolic Disorders
57.0,299.0,0.009787087912087912,0.008541636909012999,0.0012454510030749134,Thanatology
10.0,17.0,0.001717032967032967,0.00048564490787030424,0.0012313880591626628,Disaster Management
53.0,277.0,0.009100274725274726,0.007913155263533781,0.0011871194617409445,Genetics & Molecular Biology
15.0,50.0,0.0025755494505494505,0.0014283673760891302,0.0011471820744603204,National Health Programs
65.0,352.0,0.011160714285714286,0.010055706327667476,0.0011050079580468102,Fractures
7.0,4.0,0.001201923076923077,0.0001142693900871304,0.0010876536868359467,Plastic Surgery
35.0,173.0,0.006009615384615385,0.00494215112126839,0.001067464263346995,Lipid Metabolism
8.0,11.0,0.0013736263736263737,0.0003142408227396086,0.0010593855508867652,Lysosomal Storage Disorders
28.0,132.0,0.004807692307692308,0.0037708898728753036,0.0010368024348170043,Breast & Endocrine Surgery
15.0,54.0,0.0025755494505494505,0.0015426367661762605,0.00103291268437319,Head And Neck
8.0,12.0,0.0013736263736263737,0.00034280817026139125,0.0010308182033649826,Acid-Base Balance
6.0,0.0,0.0010302197802197802,0.0,0.0010302197802197802,Fluid And Electrolyte Disturbances
6.0,0.0,0.0010302197802197802,0.0,0.0010302197802197802,Pediatric Respiratory
6.0,0.0,0.0010302197802197802,0.0,0.0010302197802197802,Inherited Metabolic Disorders
26.0,121.0,0.004464285714285714,0.003456649050135695,0.001007636664150019,Rheumatology
17.0,67.0,0.002918956043956044,0.0019140122839594344,0.0010049437599966096,Medical Jurisprudence
7.0,7.0,0.001201923076923077,0.00019997143265247823,0.0010019516442705987,Neurosurgery
6.0,1.0,0.0010302197802197802,2.85673475217826e-05,0.0010016524326979977,Thoracic Radiology
7.0,8.0,0.001201923076923077,0.0002285387801742608,0.0009733842967488162,CT & MRI
6.0,2.0,0.0010302197802197802,5.71346950435652e-05,0.0009730850851762151,Spondyloarthropathies
6.0,3.0,0.0010302197802197802,8.570204256534781e-05,0.0009445177376544324,Pediatric Orthopedics
6.0,4.0,0.0010302197802197802,0.0001142693900871304,0.0009159503901326498,Binocular Vision
11.0,36.0,0.0018887362637362637,0.0010284245107841736,0.0008603117529520901,Inborn Errors of Metabolism
5.0,0.0,0.0008585164835164835,0.0,0.0008585164835164835,Acute Leukemia
5.0,0.0,0.0008585164835164835,0.0,0.0008585164835164835,Hepatobiliary Pancreatic Surgery
5.0,0.0,0.0008585164835164835,0.0,0.0008585164835164835,Concept Of Health And Disease
5.0,0.0,0.0008585164835164835,0.0,0.0008585164835164835,Ct & Mri
12.0,43.0,0.0020604395604395605,0.001228395943436652,0.0008320436170029086,Cranial Nerves
6.0,8.0,0.0010302197802197802,0.0002285387801742608,0.0008016810000455194,Surgical Instruments
7.0,15.0,0.001201923076923077,0.00042851021282673904,0.0007734128640963379,Arrhythmias
6.0,9.0,0.0010302197802197802,0.0002571061276960434,0.0007731136525237368,Age Estimation
6.0,9.0,0.0010302197802197802,0.0002571061276960434,0.0007731136525237368,Asphyxial Deaths
9.0,28.0,0.0015453296703296703,0.0007998857306099129,0.0007454439397197573,Health Care Delivery
7.0,16.0,0.001201923076923077,0.0004570775603485216,0.0007448455165745553,Electrolyte Imbalance
5.0,4.0,0.0008585164835164835,0.0001142693900871304,0.0007442470934293531,Connective Tissue Disorders
47.0,257.0,0.008070054945054946,0.007341808313098129,0.0007282466319568168,Virology
5.0,6.0,0.0008585164835164835,0.00017140408513069563,0.0006871123983857878,General Physiology
4.0,0.0,0.0006868131868131869,0.0,0.0006868131868131869,The Nervous System
4.0,0.0,0.0006868131868131869,0.0,0.0006868131868131869,Cardiopulmonary Cerebral Resuscitation
4.0,0.0,0.0006868131868131869,0.0,0.0006868131868131869,Sensory Receptors
4.0,0.0,0.0006868131868131869,0.0,0.0006868131868131869,Compartment Syndromes
41.0,223.0,0.007039835164835165,0.00637051849735752,0.0006693166674776449,Carbohydrate Metabolism
6.0,13.0,0.0010302197802197802,0.00037137551778317383,0.0006588442624366064,Diabetes Mellitus
4.0,1.0,0.0006868131868131869,2.85673475217826e-05,0.0006582458392914043,Rigor mortis
4.0,1.0,0.0006868131868131869,2.85673475217826e-05,0.0006582458392914043,Hematological Malignancies
4.0,2.0,0.0006868131868131869,5.71346950435652e-05,0.0006296784917696217,Wound Care
4.0,2.0,0.0006868131868131869,5.71346950435652e-05,0.0006296784917696217,Sclera
4.0,2.0,0.0006868131868131869,5.71346950435652e-05,0.0006296784917696217,Vaccine Storage
4.0,2.0,0.0006868131868131869,5.71346950435652e-05,0.0006296784917696217,Lysosomal storage disorders
5.0,9.0,0.0008585164835164835,0.0002571061276960434,0.0006014103558204401,Cardiothoracic
5.0,9.0,0.0008585164835164835,0.0002571061276960434,0.0006014103558204401,Movement Disorders
5.0,9.0,0.0008585164835164835,0.0002571061276960434,0.0006014103558204401,Neuropathology
5.0,9.0,0.0008585164835164835,0.0002571061276960434,0.0006014103558204401,Preeclampsia
4.0,3.0,0.0006868131868131869,8.570204256534781e-05,0.000601111144247839,Heme Synthesis
8.0,28.0,0.0013736263736263737,0.0007998857306099129,0.0005737406430164608,Ultrasound
5.0,10.0,0.0008585164835164835,0.00028567347521782604,0.0005728430082986575,Legal Procedures
4.0,4.0,0.0006868131868131869,0.0001142693900871304,0.0005725437967260565,Urolithiasis
4.0,4.0,0.0006868131868131869,0.0001142693900871304,0.0005725437967260565,Health Administration
15.0,71.0,0.0025755494505494505,0.002028281674046565,0.0005472677765028856,Antimicrobials
8.0,29.0,0.0013736263736263737,0.0008284530781316955,0.0005451732954946782,Vaccines
6.0,17.0,0.0010302197802197802,0.00048564490787030424,0.000544574872349476,Anemia
5.0,11.0,0.0008585164835164835,0.0003142408227396086,0.0005442756607768749,Abdominal Imaging
5.0,11.0,0.0008585164835164835,0.0003142408227396086,0.0005442756607768749,Uterine Anomalies
4.0,6.0,0.0006868131868131869,0.00017140408513069563,0.0005154091016824913,Medical jurisprudence
3.0,0.0,0.0005151098901098901,0.0,0.0005151098901098901,Court Of Law
3.0,0.0,0.0005151098901098901,0.0,0.0005151098901098901,Episiotomy Repair
3.0,0.0,0.0005151098901098901,0.0,0.0005151098901098901,Ans Pharmacology
3.0,0.0,0.0005151098901098901,0.0,0.0005151098901098901,Laryngeal muscles
3.0,0.0,0.0005151098901098901,0.0,0.0005151098901098901,Obstetric Terminology
3.0,0.0,0.0005151098901098901,0.0,0.0005151098901098901,Conjunctival Lesions
3.0,0.0,0.0005151098901098901,0.0,0.0005151098901098901,Intracranial Complications
3.0,0.0,0.0005151098901098901,0.0,0.0005151098901098901,High Altitude Physiology
3.0,0.0,0.0005151098901098901,0.0,0.0005151098901098901,Consent
3.0,0.0,0.0005151098901098901,0.0,0.0005151098901098901,Hearing Loss Diagnosis
3.0,0.0,0.0005151098901098901,0.0,0.0005151098901098901,Excretory System
3.0,0.0,0.0005151098901098901,0.0,0.0005151098901098901,Abdominal Surgery
3.0,0.0,0.0005151098901098901,0.0,0.0005151098901098901,Skin Appendages And Their Disorders
3.0,0.0,0.0005151098901098901,0.0,0.0005151098901098901,Infectious Dermatoses
3.0,0.0,0.0005151098901098901,0.0,0.0005151098901098901,Atrial Fibrillation
3.0,0.0,0.0005151098901098901,0.0,0.0005151098901098901,Compartment syndromes
3.0,0.0,0.0005151098901098901,0.0,0.0005151098901098901,COVID-19
5.0,13.0,0.0008585164835164835,0.00037137551778317383,0.0004871409657333097,Postmortem Changes
4.0,7.0,0.0006868131868131869,0.00019997143265247823,0.0004868417541607086,Poisoning
4.0,7.0,0.0006868131868131869,0.00019997143265247823,0.0004868417541607086,Hearing Loss
3.0,1.0,0.0005151098901098901,2.85673475217826e-05,0.00048654254258810755,Leukemias
3.0,1.0,0.0005151098901098901,2.85673475217826e-05,0.00048654254258810755,Dna Repair
3.0,1.0,0.0005151098901098901,2.85673475217826e-05,0.00048654254258810755,Abdominal Radiology
3.0,1.0,0.0005151098901098901,2.85673475217826e-05,0.00048654254258810755,Paediatric Emergencies
3.0,1.0,0.0005151098901098901,2.85673475217826e-05,0.00048654254258810755,Obstetric Procedures
3.0,1.0,0.0005151098901098901,2.85673475217826e-05,0.00048654254258810755,Orbital Disorders
3.0,1.0,0.0005151098901098901,2.85673475217826e-05,0.00048654254258810755,Substance-Related And Addictive Disorders
3.0,1.0,0.0005151098901098901,2.85673475217826e-05,0.00048654254258810755,Laryngeal Muscles
3.0,1.0,0.0005151098901098901,2.85673475217826e-05,0.00048654254258810755,Uterine Involution
3.0,1.0,0.0005151098901098901,2.85673475217826e-05,0.00048654254258810755,Clinical Anatomy
4.0,8.0,0.0006868131868131869,0.0002285387801742608,0.00045827440663892603,Acid-Base Disorders
4.0,8.0,0.0006868131868131869,0.0002285387801742608,0.00045827440663892603,Peripheral Nerve Injuries
4.0,8.0,0.0006868131868131869,0.0002285387801742608,0.00045827440663892603,Maternal Health
4.0,8.0,0.0006868131868131869,0.0002285387801742608,0.00045827440663892603,Glycosaminoglycans
4.0,8.0,0.0006868131868131869,0.0002285387801742608,0.00045827440663892603,Pituitary Disorders
3.0,2.0,0.0005151098901098901,5.71346950435652e-05,0.0004579751950663249,Sepsis
3.0,2.0,0.0005151098901098901,5.71346950435652e-05,0.0004579751950663249,Episiotomy
3.0,2.0,0.0005151098901098901,5.71346950435652e-05,0.0004579751950663249,Anticoagulation
3.0,2.0,0.0005151098901098901,5.71346950435652e-05,0.0004579751950663249,Heme synthesis
3.0,2.0,0.0005151098901098901,5.71346950435652e-05,0.0004579751950663249,Connective tissue disorders
3.0,2.0,0.0005151098901098901,5.71346950435652e-05,0.0004579751950663249,Hip disorders
3.0,2.0,0.0005151098901098901,5.71346950435652e-05,0.0004579751950663249,Nasal Surgery
3.0,2.0,0.0005151098901098901,5.71346950435652e-05,0.0004579751950663249,Trauma Surgery
3.0,2.0,0.0005151098901098901,5.71346950435652e-05,0.0004579751950663249,Pheochromocytoma
3.0,2.0,0.0005151098901098901,5.71346950435652e-05,0.0004579751950663249,Post-Mortem Changes
3.0,2.0,0.0005151098901098901,5.71346950435652e-05,0.0004579751950663249,Visual Fields
3.0,2.0,0.0005151098901098901,5.71346950435652e-05,0.0004579751950663249,Copper Metabolism
10.0,45.0,0.001717032967032967,0.001285530638480217,0.00043150232855274995,Infertility
4.0,9.0,0.0006868131868131869,0.0002571061276960434,0.00042970705911714346,Electron Transport Chain
3.0,3.0,0.0005151098901098901,8.570204256534781e-05,0.0004294078475445423,Terminology
3.0,3.0,0.0005151098901098901,8.570204256534781e-05,0.0004294078475445423,Epistaxis
3.0,3.0,0.0005151098901098901,8.570204256534781e-05,0.0004294078475445423,Medical Ethics
3.0,3.0,0.0005151098901098901,8.570204256534781e-05,0.0004294078475445423,Special Senses
7.0,28.0,0.001201923076923077,0.0007998857306099129,0.00040203734631316407,Menstrual Disorders
5.0,16.0,0.0008585164835164835,0.0004570775603485216,0.0004014389231679619,Critical Care
4.0,10.0,0.0006868131868131869,0.00028567347521782604,0.0004011397115953608,General Pharmacology
4.0,10.0,0.0006868131868131869,0.00028567347521782604,0.0004011397115953608,Uterine Prolapse
3.0,4.0,0.0005151098901098901,0.0001142693900871304,0.0004008405000227597,Heavy Metal Poisoning
3.0,4.0,0.0005151098901098901,0.0001142693900871304,0.0004008405000227597,Rickets
6.0,23.0,0.0010302197802197802,0.0006570489930009998,0.00037317078721878043,Personality Disorders
5.0,17.0,0.0008585164835164835,0.00048564490787030424,0.00037287157564617926,Anticoagulants
5.0,17.0,0.0008585164835164835,0.00048564490787030424,0.00037287157564617926,Valvular Heart Disease
5.0,17.0,0.0008585164835164835,0.00048564490787030424,0.00037287157564617926,Public Health Programs
4.0,11.0,0.0006868131868131869,0.0003142408227396086,0.00037257236407357825,Asthma
4.0,11.0,0.0006868131868131869,0.0003142408227396086,0.00037257236407357825,Research Methodology
4.0,11.0,0.0006868131868131869,0.0003142408227396086,0.00037257236407357825,Sensory Physiology
3.0,5.0,0.0005151098901098901,0.00014283673760891302,0.00037227315250097713,Glycogen Storage Diseases
3.0,5.0,0.0005151098901098901,0.00014283673760891302,0.00037227315250097713,Ear Anatomy
3.0,5.0,0.0005151098901098901,0.00014283673760891302,0.00037227315250097713,Visual Field Defects
3.0,5.0,0.0005151098901098901,0.00014283673760891302,0.00037227315250097713,Autacoids
3.0,5.0,0.0005151098901098901,0.00014283673760891302,0.00037227315250097713,Genetic Syndromes
3.0,5.0,0.0005151098901098901,0.00014283673760891302,0.00037227315250097713,Pediatric surgery
3.0,5.0,0.0005151098901098901,0.00014283673760891302,0.00037227315250097713,International Health
3.0,5.0,0.0005151098901098901,0.00014283673760891302,0.00037227315250097713,Asphyxia
3.0,5.0,0.0005151098901098901,0.00014283673760891302,0.00037227315250097713,Postpartum Complications
3.0,5.0,0.0005151098901098901,0.00014283673760891302,0.00037227315250097713,Immunopharmacology
6.0,24.0,0.0010302197802197802,0.0006856163405227825,0.00034460343969699775,Genetic disorders
4.0,12.0,0.0006868131868131869,0.00034280817026139125,0.0003440050165517956,Legal Medicine
3.0,6.0,0.0005151098901098901,0.00017140408513069563,0.0003437058049791945,Fluid and Electrolyte Balance
3.0,6.0,0.0005151098901098901,0.00017140408513069563,0.0003437058049791945,Pigmentary Disorders
3.0,6.0,0.0005151098901098901,0.00017140408513069563,0.0003437058049791945,Inheritance patterns
3.0,6.0,0.0005151098901098901,0.00017140408513069563,0.0003437058049791945,Sexual Disorders
3.0,6.0,0.0005151098901098901,0.00017140408513069563,0.0003437058049791945,Neuromuscular blockers
2.0,0.0,0.00034340659340659343,0.0,0.00034340659340659343,Bias in Screening
2.0,0.0,0.00034340659340659343,0.0,0.00034340659340659343,Amniotic Band Syndrome
2.0,0.0,0.00034340659340659343,0.0,0.00034340659340659343,Episiotomy repair
2.0,0.0,0.00034340659340659343,0.0,0.00034340659340659343,Neck Swellings
2.0,0.0,0.00034340659340659343,0.0,0.00034340659340659343,Varicella-Zoster Virus
2.0,0.0,0.00034340659340659343,0.0,0.00034340659340659343,Collagen Metabolism
2.0,0.0,0.00034340659340659343,0.0,0.00034340659340659343,Demographic transition
2.0,0.0,0.00034340659340659343,0.0,0.00034340659340659343,Psychiatric assessment
2.0,0.0,0.00034340659340659343,0.0,0.00034340659340659343,Demographic Transition
2.0,0.0,0.00034340659340659343,0.0,0.00034340659340659343,Bias In Screening
2.0,0.0,0.00034340659340659343,0.0,0.00034340659340659343,Head and Neck Pathology
2.0,0.0,0.00034340659340659343,0.0,0.00034340659340659343,Neuro Ophthalmology
2.0,0.0,0.00034340659340659343,0.0,0.00034340659340659343,Familial Hypercholesterolemia
2.0,0.0,0.00034340659340659343,0.0,0.00034340659340659343,Thiazide Diuretics
2.0,0.0,0.00034340659340659343,0.0,0.00034340659340659343,Cellular Aging
2.0,0.0,0.00034340659340659343,0.0,0.00034340659340659343,Emergency management
2.0,0.0,0.00034340659340659343,0.0,0.00034340659340659343,Hematologic malignancies
2.0,0.0,0.00034340659340659343,0.0,0.00034340659340659343,Infectious dermatoses
2.0,0.0,0.00034340659340659343,0.0,0.00034340659340659343,Miscellaneous Disorders
2.0,0.0,0.00034340659340659343,0.0,0.00034340659340659343,Cochlear Implants
2.0,0.0,0.00034340659340659343,0.0,0.00034340659340659343,Coagulation monitoring
2.0,0.0,0.00034340659340659343,0.0,0.00034340659340659343,Allied Health Disciplines
2.0,0.0,0.00034340659340659343,0.0,0.00034340659340659343,"Neurotic, Stress-Related And Somatoform Disorders"
2.0,0.0,0.00034340659340659343,0.0,0.00034340659340659343,Health Care Of The Community In India
2.0,0.0,0.00034340659340659343,0.0,0.00034340659340659343,Crystal arthropathies
2.0,0.0,0.00034340659340659343,0.0,0.00034340659340659343,Diabetic Emergencies
2.0,0.0,0.00034340659340659343,0.0,0.00034340659340659343,Anal Carcinoma
2.0,0.0,0.00034340659340659343,0.0,0.00034340659340659343,Amino Acids And Proteins Chemistry
2.0,0.0,0.00034340659340659343,0.0,0.00034340659340659343,Abdominal radiology
2.0,0.0,0.00034340659340659343,0.0,0.00034340659340659343,Biologics
2.0,0.0,0.00034340659340659343,0.0,0.00034340659340659343,Musculoskeletal Disorders In Children
2.0,0.0,0.00034340659340659343,0.0,0.00034340659340659343,Lymphoproliferative Disorders
2.0,0.0,0.00034340659340659343,0.0,0.00034340659340659343,Pre-Anaesthetic Evaluation
2.0,0.0,0.00034340659340659343,0.0,0.00034340659340659343,Coronary Artery Disease
2.0,0.0,0.00034340659340659343,0.0,0.00034340659340659343,Vitarmins
2.0,0.0,0.00034340659340659343,0.0,0.00034340659340659343,Lead poisoning
2.0,0.0,0.00034340659340659343,0.0,0.00034340659340659343,Maternal Health Indicators
2.0,0.0,0.00034340659340659343,0.0,0.00034340659340659343,Fundoscopy
2.0,0.0,0.00034340659340659343,0.0,0.00034340659340659343,Pre-eclampsia Eclampsia management
2.0,0.0,0.00034340659340659343,0.0,0.00034340659340659343,Foreign Bodies
2.0,0.0,0.00034340659340659343,0.0,0.00034340659340659343,Pre-Eclampsia Eclampsia Management
2.0,0.0,0.00034340659340659343,0.0,0.00034340659340659343,Drug Hypersensitivity
2.0,0.0,0.00034340659340659343,0.0,0.00034340659340659343,Health Services Evaluation
2.0,0.0,0.00034340659340659343,0.0,0.00034340659340659343,Mutation
2.0,0.0,0.00034340659340659343,0.0,0.00034340659340659343,Drug Mechanism
2.0,0.0,0.00034340659340659343,0.0,0.00034340659340659343,High altitude physiology
2.0,0.0,0.00034340659340659343,0.0,0.00034340659340659343,Conjunctival lesions
2.0,0.0,0.00034340659340659343,0.0,0.00034340659340659343,Autoimmune Liver Disease
2.0,0.0,0.00034340659340659343,0.0,0.00034340659340659343,Foreign bodies
2.0,0.0,0.00034340659340659343,0.0,0.00034340659340659343,Foreign body airway obstruction
2.0,0.0,0.00034340659340659343,0.0,0.00034340659340659343,Metaboelic Disorders
2.0,0.0,0.00034340659340659343,0.0,0.00034340659340659343,Spinal Nerves
2.0,0.0,0.00034340659340659343,0.0,0.00034340659340659343,Oxygen Delivery Systems
2.0,0.0,0.00034340659340659343,0.0,0.00034340659340659343,Dyslipidemias
2.0,0.0,0.00034340659340659343,0.0,0.00034340659340659343,Health Program Evaluation
2.0,0.0,0.00034340659340659343,0.0,0.00034340659340659343,Chemotherapy Of Specific Microbial Diseases
2.0,0.0,0.00034340659340659343,0.0,0.00034340659340659343,Acetylcholine
2.0,0.0,0.00034340659340659343,0.0,0.00034340659340659343,Plain Radiography
2.0,0.0,0.00034340659340659343,0.0,0.00034340659340659343,Surgical Principles
2.0,0.0,0.00034340659340659343,0.0,0.00034340659340659343,Paternity
2.0,0.0,0.00034340659340659343,0.0,0.00034340659340659343,Testicular Torsion
2.0,0.0,0.00034340659340659343,0.0,0.00034340659340659343,Platelet And Bleeding Disorders
32.0,181.0,0.005494505494505495,0.0051706899014426514,0.0003238155930628435,Parasitology
24.0,133.0,0.004120879120879121,0.003799457220397086,0.000321421900482035,Abdomen
8.0,37.0,0.0013736263736263737,0.0010569918583059562,0.0003166345153204175,Uveitis
4.0,13.0,0.0006868131868131869,0.00037137551778317383,0.00031543766903001304,Vestibular Disorders
3.0,7.0,0.0005151098901098901,0.00019997143265247823,0.00031513845745741187,Optics
3.0,7.0,0.0005151098901098901,0.00019997143265247823,0.00031513845745741187,Dissociative Disorders
3.0,7.0,0.0005151098901098901,0.00019997143265247823,0.00031513845745741187,Cytokines
2.0,1.0,0.00034340659340659343,2.85673475217826e-05,0.00031483924588481086,Antidiarrheal drugs
2.0,1.0,0.00034340659340659343,2.85673475217826e-05,0.00031483924588481086,DNA Repair
2.0,1.0,0.00034340659340659343,2.85673475217826e-05,0.00031483924588481086,ARDS
2.0,1.0,0.00034340659340659343,2.85673475217826e-05,0.00031483924588481086,CNS stimulants
2.0,1.0,0.00034340659340659343,2.85673475217826e-05,0.00031483924588481086,Pain Physiology
2.0,1.0,0.00034340659340659343,2.85673475217826e-05,0.00031483924588481086,DNA repair
2.0,1.0,0.00034340659340659343,2.85673475217826e-05,0.00031483924588481086,Foreign Body Airway Obstruction
2.0,1.0,0.00034340659340659343,2.85673475217826e-05,0.00031483924588481086,Vaccinology
2.0,1.0,0.00034340659340659343,2.85673475217826e-05,0.00031483924588481086,Vector-borne diseases
2.0,1.0,0.00034340659340659343,2.85673475217826e-05,0.00031483924588481086,Clinical Examination
2.0,1.0,0.00034340659340659343,2.85673475217826e-05,0.00031483924588481086,Entomology
2.0,1.0,0.00034340659340659343,2.85673475217826e-05,0.00031483924588481086,Systemic Sclerosis
2.0,1.0,0.00034340659340659343,2.85673475217826e-05,0.00031483924588481086,Hyperkalemia
2.0,1.0,0.00034340659340659343,2.85673475217826e-05,0.00031483924588481086,Sodium Disorders
2.0,1.0,0.00034340659340659343,2.85673475217826e-05,0.00031483924588481086,Sexual Offenses
2.0,1.0,0.00034340659340659343,2.85673475217826e-05,0.00031483924588481086,Glucose Homeostasis
2.0,1.0,0.00034340659340659343,2.85673475217826e-05,0.00031483924588481086,Post-mortem changes
2.0,1.0,0.00034340659340659343,2.85673475217826e-05,0.00031483924588481086,Fluid Balance
2.0,1.0,0.00034340659340659343,2.85673475217826e-05,0.00031483924588481086,Fluid Therapy
2.0,1.0,0.00034340659340659343,2.85673475217826e-05,0.00031483924588481086,History Taking
2.0,1.0,0.00034340659340659343,2.85673475217826e-05,0.00031483924588481086,Emergency Surgery
2.0,1.0,0.00034340659340659343,2.85673475217826e-05,0.00031483924588481086,Toxins
2.0,1.0,0.00034340659340659343,2.85673475217826e-05,0.00031483924588481086,Population Dynamics
2.0,1.0,0.00034340659340659343,2.85673475217826e-05,0.00031483924588481086,Ocular Surface Diseases
2.0,1.0,0.00034340659340659343,2.85673475217826e-05,0.00031483924588481086,Neck masses
2.0,1.0,0.00034340659340659343,2.85673475217826e-05,0.00031483924588481086,Legal Aspects
2.0,1.0,0.00034340659340659343,2.85673475217826e-05,0.00031483924588481086,Pneumoperitoneum
2.0,1.0,0.00034340659340659343,2.85673475217826e-05,0.00031483924588481086,Vitamin C
2.0,1.0,0.00034340659340659343,2.85673475217826e-05,0.00031483924588481086,Genitourinary Radiology
2.0,1.0,0.00034340659340659343,2.85673475217826e-05,0.00031483924588481086,Lumbar Plexus
2.0,1.0,0.00034340659340659343,2.85673475217826e-05,0.00031483924588481086,Hiv
2.0,1.0,0.00034340659340659343,2.85673475217826e-05,0.00031483924588481086,Epithelium
5.0,20.0,0.0008585164835164835,0.0005713469504356521,0.0002871695330808314,Esophageal Disorders
4.0,14.0,0.0006868131868131869,0.00039994286530495646,0.0002868703215082304,Surgical Oncology
4.0,14.0,0.0006868131868131869,0.00039994286530495646,0.0002868703215082304,Postpartum Hemorrhage
3.0,8.0,0.0005151098901098901,0.0002285387801742608,0.0002865711099356293,Eating Disorders
3.0,8.0,0.0005151098901098901,0.0002285387801742608,0.0002865711099356293,Pulmonary Embolism
2.0,2.0,0.00034340659340659343,5.71346950435652e-05,0.0002862718983630282,Testicular torsion
2.0,2.0,0.00034340659340659343,5.71346950435652e-05,0.0002862718983630282,Conjunctival Disorders
2.0,2.0,0.00034340659340659343,5.71346950435652e-05,0.0002862718983630282,Urological Procedures
2.0,2.0,0.00034340659340659343,5.71346950435652e-05,0.0002862718983630282,Autoimmune Blistering Diseases
2.0,2.0,0.00034340659340659343,5.71346950435652e-05,0.0002862718983630282,Nerve injury
2.0,2.0,0.00034340659340659343,5.71346950435652e-05,0.0002862718983630282,Leptospirosis
2.0,2.0,0.00034340659340659343,5.71346950435652e-05,0.0002862718983630282,Neuromuscular Blockade
2.0,2.0,0.00034340659340659343,5.71346950435652e-05,0.0002862718983630282,Pyloric Stenosis
2.0,2.0,0.00034340659340659343,5.71346950435652e-05,0.0002862718983630282,Lymphedema
2.0,2.0,0.00034340659340659343,5.71346950435652e-05,0.0002862718983630282,Fluid Compartments
2.0,2.0,0.00034340659340659343,5.71346950435652e-05,0.0002862718983630282,Postpartum complications
2.0,2.0,0.00034340659340659343,5.71346950435652e-05,0.0002862718983630282,Mucopolysaccharidosis
2.0,2.0,0.00034340659340659343,5.71346950435652e-05,0.0002862718983630282,Electron transport chain
2.0,2.0,0.00034340659340659343,5.71346950435652e-05,0.0002862718983630282,Pediatric emergencies
2.0,2.0,0.00034340659340659343,5.71346950435652e-05,0.0002862718983630282,Immunohistochemistry
2.0,2.0,0.00034340659340659343,5.71346950435652e-05,0.0002862718983630282,Paranasal sinus imaging
2.0,2.0,0.00034340659340659343,5.71346950435652e-05,0.0002862718983630282,Acute leukemia
2.0,2.0,0.00034340659340659343,5.71346950435652e-05,0.0002862718983630282,Skull Base
2.0,2.0,0.00034340659340659343,5.71346950435652e-05,0.0002862718983630282,Integumentary System
2.0,2.0,0.00034340659340659343,5.71346950435652e-05,0.0002862718983630282,Genitourinary Pathology
2.0,2.0,0.00034340659340659343,5.71346950435652e-05,0.0002862718983630282,Acid-base balance
2.0,2.0,0.00034340659340659343,5.71346950435652e-05,0.0002862718983630282,School Health
2.0,2.0,0.00034340659340659343,5.71346950435652e-05,0.0002862718983630282,Aging
2.0,2.0,0.00034340659340659343,5.71346950435652e-05,0.0002862718983630282,Skull Foramina
2.0,2.0,0.00034340659340659343,5.71346950435652e-05,0.0002862718983630282,Sexual assault
2.0,2.0,0.00034340659340659343,5.71346950435652e-05,0.0002862718983630282,Granulomatous diseases
2.0,2.0,0.00034340659340659343,5.71346950435652e-05,0.0002862718983630282,Gastroesophageal Reflux Disease
2.0,2.0,0.00034340659340659343,5.71346950435652e-05,0.0002862718983630282,Metabolic Bone Diseases
2.0,2.0,0.00034340659340659343,5.71346950435652e-05,0.0002862718983630282,Vitamin Deficiencies
7.0,33.0,0.001201923076923077,0.0009427224682188259,0.0002592006087042511,Congenital Anomalies
3.0,9.0,0.0005151098901098901,0.0002571061276960434,0.0002580037624138467,Hypertension
3.0,9.0,0.0005151098901098901,0.0002571061276960434,0.0002580037624138467,Pediatric Surgery
3.0,9.0,0.0005151098901098901,0.0002571061276960434,0.0002580037624138467,Neuroradiology
2.0,3.0,0.00034340659340659343,8.570204256534781e-05,0.00025770455084124565,Chest Imaging
2.0,3.0,0.00034340659340659343,8.570204256534781e-05,0.00025770455084124565,Ipc Sections
2.0,3.0,0.00034340659340659343,8.570204256534781e-05,0.00025770455084124565,Uterine disorders
2.0,3.0,0.00034340659340659343,8.570204256534781e-05,0.00025770455084124565,Infant Feeding
2.0,3.0,0.00034340659340659343,8.570204256534781e-05,0.00025770455084124565,Fluoroquinolones
2.0,3.0,0.00034340659340659343,8.570204256534781e-05,0.00025770455084124565,Diaphragm
2.0,3.0,0.00034340659340659343,8.570204256534781e-05,0.00025770455084124565,Leishmaniasis
2.0,3.0,0.00034340659340659343,8.570204256534781e-05,0.00025770455084124565,Lymphomas
2.0,3.0,0.00034340659340659343,8.570204256534781e-05,0.00025770455084124565,Surgical Management
2.0,3.0,0.00034340659340659343,8.570204256534781e-05,0.00025770455084124565,Microcirculation
2.0,3.0,0.00034340659340659343,8.570204256534781e-05,0.00025770455084124565,Visual field defects
2.0,3.0,0.00034340659340659343,8.570204256534781e-05,0.00025770455084124565,Skin Disorders
2.0,3.0,0.00034340659340659343,8.570204256534781e-05,0.00025770455084124565,Surveillance
2.0,3.0,0.00034340659340659343,8.570204256534781e-05,0.00025770455084124565,Deficiency Diseases
2.0,3.0,0.00034340659340659343,8.570204256534781e-05,0.00025770455084124565,Age estimation
2.0,3.0,0.00034340659340659343,8.570204256534781e-05,0.00025770455084124565,Dehydration
2.0,3.0,0.00034340659340659343,8.570204256534781e-05,0.00025770455084124565,Immunomodulators
2.0,3.0,0.00034340659340659343,8.570204256534781e-05,0.00025770455084124565,Dissociative disorders
2.0,3.0,0.00034340659340659343,8.570204256534781e-05,0.00025770455084124565,Wilson disease
10.0,52.0,0.001717032967032967,0.0014855020711326953,0.0002315308959002717,Ear
6.0,28.0,0.0010302197802197802,0.0007998857306099129,0.00023033404960986733,Inborn Errors Of Metabolism
4.0,16.0,0.0006868131868131869,0.0004570775603485216,0.00022973562646466525,HIV
4.0,16.0,0.0006868131868131869,0.0004570775603485216,0.00022973562646466525,Leprosy
3.0,10.0,0.0005151098901098901,0.00028567347521782604,0.00022943641489206408,Oral Cavity
3.0,10.0,0.0005151098901098901,0.00028567347521782604,0.00022943641489206408,Dyslipidemia
3.0,10.0,0.0005151098901098901,0.00028567347521782604,0.00022943641489206408,Child Health
3.0,10.0,0.0005151098901098901,0.00028567347521782604,0.00022943641489206408,Anticancer Drugs
3.0,10.0,0.0005151098901098901,0.00028567347521782604,0.00022943641489206408,Surgical Procedures
2.0,4.0,0.00034340659340659343,0.0001142693900871304,0.00022913720331946302,Antithyroid Drugs
2.0,4.0,0.00034340659340659343,0.0001142693900871304,0.00022913720331946302,Cell Death
2.0,4.0,0.00034340659340659343,0.0001142693900871304,0.00022913720331946302,Antiviral agents
2.0,4.0,0.00034340659340659343,0.0001142693900871304,0.00022913720331946302,Ocular Physiology
2.0,4.0,0.00034340659340659343,0.0001142693900871304,0.00022913720331946302,Nutrition & Health
2.0,4.0,0.00034340659340659343,0.0001142693900871304,0.00022913720331946302,Communicable diseases
2.0,4.0,0.00034340659340659343,0.0001142693900871304,0.00022913720331946302,Osteomyelitis
2.0,4.0,0.00034340659340659343,0.0001142693900871304,0.00022913720331946302,Fetal Anomalies
2.0,4.0,0.00034340659340659343,0.0001142693900871304,0.00022913720331946302,Plant Poisons
2.0,4.0,0.00034340659340659343,0.0001142693900871304,0.00022913720331946302,Antimetabolites
2.0,4.0,0.00034340659340659343,0.0001142693900871304,0.00022913720331946302,Spinal Cord
2.0,4.0,0.00034340659340659343,0.0001142693900871304,0.00022913720331946302,Menstrual cycle
4.0,17.0,0.0006868131868131869,0.00048564490787030424,0.00020116827894288262,Neuroimaging
3.0,11.0,0.0005151098901098901,0.0003142408227396086,0.0002008690673702815,Cerebellum
2.0,5.0,0.00034340659340659343,0.00014283673760891302,0.0002005698557976804,Cell Signaling
2.0,5.0,0.00034340659340659343,0.00014283673760891302,0.0002005698557976804,Local Anesthetics
2.0,5.0,0.00034340659340659343,0.00014283673760891302,0.0002005698557976804,Diagnostic Microbiology
2.0,5.0,0.00034340659340659343,0.00014283673760891302,0.0002005698557976804,Syphilis
2.0,5.0,0.00034340659340659343,0.00014283673760891302,0.0002005698557976804,Binocular vision
2.0,5.0,0.00034340659340659343,0.00014283673760891302,0.0002005698557976804,Antiemetics
2.0,5.0,0.00034340659340659343,0.00014283673760891302,0.0002005698557976804,Visual fields
2.0,5.0,0.00034340659340659343,0.00014283673760891302,0.0002005698557976804,Antimicrobial Therapy
2.0,5.0,0.00034340659340659343,0.00014283673760891302,0.0002005698557976804,Paraphilias
2.0,5.0,0.00034340659340659343,0.00014283673760891302,0.0002005698557976804,Surgical Techniques
58.0,342.0,0.009958791208791208,0.00977003285244965,0.00018875835634155763,Neonatology
6.0,30.0,0.0010302197802197802,0.0008570204256534781,0.00017319935456630217,Strabismus
3.0,12.0,0.0005151098901098901,0.00034280817026139125,0.00017230171984849887,Connective Tissue
2.0,6.0,0.00034340659340659343,0.00017140408513069563,0.0001720025082758978,Muscle physiology
2.0,6.0,0.00034340659340659343,0.00017140408513069563,0.0001720025082758978,Clinical Trials
2.0,6.0,0.00034340659340659343,0.00017140408513069563,0.0001720025082758978,Pain Management
2.0,6.0,0.00034340659340659343,0.00017140408513069563,0.0001720025082758978,Thoracic Imaging
2.0,6.0,0.00034340659340659343,0.00017140408513069563,0.0001720025082758978,Cardiac Arrest
2.0,6.0,0.00034340659340659343,0.00017140408513069563,0.0001720025082758978,Paediatric Surgery
2.0,6.0,0.00034340659340659343,0.00017140408513069563,0.0001720025082758978,Health Services
2.0,6.0,0.00034340659340659343,0.00017140408513069563,0.0001720025082758978,Wilson Disease
2.0,6.0,0.00034340659340659343,0.00017140408513069563,0.0001720025082758978,Firearm Injuries
2.0,6.0,0.00034340659340659343,0.00017140408513069563,0.0001720025082758978,Cardiomyopathies
2.0,6.0,0.00034340659340659343,0.00017140408513069563,0.0001720025082758978,Diagnostic tests
2.0,6.0,0.00034340659340659343,0.00017140408513069563,0.0001720025082758978,Head and Neck Oncology
2.0,6.0,0.00034340659340659343,0.00017140408513069563,0.0001720025082758978,Uroradiology
2.0,6.0,0.00034340659340659343,0.00017140408513069563,0.0001720025082758978,Hearing Tests
2.0,6.0,0.00034340659340659343,0.00017140408513069563,0.0001720025082758978,Hemolytic anemias
2.0,6.0,0.00034340659340659343,0.00017140408513069563,0.0001720025082758978,Antimicrobial therapy
2.0,6.0,0.00034340659340659343,0.00017140408513069563,0.0001720025082758978,Head And Neck Surgery
1.0,0.0,0.00017170329670329672,0.0,0.00017170329670329672,Mesh Anchoring
1.0,0.0,0.00017170329670329672,0.0,0.00017170329670329672,Foreign body detection
1.0,0.0,0.00017170329670329672,0.0,0.00017170329670329672,Cholestatic Liver Diseases
1.0,0.0,0.00017170329670329672,0.0,0.00017170329670329672,Hearing Physiology
1.0,0.0,0.00017170329670329672,0.0,0.00017170329670329672,Hearing Assessment
1.0,0.0,0.00017170329670329672,0.0,0.00017170329670329672,Ayushman Bharat
1.0,0.0,0.00017170329670329672,0.0,0.00017170329670329672,TCA poisoning
1.0,0.0,0.00017170329670329672,0.0,0.00017170329670329672,HIV Management
1.0,0.0,0.00017170329670329672,0.0,0.00017170329670329672,Pulmonary function
1.0,0.0,0.00017170329670329672,0.0,0.00017170329670329672,Chromosomal Translocation
1.0,0.0,0.00017170329670329672,0.0,0.00017170329670329672,Myringoplasty
1.0,0.0,0.00017170329670329672,0.0,0.00017170329670329672,Cholera toxin mechanism
1.0,0.0,0.00017170329670329672,0.0,0.00017170329670329672,Narcissistic Personality Disorder
1.0,0.0,0.00017170329670329672,0.0,0.00017170329670329672,Lumbar plexus
1.0,0.0,0.00017170329670329672,0.0,0.00017170329670329672,Carcinogenesis
1.0,0.0,0.00017170329670329672,0.0,0.00017170329670329672,Cancer Biology
1.0,0.0,0.00017170329670329672,0.0,0.00017170329670329672,Measles Virus
1.0,0.0,0.00017170329670329672,0.0,0.00017170329670329672,Cholestatic Liver Disease
1.0,0.0,0.00017170329670329672,0.0,0.00017170329670329672,Mental health evaluation
1.0,0.0,0.00017170329670329672,0.0,0.00017170329670329672,Measures of Disease Transmission
1.0,0.0,0.00017170329670329672,0.0,0.00017170329670329672,Autoimmune Blistering Disorders
1.0,0.0,0.00017170329670329672,0.0,0.00017170329670329672,Seizure Disorders
1.0,0.0,0.00017170329670329672,0.0,0.00017170329670329672,Cancer Presentation
1.0,0.0,0.00017170329670329672,0.0,0.00017170329670329672,Foreign Body Aspiration
1.0,0.0,0.00017170329670329672,0.0,0.00017170329670329672,Mental health
1.0,0.0,0.00017170329670329672,0.0,0.00017170329670329672,TCA overdose
1.0,0.0,0.00017170329670329672,0.0,0.00017170329670329672,Autoimmune Arthritis
1.0,0.0,0.00017170329670329672,0.0,0.00017170329670329672,Measures Of Disease Transmission
1.0,0.0,0.00017170329670329672,0.0,0.00017170329670329672,Bowel perforation
1.0,0.0,0.00017170329670329672,0.0,0.00017170329670329672,Hearing Loss Causes
1.0,0.0,0.00017170329670329672,0.0,0.00017170329670329672,Socioeconomic Health Indices
1.0,0.0,0.00017170329670329672,0.0,0.00017170329670329672,Foreign Body Detection
1.0,0.0,0.00017170329670329672,0.0,0.00017170329670329672,Bowel Obstruction
1.0,0.0,0.00017170329670329672,0.0,0.00017170329670329672,Cardiac Action Potential
1.0,0.0,0.00017170329670329672,0.0,0.00017170329670329672,Systemic diseases
1.0,0.0,0.00017170329670329672,0.0,0.00017170329670329672,Autopsy findings
1.0,0.0,0.00017170329670329672,0.0,0.00017170329670329672,Bias in Studies
1.0,0.0,0.00017170329670329672,0.0,0.00017170329670329672,Septal perforation
1.0,0.0,0.00017170329670329672,0.0,0.00017170329670329672,Food Quality Tests
1.0,0.0,0.00017170329670329672,0.0,0.00017170329670329672,Medico-Legal Autopsy
1.0,0.0,0.00017170329670329672,0.0,0.00017170329670329672,Asphyxial Injuries
1.0,0.0,0.00017170329670329672,0.0,0.00017170329670329672,Thermoregulation In Fever
1.0,0.0,0.00017170329670329672,0.0,0.00017170329670329672,Shoulder dystocia
1.0,0.0,0.00017170329670329672,0.0,0.00017170329670329672,Membrane potential
1.0,0.0,0.00017170329670329672,0.0,0.00017170329670329672,COPD Exacerbation
1.0,0.0,0.00017170329670329672,0.0,0.00017170329670329672,Membrane potentials
1.0,0.0,0.00017170329670329672,0.0,0.00017170329670329672,Bulimia nervosa
1.0,0.0,0.00017170329670329672,0.0,0.00017170329670329672,Hematologic Malignancies
1.0,0.0,0.00017170329670329672,0.0,0.00017170329670329672,Nasal and paranasal sinus disorders
1.0,0.0,0.00017170329670329672,0.0,0.00017170329670329672,Skin Graft Physiology
1.0,0.0,0.00017170329670329672,0.0,0.00017170329670329672,Skin Grafts
1.0,0.0,0.00017170329670329672,0.0,0.00017170329670329672,Mendelian Inheritance
1.0,0.0,0.00017170329670329672,0.0,0.00017170329670329672,Shoulder Injuries
1.0,0.0,0.00017170329670329672,0.0,0.00017170329670329672,Bulimia Nervosa
1.0,0.0,0.00017170329670329672,0.0,0.00017170329670329672,Thermoregulation in Fever
1.0,0.0,0.00017170329670329672,0.0,0.00017170329670329672,Tetanus prophylaxis
1.0,0.0,0.00017170329670329672,0.0,0.00017170329670329672,CKD anemia management
1.0,0.0,0.00017170329670329672,0.0,0.00017170329670329672,Medicolegal Radiology
1.0,0.0,0.00017170329670329672,0.0,0.00017170329670329672,CBD Stones
1.0,0.0,0.00017170329670329672,0.0,0.00017170329670329672,Medicolegal Examination
1.0,0.0,0.00017170329670329672,0.0,0.00017170329670329672,Hematological Markers
1.0,0.0,0.00017170329670329672,0.0,0.00017170329670329672,CEAP classification
1.0,0.0,0.00017170329670329672,0.0,0.00017170329670329672,Skeletal Age
1.0,0.0,0.00017170329670329672,0.0,0.00017170329670329672,Gravidity Parity
1.0,0.0,0.00017170329670329672,0.0,0.00017170329670329672,Aspergillosis
1.0,0.0,0.00017170329670329672,0.0,0.00017170329670329672,Psychiatric emergency
1.0,0.0,0.00017170329670329672,0.0,0.00017170329670329672,Thoracic Aorta
1.0,0.0,0.00017170329670329672,0.0,0.00017170329670329672,Ascites Complications
1.0,0.0,0.00017170329670329672,0.0,0.00017170329670329672,Ascites complications
1.0,0.0,0.00017170329670329672,0.0,0.00017170329670329672,Skeletal imaging
1.0,0.0,0.00017170329670329672,0.0,0.00017170329670329672,Thiamine
1.0,0.0,0.00017170329670329672,0.0,0.00017170329670329672,Gonadal Dysgenesis
1.0,0.0,0.00017170329670329672,0.0,0.00017170329670329672,Public Health Indicators
1.0,0.0,0.00017170329670329672,0.0,0.00017170329670329672,Taste Perception
1.0,0.0,0.00017170329670329672,0.0,0.00017170329670329672,Menstrual Cycle Physiology
1.0,0.0,0.00017170329670329672,0.0,0.00017170329670329672,Chronic Otitis Media Complications
1.0,0.0,0.00017170329670329672,0.0,0.00017170329670329672,Heat-Related Illness
1.0,0.0,0.00017170329670329672,0.0,0.00017170329670329672,Auditory ossicles
1.0,0.0,0.00017170329670329672,0.0,0.00017170329670329672,Temporal lobe lesion
1.0,0.0,0.00017170329670329672,0.0,0.00017170329670329672,Heat Stroke
1.0,0.0,0.00017170329670329672,0.0,0.00017170329670329672,Lumbar Puncture
1.0,0.0,0.00017170329670329672,0.0,0.00017170329670329672,Nasal And Paranasal Sinus Disorders
1.0,0.0,0.00017170329670329672,0.0,0.00017170329670329672,Calcium
1.0,0.0,0.00017170329670329672,0.0,0.00017170329670329672,Taste sensation
1.0,0.0,0.00017170329670329672,0.0,0.00017170329670329672,Taste Sensation
1.0,0.0,0.00017170329670329672,0.0,0.00017170329670329672,Taste Physiology
1.0,0.0,0.00017170329670329672,0.0,0.00017170329670329672,Menstrual physiology
1.0,0.0,0.00017170329670329672,0.0,0.00017170329670329672,Gynaecological oncology
1.0,0.0,0.00017170329670329672,0.0,0.00017170329670329672,Seronegative Spondyloarthropathies
1.0,0.0,0.00017170329670329672,0.0,0.00017170329670329672,Sexual Jurisprudence
1.0,0.0,0.00017170329670329672,0.0,0.00017170329670329672,Sleep pharmacology
1.0,0.0,0.00017170329670329672,0.0,0.00017170329670329672,Public Health Indices
1.0,0.0,0.00017170329670329672,0.0,0.00017170329670329672,Shelter-in-place
1.0,0.0,0.00017170329670329672,0.0,0.00017170329670329672,Breech delivery
1.0,0.0,0.00017170329670329672,0.0,0.00017170329670329672,Medical Abortion
1.0,0.0,0.00017170329670329672,0.0,0.00017170329670329672,Public Health Metrics
1.0,0.0,0.00017170329670329672,0.0,0.00017170329670329672,Mediastinal Masses
1.0,0.0,0.00017170329670329672,0.0,0.00017170329670329672,Meningococcal meningitis
1.0,0.0,0.00017170329670329672,0.0,0.00017170329670329672,Gunshot wounds
1.0,0.0,0.00017170329670329672,0.0,0.00017170329670329672,Atrial Flutter/Fibrillation
1.0,0.0,0.00017170329670329672,0.0,0.00017170329670329672,Caffeine
1.0,0.0,0.00017170329670329672,0.0,0.00017170329670329672,Chronic venous disorders
1.0,0.0,0.00017170329670329672,0.0,0.00017170329670329672,Atrophic Rhinitis
1.0,0.0,0.00017170329670329672,0.0,0.00017170329670329672,Atrophic rhinitis
1.0,0.0,0.00017170329670329672,0.0,0.00017170329670329672,Chronic venous disease
1.0,0.0,0.00017170329670329672,0.0,0.00017170329670329672,Chronic Venous Disorders
1.0,0.0,0.00017170329670329672,0.0,0.00017170329670329672,Low birth weight
1.0,0.0,0.00017170329670329672,0.0,0.00017170329670329672,Auditory Ossicles
1.0,0.0,0.00017170329670329672,0.0,0.00017170329670329672,Child sexual abuse
1.0,0.0,0.00017170329670329672,0.0,0.00017170329670329672,Cholera Toxin Mechanism
1.0,0.0,0.00017170329670329672,0.0,0.00017170329670329672,Miliary Pattern
1.0,0.0,0.00017170329670329672,0.0,0.00017170329670329672,Gartland classification
1.0,0.0,0.00017170329670329672,0.0,0.00017170329670329672,General Radiology
1.0,0.0,0.00017170329670329672,0.0,0.00017170329670329672,Superior Mesenteric Artery
1.0,0.0,0.00017170329670329672,0.0,0.00017170329670329672,Biological stains
1.0,0.0,0.00017170329670329672,0.0,0.00017170329670329672,Migraine Management
1.0,0.0,0.00017170329670329672,0.0,0.00017170329670329672,Rhinoplasty
1.0,0.0,0.00017170329670329672,0.0,0.00017170329670329672,Statistical Tests
1.0,0.0,0.00017170329670329672,0.0,0.00017170329670329672,Genetic Bone Disorders
1.0,0.0,0.00017170329670329672,0.0,0.00017170329670329672,Recovery position
1.0,0.0,0.00017170329670329672,0.0,0.00017170329670329672,Bell'S Palsy
1.0,0.0,0.00017170329670329672,0.0,0.00017170329670329672,Bell's palsy
1.0,0.0,0.00017170329670329672,0.0,0.00017170329670329672,Headache Syndromes
1.0,0.0,0.00017170329670329672,0.0,0.00017170329670329672,Benign Skin Lesions
1.0,0.0,0.00017170329670329672,0.0,0.00017170329670329672,Cervical Cancer Staging
1.0,0.0,0.00017170329670329672,0.0,0.00017170329670329672,Lysosomal storage diseases
1.0,0.0,0.00017170329670329672,0.0,0.00017170329670329672,Sural nerve
1.0,0.0,0.00017170329670329672,0.0,0.00017170329670329672,Recurrent laryngeal nerve palsy
1.0,0.0,0.00017170329670329672,0.0,0.00017170329670329672,Mtp Act
1.0,0.0,0.00017170329670329672,0.0,0.00017170329670329672,Management of poisoning
1.0,0.0,0.00017170329670329672,0.0,0.00017170329670329672,Lymphoma Classification
1.0,0.0,0.00017170329670329672,0.0,0.00017170329670329672,Surgical Drains
1.0,0.0,0.00017170329670329672,0.0,0.00017170329670329672,Genetic Syndromes in Cancer
1.0,0.0,0.00017170329670329672,0.0,0.00017170329670329672,Management of Breech Presentation
1.0,0.0,0.00017170329670329672,0.0,0.00017170329670329672,Basics Of Radiology
1.0,0.0,0.00017170329670329672,0.0,0.00017170329670329672,Genetic Syndromes In Cancer
1.0,0.0,0.00017170329670329672,0.0,0.00017170329670329672,Malposition
1.0,0.0,0.00017170329670329672,0.0,0.00017170329670329672,Management Of Breech Presentation
1.0,0.0,0.00017170329670329672,0.0,0.00017170329670329672,Genetic Metabolic Disorders
1.0,0.0,0.00017170329670329672,0.0,0.00017170329670329672,Biopsy
1.0,0.0,0.00017170329670329672,0.0,0.00017170329670329672,Mrcp
1.0,0.0,0.00017170329670329672,0.0,0.00017170329670329672,Cervical cord
1.0,0.0,0.00017170329670329672,0.0,0.00017170329670329672,Health Education Models
1.0,0.0,0.00017170329670329672,0.0,0.00017170329670329672,Recurrent Laryngeal Nerve Palsy
1.0,0.0,0.00017170329670329672,0.0,0.00017170329670329672,Binocular Vision Assessment
1.0,0.0,0.00017170329670329672,0.0,0.00017170329670329672,Somatosensory System
1.0,0.0,0.00017170329670329672,0.0,0.00017170329670329672,Biliary Diseases
1.0,0.0,0.00017170329670329672,0.0,0.00017170329670329672,Reporting Bias
1.0,0.0,0.00017170329670329672,0.0,0.00017170329670329672,Census Methods
1.0,0.0,0.00017170329670329672,0.0,0.00017170329670329672,Clinical Features of Poisoning
1.0,0.0,0.00017170329670329672,0.0,0.00017170329670329672,Submandibular Region
1.0,0.0,0.00017170329670329672,0.0,0.00017170329670329672,MTP Act
1.0,0.0,0.00017170329670329672,0.0,0.00017170329670329672,Cerebellar lesions
1.0,0.0,0.00017170329670329672,0.0,0.00017170329670329672,Cerclage
1.0,0.0,0.00017170329670329672,0.0,0.00017170329670329672,Cellular Metabolism
1.0,0.0,0.00017170329670329672,0.0,0.00017170329670329672,Cerebellar anatomy
1.0,0.0,0.00017170329670329672,0.0,0.00017170329670329672,Cerebellar Anatomy
1.0,0.0,0.00017170329670329672,0.0,0.00017170329670329672,Gastroenteritis
1.0,0.0,0.00017170329670329672,0.0,0.00017170329670329672,Macula
1.0,0.0,0.00017170329670329672,0.0,0.00017170329670329672,Head and Neck Nerves
1.0,0.0,0.00017170329670329672,0.0,0.00017170329670329672,Bias In Studies
1.0,0.0,0.00017170329670329672,0.0,0.00017170329670329672,Census
1.0,0.0,0.00017170329670329672,0.0,0.00017170329670329672,Biliary Stones
1.0,0.0,0.00017170329670329672,0.0,0.00017170329670329672,Head And Neck Cancer
1.0,0.0,0.00017170329670329672,0.0,0.00017170329670329672,Benign liver lesions
1.0,0.0,0.00017170329670329672,0.0,0.00017170329670329672,Rheumatic Fever and RHD
1.0,0.0,0.00017170329670329672,0.0,0.00017170329670329672,Rheumatic Fever And Rhd
1.0,0.0,0.00017170329670329672,0.0,0.00017170329670329672,Cell death
1.0,0.0,0.00017170329670329672,0.0,0.00017170329670329672,Miscellaneous
1.0,0.0,0.00017170329670329672,0.0,0.00017170329670329672,Head And Neck Pathology
1.0,0.0,0.00017170329670329672,0.0,0.00017170329670329672,Mosquito
1.0,0.0,0.00017170329670329672,0.0,0.00017170329670329672,Biliary stones
1.0,0.0,0.00017170329670329672,0.0,0.00017170329670329672,Mitochondrial disorders
1.0,0.0,0.00017170329670329672,0.0,0.00017170329670329672,Benign uterine conditions
1.0,0.0,0.00017170329670329672,0.0,0.00017170329670329672,Head impulse test
1.0,0.0,0.00017170329670329672,0.0,0.00017170329670329672,Biliary Tract Surgery
1.0,0.0,0.00017170329670329672,0.0,0.00017170329670329672,MRCP
1.0,0.0,0.00017170329670329672,0.0,0.00017170329670329672,Stis
1.0,0.0,0.00017170329670329672,0.0,0.00017170329670329672,Mitochondrial Shuttle
1.0,0.0,0.00017170329670329672,0.0,0.00017170329670329672,Categorical Data Analysis
1.0,0.0,0.00017170329670329672,0.0,0.00017170329670329672,Middle Ear Disorders
1.0,0.0,0.00017170329670329672,0.0,0.00017170329670329672,Chemical emergency
1.0,0.0,0.00017170329670329672,0.0,0.00017170329670329672,Child Health Indicators
1.0,0.0,0.00017170329670329672,0.0,0.00017170329670329672,Child Sexual Abuse
1.0,0.0,0.00017170329670329672,0.0,0.00017170329670329672,Musculocutaneous nerve
1.0,0.0,0.00017170329670329672,0.0,0.00017170329670329672,Sympathomimetic toxidrome
1.0,0.0,0.00017170329670329672,0.0,0.00017170329670329672,Bone Dysplasias
1.0,0.0,0.00017170329670329672,0.0,0.00017170329670329672,Spinal Cord Anatomy
1.0,0.0,0.00017170329670329672,0.0,0.00017170329670329672,Fundus Examination
1.0,0.0,0.00017170329670329672,0.0,0.00017170329670329672,Sciatica
1.0,0.0,0.00017170329670329672,0.0,0.00017170329670329672,Fuchs' endothelial dystrophy
1.0,0.0,0.00017170329670329672,0.0,0.00017170329670329672,Gestational Age Calculation
1.0,0.0,0.00017170329670329672,0.0,0.00017170329670329672,Cardiac muscle physiology
1.0,0.0,0.00017170329670329672,0.0,0.00017170329670329672,Maternal Health Programs
1.0,0.0,0.00017170329670329672,0.0,0.00017170329670329672,Fungal Culture Media
1.0,0.0,0.00017170329670329672,0.0,0.00017170329670329672,Rabies Control
1.0,0.0,0.00017170329670329672,0.0,0.00017170329670329672,Rabies control
1.0,0.0,0.00017170329670329672,0.0,0.00017170329670329672,Bone Marrow Examination
1.0,0.0,0.00017170329670329672,0.0,0.00017170329670329672,Fuchs' Endothelial Dystrophy
1.0,0.0,0.00017170329670329672,0.0,0.00017170329670329672,Microscopic Anatomy
1.0,0.0,0.00017170329670329672,0.0,0.00017170329670329672,Scurvy
1.0,0.0,0.00017170329670329672,0.0,0.00017170329670329672,Freud's theory
1.0,0.0,0.00017170329670329672,0.0,0.00017170329670329672,Mutations
1.0,0.0,0.00017170329670329672,0.0,0.00017170329670329672,Metabolic Emergencies
1.0,0.0,0.00017170329670329672,0.0,0.00017170329670329672,B-cell neoplasms
1.0,0.0,0.00017170329670329672,0.0,0.00017170329670329672,Lung malignancies
1.0,0.0,0.00017170329670329672,0.0,0.00017170329670329672,Cardiac Emergencies
1.0,0.0,0.00017170329670329672,0.0,0.00017170329670329672,Scrotal Emergencies
1.0,0.0,0.00017170329670329672,0.0,0.00017170329670329672,Bone Marrow Failure Syndromes
1.0,0.0,0.00017170329670329672,0.0,0.00017170329670329672,Cardiac Muscle Physiology
1.0,0.0,0.00017170329670329672,0.0,0.00017170329670329672,Sphingolipidoses
1.0,0.0,0.00017170329670329672,0.0,0.00017170329670329672,Health program evaluation
1.0,0.0,0.00017170329670329672,0.0,0.00017170329670329672,Gestational age estimation
1.0,0.0,0.00017170329670329672,0.0,0.00017170329670329672,Cardiac Pathology
1.0,0.0,0.00017170329670329672,0.0,0.00017170329670329672,Screening Evaluation
1.0,0.0,0.00017170329670329672,0.0,0.00017170329670329672,Gerd Management
1.0,0.0,0.00017170329670329672,0.0,0.00017170329670329672,Health Systems
1.0,0.0,0.00017170329670329672,0.0,0.00017170329670329672,Cardiac surgery
1.0,0.0,0.00017170329670329672,0.0,0.00017170329670329672,Gag reflex
1.0,0.0,0.00017170329670329672,0.0,0.00017170329670329672,Chest Ct Interpretation
1.0,0.0,0.00017170329670329672,0.0,0.00017170329670329672,Blistering Skin Diseases
1.0,0.0,0.00017170329670329672,0.0,0.00017170329670329672,Health Schemes
1.0,0.0,0.00017170329670329672,0.0,0.00017170329670329672,Chest CT Interpretation
1.0,0.0,0.00017170329670329672,0.0,0.00017170329670329672,Health Program Management Cycle
1.0,0.0,0.00017170329670329672,0.0,0.00017170329670329672,Metronidazole
1.0,0.0,0.00017170329670329672,0.0,0.00017170329670329672,Barium Swallow
1.0,0.0,0.00017170329670329672,0.0,0.00017170329670329672,Fungal culture media
1.0,0.0,0.00017170329670329672,0.0,0.00017170329670329672,Spinal cord tracts
1.0,0.0,0.00017170329670329672,0.0,0.00017170329670329672,Microanatomy
1.0,0.0,0.00017170329670329672,0.0,0.00017170329670329672,Marfan Syndrome
1.0,0.0,0.00017170329670329672,0.0,0.00017170329670329672,Sacrocolpopexy
1.0,0.0,0.00017170329670329672,0.0,0.00017170329670329672,Surgical Oncology Principles
1.0,0.0,0.00017170329670329672,0.0,0.00017170329670329672,Baroreceptor Reflex
1.0,0.0,0.00017170329670329672,0.0,0.00017170329670329672,Body Dysmorphic Disorder
1.0,0.0,0.00017170329670329672,0.0,0.00017170329670329672,Bacteriological testing
1.0,0.0,0.00017170329670329672,0.0,0.00017170329670329672,Bacterial virulence
1.0,0.0,0.00017170329670329672,0.0,0.00017170329670329672,Surgical imaging
1.0,0.0,0.00017170329670329672,0.0,0.00017170329670329672,Bacterial structure and virulence
1.0,0.0,0.00017170329670329672,0.0,0.00017170329670329672,Surgical indication
1.0,0.0,0.00017170329670329672,0.0,0.00017170329670329672,Body Preservation
1.0,0.0,0.00017170329670329672,0.0,0.00017170329670329672,Chest Pain
1.0,0.0,0.00017170329670329672,0.0,0.00017170329670329672,Radiation susceptibility
1.0,0.0,0.00017170329670329672,0.0,0.00017170329670329672,Surgical sutures
1.0,0.0,0.00017170329670329672,0.0,0.00017170329670329672,Health Services Planning
1.0,0.0,0.00017170329670329672,0.0,0.00017170329670329672,Radiation Therapy
1.0,0.0,0.00017170329670329672,0.0,0.00017170329670329672,Body Temperature Regulation
1.0,0.0,0.00017170329670329672,0.0,0.00017170329670329672,GERD Management
1.0,0.0,0.00017170329670329672,0.0,0.00017170329670329672,Health System Organization
1.0,0.0,0.00017170329670329672,0.0,0.00017170329670329672,Spinal Nerve
1.0,0.0,0.00017170329670329672,0.0,0.00017170329670329672,Bacterial Structure And Virulence
1.0,0.0,0.00017170329670329672,0.0,0.00017170329670329672,Submandibular region
1.0,0.0,0.00017170329670329672,0.0,0.00017170329670329672,Fetal maneuvers
1.0,0.0,0.00017170329670329672,0.0,0.00017170329670329672,Defluoridation
1.0,0.0,0.00017170329670329672,0.0,0.00017170329670329672,Placental abnormalities
1.0,0.0,0.00017170329670329672,0.0,0.00017170329670329672,Insulin resistance
1.0,0.0,0.00017170329670329672,0.0,0.00017170329670329672,Duchenne Muscular Dystrophy
1.0,0.0,0.00017170329670329672,0.0,0.00017170329670329672,Ventilation Perfusion
1.0,0.0,0.00017170329670329672,0.0,0.00017170329670329672,Hyperthyroidism Treatment
1.0,0.0,0.00017170329670329672,0.0,0.00017170329670329672,Wounds And Injuries
1.0,0.0,0.00017170329670329672,0.0,0.00017170329670329672,Diabetes complications
1.0,0.0,0.00017170329670329672,0.0,0.00017170329670329672,Deworming
1.0,0.0,0.00017170329670329672,0.0,0.00017170329670329672,Esophageal diverticula
1.0,0.0,0.00017170329670329672,0.0,0.00017170329670329672,Dermatological Syndromes
1.0,0.0,0.00017170329670329672,0.0,0.00017170329670329672,Penile Disorders
1.0,0.0,0.00017170329670329672,0.0,0.00017170329670329672,Perforation
1.0,0.0,0.00017170329670329672,0.0,0.00017170329670329672,Otolaryngology Procedures
1.0,0.0,0.00017170329670329672,0.0,0.00017170329670329672,Jugular venous pulse
1.0,0.0,0.00017170329670329672,0.0,0.00017170329670329672,Otolaryngology Emergencies
1.0,0.0,0.00017170329670329672,0.0,0.00017170329670329672,Acid Base Disorders
1.0,0.0,0.00017170329670329672,0.0,0.00017170329670329672,Perineal Anatomy
1.0,0.0,0.00017170329670329672,0.0,0.00017170329670329672,Ewing sarcoma
1.0,0.0,0.00017170329670329672,0.0,0.00017170329670329672,Amputation Levels
1.0,0.0,0.00017170329670329672,0.0,0.00017170329670329672,Non-communicable Disease Prevention
1.0,0.0,0.00017170329670329672,0.0,0.00017170329670329672,Hyperuricemia Management
1.0,0.0,0.00017170329670329672,0.0,0.00017170329670329672,Ventricular action potential
1.0,0.0,0.00017170329670329672,0.0,0.00017170329670329672,Pelvic Floor
1.0,0.0,0.00017170329670329672,0.0,0.00017170329670329672,Vestibular function tests
1.0,0.0,0.00017170329670329672,0.0,0.00017170329670329672,Dietary Fiber
1.0,0.0,0.00017170329670329672,0.0,0.00017170329670329672,Viral Hemorrhagic Fevers
1.0,0.0,0.00017170329670329672,0.0,0.00017170329670329672,Pediatric Bone Disorders
1.0,0.0,0.00017170329670329672,0.0,0.00017170329670329672,Pediatric Hip Conditions
1.0,0.0,0.00017170329670329672,0.0,0.00017170329670329672,Wound assessment
1.0,0.0,0.00017170329670329672,0.0,0.00017170329670329672,Violent behavior
1.0,0.0,0.00017170329670329672,0.0,0.00017170329670329672,Pediatric Poisoning
1.0,0.0,0.00017170329670329672,0.0,0.00017170329670329672,Vestibular neuronitis
1.0,0.0,0.00017170329670329672,0.0,0.00017170329670329672,Pediatric anesthesia
1.0,0.0,0.00017170329670329672,0.0,0.00017170329670329672,Obstetric Legislation
1.0,0.0,0.00017170329670329672,0.0,0.00017170329670329672,Hypolipidemic drugs
1.0,0.0,0.00017170329670329672,0.0,0.00017170329670329672,Altered consciousness
1.0,0.0,0.00017170329670329672,0.0,0.00017170329670329672,Vestibular Function Tests
1.0,0.0,0.00017170329670329672,0.0,0.00017170329670329672,Incontinence
1.0,0.0,0.00017170329670329672,0.0,0.00017170329670329672,Hypolipidemic Drugs
1.0,0.0,0.00017170329670329672,0.0,0.00017170329670329672,Vesicular Lesions
1.0,0.0,0.00017170329670329672,0.0,0.00017170329670329672,Diagnostic Procedures
1.0,0.0,0.00017170329670329672,0.0,0.00017170329670329672,Wound management
1.0,0.0,0.00017170329670329672,0.0,0.00017170329670329672,Hyperkeratosis
1.0,0.0,0.00017170329670329672,0.0,0.00017170329670329672,Hyperkalemia Management
1.0,0.0,0.00017170329670329672,0.0,0.00017170329670329672,Experimental Study Designs
1.0,0.0,0.00017170329670329672,0.0,0.00017170329670329672,Ankle Anatomy
1.0,0.0,0.00017170329670329672,0.0,0.00017170329670329672,Urticaria
1.0,0.0,0.00017170329670329672,0.0,0.00017170329670329672,Fat Absorption
1.0,0.0,0.00017170329670329672,0.0,0.00017170329670329672,Photophobia
1.0,0.0,0.00017170329670329672,0.0,0.00017170329670329672,Urological surgery
1.0,0.0,0.00017170329670329672,0.0,0.00017170329670329672,ECG changes
1.0,0.0,0.00017170329670329672,0.0,0.00017170329670329672,Lacrimal Disorders
1.0,0.0,0.00017170329670329672,0.0,0.00017170329670329672,Anhydramnios
1.0,0.0,0.00017170329670329672,0.0,0.00017170329670329672,Ossiculoplasty
1.0,0.0,0.00017170329670329672,0.0,0.00017170329670329672,Fatty Acid Metabolism
1.0,0.0,0.00017170329670329672,0.0,0.00017170329670329672,Cutaneous Lymphoma
1.0,0.0,0.00017170329670329672,0.0,0.00017170329670329672,Ankle Sprains
1.0,0.0,0.00017170329670329672,0.0,0.00017170329670329672,Abortion Methods
1.0,0.0,0.00017170329670329672,0.0,0.00017170329670329672,Urologic pathology
1.0,0.0,0.00017170329670329672,0.0,0.00017170329670329672,Cross-sectional imaging
1.0,0.0,0.00017170329670329672,0.0,0.00017170329670329672,ENT Pharmacology
1.0,0.0,0.00017170329670329672,0.0,0.00017170329670329672,Acute Lung Injury
1.0,0.0,0.00017170329670329672,0.0,0.00017170329670329672,Infant feeding
1.0,0.0,0.00017170329670329672,0.0,0.00017170329670329672,ENT Procedures
1.0,0.0,0.00017170329670329672,0.0,0.00017170329670329672,Phenylalanine Metabolism
1.0,0.0,0.00017170329670329672,0.0,0.00017170329670329672,Ossification Centers
1.0,0.0,0.00017170329670329672,0.0,0.00017170329670329672,Non-Communicable Disease Prevention
1.0,0.0,0.00017170329670329672,0.0,0.00017170329670329672,DIEP flap
1.0,0.0,0.00017170329670329672,0.0,0.00017170329670329672,External Eye Lesions
1.0,0.0,0.00017170329670329672,0.0,0.00017170329670329672,Wounds and Injuries
1.0,0.0,0.00017170329670329672,0.0,0.00017170329670329672,Peripheral neuropathy
1.0,0.0,0.00017170329670329672,0.0,0.00017170329670329672,Knee Radiology
1.0,0.0,0.00017170329670329672,0.0,0.00017170329670329672,Vaccination schedule
1.0,0.0,0.00017170329670329672,0.0,0.00017170329670329672,Data Visualization
1.0,0.0,0.00017170329670329672,0.0,0.00017170329670329672,Neurotoxins
1.0,0.0,0.00017170329670329672,0.0,0.00017170329670329672,"Neurotic, Stress-Related And Somatofordm Disorders"
1.0,0.0,0.00017170329670329672,0.0,0.00017170329670329672,Anal carcinoma
1.0,0.0,0.00017170329670329672,0.0,0.00017170329670329672,Human Papillomavirus
1.0,0.0,0.00017170329670329672,0.0,0.00017170329670329672,Osteoporosis Management
1.0,0.0,0.00017170329670329672,0.0,0.00017170329670329672,Dysmorphology
1.0,0.0,0.00017170329670329672,0.0,0.00017170329670329672,Pharmacology of gout
1.0,0.0,0.00017170329670329672,0.0,0.00017170329670329672,Neuromuscular physiology
1.0,0.0,0.00017170329670329672,0.0,0.00017170329670329672,Instrumental delivery
1.0,0.0,0.00017170329670329672,0.0,0.00017170329670329672,Neuromuscular Blockade Monitoring
1.0,0.0,0.00017170329670329672,0.0,0.00017170329670329672,Pharyngeal disorders
1.0,0.0,0.00017170329670329672,0.0,0.00017170329670329672,Instrumental Delivery
1.0,0.0,0.00017170329670329672,0.0,0.00017170329670329672,Pediatric Bone Diseases
1.0,0.0,0.00017170329670329672,0.0,0.00017170329670329672,Alkaptonuria
1.0,0.0,0.00017170329670329672,0.0,0.00017170329670329672,Dietary guidelines
1.0,0.0,0.00017170329670329672,0.0,0.00017170329670329672,Intra-Abdominal Abscess
1.0,0.0,0.00017170329670329672,0.0,0.00017170329670329672,Pain physiology
1.0,0.0,0.00017170329670329672,0.0,0.00017170329670329672,Enzyme Deficiency
1.0,0.0,0.00017170329670329672,0.0,0.00017170329670329672,Drug Dosing
1.0,0.0,0.00017170329670329672,0.0,0.00017170329670329672,Ocular manifestations of systemic diseases
1.0,0.0,0.00017170329670329672,0.0,0.00017170329670329672,Enzyme deficiency
1.0,0.0,0.00017170329670329672,0.0,0.00017170329670329672,PCSK9 inhibitors
1.0,0.0,0.00017170329670329672,0.0,0.00017170329670329672,Acute Coronary Syndrome
1.0,0.0,0.00017170329670329672,0.0,0.00017170329670329672,Acute Chest Pain Evaluation
1.0,0.0,0.00017170329670329672,0.0,0.00017170329670329672,Imaging techniques
1.0,0.0,0.00017170329670329672,0.0,0.00017170329670329672,Immunodeficiency disorders
1.0,0.0,0.00017170329670329672,0.0,0.00017170329670329672,Intra-abdominal Abscess
1.0,0.0,0.00017170329670329672,0.0,0.00017170329670329672,Adhd Medications
1.0,0.0,0.00017170329670329672,0.0,0.00017170329670329672,Dorsal column
1.0,0.0,0.00017170329670329672,0.0,0.00017170329670329672,Doppler
1.0,0.0,0.00017170329670329672,0.0,0.00017170329670329672,Adnexal Masses
1.0,0.0,0.00017170329670329672,0.0,0.00017170329670329672,Adnexal masses
1.0,0.0,0.00017170329670329672,0.0,0.00017170329670329672,Paracetamol Overdose
1.0,0.0,0.00017170329670329672,0.0,0.00017170329670329672,Adolescent Psychiatry
1.0,0.0,0.00017170329670329672,0.0,0.00017170329670329672,Oncological Emergencies
1.0,0.0,0.00017170329670329672,0.0,0.00017170329670329672,WHO STEPS approach
1.0,0.0,0.00017170329670329672,0.0,0.00017170329670329672,Paracetamol poisoning
1.0,0.0,0.00017170329670329672,0.0,0.00017170329670329672,Water sample collection
1.0,0.0,0.00017170329670329672,0.0,0.00017170329670329672,PSVT
1.0,0.0,0.00017170329670329672,0.0,0.00017170329670329672,Environment And Health
1.0,0.0,0.00017170329670329672,0.0,0.00017170329670329672,Paediatric Emergency
1.0,0.0,0.00017170329670329672,0.0,0.00017170329670329672,Water treatment
1.0,0.0,0.00017170329670329672,0.0,0.00017170329670329672,Environmental Monitoring
1.0,0.0,0.00017170329670329672,0.0,0.00017170329670329672,Drug abuse
1.0,0.0,0.00017170329670329672,0.0,0.00017170329670329672,Immunophenotyping
1.0,0.0,0.00017170329670329672,0.0,0.00017170329670329672,Acute Stress Disorder
1.0,0.0,0.00017170329670329672,0.0,0.00017170329670329672,Paediatric Neurological Disorders
1.0,0.0,0.00017170329670329672,0.0,0.00017170329670329672,Immunofluorescence
1.0,0.0,0.00017170329670329672,0.0,0.00017170329670329672,POCSO Act
1.0,0.0,0.00017170329670329672,0.0,0.00017170329670329672,Water Sample Collection
1.0,0.0,0.00017170329670329672,0.0,0.00017170329670329672,Paediatric Symptoms
1.0,0.0,0.00017170329670329672,0.0,0.00017170329670329672,Acute Heart Failure
1.0,0.0,0.00017170329670329672,0.0,0.00017170329670329672,Drug Overdose
1.0,0.0,0.00017170329670329672,0.0,0.00017170329670329672,Enzyme Assays
1.0,0.0,0.00017170329670329672,0.0,0.00017170329670329672,Interstitial lung disease
1.0,0.0,0.00017170329670329672,0.0,0.00017170329670329672,Acute promyelocytic leukemia
1.0,0.0,0.00017170329670329672,0.0,0.00017170329670329672,Voice Disorders
1.0,0.0,0.00017170329670329672,0.0,0.00017170329670329672,Who Steps Approach
1.0,0.0,0.00017170329670329672,0.0,0.00017170329670329672,Viral Warts
1.0,0.0,0.00017170329670329672,0.0,0.00017170329670329672,ICDS Program
1.0,0.0,0.00017170329670329672,0.0,0.00017170329670329672,Occupational Lung Disease
1.0,0.0,0.00017170329670329672,0.0,0.00017170329670329672,Albendazole
1.0,0.0,0.00017170329670329672,0.0,0.00017170329670329672,Patella
1.0,0.0,0.00017170329670329672,0.0,0.00017170329670329672,Intraoperative staining
1.0,0.0,0.00017170329670329672,0.0,0.00017170329670329672,Pathogens
1.0,0.0,0.00017170329670329672,0.0,0.00017170329670329672,Alcohol Poisoning
1.0,0.0,0.00017170329670329672,0.0,0.00017170329670329672,ICU Management
1.0,0.0,0.00017170329670329672,0.0,0.00017170329670329672,Digoxin Toxicity
1.0,0.0,0.00017170329670329672,0.0,0.00017170329670329672,Epiphyseal Plate
1.0,0.0,0.00017170329670329672,0.0,0.00017170329670329672,IPC Sections
1.0,0.0,0.00017170329670329672,0.0,0.00017170329670329672,Alcohol interaction
1.0,0.0,0.00017170329670329672,0.0,0.00017170329670329672,Viral warts
1.0,0.0,0.00017170329670329672,0.0,0.00017170329670329672,Intravenous Fluids
1.0,0.0,0.00017170329670329672,0.0,0.00017170329670329672,Introduction To Dermatology
1.0,0.0,0.00017170329670329672,0.0,0.00017170329670329672,Epithelial Tissue
1.0,0.0,0.00017170329670329672,0.0,0.00017170329670329672,Difficult airway
1.0,0.0,0.00017170329670329672,0.0,0.00017170329670329672,Alcohols and Glycols
1.0,0.0,0.00017170329670329672,0.0,0.00017170329670329672,Acneiform Disorders
1.0,0.0,0.00017170329670329672,0.0,0.00017170329670329672,Acneiform disorders
1.0,0.0,0.00017170329670329672,0.0,0.00017170329670329672,Ent Procedures
1.0,0.0,0.00017170329670329672,0.0,0.00017170329670329672,Eosinophilia
1.0,0.0,0.00017170329670329672,0.0,0.00017170329670329672,Intracranial complications
1.0,0.0,0.00017170329670329672,0.0,0.00017170329670329672,Drug-Resistant Tuberculosis Treatment
1.0,0.0,0.00017170329670329672,0.0,0.00017170329670329672,Advanced cardiac life support
1.0,0.0,0.00017170329670329672,0.0,0.00017170329670329672,Idiopathic pulmonary fibrosis
1.0,0.0,0.00017170329670329672,0.0,0.00017170329670329672,Idiopathic Pulmonary Fibrosis
1.0,0.0,0.00017170329670329672,0.0,0.00017170329670329672,Action potential
1.0,0.0,0.00017170329670329672,0.0,0.00017170329670329672,Paraphilic Disorders
1.0,0.0,0.00017170329670329672,0.0,0.00017170329670329672,Paraphilic disorders
1.0,0.0,0.00017170329670329672,0.0,0.00017170329670329672,Icds Program
1.0,0.0,0.00017170329670329672,0.0,0.00017170329670329672,Ocular Manifestations Of Systemic Diseases
1.0,0.0,0.00017170329670329672,0.0,0.00017170329670329672,Disaster Cycle
1.0,0.0,0.00017170329670329672,0.0,0.00017170329670329672,Ocular Imaging
1.0,0.0,0.00017170329670329672,0.0,0.00017170329670329672,Disease Patterns
1.0,0.0,0.00017170329670329672,0.0,0.00017170329670329672,Disease Occurrence
1.0,0.0,0.00017170329670329672,0.0,0.00017170329670329672,Ocular Adnexa
1.0,0.0,0.00017170329670329672,0.0,0.00017170329670329672,Integrated Essentials
1.0,0.0,0.00017170329670329672,0.0,0.00017170329670329672,Disease Dynamics
1.0,0.0,0.00017170329670329672,0.0,0.00017170329670329672,Airway Emergencies
1.0,0.0,0.00017170329670329672,0.0,0.00017170329670329672,Disc Prolapse
1.0,0.0,0.00017170329670329672,0.0,0.00017170329670329672,Neuraminidase inhibitors
1.0,0.0,0.00017170329670329672,0.0,0.00017170329670329672,Crohn'S Disease
1.0,0.0,0.00017170329670329672,0.0,0.00017170329670329672,Placental complications
1.0,0.0,0.00017170329670329672,0.0,0.00017170329670329672,Congenital urinary anomalies
1.0,0.0,0.00017170329670329672,0.0,0.00017170329670329672,Oral mucosal disorders
1.0,0.0,0.00017170329670329672,0.0,0.00017170329670329672,Congenital Brain Malformations
1.0,0.0,0.00017170329670329672,0.0,0.00017170329670329672,Neonatal Hypothyroidism
1.0,0.0,0.00017170329670329672,0.0,0.00017170329670329672,Neonatal Hiv Management
1.0,0.0,0.00017170329670329672,0.0,0.00017170329670329672,Trace Element Metabolism
1.0,0.0,0.00017170329670329672,0.0,0.00017170329670329672,Lidocaine
1.0,0.0,0.00017170329670329672,0.0,0.00017170329670329672,Toxic exposure
1.0,0.0,0.00017170329670329672,0.0,0.00017170329670329672,Toxic Exposure
1.0,0.0,0.00017170329670329672,0.0,0.00017170329670329672,Preeclampsia And Eclampsia
1.0,0.0,0.00017170329670329672,0.0,0.00017170329670329672,Preeclampsia Complications
1.0,0.0,0.00017170329670329672,0.0,0.00017170329670329672,Preeclampsia and Eclampsia
1.0,0.0,0.00017170329670329672,0.0,0.00017170329670329672,Hepatobiliary Diseases
1.0,0.0,0.00017170329670329672,0.0,0.00017170329670329672,Topical anesthesia
1.0,0.0,0.00017170329670329672,0.0,0.00017170329670329672,Hepatobiliary Disease
1.0,0.0,0.00017170329670329672,0.0,0.00017170329670329672,Ligature Marks
1.0,0.0,0.00017170329670329672,0.0,0.00017170329670329672,Neonatal HIV Management
1.0,0.0,0.00017170329670329672,0.0,0.00017170329670329672,Premature Ejaculation
1.0,0.0,0.00017170329670329672,0.0,0.00017170329670329672,Tonsillectomy Complications
1.0,0.0,0.00017170329670329672,0.0,0.00017170329670329672,Prenatal Care
1.0,0.0,0.00017170329670329672,0.0,0.00017170329670329672,ion channels
1.0,0.0,0.00017170329670329672,0.0,0.00017170329670329672,Neonatal Injuries
1.0,0.0,0.00017170329670329672,0.0,0.00017170329670329672,Congenital Limb Defects
1.0,0.0,0.00017170329670329672,0.0,0.00017170329670329672,Postpartum disorders
1.0,0.0,0.00017170329670329672,0.0,0.00017170329670329672,Leukocoria
1.0,0.0,0.00017170329670329672,0.0,0.00017170329670329672,Postpartum Physiology
1.0,0.0,0.00017170329670329672,0.0,0.00017170329670329672,Trichomonas
1.0,0.0,0.00017170329670329672,0.0,0.00017170329670329672,Nervous system pathology
1.0,0.0,0.00017170329670329672,0.0,0.00017170329670329672,Antimicrobial Prophylaxis
1.0,0.0,0.00017170329670329672,0.0,0.00017170329670329672,Triage Categories
1.0,0.0,0.00017170329670329672,0.0,0.00017170329670329672,Neonatal Surgical Conditions
1.0,0.0,0.00017170329670329672,0.0,0.00017170329670329672,Orbital Cellulitis
1.0,0.0,0.00017170329670329672,0.0,0.00017170329670329672,Postpartum psychiatric disorders
1.0,0.0,0.00017170329670329672,0.0,0.00017170329670329672,Abdominal Abscesses
1.0,0.0,0.00017170329670329672,0.0,0.00017170329670329672,Antimicrobial prophylaxis
1.0,0.0,0.00017170329670329672,0.0,0.00017170329670329672,Congenital Urinary Anomalies
1.0,0.0,0.00017170329670329672,0.0,0.00017170329670329672,Fetal distress
1.0,0.0,0.00017170329670329672,0.0,0.00017170329670329672,Potassium
1.0,0.0,0.00017170329670329672,0.0,0.00017170329670329672,Transverse Vaginal Septum
1.0,0.0,0.00017170329670329672,0.0,0.00017170329670329672,Potassium Homeostasis
1.0,0.0,0.00017170329670329672,0.0,0.00017170329670329672,Congenital Rubella Syndrome
1.0,0.0,0.00017170329670329672,0.0,0.00017170329670329672,Sinonasal obstruction
1.0,0.0,0.00017170329670329672,0.0,0.00017170329670329672,Negative pressure wound therapy
1.0,0.0,0.00017170329670329672,0.0,0.00017170329670329672,Preoperative Management
1.0,0.0,0.00017170329670329672,0.0,0.00017170329670329672,Antitubercular Therapy
1.0,0.0,0.00017170329670329672,0.0,0.00017170329670329672,Psychiatric Assessment
1.0,0.0,0.00017170329670329672,0.0,0.00017170329670329672,Fluid compartments
1.0,0.0,0.00017170329670329672,0.0,0.00017170329670329672,Liver and Biliary Tract
1.0,0.0,0.00017170329670329672,0.0,0.00017170329670329672,Liver and biliary tree
1.0,0.0,0.00017170329670329672,0.0,0.00017170329670329672,Liver cirrhosis
1.0,0.0,0.00017170329670329672,0.0,0.00017170329670329672,Oral Mucosal Lesions
1.0,0.0,0.00017170329670329672,0.0,0.00017170329670329672,Clinical trials
1.0,0.0,0.00017170329670329672,0.0,0.00017170329670329672,Thromboelastography
1.0,0.0,0.00017170329670329672,0.0,0.00017170329670329672,qSOFA
1.0,0.0,0.00017170329670329672,0.0,0.00017170329670329672,Liver imaging
1.0,0.0,0.00017170329670329672,0.0,0.00017170329670329672,Hemoglobinopathy
1.0,0.0,0.00017170329670329672,0.0,0.00017170329670329672,Follicular Disorders
1.0,0.0,0.00017170329670329672,0.0,0.00017170329670329672,Inguinal Region Anatomy
1.0,0.0,0.00017170329670329672,0.0,0.00017170329670329672,Hemiballismus
1.0,0.0,0.00017170329670329672,0.0,0.00017170329670329672,Clinical Skills
1.0,0.0,0.00017170329670329672,0.0,0.00017170329670329672,Thoracic radiology
1.0,0.0,0.00017170329670329672,0.0,0.00017170329670329672,Clinical Scores
1.0,0.0,0.00017170329670329672,0.0,0.00017170329670329672,Arterial Supply Of Face
1.0,0.0,0.00017170329670329672,0.0,0.00017170329670329672,Arterial Supply of Face
1.0,0.0,0.00017170329670329672,0.0,0.00017170329670329672,Cobalt therapy
1.0,0.0,0.00017170329670329672,0.0,0.00017170329670329672,Liver Radiology
1.0,0.0,0.00017170329670329672,0.0,0.00017170329670329672,Tongue Anatomy
1.0,0.0,0.00017170329670329672,0.0,0.00017170329670329672,First Trimester Complications
1.0,0.0,0.00017170329670329672,0.0,0.00017170329670329672,Preoperative Medication
1.0,0.0,0.00017170329670329672,0.0,0.00017170329670329672,Firearm Wounds
1.0,0.0,0.00017170329670329672,0.0,0.00017170329670329672,Negative pressure therapy
1.0,0.0,0.00017170329670329672,0.0,0.00017170329670329672,Negative Pressure Wound Therapy
1.0,0.0,0.00017170329670329672,0.0,0.00017170329670329672,Oral anatomy
1.0,0.0,0.00017170329670329672,0.0,0.00017170329670329672,Electrolyte imbalances
1.0,0.0,0.00017170329670329672,0.0,0.00017170329670329672,Preventive Health
1.0,0.0,0.00017170329670329672,0.0,0.00017170329670329672,Previous Cesarean Section
1.0,0.0,0.00017170329670329672,0.0,0.00017170329670329672,Collagen metabolism
1.0,0.0,0.00017170329670329672,0.0,0.00017170329670329672,Electrolyte management
1.0,0.0,0.00017170329670329672,0.0,0.00017170329670329672,Neck Mass Evaluation
1.0,0.0,0.00017170329670329672,0.0,0.00017170329670329672,ADHD medications
1.0,0.0,0.00017170329670329672,0.0,0.00017170329670329672,Liver And Biliary Tract
1.0,0.0,0.00017170329670329672,0.0,0.00017170329670329672,Cofactors
1.0,0.0,0.00017170329670329672,0.0,0.00017170329670329672,Liver And Biliary Tree
1.0,0.0,0.00017170329670329672,0.0,0.00017170329670329672,Thyroid Swellings
1.0,0.0,0.00017170329670329672,0.0,0.00017170329670329672,Cochlear implants
1.0,0.0,0.00017170329670329672,0.0,0.00017170329670329672,Cochlear hair cells
1.0,0.0,0.00017170329670329672,0.0,0.00017170329670329672,Emergency Procedures
1.0,0.0,0.00017170329670329672,0.0,0.00017170329670329672,Postpartum Psychiatric Disorders
1.0,0.0,0.00017170329670329672,0.0,0.00017170329670329672,Tropical Pulmonary Eosinophilia
1.0,0.0,0.00017170329670329672,0.0,0.00017170329670329672,Antibiotic Prophylaxis
1.0,0.0,0.00017170329670329672,0.0,0.00017170329670329672,History taking
1.0,0.0,0.00017170329670329672,0.0,0.00017170329670329672,Urethral stricture
1.0,0.0,0.00017170329670329672,0.0,0.00017170329670329672,Urethral Stricture
1.0,0.0,0.00017170329670329672,0.0,0.00017170329670329672,Pocso Act
1.0,0.0,0.00017170329670329672,0.0,0.00017170329670329672,Antiarrhythmics
1.0,0.0,0.00017170329670329672,0.0,0.00017170329670329672,Antibacterial Drugs
1.0,0.0,0.00017170329670329672,0.0,0.00017170329670329672,Nerve Fiber Properties
1.0,0.0,0.00017170329670329672,0.0,0.00017170329670329672,Antibiotic Mechanisms
1.0,0.0,0.00017170329670329672,0.0,0.00017170329670329672,Endemic Diseases
1.0,0.0,0.00017170329670329672,0.0,0.00017170329670329672,Anti-obesity drugs
1.0,0.0,0.00017170329670329672,0.0,0.00017170329670329672,Corrnea
1.0,0.0,0.00017170329670329672,0.0,0.00017170329670329672,Larynx Anatomy & Physiology
1.0,0.0,0.00017170329670329672,0.0,0.00017170329670329672,Antibiotic mechanisms
1.0,0.0,0.00017170329670329672,0.0,0.00017170329670329672,Antibiotic prophylaxis
1.0,0.0,0.00017170329670329672,0.0,0.00017170329670329672,Poisoning Symptoms
1.0,0.0,0.00017170329670329672,0.0,0.00017170329670329672,Antibiotic-associated Diarrhea
1.0,0.0,0.00017170329670329672,0.0,0.00017170329670329672,Copd Exacerbation
1.0,0.0,0.00017170329670329672,0.0,0.00017170329670329672,Postpartum Amenorrhea
1.0,0.0,0.00017170329670329672,0.0,0.00017170329670329672,Uric Acid Metabolism
1.0,0.0,0.00017170329670329672,0.0,0.00017170329670329672,Nerve entrapment
1.0,0.0,0.00017170329670329672,0.0,0.00017170329670329672,Learning Domains
1.0,0.0,0.00017170329670329672,0.0,0.00017170329670329672,Plasmodium species
1.0,0.0,0.00017170329670329672,0.0,0.00017170329670329672,Inner ear anatomy
1.0,0.0,0.00017170329670329672,0.0,0.00017170329670329672,Ear Examination
1.0,0.0,0.00017170329670329672,0.0,0.00017170329670329672,Cranial nerve examination
1.0,0.0,0.00017170329670329672,0.0,0.00017170329670329672,Infantile Spasms
1.0,0.0,0.00017170329670329672,0.0,0.00017170329670329672,Ear Ossicles
1.0,0.0,0.00017170329670329672,0.0,0.00017170329670329672,Oropharyngeal Cancer
1.0,0.0,0.00017170329670329672,0.0,0.00017170329670329672,Urinary tract anomalies
1.0,0.0,0.00017170329670329672,0.0,0.00017170329670329672,Anterior horn
1.0,0.0,0.00017170329670329672,0.0,0.00017170329670329672,Female urinary symptoms
1.0,0.0,0.00017170329670329672,0.0,0.00017170329670329672,Inner Ear Anatomy
1.0,0.0,0.00017170329670329672,0.0,0.00017170329670329672,Urinary Tract Stones
1.0,0.0,0.00017170329670329672,0.0,0.00017170329670329672,Cranial Nerve Examination
1.0,0.0,0.00017170329670329672,0.0,0.00017170329670329672,Nerve graft
1.0,0.0,0.00017170329670329672,0.0,0.00017170329670329672,Anti-Obesity Drugs
1.0,0.0,0.00017170329670329672,0.0,0.00017170329670329672,Anti-Reflux Surgery
1.0,0.0,0.00017170329670329672,0.0,0.00017170329670329672,Pleural disease
1.0,0.0,0.00017170329670329672,0.0,0.00017170329670329672,Hiv Management
1.0,0.0,0.00017170329670329672,0.0,0.00017170329670329672,Eating disorders
1.0,0.0,0.00017170329670329672,0.0,0.00017170329670329672,Anticancer Drugs D
1.0,0.0,0.00017170329670329672,0.0,0.00017170329670329672,Lead Poisoning
1.0,0.0,0.00017170329670329672,0.0,0.00017170329670329672,Hip Pathology
1.0,0.0,0.00017170329670329672,0.0,0.00017170329670329672,Antidepressant toxicity
1.0,0.0,0.00017170329670329672,0.0,0.00017170329670329672,Post-mortem Lividity
1.0,0.0,0.00017170329670329672,0.0,0.00017170329670329672,Effects Of Radiation
1.0,0.0,0.00017170329670329672,0.0,0.00017170329670329672,Hip Injuries
1.0,0.0,0.00017170329670329672,0.0,0.00017170329670329672,Post-viral complications
1.0,0.0,0.00017170329670329672,0.0,0.00017170329670329672,Effects of Radiation
1.0,0.0,0.00017170329670329672,0.0,0.00017170329670329672,Tympanostomy Tube
1.0,0.0,0.00017170329670329672,0.0,0.00017170329670329672,Twin Complications
1.0,0.0,0.00017170329670329672,0.0,0.00017170329670329672,High altitude sickness
1.0,0.0,0.00017170329670329672,0.0,0.00017170329670329672,Orbital cellulitis
1.0,0.0,0.00017170329670329672,0.0,0.00017170329670329672,Postmenopausal Bleeding
1.0,0.0,0.00017170329670329672,0.0,0.00017170329670329672,Postmenopausal bleeding
1.0,0.0,0.00017170329670329672,0.0,0.00017170329670329672,Antigout Agents
1.0,0.0,0.00017170329670329672,0.0,0.00017170329670329672,Injury Interpretation
1.0,0.0,0.00017170329670329672,0.0,0.00017170329670329672,Legitimacy
1.0,0.0,0.00017170329670329672,0.0,0.00017170329670329672,Antigout agents
1.0,0.0,0.00017170329670329672,0.0,0.00017170329670329672,Postoperative Bleeding
1.0,0.0,0.00017170329670329672,0.0,0.00017170329670329672,Lepromin test
1.0,0.0,0.00017170329670329672,0.0,0.00017170329670329672,Post-mortem Findings
1.0,0.0,0.00017170329670329672,0.0,0.00017170329670329672,Drug hypersensitivity
1.0,0.0,0.00017170329670329672,0.0,0.00017170329670329672,Ulnar nerve
1.0,0.0,0.00017170329670329672,0.0,0.00017170329670329672,Umbilical Cord Anatomy
1.0,0.0,0.00017170329670329672,0.0,0.00017170329670329672,Contrast studies
1.0,0.0,0.00017170329670329672,0.0,0.00017170329670329672,Nephron
1.0,0.0,0.00017170329670329672,0.0,0.00017170329670329672,Portocaval Anastomoses
1.0,0.0,0.00017170329670329672,0.0,0.00017170329670329672,Portocaval anastomoses
1.0,0.0,0.00017170329670329672,0.0,0.00017170329670329672,Umbilical cord prolapse
1.0,0.0,0.00017170329670329672,0.0,0.00017170329670329672,Post-COVID complications
1.0,0.0,0.00017170329670329672,0.0,0.00017170329670329672,Post-Mortem Lividity
1.0,0.0,0.00017170329670329672,0.0,0.00017170329670329672,Antidepressant Toxicity
6.0,31.0,0.0010302197802197802,0.0008855877731752606,0.0001446320070445196,Head and Neck Anatomy
3.0,13.0,0.0005151098901098901,0.00037137551778317383,0.0001437343723267163,Esophagus
2.0,7.0,0.00034340659340659343,0.00019997143265247823,0.0001434351607541152,Oral cavity
2.0,7.0,0.00034340659340659343,0.00019997143265247823,0.0001434351607541152,Hemolytic Anemias
2.0,7.0,0.00034340659340659343,0.00019997143265247823,0.0001434351607541152,Bacterial Toxins
2.0,7.0,0.00034340659340659343,0.00019997143265247823,0.0001434351607541152,Pelvis And Perineum
2.0,7.0,0.00034340659340659343,0.00019997143265247823,0.0001434351607541152,Rheumatic Fever
2.0,7.0,0.00034340659340659343,0.00019997143265247823,0.0001434351607541152,Autoimmune diseases
2.0,7.0,0.00034340659340659343,0.00019997143265247823,0.0001434351607541152,Diabetic Retinopathy
1.0,1.0,0.00017170329670329672,2.85673475217826e-05,0.0001431359491815141,Membrane Potentials
1.0,1.0,0.00017170329670329672,2.85673475217826e-05,0.0001431359491815141,Otitis Media Complications
1.0,1.0,0.00017170329670329672,2.85673475217826e-05,0.0001431359491815141,Ovarian Pathology
1.0,1.0,0.00017170329670329672,2.85673475217826e-05,0.0001431359491815141,Dyslipidemia Drugs
1.0,1.0,0.00017170329670329672,2.85673475217826e-05,0.0001431359491815141,Shoulder region
1.0,1.0,0.00017170329670329672,2.85673475217826e-05,0.0001431359491815141,Shoulder Region
1.0,1.0,0.00017170329670329672,2.85673475217826e-05,0.0001431359491815141,Oral lesions
1.0,1.0,0.00017170329670329672,2.85673475217826e-05,0.0001431359491815141,Meninges
1.0,1.0,0.00017170329670329672,2.85673475217826e-05,0.0001431359491815141,Sickle Cell Disease
1.0,1.0,0.00017170329670329672,2.85673475217826e-05,0.0001431359491815141,Membrane physiology
1.0,1.0,0.00017170329670329672,2.85673475217826e-05,0.0001431359491815141,Orbital Pathology
1.0,1.0,0.00017170329670329672,2.85673475217826e-05,0.0001431359491815141,Oral Pathology
1.0,1.0,0.00017170329670329672,2.85673475217826e-05,0.0001431359491815141,Oxygen Therapy
1.0,1.0,0.00017170329670329672,2.85673475217826e-05,0.0001431359491815141,Clinical Microbiology
1.0,1.0,0.00017170329670329672,2.85673475217826e-05,0.0001431359491815141,Oral Lesions
1.0,1.0,0.00017170329670329672,2.85673475217826e-05,0.0001431359491815141,Postpartum care
1.0,1.0,0.00017170329670329672,2.85673475217826e-05,0.0001431359491815141,Postmortem findings
1.0,1.0,0.00017170329670329672,2.85673475217826e-05,0.0001431359491815141,Choledocholithiasis
1.0,1.0,0.00017170329670329672,2.85673475217826e-05,0.0001431359491815141,Connective Tissue Biochemistry
1.0,1.0,0.00017170329670329672,2.85673475217826e-05,0.0001431359491815141,Fetal Presentation and Position
1.0,1.0,0.00017170329670329672,2.85673475217826e-05,0.0001431359491815141,Fetal Presentation And Position
1.0,1.0,0.00017170329670329672,2.85673475217826e-05,0.0001431359491815141,Nerve Fiber Classification
1.0,1.0,0.00017170329670329672,2.85673475217826e-05,0.0001431359491815141,Radiculopathy
1.0,1.0,0.00017170329670329672,2.85673475217826e-05,0.0001431359491815141,Radiobiology
1.0,1.0,0.00017170329670329672,2.85673475217826e-05,0.0001431359491815141,Plasma cell disorders
1.0,1.0,0.00017170329670329672,2.85673475217826e-05,0.0001431359491815141,Multiple Gestation
1.0,1.0,0.00017170329670329672,2.85673475217826e-05,0.0001431359491815141,Chelating agents
1.0,1.0,0.00017170329670329672,2.85673475217826e-05,0.0001431359491815141,Female Genital Anatomy
1.0,1.0,0.00017170329670329672,2.85673475217826e-05,0.0001431359491815141,Plant Poisoning
1.0,1.0,0.00017170329670329672,2.85673475217826e-05,0.0001431359491815141,Mucopolysaccharidoses
1.0,1.0,0.00017170329670329672,2.85673475217826e-05,0.0001431359491815141,Placental Abnormalities
1.0,1.0,0.00017170329670329672,2.85673475217826e-05,0.0001431359491815141,Postpartum Care
1.0,1.0,0.00017170329670329672,2.85673475217826e-05,0.0001431359491815141,Congenital Malformations
1.0,1.0,0.00017170329670329672,2.85673475217826e-05,0.0001431359491815141,Paediatric Ophthalmology
1.0,1.0,0.00017170329670329672,2.85673475217826e-05,0.0001431359491815141,Congenital CNS Anomalies
1.0,1.0,0.00017170329670329672,2.85673475217826e-05,0.0001431359491815141,Follicular Lymphoma
1.0,1.0,0.00017170329670329672,2.85673475217826e-05,0.0001431359491815141,Follicular lymphoma
1.0,1.0,0.00017170329670329672,2.85673475217826e-05,0.0001431359491815141,Fluorosis
1.0,1.0,0.00017170329670329672,2.85673475217826e-05,0.0001431359491815141,Food Adulteration
1.0,1.0,0.00017170329670329672,2.85673475217826e-05,0.0001431359491815141,Prostate Cancer
1.0,1.0,0.00017170329670329672,2.85673475217826e-05,0.0001431359491815141,Prokinetic Drugs
1.0,1.0,0.00017170329670329672,2.85673475217826e-05,0.0001431359491815141,Nasal Septum
1.0,1.0,0.00017170329670329672,2.85673475217826e-05,0.0001431359491815141,First Aid
1.0,1.0,0.00017170329670329672,2.85673475217826e-05,0.0001431359491815141,Pressure Ulcers
1.0,1.0,0.00017170329670329672,2.85673475217826e-05,0.0001431359491815141,Chronic Wounds
1.0,1.0,0.00017170329670329672,2.85673475217826e-05,0.0001431359491815141,Neonatal Disorders
1.0,1.0,0.00017170329670329672,2.85673475217826e-05,0.0001431359491815141,Pulmonary Eosinophilia
1.0,1.0,0.00017170329670329672,2.85673475217826e-05,0.0001431359491815141,Chronic Kidney Disease
1.0,1.0,0.00017170329670329672,2.85673475217826e-05,0.0001431359491815141,Chromosomal translocation
1.0,1.0,0.00017170329670329672,2.85673475217826e-05,0.0001431359491815141,Pulmonary embolism
1.0,1.0,0.00017170329670329672,2.85673475217826e-05,0.0001431359491815141,Fatty acid oxidation
1.0,1.0,0.00017170329670329672,2.85673475217826e-05,0.0001431359491815141,Crohn's disease
1.0,1.0,0.00017170329670329672,2.85673475217826e-05,0.0001431359491815141,Neuro-Oncology
1.0,1.0,0.00017170329670329672,2.85673475217826e-05,0.0001431359491815141,Pigmentation Disorders
1.0,1.0,0.00017170329670329672,2.85673475217826e-05,0.0001431359491815141,General Anesthesia
1.0,1.0,0.00017170329670329672,2.85673475217826e-05,0.0001431359491815141,General Microbiology
1.0,1.0,0.00017170329670329672,2.85673475217826e-05,0.0001431359491815141,Obstetric pharmacology
1.0,1.0,0.00017170329670329672,2.85673475217826e-05,0.0001431359491815141,Occupational Medicine
1.0,1.0,0.00017170329670329672,2.85673475217826e-05,0.0001431359491815141,Occupational Poisoning
1.0,1.0,0.00017170329670329672,2.85673475217826e-05,0.0001431359491815141,Salivary Gland Pathology
1.0,1.0,0.00017170329670329672,2.85673475217826e-05,0.0001431359491815141,Cardiopulmonary Resuscitation
1.0,1.0,0.00017170329670329672,2.85673475217826e-05,0.0001431359491815141,Scaphoid
1.0,1.0,0.00017170329670329672,2.85673475217826e-05,0.0001431359491815141,Ocular Pathology
1.0,1.0,0.00017170329670329672,2.85673475217826e-05,0.0001431359491815141,Methanol poisoning
1.0,1.0,0.00017170329670329672,2.85673475217826e-05,0.0001431359491815141,Pancreatic hormones
1.0,1.0,0.00017170329670329672,2.85673475217826e-05,0.0001431359491815141,Gestational Age Estimation
1.0,1.0,0.00017170329670329672,2.85673475217826e-05,0.0001431359491815141,Metabolic emergencies
1.0,1.0,0.00017170329670329672,2.85673475217826e-05,0.0001431359491815141,Drug Formulations
1.0,1.0,0.00017170329670329672,2.85673475217826e-05,0.0001431359491815141,Metabolic Bone Disorders
1.0,1.0,0.00017170329670329672,2.85673475217826e-05,0.0001431359491815141,Diagnostic Methods
1.0,1.0,0.00017170329670329672,2.85673475217826e-05,0.0001431359491815141,Obstetric History
1.0,1.0,0.00017170329670329672,2.85673475217826e-05,0.0001431359491815141,Pelvic Floor Surgery
1.0,1.0,0.00017170329670329672,2.85673475217826e-05,0.0001431359491815141,Refractive Surgery
1.0,1.0,0.00017170329670329672,2.85673475217826e-05,0.0001431359491815141,Fat embolism
1.0,1.0,0.00017170329670329672,2.85673475217826e-05,0.0001431359491815141,Fat Embolism
1.0,1.0,0.00017170329670329672,2.85673475217826e-05,0.0001431359491815141,Neurological Examination
1.0,1.0,0.00017170329670329672,2.85673475217826e-05,0.0001431359491815141,Red Cell Disorders
1.0,1.0,0.00017170329670329672,2.85673475217826e-05,0.0001431359491815141,Pharyngeal Disorders
1.0,1.0,0.00017170329670329672,2.85673475217826e-05,0.0001431359491815141,Mortality Rates
1.0,1.0,0.00017170329670329672,2.85673475217826e-05,0.0001431359491815141,External ear
1.0,1.0,0.00017170329670329672,2.85673475217826e-05,0.0001431359491815141,Mitochondrial Disorders
1.0,1.0,0.00017170329670329672,2.85673475217826e-05,0.0001431359491815141,Clinical Presentation
1.0,1.0,0.00017170329670329672,2.85673475217826e-05,0.0001431359491815141,Monoclonal Antibodies
1.0,1.0,0.00017170329670329672,2.85673475217826e-05,0.0001431359491815141,Perinatal Hiv
1.0,1.0,0.00017170329670329672,2.85673475217826e-05,0.0001431359491815141,Perinatal HIV
1.0,1.0,0.00017170329670329672,2.85673475217826e-05,0.0001431359491815141,Gastroesophageal reflux disease
1.0,1.0,0.00017170329670329672,2.85673475217826e-05,0.0001431359491815141,Diabetic Ketoacidosis
1.0,1.0,0.00017170329670329672,2.85673475217826e-05,0.0001431359491815141,Gram-Positive Bacteria
1.0,1.0,0.00017170329670329672,2.85673475217826e-05,0.0001431359491815141,Kidney function tests
1.0,1.0,0.00017170329670329672,2.85673475217826e-05,0.0001431359491815141,Gram-positive Bacteria
1.0,1.0,0.00017170329670329672,2.85673475217826e-05,0.0001431359491815141,Liver Cirrhosis
1.0,1.0,0.00017170329670329672,2.85673475217826e-05,0.0001431359491815141,Asthma Management
1.0,1.0,0.00017170329670329672,2.85673475217826e-05,0.0001431359491815141,Local Anaesthetic Toxicity
1.0,1.0,0.00017170329670329672,2.85673475217826e-05,0.0001431359491815141,Ascites
1.0,1.0,0.00017170329670329672,2.85673475217826e-05,0.0001431359491815141,Thoracic aorta
1.0,1.0,0.00017170329670329672,2.85673475217826e-05,0.0001431359491815141,Ards
1.0,1.0,0.00017170329670329672,2.85673475217826e-05,0.0001431359491815141,Liver diseases
1.0,1.0,0.00017170329670329672,2.85673475217826e-05,0.0001431359491815141,Thyroid Carcinoma
1.0,1.0,0.00017170329670329672,2.85673475217826e-05,0.0001431359491815141,Thyroid carcinoma
1.0,1.0,0.00017170329670329672,2.85673475217826e-05,0.0001431359491815141,Teratogens
1.0,1.0,0.00017170329670329672,2.85673475217826e-05,0.0001431359491815141,Thyroid eye disease
1.0,1.0,0.00017170329670329672,2.85673475217826e-05,0.0001431359491815141,Thyroidectomy complications
1.0,1.0,0.00017170329670329672,2.85673475217826e-05,0.0001431359491815141,Antiviral therapy
1.0,1.0,0.00017170329670329672,2.85673475217826e-05,0.0001431359491815141,Tinea Capitis
1.0,1.0,0.00017170329670329672,2.85673475217826e-05,0.0001431359491815141,Antiviral Pharmacology
1.0,1.0,0.00017170329670329672,2.85673475217826e-05,0.0001431359491815141,Ligament Injuries
1.0,1.0,0.00017170329670329672,2.85673475217826e-05,0.0001431359491815141,Treatment
1.0,1.0,0.00017170329670329672,2.85673475217826e-05,0.0001431359491815141,Tetanus Prophylaxis
1.0,1.0,0.00017170329670329672,2.85673475217826e-05,0.0001431359491815141,Heat-related illness
1.0,1.0,0.00017170329670329672,2.85673475217826e-05,0.0001431359491815141,Spinal Cord Injury
1.0,1.0,0.00017170329670329672,2.85673475217826e-05,0.0001431359491815141,Surgical Sutures
1.0,1.0,0.00017170329670329672,2.85673475217826e-05,0.0001431359491815141,Marfan syndrome
1.0,1.0,0.00017170329670329672,2.85673475217826e-05,0.0001431359491815141,Hand muscles
1.0,1.0,0.00017170329670329672,2.85673475217826e-05,0.0001431359491815141,Stroke Management
1.0,1.0,0.00017170329670329672,2.85673475217826e-05,0.0001431359491815141,Head and neck cancer
1.0,1.0,0.00017170329670329672,2.85673475217826e-05,0.0001431359491815141,Benign Uterine Conditions
1.0,1.0,0.00017170329670329672,2.85673475217826e-05,0.0001431359491815141,Superior mesenteric artery
1.0,1.0,0.00017170329670329672,2.85673475217826e-05,0.0001431359491815141,Lymphoid Neoplasms
1.0,1.0,0.00017170329670329672,2.85673475217826e-05,0.0001431359491815141,Ballistic injuries
1.0,1.0,0.00017170329670329672,2.85673475217826e-05,0.0001431359491815141,Lumbar puncture
1.0,1.0,0.00017170329670329672,2.85673475217826e-05,0.0001431359491815141,Ballistic Injuries
1.0,1.0,0.00017170329670329672,2.85673475217826e-05,0.0001431359491815141,Surgical complications
1.0,1.0,0.00017170329670329672,2.85673475217826e-05,0.0001431359491815141,Suture materials
1.0,1.0,0.00017170329670329672,2.85673475217826e-05,0.0001431359491815141,Bacterial Culture
1.0,1.0,0.00017170329670329672,2.85673475217826e-05,0.0001431359491815141,Autoimmune Skin Disorders
1.0,1.0,0.00017170329670329672,2.85673475217826e-05,0.0001431359491815141,Autoimmune Skin Diseases
1.0,1.0,0.00017170329670329672,2.85673475217826e-05,0.0001431359491815141,Heart Murmurs
1.0,1.0,0.00017170329670329672,2.85673475217826e-05,0.0001431359491815141,Tropical medicine
1.0,1.0,0.00017170329670329672,2.85673475217826e-05,0.0001431359491815141,High Altitude Sickness
1.0,1.0,0.00017170329670329672,2.85673475217826e-05,0.0001431359491815141,Antiepileptics
1.0,1.0,0.00017170329670329672,2.85673475217826e-05,0.0001431359491815141,Adolescent Health
1.0,1.0,0.00017170329670329672,2.85673475217826e-05,0.0001431359491815141,Alcoholism
1.0,1.0,0.00017170329670329672,2.85673475217826e-05,0.0001431359491815141,Hysteroscopy
1.0,1.0,0.00017170329670329672,2.85673475217826e-05,0.0001431359491815141,Alcohol intoxication
1.0,1.0,0.00017170329670329672,2.85673475217826e-05,0.0001431359491815141,Alcohol Intoxication
1.0,1.0,0.00017170329670329672,2.85673475217826e-05,0.0001431359491815141,Intraocular Foreign Body
1.0,1.0,0.00017170329670329672,2.85673475217826e-05,0.0001431359491815141,Intracranial Hemorrhage
1.0,1.0,0.00017170329670329672,2.85673475217826e-05,0.0001431359491815141,Imaging Modalities
1.0,1.0,0.00017170329670329672,2.85673475217826e-05,0.0001431359491815141,Voice disorders
1.0,1.0,0.00017170329670329672,2.85673475217826e-05,0.0001431359491815141,Antiemetic Side Effects
1.0,1.0,0.00017170329670329672,2.85673475217826e-05,0.0001431359491815141,Imaging modalities
1.0,1.0,0.00017170329670329672,2.85673475217826e-05,0.0001431359491815141,Immunodeficiency Disorders
1.0,1.0,0.00017170329670329672,2.85673475217826e-05,0.0001431359491815141,Water Sanitation
1.0,1.0,0.00017170329670329672,2.85673475217826e-05,0.0001431359491815141,Abdominal surgery
1.0,1.0,0.00017170329670329672,2.85673475217826e-05,0.0001431359491815141,Abdominal aortic aneurysm
1.0,1.0,0.00017170329670329672,2.85673475217826e-05,0.0001431359491815141,Abdominal Wall Defects
1.0,1.0,0.00017170329670329672,2.85673475217826e-05,0.0001431359491815141,Infections of Skin
1.0,1.0,0.00017170329670329672,2.85673475217826e-05,0.0001431359491815141,Allergy
1.0,1.0,0.00017170329670329672,2.85673475217826e-05,0.0001431359491815141,Vesicovaginal Fistula
1.0,1.0,0.00017170329670329672,2.85673475217826e-05,0.0001431359491815141,Alzheimer's disease
1.0,1.0,0.00017170329670329672,2.85673475217826e-05,0.0001431359491815141,Hypertrophic Cardiomyopathy
1.0,1.0,0.00017170329670329672,2.85673475217826e-05,0.0001431359491815141,Antidiarrheal Drugs
1.0,1.0,0.00017170329670329672,2.85673475217826e-05,0.0001431359491815141,Umbilical Cord
1.0,1.0,0.00017170329670329672,2.85673475217826e-05,0.0001431359491815141,Uric acid metabolism
1.0,1.0,0.00017170329670329672,2.85673475217826e-05,0.0001431359491815141,Urinary incontinence
1.0,1.0,0.00017170329670329672,2.85673475217826e-05,0.0001431359491815141,Language
1.0,1.0,0.00017170329670329672,2.85673475217826e-05,0.0001431359491815141,Anorectal Disorders
1.0,1.0,0.00017170329670329672,2.85673475217826e-05,0.0001431359491815141,Urologic Pathology
1.0,1.0,0.00017170329670329672,2.85673475217826e-05,0.0001431359491815141,Aneurysm
1.0,1.0,0.00017170329670329672,2.85673475217826e-05,0.0001431359491815141,V/Q Ratio
1.0,1.0,0.00017170329670329672,2.85673475217826e-05,0.0001431359491815141,Knee Ligament Injuries
1.0,1.0,0.00017170329670329672,2.85673475217826e-05,0.0001431359491815141,Vaginal Discharge
1.0,1.0,0.00017170329670329672,2.85673475217826e-05,0.0001431359491815141,Amputations
1.0,1.0,0.00017170329670329672,2.85673475217826e-05,0.0001431359491815141,Hypertension Management
1.0,1.0,0.00017170329670329672,2.85673475217826e-05,0.0001431359491815141,Venous Drainage
1.0,1.0,0.00017170329670329672,2.85673475217826e-05,0.0001431359491815141,Venous anatomy
1.0,1.0,0.00017170329670329672,2.85673475217826e-05,0.0001431359491815141,Body fluid compartments
1.0,1.0,0.00017170329670329672,2.85673475217826e-05,0.0001431359491815141,Glucose Metabolism
1.0,1.0,0.00017170329670329672,2.85673475217826e-05,0.0001431359491815141,Gunshot Wounds
1.0,1.0,0.00017170329670329672,2.85673475217826e-05,0.0001431359491815141,Brucellosis
1.0,1.0,0.00017170329670329672,2.85673475217826e-05,0.0001431359491815141,Brain Abscess
1.0,1.0,0.00017170329670329672,2.85673475217826e-05,0.0001431359491815141,Sleep physiology
18.0,104.0,0.0030906593406593405,0.0029710041422653906,0.0001196551983939499,Biostatistics
4.0,20.0,0.0006868131868131869,0.0005713469504356521,0.00011546623637753478,Infections of Bone & Joint
3.0,14.0,0.0005151098901098901,0.00039994286530495646,0.00011516702480493366,Coagulation
3.0,14.0,0.0005151098901098901,0.00039994286530495646,0.00011516702480493366,Colorectal Surgery
2.0,8.0,0.00034340659340659343,0.0002285387801742608,0.00011486781323233263,Head and Neck Surgery
2.0,8.0,0.00034340659340659343,0.0002285387801742608,0.00011486781323233263,Fetal Circulation
2.0,8.0,0.00034340659340659343,0.0002285387801742608,0.00011486781323233263,Retinoblastoma
2.0,8.0,0.00034340659340659343,0.0002285387801742608,0.00011486781323233263,Osteoporosis
2.0,8.0,0.00034340659340659343,0.0002285387801742608,0.00011486781323233263,Breech Presentation
2.0,8.0,0.00034340659340659343,0.0002285387801742608,0.00011486781323233263,Preventive Medicine
2.0,8.0,0.00034340659340659343,0.0002285387801742608,0.00011486781323233263,Antitubercular Drugs
2.0,8.0,0.00034340659340659343,0.0002285387801742608,0.00011486781323233263,Rheumatoid Arthritis
2.0,8.0,0.00034340659340659343,0.0002285387801742608,0.00011486781323233263,Urinary System
2.0,8.0,0.00034340659340659343,0.0002285387801742608,0.00011486781323233263,Chromosomal Disorders
1.0,2.0,0.00017170329670329672,5.71346950435652e-05,0.00011456860165973151,Image Interpretation
1.0,2.0,0.00017170329670329672,5.71346950435652e-05,0.00011456860165973151,Enzyme inhibition
1.0,2.0,0.00017170329670329672,5.71346950435652e-05,0.00011456860165973151,Paracetamol Poisoning
1.0,2.0,0.00017170329670329672,5.71346950435652e-05,0.00011456860165973151,Fungal morphology
1.0,2.0,0.00017170329670329672,5.71346950435652e-05,0.00011456860165973151,Puerperium
1.0,2.0,0.00017170329670329672,5.71346950435652e-05,0.00011456860165973151,Heart failure
1.0,2.0,0.00017170329670329672,5.71346950435652e-05,0.00011456860165973151,Vitiligo
1.0,2.0,0.00017170329670329672,5.71346950435652e-05,0.00011456860165973151,Synaptic Transmission
1.0,2.0,0.00017170329670329672,5.71346950435652e-05,0.00011456860165973151,Pcpndt Act
1.0,2.0,0.00017170329670329672,5.71346950435652e-05,0.00011456860165973151,Intracranial hemorrhage
1.0,2.0,0.00017170329670329672,5.71346950435652e-05,0.00011456860165973151,Nasal Anatomy
1.0,2.0,0.00017170329670329672,5.71346950435652e-05,0.00011456860165973151,Mycetoma
1.0,2.0,0.00017170329670329672,5.71346950435652e-05,0.00011456860165973151,Systemic Diseases
1.0,2.0,0.00017170329670329672,5.71346950435652e-05,0.00011456860165973151,Pyloric stenosis
1.0,2.0,0.00017170329670329672,5.71346950435652e-05,0.00011456860165973151,Dream Theory
1.0,2.0,0.00017170329670329672,5.71346950435652e-05,0.00011456860165973151,Bacterial meningitis
1.0,2.0,0.00017170329670329672,5.71346950435652e-05,0.00011456860165973151,Radiation therapy
1.0,2.0,0.00017170329670329672,5.71346950435652e-05,0.00011456860165973151,Staphylococcus
1.0,2.0,0.00017170329670329672,5.71346950435652e-05,0.00011456860165973151,Acid base disorders
1.0,2.0,0.00017170329670329672,5.71346950435652e-05,0.00011456860165973151,Mineral metabolism
1.0,2.0,0.00017170329670329672,5.71346950435652e-05,0.00011456860165973151,Drugs for Gout
1.0,2.0,0.00017170329670329672,5.71346950435652e-05,0.00011456860165973151,Enteric fever
1.0,2.0,0.00017170329670329672,5.71346950435652e-05,0.00011456860165973151,PCPNDT Act
1.0,2.0,0.00017170329670329672,5.71346950435652e-05,0.00011456860165973151,Monitoring
1.0,2.0,0.00017170329670329672,5.71346950435652e-05,0.00011456860165973151,Mood stabilizers
1.0,2.0,0.00017170329670329672,5.71346950435652e-05,0.00011456860165973151,Renin-Angiotensin System
1.0,2.0,0.00017170329670329672,5.71346950435652e-05,0.00011456860165973151,Environmental Medicine
1.0,2.0,0.00017170329670329672,5.71346950435652e-05,0.00011456860165973151,Environmental Physiology
1.0,2.0,0.00017170329670329672,5.71346950435652e-05,0.00011456860165973151,Cervical Insufficiency
1.0,2.0,0.00017170329670329672,5.71346950435652e-05,0.00011456860165973151,Gangrene
1.0,2.0,0.00017170329670329672,5.71346950435652e-05,0.00011456860165973151,Cesarean Section
1.0,2.0,0.00017170329670329672,5.71346950435652e-05,0.00011456860165973151,Gallstone Disease
1.0,2.0,0.00017170329670329672,5.71346950435652e-05,0.00011456860165973151,Intestinal Protozoa
1.0,2.0,0.00017170329670329672,5.71346950435652e-05,0.00011456860165973151,Enzyme Inhibition
1.0,2.0,0.00017170329670329672,5.71346950435652e-05,0.00011456860165973151,Foodborne Illnesses
1.0,2.0,0.00017170329670329672,5.71346950435652e-05,0.00011456860165973151,Intestinal protozoa
1.0,2.0,0.00017170329670329672,5.71346950435652e-05,0.00011456860165973151,Pediatric Anesthesia
1.0,2.0,0.00017170329670329672,5.71346950435652e-05,0.00011456860165973151,Pulmonary Pathology
1.0,2.0,0.00017170329670329672,5.71346950435652e-05,0.00011456860165973151,Viral Exanthems
1.0,2.0,0.00017170329670329672,5.71346950435652e-05,0.00011456860165973151,Triage
1.0,2.0,0.00017170329670329672,5.71346950435652e-05,0.00011456860165973151,Postpartum Hemorrhage Management
1.0,2.0,0.00017170329670329672,5.71346950435652e-05,0.00011456860165973151,Tropical Medicine
1.0,2.0,0.00017170329670329672,5.71346950435652e-05,0.00011456860165973151,Herpesviridae
1.0,2.0,0.00017170329670329672,5.71346950435652e-05,0.00011456860165973151,Antifungal therapy
1.0,2.0,0.00017170329670329672,5.71346950435652e-05,0.00011456860165973151,Antifungal Therapy
1.0,2.0,0.00017170329670329672,5.71346950435652e-05,0.00011456860165973151,Connective Tissue Diseases
1.0,2.0,0.00017170329670329672,5.71346950435652e-05,0.00011456860165973151,Tympanoplasty
1.0,2.0,0.00017170329670329672,5.71346950435652e-05,0.00011456860165973151,Peritonitis
1.0,2.0,0.00017170329670329672,5.71346950435652e-05,0.00011456860165973151,Extrapyramidal Symptoms
1.0,2.0,0.00017170329670329672,5.71346950435652e-05,0.00011456860165973151,Anaesthetic Complications
1.0,2.0,0.00017170329670329672,5.71346950435652e-05,0.00011456860165973151,Eyelid Anatomy
1.0,2.0,0.00017170329670329672,5.71346950435652e-05,0.00011456860165973151,Fetal Distress
1.0,2.0,0.00017170329670329672,5.71346950435652e-05,0.00011456860165973151,Coronary artery disease
1.0,2.0,0.00017170329670329672,5.71346950435652e-05,0.00011456860165973151,Uterine support
1.0,2.0,0.00017170329670329672,5.71346950435652e-05,0.00011456860165973151,Antibacterial drugs
1.0,2.0,0.00017170329670329672,5.71346950435652e-05,0.00011456860165973151,Uterine Support
1.0,2.0,0.00017170329670329672,5.71346950435652e-05,0.00011456860165973151,Anemias
1.0,2.0,0.00017170329670329672,5.71346950435652e-05,0.00011456860165973151,Fasting Metabolism
1.0,2.0,0.00017170329670329672,5.71346950435652e-05,0.00011456860165973151,Horner syndrome
1.0,2.0,0.00017170329670329672,5.71346950435652e-05,0.00011456860165973151,Trichomoniasis
1.0,2.0,0.00017170329670329672,5.71346950435652e-05,0.00011456860165973151,Non-communicable Diseases
1.0,2.0,0.00017170329670329672,5.71346950435652e-05,0.00011456860165973151,Nasal polyps
1.0,2.0,0.00017170329670329672,5.71346950435652e-05,0.00011456860165973151,Skin Conditions
1.0,2.0,0.00017170329670329672,5.71346950435652e-05,0.00011456860165973151,Nasal septum
1.0,2.0,0.00017170329670329672,5.71346950435652e-05,0.00011456860165973151,Thermoreception
1.0,2.0,0.00017170329670329672,5.71346950435652e-05,0.00011456860165973151,Pediatric Dermatology
1.0,2.0,0.00017170329670329672,5.71346950435652e-05,0.00011456860165973151,Catecholamines
1.0,2.0,0.00017170329670329672,5.71346950435652e-05,0.00011456860165973151,Heme Metabolism
1.0,2.0,0.00017170329670329672,5.71346950435652e-05,0.00011456860165973151,Pediatric Infectious
1.0,2.0,0.00017170329670329672,5.71346950435652e-05,0.00011456860165973151,Pediatric Radiology
1.0,2.0,0.00017170329670329672,5.71346950435652e-05,0.00011456860165973151,Fluid therapy
1.0,2.0,0.00017170329670329672,5.71346950435652e-05,0.00011456860165973151,Thrombolytics
1.0,2.0,0.00017170329670329672,5.71346950435652e-05,0.00011456860165973151,Protein binding
1.0,2.0,0.00017170329670329672,5.71346950435652e-05,0.00011456860165973151,Bullous Diseases
1.0,2.0,0.00017170329670329672,5.71346950435652e-05,0.00011456860165973151,Liver abscess
1.0,2.0,0.00017170329670329672,5.71346950435652e-05,0.00011456860165973151,Thyroid Pathology
1.0,2.0,0.00017170329670329672,5.71346950435652e-05,0.00011456860165973151,Cold Chain
1.0,2.0,0.00017170329670329672,5.71346950435652e-05,0.00011456860165973151,Obstetric Emergencies
1.0,2.0,0.00017170329670329672,5.71346950435652e-05,0.00011456860165973151,Neck Masses
1.0,2.0,0.00017170329670329672,5.71346950435652e-05,0.00011456860165973151,Dermatophytosis
1.0,2.0,0.00017170329670329672,5.71346950435652e-05,0.00011456860165973151,Esophageal motility
1.0,2.0,0.00017170329670329672,5.71346950435652e-05,0.00011456860165973151,Congenital Heart Disease Imaging
1.0,2.0,0.00017170329670329672,5.71346950435652e-05,0.00011456860165973151,Pediatric ENT
1.0,2.0,0.00017170329670329672,5.71346950435652e-05,0.00011456860165973151,Crystal Arthropathy
1.0,2.0,0.00017170329670329672,5.71346950435652e-05,0.00011456860165973151,Ear anatomy
1.0,2.0,0.00017170329670329672,5.71346950435652e-05,0.00011456860165973151,Electrolyte balance
1.0,2.0,0.00017170329670329672,5.71346950435652e-05,0.00011456860165973151,Bone Metabolism
1.0,2.0,0.00017170329670329672,5.71346950435652e-05,0.00011456860165973151,Gestational age
1.0,2.0,0.00017170329670329672,5.71346950435652e-05,0.00011456860165973151,Inherited Disorders
1.0,2.0,0.00017170329670329672,5.71346950435652e-05,0.00011456860165973151,Orbital diseases
1.0,2.0,0.00017170329670329672,5.71346950435652e-05,0.00011456860165973151,Oral Cavity Anatomy
1.0,2.0,0.00017170329670329672,5.71346950435652e-05,0.00011456860165973151,Genital Warts
1.0,2.0,0.00017170329670329672,5.71346950435652e-05,0.00011456860165973151,Hair Disorders
1.0,2.0,0.00017170329670329672,5.71346950435652e-05,0.00011456860165973151,Inheritance
1.0,2.0,0.00017170329670329672,5.71346950435652e-05,0.00011456860165973151,Abortion
1.0,2.0,0.00017170329670329672,5.71346950435652e-05,0.00011456860165973151,Encephalitis
1.0,2.0,0.00017170329670329672,5.71346950435652e-05,0.00011456860165973151,Carcinoma
1.0,2.0,0.00017170329670329672,5.71346950435652e-05,0.00011456860165973151,Bone diseases
1.0,2.0,0.00017170329670329672,5.71346950435652e-05,0.00011456860165973151,Metabolic Pathways
1.0,2.0,0.00017170329670329672,5.71346950435652e-05,0.00011456860165973151,Abdominal Emergencies
1.0,2.0,0.00017170329670329672,5.71346950435652e-05,0.00011456860165973151,Optic nerve
1.0,2.0,0.00017170329670329672,5.71346950435652e-05,0.00011456860165973151,Organ Transplantation
1.0,2.0,0.00017170329670329672,5.71346950435652e-05,0.00011456860165973151,Genetic skin disorders
1.0,2.0,0.00017170329670329672,5.71346950435652e-05,0.00011456860165973151,Metabolic acidosis
1.0,2.0,0.00017170329670329672,5.71346950435652e-05,0.00011456860165973151,Salivary Gland
1.0,2.0,0.00017170329670329672,5.71346950435652e-05,0.00011456860165973151,Oral Anatomy
1.0,2.0,0.00017170329670329672,5.71346950435652e-05,0.00011456860165973151,Gynecological Pathology
28.0,165.0,0.004807692307692308,0.004713612341094129,9.407996659817862e-05,Vascular
3.0,15.0,0.0005151098901098901,0.00042851021282673904,8.659967728315109e-05,Psychotic Disorders
3.0,15.0,0.0005151098901098901,0.00042851021282673904,8.659967728315109e-05,Helminthology
2.0,9.0,0.00034340659340659343,0.0002571061276960434,8.630046571055002e-05,Dislocations
2.0,9.0,0.00034340659340659343,0.0002571061276960434,8.630046571055002e-05,Cns Pharmacology
2.0,9.0,0.00034340659340659343,0.0002571061276960434,8.630046571055002e-05,Apoptosis
2.0,9.0,0.00034340659340659343,0.0002571061276960434,8.630046571055002e-05,Radiotherapy
2.0,9.0,0.00034340659340659343,0.0002571061276960434,8.630046571055002e-05,Psoriasis
2.0,9.0,0.00034340659340659343,0.0002571061276960434,8.630046571055002e-05,Pelvic Organ Prolapse
2.0,9.0,0.00034340659340659343,0.0002571061276960434,8.630046571055002e-05,Metabolic bone disease
1.0,3.0,0.00017170329670329672,8.570204256534781e-05,8.60012541379489e-05,ECG interpretation
1.0,3.0,0.00017170329670329672,8.570204256534781e-05,8.60012541379489e-05,IMNCI
1.0,3.0,0.00017170329670329672,8.570204256534781e-05,8.60012541379489e-05,Plasma cell neoplasms
1.0,3.0,0.00017170329670329672,8.570204256534781e-05,8.60012541379489e-05,Innate immunity
1.0,3.0,0.00017170329670329672,8.570204256534781e-05,8.60012541379489e-05,Gynaecological Procedures
1.0,3.0,0.00017170329670329672,8.570204256534781e-05,8.60012541379489e-05,Spinal Disorders
1.0,3.0,0.00017170329670329672,8.570204256534781e-05,8.60012541379489e-05,Vaginitis
1.0,3.0,0.00017170329670329672,8.570204256534781e-05,8.60012541379489e-05,Dietary fiber
1.0,3.0,0.00017170329670329672,8.570204256534781e-05,8.60012541379489e-05,Glucose metabolism
1.0,3.0,0.00017170329670329672,8.570204256534781e-05,8.60012541379489e-05,Chronic Suppurative Otitis Media
1.0,3.0,0.00017170329670329672,8.570204256534781e-05,8.60012541379489e-05,Gastric Surgery
1.0,3.0,0.00017170329670329672,8.570204256534781e-05,8.60012541379489e-05,Peripheral nervous system
1.0,3.0,0.00017170329670329672,8.570204256534781e-05,8.60012541379489e-05,Vitamin A Deficiency
1.0,3.0,0.00017170329670329672,8.570204256534781e-05,8.60012541379489e-05,Enzyme Deficiencies
1.0,3.0,0.00017170329670329672,8.570204256534781e-05,8.60012541379489e-05,Gait disorders
1.0,3.0,0.00017170329670329672,8.570204256534781e-05,8.60012541379489e-05,Neurotology
1.0,3.0,0.00017170329670329672,8.570204256534781e-05,8.60012541379489e-05,Intestinal obstruction
1.0,3.0,0.00017170329670329672,8.570204256534781e-05,8.60012541379489e-05,Portal Hypertension
1.0,3.0,0.00017170329670329672,8.570204256534781e-05,8.60012541379489e-05,Surgical oncology
1.0,3.0,0.00017170329670329672,8.570204256534781e-05,8.60012541379489e-05,Lysosomal Storage Diseases
1.0,3.0,0.00017170329670329672,8.570204256534781e-05,8.60012541379489e-05,Sensory receptors
1.0,3.0,0.00017170329670329672,8.570204256534781e-05,8.60012541379489e-05,Cervical cancer
1.0,3.0,0.00017170329670329672,8.570204256534781e-05,8.60012541379489e-05,Radiation Biology
1.0,3.0,0.00017170329670329672,8.570204256534781e-05,8.60012541379489e-05,Ocular Surface Disease
1.0,3.0,0.00017170329670329672,8.570204256534781e-05,8.60012541379489e-05,Paranasal Sinus Imaging
1.0,3.0,0.00017170329670329672,8.570204256534781e-05,8.60012541379489e-05,Musculoskeletal Imaging
1.0,3.0,0.00017170329670329672,8.570204256534781e-05,8.60012541379489e-05,Parasitic Diseases
1.0,3.0,0.00017170329670329672,8.570204256534781e-05,8.60012541379489e-05,Uterine rupture
1.0,3.0,0.00017170329670329672,8.570204256534781e-05,8.60012541379489e-05,Clinical Features
1.0,3.0,0.00017170329670329672,8.570204256534781e-05,8.60012541379489e-05,Ocular Motility
1.0,3.0,0.00017170329670329672,8.570204256534781e-05,8.60012541379489e-05,Gestational Age
1.0,3.0,0.00017170329670329672,8.570204256534781e-05,8.60012541379489e-05,Head and Neck Imaging
1.0,3.0,0.00017170329670329672,8.570204256534781e-05,8.60012541379489e-05,Clinical Pathology
1.0,3.0,0.00017170329670329672,8.570204256534781e-05,8.60012541379489e-05,Diabetes mellitus
1.0,3.0,0.00017170329670329672,8.570204256534781e-05,8.60012541379489e-05,Maternal health
1.0,3.0,0.00017170329670329672,8.570204256534781e-05,8.60012541379489e-05,Fluid and Electrolytes
1.0,3.0,0.00017170329670329672,8.570204256534781e-05,8.60012541379489e-05,Rigor Mortis
1.0,3.0,0.00017170329670329672,8.570204256534781e-05,8.60012541379489e-05,Gross Anatomy
1.0,3.0,0.00017170329670329672,8.570204256534781e-05,8.60012541379489e-05,Ovarian Cancer
1.0,3.0,0.00017170329670329672,8.570204256534781e-05,8.60012541379489e-05,Wounds
1.0,3.0,0.00017170329670329672,8.570204256534781e-05,8.60012541379489e-05,Streptococcus
1.0,3.0,0.00017170329670329672,8.570204256534781e-05,8.60012541379489e-05,Abdominal Pain
1.0,3.0,0.00017170329670329672,8.570204256534781e-05,8.60012541379489e-05,Iron Deficiency Anemia
1.0,3.0,0.00017170329670329672,8.570204256534781e-05,8.60012541379489e-05,Optic Nerve
1.0,3.0,0.00017170329670329672,8.570204256534781e-05,8.60012541379489e-05,Pituitary Hormones
1.0,3.0,0.00017170329670329672,8.570204256534781e-05,8.60012541379489e-05,Medical Entomology
1.0,3.0,0.00017170329670329672,8.570204256534781e-05,8.60012541379489e-05,Pituitary Gland
1.0,3.0,0.00017170329670329672,8.570204256534781e-05,8.60012541379489e-05,Aortic diseases
1.0,3.0,0.00017170329670329672,8.570204256534781e-05,8.60012541379489e-05,Insulin Secretion
1.0,3.0,0.00017170329670329672,8.570204256534781e-05,8.60012541379489e-05,Fluid And Electrolyte Management
1.0,3.0,0.00017170329670329672,8.570204256534781e-05,8.60012541379489e-05,Fluid And Electrolyte Balance
1.0,3.0,0.00017170329670329672,8.570204256534781e-05,8.60012541379489e-05,General Anaesthesia
1.0,3.0,0.00017170329670329672,8.570204256534781e-05,8.60012541379489e-05,Hand Muscles
1.0,3.0,0.00017170329670329672,8.570204256534781e-05,8.60012541379489e-05,Thyroid neoplasms
1.0,3.0,0.00017170329670329672,8.570204256534781e-05,8.60012541379489e-05,Arrhythmia
1.0,3.0,0.00017170329670329672,8.570204256534781e-05,8.60012541379489e-05,Drugs For Gout
1.0,3.0,0.00017170329670329672,8.570204256534781e-05,8.60012541379489e-05,Laryngeal Cancer
1.0,3.0,0.00017170329670329672,8.570204256534781e-05,8.60012541379489e-05,Plant poisons
1.0,3.0,0.00017170329670329672,8.570204256534781e-05,8.60012541379489e-05,Esophageal Surgery
1.0,3.0,0.00017170329670329672,8.570204256534781e-05,8.60012541379489e-05,Firearm injuries
1.0,3.0,0.00017170329670329672,8.570204256534781e-05,8.60012541379489e-05,Thromboembolism
1.0,3.0,0.00017170329670329672,8.570204256534781e-05,8.60012541379489e-05,Cellular Adaptations
1.0,3.0,0.00017170329670329672,8.570204256534781e-05,8.60012541379489e-05,Molecular Diagnostics
1.0,3.0,0.00017170329670329672,8.570204256534781e-05,8.60012541379489e-05,Antineoplastic drugs
1.0,3.0,0.00017170329670329672,8.570204256534781e-05,8.60012541379489e-05,Bullous Disorders
1.0,3.0,0.00017170329670329672,8.570204256534781e-05,8.60012541379489e-05,Bone Disorders
1.0,3.0,0.00017170329670329672,8.570204256534781e-05,8.60012541379489e-05,Molecular diagnostics
1.0,3.0,0.00017170329670329672,8.570204256534781e-05,8.60012541379489e-05,Cns Stimulants
1.0,3.0,0.00017170329670329672,8.570204256534781e-05,8.60012541379489e-05,Antepartum Hemorrhage
5.0,28.0,0.0008585164835164835,0.0007998857306099129,5.8630752906570585e-05,Chemotherapy & Anticancer
2.0,10.0,0.00034340659340659343,0.00028567347521782604,5.773311818876739e-05,Peripheral Nervous System
2.0,10.0,0.00034340659340659343,0.00028567347521782604,5.773311818876739e-05,Antiarrhythmic Drugs
2.0,10.0,0.00034340659340659343,0.00028567347521782604,5.773311818876739e-05,Hemoglobinopathies
1.0,4.0,0.00017170329670329672,0.0001142693900871304,5.7433906616166313e-05,Peroxisomal Disorders
1.0,4.0,0.00017170329670329672,0.0001142693900871304,5.7433906616166313e-05,Nucleotide metabolism
1.0,4.0,0.00017170329670329672,0.0001142693900871304,5.7433906616166313e-05,Eyelid Disorders
1.0,4.0,0.00017170329670329672,0.0001142693900871304,5.7433906616166313e-05,Infective Endocarditis
1.0,4.0,0.00017170329670329672,0.0001142693900871304,5.7433906616166313e-05,Tonsillitis
1.0,4.0,0.00017170329670329672,0.0001142693900871304,5.7433906616166313e-05,Esophageal Motility Disorders
1.0,4.0,0.00017170329670329672,0.0001142693900871304,5.7433906616166313e-05,Venous thromboembolism
1.0,4.0,0.00017170329670329672,0.0001142693900871304,5.7433906616166313e-05,Ventilation
1.0,4.0,0.00017170329670329672,0.0001142693900871304,5.7433906616166313e-05,Pancreatic disorders
1.0,4.0,0.00017170329670329672,0.0001142693900871304,5.7433906616166313e-05,Post-mortem Changes
1.0,4.0,0.00017170329670329672,0.0001142693900871304,5.7433906616166313e-05,Porphyrin metabolism
1.0,4.0,0.00017170329670329672,0.0001142693900871304,5.7433906616166313e-05,Papulosquamous
1.0,4.0,0.00017170329670329672,0.0001142693900871304,5.7433906616166313e-05,Inheritance Patterns
1.0,4.0,0.00017170329670329672,0.0001142693900871304,5.7433906616166313e-05,Suture Materials
1.0,4.0,0.00017170329670329672,0.0001142693900871304,5.7433906616166313e-05,Sampling Methods
1.0,4.0,0.00017170329670329672,0.0001142693900871304,5.7433906616166313e-05,Multiple Myeloma
1.0,4.0,0.00017170329670329672,0.0001142693900871304,5.7433906616166313e-05,Demographic Cycle
1.0,4.0,0.00017170329670329672,0.0001142693900871304,5.7433906616166313e-05,Gynaecological Oncology
1.0,4.0,0.00017170329670329672,0.0001142693900871304,5.7433906616166313e-05,Protozoology
1.0,4.0,0.00017170329670329672,0.0001142693900871304,5.7433906616166313e-05,Abdominal Aortic Aneurysm
1.0,4.0,0.00017170329670329672,0.0001142693900871304,5.7433906616166313e-05,Peripheral Neuropathy
1.0,4.0,0.00017170329670329672,0.0001142693900871304,5.7433906616166313e-05,Tracheostomy
1.0,4.0,0.00017170329670329672,0.0001142693900871304,5.7433906616166313e-05,Maternal and child health
1.0,4.0,0.00017170329670329672,0.0001142693900871304,5.7433906616166313e-05,Herpesviruses
1.0,4.0,0.00017170329670329672,0.0001142693900871304,5.7433906616166313e-05,Autoimmune disorders
1.0,4.0,0.00017170329670329672,0.0001142693900871304,5.7433906616166313e-05,Airway Devices
1.0,4.0,0.00017170329670329672,0.0001142693900871304,5.7433906616166313e-05,Autopsy Techniques
1.0,4.0,0.00017170329670329672,0.0001142693900871304,5.7433906616166313e-05,Systemic mycoses
1.0,4.0,0.00017170329670329672,0.0001142693900871304,5.7433906616166313e-05,Fluid and Electrolyte Management
1.0,4.0,0.00017170329670329672,0.0001142693900871304,5.7433906616166313e-05,Protein Binding
1.0,4.0,0.00017170329670329672,0.0001142693900871304,5.7433906616166313e-05,Aphasia
1.0,4.0,0.00017170329670329672,0.0001142693900871304,5.7433906616166313e-05,Signal Transduction
1.0,4.0,0.00017170329670329672,0.0001142693900871304,5.7433906616166313e-05,Bacterial Meningitis
1.0,4.0,0.00017170329670329672,0.0001142693900871304,5.7433906616166313e-05,Fetal Presentation
1.0,4.0,0.00017170329670329672,0.0001142693900871304,5.7433906616166313e-05,Copd
1.0,4.0,0.00017170329670329672,0.0001142693900871304,5.7433906616166313e-05,Cardiac cycle
1.0,4.0,0.00017170329670329672,0.0001142693900871304,5.7433906616166313e-05,Pelvic organ prolapse
1.0,4.0,0.00017170329670329672,0.0001142693900871304,5.7433906616166313e-05,Surgical Complications
1.0,4.0,0.00017170329670329672,0.0001142693900871304,5.7433906616166313e-05,Glomerulonephritis
1.0,4.0,0.00017170329670329672,0.0001142693900871304,5.7433906616166313e-05,Sensory physiology
1.0,4.0,0.00017170329670329672,0.0001142693900871304,5.7433906616166313e-05,Rehabilitation
1.0,4.0,0.00017170329670329672,0.0001142693900871304,5.7433906616166313e-05,Study designs
1.0,4.0,0.00017170329670329672,0.0001142693900871304,5.7433906616166313e-05,Uterine Pathology
1.0,4.0,0.00017170329670329672,0.0001142693900871304,5.7433906616166313e-05,Bias
1.0,4.0,0.00017170329670329672,0.0001142693900871304,5.7433906616166313e-05,Oxidative phosphorylation
1.0,4.0,0.00017170329670329672,0.0001142693900871304,5.7433906616166313e-05,STIs
1.0,4.0,0.00017170329670329672,0.0001142693900871304,5.7433906616166313e-05,Bilirubin Metabolism
1.0,4.0,0.00017170329670329672,0.0001142693900871304,5.7433906616166313e-05,Cervical Pathology
1.0,4.0,0.00017170329670329672,0.0001142693900871304,5.7433906616166313e-05,Rheumatic Heart Disease
1.0,4.0,0.00017170329670329672,0.0001142693900871304,5.7433906616166313e-05,Wrist
1.0,4.0,0.00017170329670329672,0.0001142693900871304,5.7433906616166313e-05,Mood Stabilizers
1.0,4.0,0.00017170329670329672,0.0001142693900871304,5.7433906616166313e-05,Birth Injuries
1.0,4.0,0.00017170329670329672,0.0001142693900871304,5.7433906616166313e-05,Fatty Acid Oxidation
1.0,4.0,0.00017170329670329672,0.0001142693900871304,5.7433906616166313e-05,Ankle Injuries
13.0,77.0,0.002232142857142857,0.0021996857591772604,3.245709796559663e-05,Glaucoma
3.0,17.0,0.0005151098901098901,0.00048564490787030424,2.946498223958588e-05,Neuromuscular Blockers
3.0,17.0,0.0005151098901098901,0.00048564490787030424,2.946498223958588e-05,Head And Neck Anatomy
3.0,17.0,0.0005151098901098901,0.00048564490787030424,2.946498223958588e-05,Hepatology
2.0,11.0,0.00034340659340659343,0.0003142408227396086,2.9165770666984814e-05,Disaster management
2.0,11.0,0.00034340659340659343,0.0003142408227396086,2.9165770666984814e-05,Culture Media
2.0,11.0,0.00034340659340659343,0.0003142408227396086,2.9165770666984814e-05,Cell Physiology
2.0,11.0,0.00034340659340659343,0.0003142408227396086,2.9165770666984814e-05,Injuries & Trauma
2.0,11.0,0.00034340659340659343,0.0003142408227396086,2.9165770666984814e-05,Congenital anomalies
1.0,5.0,0.00017170329670329672,0.00014283673760891302,2.8866559094383696e-05,Connective tissue
1.0,5.0,0.00017170329670329672,0.00014283673760891302,2.8866559094383696e-05,Dermatopathology
1.0,5.0,0.00017170329670329672,0.00014283673760891302,2.8866559094383696e-05,Thoracic Surgery
1.0,5.0,0.00017170329670329672,0.00014283673760891302,2.8866559094383696e-05,Ocular Oncology
1.0,5.0,0.00017170329670329672,0.00014283673760891302,2.8866559094383696e-05,Plasma Cell Disorders
1.0,5.0,0.00017170329670329672,0.00014283673760891302,2.8866559094383696e-05,Innate Immunity
1.0,5.0,0.00017170329670329672,0.00014283673760891302,2.8866559094383696e-05,Extracellular Matrix
1.0,5.0,0.00017170329670329672,0.00014283673760891302,2.8866559094383696e-05,ADHD
1.0,5.0,0.00017170329670329672,0.00014283673760891302,2.8866559094383696e-05,Basic Life Support
1.0,5.0,0.00017170329670329672,0.00014283673760891302,2.8866559094383696e-05,Parathyroid disorders
1.0,5.0,0.00017170329670329672,0.00014283673760891302,2.8866559094383696e-05,Filariasis
1.0,5.0,0.00017170329670329672,0.00014283673760891302,2.8866559094383696e-05,Disease Transmission
1.0,5.0,0.00017170329670329672,0.00014283673760891302,2.8866559094383696e-05,Antineoplastic Drugs
1.0,5.0,0.00017170329670329672,0.00014283673760891302,2.8866559094383696e-05,Eclampsia
1.0,5.0,0.00017170329670329672,0.00014283673760891302,2.8866559094383696e-05,Antimigraine drugs
1.0,5.0,0.00017170329670329672,0.00014283673760891302,2.8866559094383696e-05,Nasal Polyps
1.0,5.0,0.00017170329670329672,0.00014283673760891302,2.8866559094383696e-05,Antimigraine Drugs
1.0,5.0,0.00017170329670329672,0.00014283673760891302,2.8866559094383696e-05,Reproduction
1.0,5.0,0.00017170329670329672,0.00014283673760891302,2.8866559094383696e-05,Mechanism of Action
1.0,5.0,0.00017170329670329672,0.00014283673760891302,2.8866559094383696e-05,Delirium
1.0,5.0,0.00017170329670329672,0.00014283673760891302,2.8866559094383696e-05,Heart Failure
1.0,5.0,0.00017170329670329672,0.00014283673760891302,2.8866559094383696e-05,Seizure disorders
1.0,5.0,0.00017170329670329672,0.00014283673760891302,2.8866559094383696e-05,Opioids
1.0,5.0,0.00017170329670329672,0.00014283673760891302,2.8866559094383696e-05,Ocular Pharmacology
1.0,5.0,0.00017170329670329672,0.00014283673760891302,2.8866559094383696e-05,Laryngology
1.0,5.0,0.00017170329670329672,0.00014283673760891302,2.8866559094383696e-05,Laryngeal Anatomy
1.0,5.0,0.00017170329670329672,0.00014283673760891302,2.8866559094383696e-05,Sleep Physiology
1.0,5.0,0.00017170329670329672,0.00014283673760891302,2.8866559094383696e-05,Child Abuse
1.0,5.0,0.00017170329670329672,0.00014283673760891302,2.8866559094383696e-05,Ligaments
1.0,5.0,0.00017170329670329672,0.00014283673760891302,2.8866559094383696e-05,Sexual disorders
1.0,5.0,0.00017170329670329672,0.00014283673760891302,2.8866559094383696e-05,Migraine
1.0,5.0,0.00017170329670329672,0.00014283673760891302,2.8866559094383696e-05,Nasal surgery
7.0,42.0,0.001201923076923077,0.0011998285959148693,2.0944810082076677e-06,Genetic Disorders
6.0,36.0,0.0010302197802197802,0.0010284245107841736,1.7952694356066033e-06,Hernia & Abdominal Wall
3.0,18.0,0.0005151098901098901,0.0005142122553920868,8.976347178033016e-07,Enzymes
2.0,12.0,0.00034340659340659343,0.00034280817026139125,5.98423145202183e-07,Oxidative Phosphorylation
2.0,12.0,0.00034340659340659343,0.00034280817026139125,5.98423145202183e-07,Sleep
2.0,12.0,0.00034340659340659343,0.00034280817026139125,5.98423145202183e-07,Maternal And Child Health
1.0,6.0,0.00017170329670329672,0.00017140408513069563,2.992115726010915e-07,Bronchodilators
1.0,6.0,0.00017170329670329672,0.00017140408513069563,2.992115726010915e-07,Nasal Cavity
1.0,6.0,0.00017170329670329672,0.00017140408513069563,2.992115726010915e-07,Bleeding disorders
1.0,6.0,0.00017170329670329672,0.00017140408513069563,2.992115726010915e-07,Visual Pathway
1.0,6.0,0.00017170329670329672,0.00017140408513069563,2.992115726010915e-07,Heavy metal poisoning
1.0,6.0,0.00017170329670329672,0.00017140408513069563,2.992115726010915e-07,Chemoprophylaxis
1.0,6.0,0.00017170329670329672,0.00017140408513069563,2.992115726010915e-07,Epilepsy
1.0,6.0,0.00017170329670329672,0.00017140408513069563,2.992115726010915e-07,Surgical Anatomy
1.0,6.0,0.00017170329670329672,0.00017140408513069563,2.992115726010915e-07,Physics
1.0,6.0,0.00017170329670329672,0.00017140408513069563,2.992115726010915e-07,Hemolytic anemia
1.0,6.0,0.00017170329670329672,0.00017140408513069563,2.992115726010915e-07,Fetal Physiology
1.0,6.0,0.00017170329670329672,0.00017140408513069563,2.992115726010915e-07,Oropharynx
1.0,6.0,0.00017170329670329672,0.00017140408513069563,2.992115726010915e-07,Genetic Skin Disorders
1.0,6.0,0.00017170329670329672,0.00017140408513069563,2.992115726010915e-07,Water Purification
1.0,6.0,0.00017170329670329672,0.00017140408513069563,2.992115726010915e-07,Nasopharynx
1.0,6.0,0.00017170329670329672,0.00017140408513069563,2.992115726010915e-07,Molecular Pathology
1.0,6.0,0.00017170329670329672,0.00017140408513069563,2.992115726010915e-07,Maternal Mortality
1.0,6.0,0.00017170329670329672,0.00017140408513069563,2.992115726010915e-07,Immunosuppressants
1.0,6.0,0.00017170329670329672,0.00017140408513069563,2.992115726010915e-07,Biliary Tract
1.0,6.0,0.00017170329670329672,0.00017140408513069563,2.992115726010915e-07,Cardiomyopathy
1.0,6.0,0.00017170329670329672,0.00017140408513069563,2.992115726010915e-07,Hyponatremia
1.0,6.0,0.00017170329670329672,0.00017140408513069563,2.992115726010915e-07,Cardiac Electrophysiology
1.0,6.0,0.00017170329670329672,0.00017140408513069563,2.992115726010915e-07,Shoulder Dystocia
1.0,6.0,0.00017170329670329672,0.00017140408513069563,2.992115726010915e-07,Acne
1.0,6.0,0.00017170329670329672,0.00017140408513069563,2.992115726010915e-07,Dermatophytes
1.0,6.0,0.00017170329670329672,0.00017140408513069563,2.992115726010915e-07,Fertilization
26.0,157.0,0.004464285714285714,0.004485073560919869,-2.0787846634154686e-05,Reproductive
3.0,19.0,0.0005151098901098901,0.0005427796029138694,-2.7669712803979275e-05,Abdominal Anatomy
2.0,13.0,0.00034340659340659343,0.00037137551778317383,-2.7968924376580394e-05,Thermoregulation
2.0,13.0,0.00034340659340659343,0.00037137551778317383,-2.7968924376580394e-05,Vestibular disorders
1.0,7.0,0.00017170329670329672,0.00019997143265247823,-2.8268135949181513e-05,ECG Interpretation
1.0,7.0,0.00017170329670329672,0.00019997143265247823,-2.8268135949181513e-05,Sexual Dysfunction
1.0,7.0,0.00017170329670329672,0.00019997143265247823,-2.8268135949181513e-05,Inguinal Canal
1.0,7.0,0.00017170329670329672,0.00019997143265247823,-2.8268135949181513e-05,Antiviral Agents
1.0,7.0,0.00017170329670329672,0.00019997143265247823,-2.8268135949181513e-05,Food Poisoning
1.0,7.0,0.00017170329670329672,0.00019997143265247823,-2.8268135949181513e-05,Molecular pathology
1.0,7.0,0.00017170329670329672,0.00019997143265247823,-2.8268135949181513e-05,Placenta Previa
1.0,7.0,0.00017170329670329672,0.00019997143265247823,-2.8268135949181513e-05,Surgical Materials
1.0,7.0,0.00017170329670329672,0.00019997143265247823,-2.8268135949181513e-05,Porphyrin Metabolism
1.0,7.0,0.00017170329670329672,0.00019997143265247823,-2.8268135949181513e-05,Antihypertensive drugs
1.0,7.0,0.00017170329670329672,0.00019997143265247823,-2.8268135949181513e-05,Body Fluids
1.0,7.0,0.00017170329670329672,0.00019997143265247823,-2.8268135949181513e-05,Imaging
0.0,1.0,0.0,2.85673475217826e-05,-2.85673475217826e-05,New bone formation
0.0,1.0,0.0,2.85673475217826e-05,-2.85673475217826e-05,Newborn Care
0.0,1.0,0.0,2.85673475217826e-05,-2.85673475217826e-05,Korsakoff syndrome
0.0,1.0,0.0,2.85673475217826e-05,-2.85673475217826e-05,Neurosurgical emergencies
0.0,1.0,0.0,2.85673475217826e-05,-2.85673475217826e-05,Neurogenic Bladder
0.0,1.0,0.0,2.85673475217826e-05,-2.85673475217826e-05,Newborn Assessment
0.0,1.0,0.0,2.85673475217826e-05,-2.85673475217826e-05,Knee Anatomy
0.0,1.0,0.0,2.85673475217826e-05,-2.85673475217826e-05,Nuclear magnetic resonance
0.0,1.0,0.0,2.85673475217826e-05,-2.85673475217826e-05,Neurogenic claudication
0.0,1.0,0.0,2.85673475217826e-05,-2.85673475217826e-05,Nevus
0.0,1.0,0.0,2.85673475217826e-05,-2.85673475217826e-05,Nevi and Moles
0.0,1.0,0.0,2.85673475217826e-05,-2.85673475217826e-05,Nucleic Acid Metabolism
0.0,1.0,0.0,2.85673475217826e-05,-2.85673475217826e-05,Nucleic Acid Structure
0.0,1.0,0.0,2.85673475217826e-05,-2.85673475217826e-05,Neurodegenerative diseases
0.0,1.0,0.0,2.85673475217826e-05,-2.85673475217826e-05,Nuclear Transport
0.0,1.0,0.0,2.85673475217826e-05,-2.85673475217826e-05,Neurosis
0.0,1.0,0.0,2.85673475217826e-05,-2.85673475217826e-05,Kwashiorkor
0.0,1.0,0.0,2.85673475217826e-05,-2.85673475217826e-05,Oral Contraceptive Pills
0.0,1.0,0.0,2.85673475217826e-05,-2.85673475217826e-05,Neuroregression
0.0,1.0,0.0,2.85673475217826e-05,-2.85673475217826e-05,Newborn Transport
0.0,1.0,0.0,2.85673475217826e-05,-2.85673475217826e-05,Neurohypophysis
0.0,1.0,0.0,2.85673475217826e-05,-2.85673475217826e-05,Newborn transport
0.0,1.0,0.0,2.85673475217826e-05,-2.85673475217826e-05,Nrem Sleep
0.0,1.0,0.0,2.85673475217826e-05,-2.85673475217826e-05,LAMB Syndrome
0.0,1.0,0.0,2.85673475217826e-05,-2.85673475217826e-05,Lac Operon
0.0,1.0,0.0,2.85673475217826e-05,-2.85673475217826e-05,Lab techniques
0.0,1.0,0.0,2.85673475217826e-05,-2.85673475217826e-05,La Belle indifference
0.0,1.0,0.0,2.85673475217826e-05,-2.85673475217826e-05,LMA Supreme
0.0,1.0,0.0,2.85673475217826e-05,-2.85673475217826e-05,Kangaroo Mother Care
0.0,1.0,0.0,2.85673475217826e-05,-2.85673475217826e-05,Kawasaki Syndrome
0.0,1.0,0.0,2.85673475217826e-05,-2.85673475217826e-05,Neuroimaging Findings
0.0,1.0,0.0,2.85673475217826e-05,-2.85673475217826e-05,Nucleoside Analogues
0.0,1.0,0.0,2.85673475217826e-05,-2.85673475217826e-05,Neurodegenerative Diseases
0.0,1.0,0.0,2.85673475217826e-05,-2.85673475217826e-05,Neurolathyrism
0.0,1.0,0.0,2.85673475217826e-05,-2.85673475217826e-05,Nux vomica
0.0,1.0,0.0,2.85673475217826e-05,-2.85673475217826e-05,Koebner phenomenon
0.0,1.0,0.0,2.85673475217826e-05,-2.85673475217826e-05,Memory
0.0,1.0,0.0,2.85673475217826e-05,-2.85673475217826e-05,Obesity Management
0.0,1.0,0.0,2.85673475217826e-05,-2.85673475217826e-05,Isolation Precautions
0.0,1.0,0.0,2.85673475217826e-05,-2.85673475217826e-05,Neurotic Disorders
0.0,1.0,0.0,2.85673475217826e-05,-2.85673475217826e-05,Knee ligament injuries
0.0,1.0,0.0,2.85673475217826e-05,-2.85673475217826e-05,Lacrimal Gland Disorders
0.0,1.0,0.0,2.85673475217826e-05,-2.85673475217826e-05,Oral Cavity Carcinoma
0.0,1.0,0.0,2.85673475217826e-05,-2.85673475217826e-05,Oral Cavity Lesions
0.0,1.0,0.0,2.85673475217826e-05,-2.85673475217826e-05,Neurotransmitter Synthesis
0.0,1.0,0.0,2.85673475217826e-05,-2.85673475217826e-05,Neurulation
0.0,1.0,0.0,2.85673475217826e-05,-2.85673475217826e-05,Neutropenia
0.0,1.0,0.0,2.85673475217826e-05,-2.85673475217826e-05,Isotopes
0.0,1.0,0.0,2.85673475217826e-05,-2.85673475217826e-05,OCP contraindications
0.0,1.0,0.0,2.85673475217826e-05,-2.85673475217826e-05,Koplik spot
0.0,1.0,0.0,2.85673475217826e-05,-2.85673475217826e-05,Neurosyphilis
0.0,1.0,0.0,2.85673475217826e-05,-2.85673475217826e-05,Nux Vomica
0.0,1.0,0.0,2.85673475217826e-05,-2.85673475217826e-05,Neutrophil Left Shift
0.0,1.0,0.0,2.85673475217826e-05,-2.85673475217826e-05,Men Syndromes
0.0,1.0,0.0,2.85673475217826e-05,-2.85673475217826e-05,Nevi And Moles
0.0,1.0,0.0,2.85673475217826e-05,-2.85673475217826e-05,Lacrimal Apparatus Disorders
0.0,1.0,0.0,2.85673475217826e-05,-2.85673475217826e-05,Japanese encephalitis
0.0,1.0,0.0,2.85673475217826e-05,-2.85673475217826e-05,Knee deformity
0.0,1.0,0.0,2.85673475217826e-05,-2.85673475217826e-05,Nutrient Absorption
0.0,1.0,0.0,2.85673475217826e-05,-2.85673475217826e-05,Lacis cells
0.0,1.0,0.0,2.85673475217826e-05,-2.85673475217826e-05,Jones criteria
0.0,1.0,0.0,2.85673475217826e-05,-2.85673475217826e-05,Numbering Systems
0.0,1.0,0.0,2.85673475217826e-05,-2.85673475217826e-05,Neurocysticercosis
0.0,1.0,0.0,2.85673475217826e-05,-2.85673475217826e-05,Nugent Score
0.0,1.0,0.0,2.85673475217826e-05,-2.85673475217826e-05,Oral Candidiasis
0.0,1.0,0.0,2.85673475217826e-05,-2.85673475217826e-05,Neuroimaging findings
0.0,1.0,0.0,2.85673475217826e-05,-2.85673475217826e-05,Normal Flora
0.0,1.0,0.0,2.85673475217826e-05,-2.85673475217826e-05,Oral Cavity Neoplasms
0.0,1.0,0.0,2.85673475217826e-05,-2.85673475217826e-05,Knee Dislocation
0.0,1.0,0.0,2.85673475217826e-05,-2.85673475217826e-05,Neuromuscular monitoring
0.0,1.0,0.0,2.85673475217826e-05,-2.85673475217826e-05,Knee anatomy
0.0,1.0,0.0,2.85673475217826e-05,-2.85673475217826e-05,Inherited metabolic disorders
0.0,1.0,0.0,2.85673475217826e-05,-2.85673475217826e-05,Neurological emergencies
0.0,1.0,0.0,2.85673475217826e-05,-2.85673475217826e-05,Non-communicable diseases
0.0,1.0,0.0,2.85673475217826e-05,-2.85673475217826e-05,Knee Pain
0.0,1.0,0.0,2.85673475217826e-05,-2.85673475217826e-05,Inherited immunodeficiency
0.0,1.0,0.0,2.85673475217826e-05,-2.85673475217826e-05,LDH
0.0,1.0,0.0,2.85673475217826e-05,-2.85673475217826e-05,Neurological examination
0.0,1.0,0.0,2.85673475217826e-05,-2.85673475217826e-05,Medical Signs
0.0,1.0,0.0,2.85673475217826e-05,-2.85673475217826e-05,Neurological signs
0.0,1.0,0.0,2.85673475217826e-05,-2.85673475217826e-05,Non-accidental injury
0.0,1.0,0.0,2.85673475217826e-05,-2.85673475217826e-05,Neuromuscular Physiology
0.0,1.0,0.0,2.85673475217826e-05,-2.85673475217826e-05,Nitrous oxide
0.0,1.0,0.0,2.85673475217826e-05,-2.85673475217826e-05,Knowledge Translation
0.0,1.0,0.0,2.85673475217826e-05,-2.85673475217826e-05,LCIS
0.0,1.0,0.0,2.85673475217826e-05,-2.85673475217826e-05,Kidney Stones
0.0,1.0,0.0,2.85673475217826e-05,-2.85673475217826e-05,LEEP
0.0,1.0,0.0,2.85673475217826e-05,-2.85673475217826e-05,LDH Isoenzymes
0.0,1.0,0.0,2.85673475217826e-05,-2.85673475217826e-05,ABPI Interpretation
0.0,1.0,0.0,2.85673475217826e-05,-2.85673475217826e-05,Kienböck Disease
0.0,1.0,0.0,2.85673475217826e-05,-2.85673475217826e-05,Nocardia
0.0,1.0,0.0,2.85673475217826e-05,-2.85673475217826e-05,Membrane receptors
0.0,1.0,0.0,2.85673475217826e-05,-2.85673475217826e-05,Knee Deformity
0.0,1.0,0.0,2.85673475217826e-05,-2.85673475217826e-05,LDH isoforms
0.0,1.0,0.0,2.85673475217826e-05,-2.85673475217826e-05,Inhalational Anaesthesia
0.0,1.0,0.0,2.85673475217826e-05,-2.85673475217826e-05,LDH isoenzymes
0.0,1.0,0.0,2.85673475217826e-05,-2.85673475217826e-05,Nocardiosis
0.0,1.0,0.0,2.85673475217826e-05,-2.85673475217826e-05,Inherited Eye Diseases
0.0,1.0,0.0,2.85673475217826e-05,-2.85673475217826e-05,Non-Accidental Injury
0.0,1.0,0.0,2.85673475217826e-05,-2.85673475217826e-05,Neurological complications
0.0,1.0,0.0,2.85673475217826e-05,-2.85673475217826e-05,Nitrogen metabolism
0.0,1.0,0.0,2.85673475217826e-05,-2.85673475217826e-05,Inherited Immunodeficiency
0.0,1.0,0.0,2.85673475217826e-05,-2.85673475217826e-05,Neurological Complications
0.0,1.0,0.0,2.85673475217826e-05,-2.85673475217826e-05,Neuropsychiatric effects
0.0,1.0,0.0,2.85673475217826e-05,-2.85673475217826e-05,Inhalational anesthetic agents
0.0,1.0,0.0,2.85673475217826e-05,-2.85673475217826e-05,Niacin
0.0,1.0,0.0,2.85673475217826e-05,-2.85673475217826e-05,Nontuberculous mycobacteria
0.0,1.0,0.0,2.85673475217826e-05,-2.85673475217826e-05,Nontuberculous Mycobacteria
0.0,1.0,0.0,2.85673475217826e-05,-2.85673475217826e-05,LASIK
0.0,1.0,0.0,2.85673475217826e-05,-2.85673475217826e-05,Keratic precipitates
0.0,1.0,0.0,2.85673475217826e-05,-2.85673475217826e-05,Nonstress test
0.0,1.0,0.0,2.85673475217826e-05,-2.85673475217826e-05,Nondepolarizing blockers
0.0,1.0,0.0,2.85673475217826e-05,-2.85673475217826e-05,Medico Legal Injuries
0.0,1.0,0.0,2.85673475217826e-05,-2.85673475217826e-05,Niacin metabolism
0.0,1.0,0.0,2.85673475217826e-05,-2.85673475217826e-05,Keratin
0.0,1.0,0.0,2.85673475217826e-05,-2.85673475217826e-05,Non-union
0.0,1.0,0.0,2.85673475217826e-05,-2.85673475217826e-05,Non-smokers
0.0,1.0,0.0,2.85673475217826e-05,-2.85673475217826e-05,Nicorandil
0.0,1.0,0.0,2.85673475217826e-05,-2.85673475217826e-05,LLINs
0.0,1.0,0.0,2.85673475217826e-05,-2.85673475217826e-05,Oral Cavity Cancers
0.0,1.0,0.0,2.85673475217826e-05,-2.85673475217826e-05,Nicotine Dependence
0.0,1.0,0.0,2.85673475217826e-05,-2.85673475217826e-05,LMA
0.0,1.0,0.0,2.85673475217826e-05,-2.85673475217826e-05,Non-granulomatous uveitis
0.0,1.0,0.0,2.85673475217826e-05,-2.85673475217826e-05,Inhalational Anesthetic Agents
0.0,1.0,0.0,2.85673475217826e-05,-2.85673475217826e-05,Nicotine dependence
0.0,1.0,0.0,2.85673475217826e-05,-2.85673475217826e-05,Nitric Oxide Synthesis
0.0,1.0,0.0,2.85673475217826e-05,-2.85673475217826e-05,Inguinal region swelling
0.0,1.0,0.0,2.85673475217826e-05,-2.85673475217826e-05,Kidney Diseases
0.0,1.0,0.0,2.85673475217826e-05,-2.85673475217826e-05,Kidney Function
0.0,1.0,0.0,2.85673475217826e-05,-2.85673475217826e-05,Neuropathic arthropathy
0.0,1.0,0.0,2.85673475217826e-05,-2.85673475217826e-05,Neuropathic Arthropathy
0.0,1.0,0.0,2.85673475217826e-05,-2.85673475217826e-05,Neurological Symptoms
0.0,1.0,0.0,2.85673475217826e-05,-2.85673475217826e-05,Neuromuscular transmission
0.0,1.0,0.0,2.85673475217826e-05,-2.85673475217826e-05,Non-Communicable Diseases
0.0,1.0,0.0,2.85673475217826e-05,-2.85673475217826e-05,Opportunistic Fungi
0.0,1.0,0.0,2.85673475217826e-05,-2.85673475217826e-05,Oblique popliteal ligament
0.0,1.0,0.0,2.85673475217826e-05,-2.85673475217826e-05,International Health Organizations
0.0,1.0,0.0,2.85673475217826e-05,-2.85673475217826e-05,Inotropic support
0.0,1.0,0.0,2.85673475217826e-05,-2.85673475217826e-05,International health regulations
0.0,1.0,0.0,2.85673475217826e-05,-2.85673475217826e-05,Odontogenic Cysts
0.0,1.0,0.0,2.85673475217826e-05,-2.85673475217826e-05,Oesophageal Disorders
0.0,1.0,0.0,2.85673475217826e-05,-2.85673475217826e-05,Oesophageal Perforation
0.0,1.0,0.0,2.85673475217826e-05,-2.85673475217826e-05,Oesophageal disorders
0.0,1.0,0.0,2.85673475217826e-05,-2.85673475217826e-05,Oesophageal perforation
0.0,1.0,0.0,2.85673475217826e-05,-2.85673475217826e-05,International Law
0.0,1.0,0.0,2.85673475217826e-05,-2.85673475217826e-05,Medicolegal Jurisprudence
0.0,1.0,0.0,2.85673475217826e-05,-2.85673475217826e-05,Olfactory System
0.0,1.0,0.0,2.85673475217826e-05,-2.85673475217826e-05,Olfactory system
0.0,1.0,0.0,2.85673475217826e-05,-2.85673475217826e-05,Interstitial Lung Diseases
0.0,1.0,0.0,2.85673475217826e-05,-2.85673475217826e-05,International Classification of Disease
0.0,1.0,0.0,2.85673475217826e-05,-2.85673475217826e-05,Optic disc
0.0,1.0,0.0,2.85673475217826e-05,-2.85673475217826e-05,Omental sign
0.0,1.0,0.0,2.85673475217826e-05,-2.85673475217826e-05,International Classification Of Disease
0.0,1.0,0.0,2.85673475217826e-05,-2.85673475217826e-05,Internal carotid artery
0.0,1.0,0.0,2.85673475217826e-05,-2.85673475217826e-05,Omphalocele
0.0,1.0,0.0,2.85673475217826e-05,-2.85673475217826e-05,Onchocerciasis
0.0,1.0,0.0,2.85673475217826e-05,-2.85673475217826e-05,Internal Carotid Artery
0.0,1.0,0.0,2.85673475217826e-05,-2.85673475217826e-05,Internal Capsule
0.0,1.0,0.0,2.85673475217826e-05,-2.85673475217826e-05,Oncogene
0.0,1.0,0.0,2.85673475217826e-05,-2.85673475217826e-05,Interstitial Fluid
0.0,1.0,0.0,2.85673475217826e-05,-2.85673475217826e-05,Interventions
0.0,1.0,0.0,2.85673475217826e-05,-2.85673475217826e-05,Oncogenic Viruses
0.0,1.0,0.0,2.85673475217826e-05,-2.85673475217826e-05,Ocular pathology
0.0,1.0,0.0,2.85673475217826e-05,-2.85673475217826e-05,Ocular Surgery
0.0,1.0,0.0,2.85673475217826e-05,-2.85673475217826e-05,Ocular anesthesia
0.0,1.0,0.0,2.85673475217826e-05,-2.85673475217826e-05,Inner ear
0.0,1.0,0.0,2.85673475217826e-05,-2.85673475217826e-05,Ocular biometry
0.0,1.0,0.0,2.85673475217826e-05,-2.85673475217826e-05,Meigs syndrome
0.0,1.0,0.0,2.85673475217826e-05,-2.85673475217826e-05,Innervation
0.0,1.0,0.0,2.85673475217826e-05,-2.85673475217826e-05,Intestinal phase
0.0,1.0,0.0,2.85673475217826e-05,-2.85673475217826e-05,Ocular diagnosis
0.0,1.0,0.0,2.85673475217826e-05,-2.85673475217826e-05,Ocular manifestations of phakomatoses
0.0,1.0,0.0,2.85673475217826e-05,-2.85673475217826e-05,Ocular parasitic disease
0.0,1.0,0.0,2.85673475217826e-05,-2.85673475217826e-05,Ocular reflexes
0.0,1.0,0.0,2.85673475217826e-05,-2.85673475217826e-05,Oculoplastic surgery
0.0,1.0,0.0,2.85673475217826e-05,-2.85673475217826e-05,Ocular signs
0.0,1.0,0.0,2.85673475217826e-05,-2.85673475217826e-05,Ocular surface disorders
0.0,1.0,0.0,2.85673475217826e-05,-2.85673475217826e-05,Inotropes
0.0,1.0,0.0,2.85673475217826e-05,-2.85673475217826e-05,Ocular surgery
0.0,1.0,0.0,2.85673475217826e-05,-2.85673475217826e-05,Intestinal Perforation
0.0,1.0,0.0,2.85673475217826e-05,-2.85673475217826e-05,Intestinal Parasites
0.0,1.0,0.0,2.85673475217826e-05,-2.85673475217826e-05,Intestinal Nematodes
0.0,1.0,0.0,2.85673475217826e-05,-2.85673475217826e-05,Medico-legal investigations
0.0,1.0,0.0,2.85673475217826e-05,-2.85673475217826e-05,Oculoplastic Surgery
0.0,1.0,0.0,2.85673475217826e-05,-2.85673475217826e-05,Intestinal Failure
0.0,1.0,0.0,2.85673475217826e-05,-2.85673475217826e-05,Intermediate filaments
0.0,1.0,0.0,2.85673475217826e-05,-2.85673475217826e-05,Intermediary Metabolism
0.0,1.0,0.0,2.85673475217826e-05,-2.85673475217826e-05,Medico-legal definitions
0.0,1.0,0.0,2.85673475217826e-05,-2.85673475217826e-05,Opioid Antagonists
0.0,1.0,0.0,2.85673475217826e-05,-2.85673475217826e-05,Ophthalmic Pathology
0.0,1.0,0.0,2.85673475217826e-05,-2.85673475217826e-05,Ophthalmic Physiology
0.0,1.0,0.0,2.85673475217826e-05,-2.85673475217826e-05,Insanity and Criminal Responsibility
0.0,1.0,0.0,2.85673475217826e-05,-2.85673475217826e-05,Ophthalmic emergencies
0.0,1.0,0.0,2.85673475217826e-05,-2.85673475217826e-05,Ophthalmic instruments
0.0,1.0,0.0,2.85673475217826e-05,-2.85673475217826e-05,Insulin processing
0.0,1.0,0.0,2.85673475217826e-05,-2.85673475217826e-05,Ophthalmic pharmacology
0.0,1.0,0.0,2.85673475217826e-05,-2.85673475217826e-05,Optic Disc Evaluation
0.0,1.0,0.0,2.85673475217826e-05,-2.85673475217826e-05,Ophthalmic surgery complications
0.0,1.0,0.0,2.85673475217826e-05,-2.85673475217826e-05,Insulin Synthesis
0.0,1.0,0.0,2.85673475217826e-05,-2.85673475217826e-05,Opioid Dependence Treatment
0.0,1.0,0.0,2.85673475217826e-05,-2.85673475217826e-05,Ophthalmic Drugs
0.0,1.0,0.0,2.85673475217826e-05,-2.85673475217826e-05,Insulin Receptor
0.0,1.0,0.0,2.85673475217826e-05,-2.85673475217826e-05,Opioid Pharmacology
0.0,1.0,0.0,2.85673475217826e-05,-2.85673475217826e-05,Insulin Production
0.0,1.0,0.0,2.85673475217826e-05,-2.85673475217826e-05,Optic Disc Anatomy
0.0,1.0,0.0,2.85673475217826e-05,-2.85673475217826e-05,Opioid Receptors
0.0,1.0,0.0,2.85673475217826e-05,-2.85673475217826e-05,Insulin
0.0,1.0,0.0,2.85673475217826e-05,-2.85673475217826e-05,Instruments
0.0,1.0,0.0,2.85673475217826e-05,-2.85673475217826e-05,Oppositional Defiant Disorder
0.0,1.0,0.0,2.85673475217826e-05,-2.85673475217826e-05,Opioid antagonists
0.0,1.0,0.0,2.85673475217826e-05,-2.85673475217826e-05,Opioid dependence
0.0,1.0,0.0,2.85673475217826e-05,-2.85673475217826e-05,Ophthalmic Examination
0.0,1.0,0.0,2.85673475217826e-05,-2.85673475217826e-05,Ophthalmic Anaesthesia
0.0,1.0,0.0,2.85673475217826e-05,-2.85673475217826e-05,Oncologic Imaging
0.0,1.0,0.0,2.85673475217826e-05,-2.85673475217826e-05,Oncotic Pressure
0.0,1.0,0.0,2.85673475217826e-05,-2.85673475217826e-05,Optic canal
0.0,1.0,0.0,2.85673475217826e-05,-2.85673475217826e-05,Intercostal muscles
0.0,1.0,0.0,2.85673475217826e-05,-2.85673475217826e-05,Intercalated disc
0.0,1.0,0.0,2.85673475217826e-05,-2.85673475217826e-05,Optic Pathway
0.0,1.0,0.0,2.85673475217826e-05,-2.85673475217826e-05,Oncology Imaging
0.0,1.0,0.0,2.85673475217826e-05,-2.85673475217826e-05,Intelligence Testing
0.0,1.0,0.0,2.85673475217826e-05,-2.85673475217826e-05,Optic Neuropathies
0.0,1.0,0.0,2.85673475217826e-05,-2.85673475217826e-05,Insanity And Criminal Responsibility
0.0,1.0,0.0,2.85673475217826e-05,-2.85673475217826e-05,Oncology Pharmacology
0.0,1.0,0.0,2.85673475217826e-05,-2.85673475217826e-05,Oncology Surgery
0.0,1.0,0.0,2.85673475217826e-05,-2.85673475217826e-05,Intellectual Disability Classification
0.0,1.0,0.0,2.85673475217826e-05,-2.85673475217826e-05,Ophthalmia neonatorum
0.0,1.0,0.0,2.85673475217826e-05,-2.85673475217826e-05,Oncotic pressure
0.0,1.0,0.0,2.85673475217826e-05,-2.85673475217826e-05,Oogenesis
0.0,1.0,0.0,2.85673475217826e-05,-2.85673475217826e-05,Operative Surgery
0.0,1.0,0.0,2.85673475217826e-05,-2.85673475217826e-05,Integrins
0.0,1.0,0.0,2.85673475217826e-05,-2.85673475217826e-05,Integrated Disease Surveillance Project
0.0,1.0,0.0,2.85673475217826e-05,-2.85673475217826e-05,Insulin signaling
0.0,1.0,0.0,2.85673475217826e-05,-2.85673475217826e-05,Operative Techniques
0.0,1.0,0.0,2.85673475217826e-05,-2.85673475217826e-05,Operative Vaginal Delivery
0.0,1.0,0.0,2.85673475217826e-05,-2.85673475217826e-05,Insanity Defense
0.0,1.0,0.0,2.85673475217826e-05,-2.85673475217826e-05,Operative vaginal delivery
0.0,1.0,0.0,2.85673475217826e-05,-2.85673475217826e-05,Melanin Synthesis
0.0,1.0,0.0,2.85673475217826e-05,-2.85673475217826e-05,Medico-legal Examination
0.0,1.0,0.0,2.85673475217826e-05,-2.85673475217826e-05,Obsessive-Compulsive Spectrum
0.0,1.0,0.0,2.85673475217826e-05,-2.85673475217826e-05,Obstetric emergencies
0.0,1.0,0.0,2.85673475217826e-05,-2.85673475217826e-05,Obstetric anaesthesia
0.0,1.0,0.0,2.85673475217826e-05,-2.85673475217826e-05,Obstetric anatomy
0.0,1.0,0.0,2.85673475217826e-05,-2.85673475217826e-05,Obstetric anesthesia
0.0,1.0,0.0,2.85673475217826e-05,-2.85673475217826e-05,Iridocyclitis
0.0,1.0,0.0,2.85673475217826e-05,-2.85673475217826e-05,Ionization potential
0.0,1.0,0.0,2.85673475217826e-05,-2.85673475217826e-05,Oral Cancer
0.0,1.0,0.0,2.85673475217826e-05,-2.85673475217826e-05,Ionization
0.0,1.0,0.0,2.85673475217826e-05,-2.85673475217826e-05,Obstetric care
0.0,1.0,0.0,2.85673475217826e-05,-2.85673475217826e-05,Ion Channels
0.0,1.0,0.0,2.85673475217826e-05,-2.85673475217826e-05,Ion Channel
0.0,1.0,0.0,2.85673475217826e-05,-2.85673475217826e-05,Obstetric hemorrhage
0.0,1.0,0.0,2.85673475217826e-05,-2.85673475217826e-05,Injury patterns
0.0,1.0,0.0,2.85673475217826e-05,-2.85673475217826e-05,Obstetric injuries
0.0,1.0,0.0,2.85673475217826e-05,-2.85673475217826e-05,Oral Anticoagulants
0.0,1.0,0.0,2.85673475217826e-05,-2.85673475217826e-05,Obstetric instruments
0.0,1.0,0.0,2.85673475217826e-05,-2.85673475217826e-05,Iodine deficiency disorders
0.0,1.0,0.0,2.85673475217826e-05,-2.85673475217826e-05,Iodine deficiency
0.0,1.0,0.0,2.85673475217826e-05,-2.85673475217826e-05,Inventory Management
0.0,1.0,0.0,2.85673475217826e-05,-2.85673475217826e-05,Obstetric maneuvers
0.0,1.0,0.0,2.85673475217826e-05,-2.85673475217826e-05,Optical density
0.0,1.0,0.0,2.85673475217826e-05,-2.85673475217826e-05,Invasive Mole
0.0,1.0,0.0,2.85673475217826e-05,-2.85673475217826e-05,Intussusception
0.0,1.0,0.0,2.85673475217826e-05,-2.85673475217826e-05,Iris
0.0,1.0,0.0,2.85673475217826e-05,-2.85673475217826e-05,Iris Abnormalities
0.0,1.0,0.0,2.85673475217826e-05,-2.85673475217826e-05,Intubation Complications
0.0,1.0,0.0,2.85673475217826e-05,-2.85673475217826e-05,Isaac Syndrome
0.0,1.0,0.0,2.85673475217826e-05,-2.85673475217826e-05,Obsessive-compulsive spectrum
0.0,1.0,0.0,2.85673475217826e-05,-2.85673475217826e-05,Obstetric Analgesia
0.0,1.0,0.0,2.85673475217826e-05,-2.85673475217826e-05,Ischemic heart disease
0.0,1.0,0.0,2.85673475217826e-05,-2.85673475217826e-05,Obstetric Anatomy
0.0,1.0,0.0,2.85673475217826e-05,-2.85673475217826e-05,Obstetric Anesthesia
0.0,1.0,0.0,2.85673475217826e-05,-2.85673475217826e-05,Ischemia
0.0,1.0,0.0,2.85673475217826e-05,-2.85673475217826e-05,Obstetric Care
0.0,1.0,0.0,2.85673475217826e-05,-2.85673475217826e-05,Isaac syndrome
0.0,1.0,0.0,2.85673475217826e-05,-2.85673475217826e-05,Medico-Legal Aspects Of Birth
0.0,1.0,0.0,2.85673475217826e-05,-2.85673475217826e-05,Injury Patterns
0.0,1.0,0.0,2.85673475217826e-05,-2.85673475217826e-05,Irritable bowel syndrome
0.0,1.0,0.0,2.85673475217826e-05,-2.85673475217826e-05,Iris Anomalies
0.0,1.0,0.0,2.85673475217826e-05,-2.85673475217826e-05,Iron supplementation
0.0,1.0,0.0,2.85673475217826e-05,-2.85673475217826e-05,Oral Cancers
0.0,1.0,0.0,2.85673475217826e-05,-2.85673475217826e-05,Obstetric Hemorrhage
0.0,1.0,0.0,2.85673475217826e-05,-2.85673475217826e-05,Iron overload
0.0,1.0,0.0,2.85673475217826e-05,-2.85673475217826e-05,Iron Poisoning Treatment
0.0,1.0,0.0,2.85673475217826e-05,-2.85673475217826e-05,Obstetric Injuries
0.0,1.0,0.0,2.85673475217826e-05,-2.85673475217826e-05,Iron Poisoning
0.0,1.0,0.0,2.85673475217826e-05,-2.85673475217826e-05,Obstetric Pharmacology
0.0,1.0,0.0,2.85673475217826e-05,-2.85673475217826e-05,Iris abnormalities
0.0,1.0,0.0,2.85673475217826e-05,-2.85673475217826e-05,Medico-Legal Examination
0.0,1.0,0.0,2.85673475217826e-05,-2.85673475217826e-05,Membrane Physiology
0.0,1.0,0.0,2.85673475217826e-05,-2.85673475217826e-05,Introduction to pathology
0.0,1.0,0.0,2.85673475217826e-05,-2.85673475217826e-05,Medicolegal jurisprudence
0.0,1.0,0.0,2.85673475217826e-05,-2.85673475217826e-05,Intracranial Pressure
0.0,1.0,0.0,2.85673475217826e-05,-2.85673475217826e-05,Ocular Biometry
0.0,1.0,0.0,2.85673475217826e-05,-2.85673475217826e-05,Ocular Drugs
0.0,1.0,0.0,2.85673475217826e-05,-2.85673475217826e-05,Intramedullary nailing
0.0,1.0,0.0,2.85673475217826e-05,-2.85673475217826e-05,Ocular Manifestations of Systemic Disease
0.0,1.0,0.0,2.85673475217826e-05,-2.85673475217826e-05,Ocular Motility & Strabismus
0.0,1.0,0.0,2.85673475217826e-05,-2.85673475217826e-05,Ocular Muscles
0.0,1.0,0.0,2.85673475217826e-05,-2.85673475217826e-05,Medicolegal Terminology
0.0,1.0,0.0,2.85673475217826e-05,-2.85673475217826e-05,Intracranial pressure
0.0,1.0,0.0,2.85673475217826e-05,-2.85673475217826e-05,Ocular Parasitic Disease
0.0,1.0,0.0,2.85673475217826e-05,-2.85673475217826e-05,Intracranial haemorrhage
0.0,1.0,0.0,2.85673475217826e-05,-2.85673475217826e-05,Melanocytic Naevus
0.0,1.0,0.0,2.85673475217826e-05,-2.85673475217826e-05,Intramembranous Ossification
0.0,1.0,0.0,2.85673475217826e-05,-2.85673475217826e-05,Optic neuropathy
0.0,1.0,0.0,2.85673475217826e-05,-2.85673475217826e-05,Intracranial Haemorrhage
0.0,1.0,0.0,2.85673475217826e-05,-2.85673475217826e-05,Intracellular receptors
0.0,1.0,0.0,2.85673475217826e-05,-2.85673475217826e-05,Ocular Reflexes
0.0,1.0,0.0,2.85673475217826e-05,-2.85673475217826e-05,Ocular Signs
0.0,1.0,0.0,2.85673475217826e-05,-2.85673475217826e-05,Melanin synthesis
0.0,1.0,0.0,2.85673475217826e-05,-2.85673475217826e-05,Intracellular pH
0.0,1.0,0.0,2.85673475217826e-05,-2.85673475217826e-05,Intracellular bacteria
0.0,1.0,0.0,2.85673475217826e-05,-2.85673475217826e-05,Inner Ear Physiology
0.0,1.0,0.0,2.85673475217826e-05,-2.85673475217826e-05,Intracellular Fluid
0.0,1.0,0.0,2.85673475217826e-05,-2.85673475217826e-05,Ocular Adnexa Anatomy
0.0,1.0,0.0,2.85673475217826e-05,-2.85673475217826e-05,Intramembranous ossification
0.0,1.0,0.0,2.85673475217826e-05,-2.85673475217826e-05,Intrauterine fetal death
0.0,1.0,0.0,2.85673475217826e-05,-2.85673475217826e-05,Neurocutaneous disorders
0.0,1.0,0.0,2.85673475217826e-05,-2.85673475217826e-05,Optic tract lesions
0.0,1.0,0.0,2.85673475217826e-05,-2.85673475217826e-05,Melioidosis
0.0,1.0,0.0,2.85673475217826e-05,-2.85673475217826e-05,Melasma
0.0,1.0,0.0,2.85673475217826e-05,-2.85673475217826e-05,Obstructive Azoospermia
0.0,1.0,0.0,2.85673475217826e-05,-2.85673475217826e-05,Intrauterine Device
0.0,1.0,0.0,2.85673475217826e-05,-2.85673475217826e-05,Obstructive Lung Diseases
0.0,1.0,0.0,2.85673475217826e-05,-2.85673475217826e-05,Occupational Hazards
0.0,1.0,0.0,2.85673475217826e-05,-2.85673475217826e-05,Intrauterine Adhesions
0.0,1.0,0.0,2.85673475217826e-05,-2.85673475217826e-05,Medico-legal Aspects of Birth
0.0,1.0,0.0,2.85673475217826e-05,-2.85673475217826e-05,Occupational Health And Safety
0.0,1.0,0.0,2.85673475217826e-05,-2.85673475217826e-05,Optic pathway
0.0,1.0,0.0,2.85673475217826e-05,-2.85673475217826e-05,Melanocytic nevi
0.0,1.0,0.0,2.85673475217826e-05,-2.85673475217826e-05,Intraoperative PTH monitoring
0.0,1.0,0.0,2.85673475217826e-05,-2.85673475217826e-05,Occupational Health Legislation
0.0,1.0,0.0,2.85673475217826e-05,-2.85673475217826e-05,Occupational Health and Safety
0.0,1.0,0.0,2.85673475217826e-05,-2.85673475217826e-05,Intraoperative Management
0.0,1.0,0.0,2.85673475217826e-05,-2.85673475217826e-05,Intraoperative Awareness
0.0,1.0,0.0,2.85673475217826e-05,-2.85673475217826e-05,Intraocular neoplasms
0.0,1.0,0.0,2.85673475217826e-05,-2.85673475217826e-05,Intraocular foreign body
0.0,1.0,0.0,2.85673475217826e-05,-2.85673475217826e-05,Intraocular Pressure
0.0,1.0,0.0,2.85673475217826e-05,-2.85673475217826e-05,Occupational cancers
0.0,1.0,0.0,2.85673475217826e-05,-2.85673475217826e-05,Occupational diseases
0.0,1.0,0.0,2.85673475217826e-05,-2.85673475217826e-05,Mckeown'S Theory
0.0,1.0,0.0,2.85673475217826e-05,-2.85673475217826e-05,Legal Aspects Of Marriage
0.0,1.0,0.0,2.85673475217826e-05,-2.85673475217826e-05,Lacrimal System Disorders
0.0,1.0,0.0,2.85673475217826e-05,-2.85673475217826e-05,Multiple Pregnancies
0.0,1.0,0.0,2.85673475217826e-05,-2.85673475217826e-05,Movement disorder treatment
0.0,1.0,0.0,2.85673475217826e-05,-2.85673475217826e-05,Moyamoya Disease
0.0,1.0,0.0,2.85673475217826e-05,-2.85673475217826e-05,Moyamoya disease
0.0,1.0,0.0,2.85673475217826e-05,-2.85673475217826e-05,Mrsa
0.0,1.0,0.0,2.85673475217826e-05,-2.85673475217826e-05,Lymphokines
0.0,1.0,0.0,2.85673475217826e-05,-2.85673475217826e-05,Mucormycosis
0.0,1.0,0.0,2.85673475217826e-05,-2.85673475217826e-05,Mucosal folds
0.0,1.0,0.0,2.85673475217826e-05,-2.85673475217826e-05,Lymphoid neoplasms
0.0,1.0,0.0,2.85673475217826e-05,-2.85673475217826e-05,Mucosal immunity
0.0,1.0,0.0,2.85673475217826e-05,-2.85673475217826e-05,Mullerian Anomalies
0.0,1.0,0.0,2.85673475217826e-05,-2.85673475217826e-05,Mullerian anomalies
0.0,1.0,0.0,2.85673475217826e-05,-2.85673475217826e-05,Mental Healthcare Act 2017
0.0,1.0,0.0,2.85673475217826e-05,-2.85673475217826e-05,Mummification
0.0,1.0,0.0,2.85673475217826e-05,-2.85673475217826e-05,MCH Programme
0.0,1.0,0.0,2.85673475217826e-05,-2.85673475217826e-05,Muscarinic Receptors
0.0,1.0,0.0,2.85673475217826e-05,-2.85673475217826e-05,Muscarinic agonists
0.0,1.0,0.0,2.85673475217826e-05,-2.85673475217826e-05,Muscle Attachments
0.0,1.0,0.0,2.85673475217826e-05,-2.85673475217826e-05,Lymphogranuloma venereum
0.0,1.0,0.0,2.85673475217826e-05,-2.85673475217826e-05,Muscle Diseases
0.0,1.0,0.0,2.85673475217826e-05,-2.85673475217826e-05,Measures of Dispersion
0.0,1.0,0.0,2.85673475217826e-05,-2.85673475217826e-05,Muscle Fiber Types
0.0,1.0,0.0,2.85673475217826e-05,-2.85673475217826e-05,Mental Health Legislation
0.0,1.0,0.0,2.85673475217826e-05,-2.85673475217826e-05,Muscle Innervation
0.0,1.0,0.0,2.85673475217826e-05,-2.85673475217826e-05,Mental Health Law
0.0,1.0,0.0,2.85673475217826e-05,-2.85673475217826e-05,Muscle Necrosis
0.0,1.0,0.0,2.85673475217826e-05,-2.85673475217826e-05,Lymphogranuloma Venereum
0.0,1.0,0.0,2.85673475217826e-05,-2.85673475217826e-05,Movement disorder
0.0,1.0,0.0,2.85673475217826e-05,-2.85673475217826e-05,Movement Disorder Treatment
0.0,1.0,0.0,2.85673475217826e-05,-2.85673475217826e-05,Macular Function
0.0,1.0,0.0,2.85673475217826e-05,-2.85673475217826e-05,MHC Class I
0.0,1.0,0.0,2.85673475217826e-05,-2.85673475217826e-05,Molluscum contagiosum
0.0,1.0,0.0,2.85673475217826e-05,-2.85673475217826e-05,Macrophage
0.0,1.0,0.0,2.85673475217826e-05,-2.85673475217826e-05,Monoclonal antibodies
0.0,1.0,0.0,2.85673475217826e-05,-2.85673475217826e-05,Macronutrients
0.0,1.0,0.0,2.85673475217826e-05,-2.85673475217826e-05,MSM
0.0,1.0,0.0,2.85673475217826e-05,-2.85673475217826e-05,MRI brain
0.0,1.0,0.0,2.85673475217826e-05,-2.85673475217826e-05,Morbid Obesity Surgery
0.0,1.0,0.0,2.85673475217826e-05,-2.85673475217826e-05,Morbidity indicators
0.0,1.0,0.0,2.85673475217826e-05,-2.85673475217826e-05,Morbidity measures
0.0,1.0,0.0,2.85673475217826e-05,-2.85673475217826e-05,MHC molecules
0.0,1.0,0.0,2.85673475217826e-05,-2.85673475217826e-05,MHC Class II expression
0.0,1.0,0.0,2.85673475217826e-05,-2.85673475217826e-05,Mosaicism
0.0,1.0,0.0,2.85673475217826e-05,-2.85673475217826e-05,Mosquito Control
0.0,1.0,0.0,2.85673475217826e-05,-2.85673475217826e-05,MCH Services
0.0,1.0,0.0,2.85673475217826e-05,-2.85673475217826e-05,MEN syndrome
0.0,1.0,0.0,2.85673475217826e-05,-2.85673475217826e-05,MEN Syndromes
0.0,1.0,0.0,2.85673475217826e-05,-2.85673475217826e-05,MCH programme
0.0,1.0,0.0,2.85673475217826e-05,-2.85673475217826e-05,Mother-infant bonding
0.0,1.0,0.0,2.85673475217826e-05,-2.85673475217826e-05,Motility disorders
0.0,1.0,0.0,2.85673475217826e-05,-2.85673475217826e-05,Motion Sickness
0.0,1.0,0.0,2.85673475217826e-05,-2.85673475217826e-05,Motor Neuron Disease
0.0,1.0,0.0,2.85673475217826e-05,-2.85673475217826e-05,Motor Pathways
0.0,1.0,0.0,2.85673475217826e-05,-2.85673475217826e-05,Motor System
0.0,1.0,0.0,2.85673475217826e-05,-2.85673475217826e-05,Measures of Central Tendency
0.0,1.0,0.0,2.85673475217826e-05,-2.85673475217826e-05,Motor milestones
0.0,1.0,0.0,2.85673475217826e-05,-2.85673475217826e-05,Motor response
0.0,1.0,0.0,2.85673475217826e-05,-2.85673475217826e-05,Muscle Pathology
0.0,1.0,0.0,2.85673475217826e-05,-2.85673475217826e-05,Measures of Skewness
0.0,1.0,0.0,2.85673475217826e-05,-2.85673475217826e-05,Lymphatic spread
0.0,1.0,0.0,2.85673475217826e-05,-2.85673475217826e-05,Myometrium
0.0,1.0,0.0,2.85673475217826e-05,-2.85673475217826e-05,Lung carcinoma
0.0,1.0,0.0,2.85673475217826e-05,-2.85673475217826e-05,Mycobacterium tuberculosis
0.0,1.0,0.0,2.85673475217826e-05,-2.85673475217826e-05,Lung anatomy
0.0,1.0,0.0,2.85673475217826e-05,-2.85673475217826e-05,Myelination
0.0,1.0,0.0,2.85673475217826e-05,-2.85673475217826e-05,Lung Volumes
0.0,1.0,0.0,2.85673475217826e-05,-2.85673475217826e-05,Myelofibrosis
0.0,1.0,0.0,2.85673475217826e-05,-2.85673475217826e-05,Myeloid Neoplasms
0.0,1.0,0.0,2.85673475217826e-05,-2.85673475217826e-05,Lung Surfactant
0.0,1.0,0.0,2.85673475217826e-05,-2.85673475217826e-05,Lung Pathology Imaging
0.0,1.0,0.0,2.85673475217826e-05,-2.85673475217826e-05,Myeloproliferative Disorders
0.0,1.0,0.0,2.85673475217826e-05,-2.85673475217826e-05,Lung Pathology
0.0,1.0,0.0,2.85673475217826e-05,-2.85673475217826e-05,Myocardial Sensitization
0.0,1.0,0.0,2.85673475217826e-05,-2.85673475217826e-05,Myositis ossificans
0.0,1.0,0.0,2.85673475217826e-05,-2.85673475217826e-05,Muscle Receptors
0.0,1.0,0.0,2.85673475217826e-05,-2.85673475217826e-05,Lung Imaging Findings
0.0,1.0,0.0,2.85673475217826e-05,-2.85673475217826e-05,NACO
0.0,1.0,0.0,2.85673475217826e-05,-2.85673475217826e-05,NADPH
0.0,1.0,0.0,2.85673475217826e-05,-2.85673475217826e-05,Lung Function Tests
0.0,1.0,0.0,2.85673475217826e-05,-2.85673475217826e-05,Lung Fissures
0.0,1.0,0.0,2.85673475217826e-05,-2.85673475217826e-05,NADPH Metabolism
0.0,1.0,0.0,2.85673475217826e-05,-2.85673475217826e-05,Lung Fibrosis
0.0,1.0,0.0,2.85673475217826e-05,-2.85673475217826e-05,Menstrual regulation
0.0,1.0,0.0,2.85673475217826e-05,-2.85673475217826e-05,Lung Diseases
0.0,1.0,0.0,2.85673475217826e-05,-2.85673475217826e-05,Lung Cancer Staging
0.0,1.0,0.0,2.85673475217826e-05,-2.85673475217826e-05,NREM sleep
0.0,1.0,0.0,2.85673475217826e-05,-2.85673475217826e-05,Nabothian Cyst
0.0,1.0,0.0,2.85673475217826e-05,-2.85673475217826e-05,Lung mechanics
0.0,1.0,0.0,2.85673475217826e-05,-2.85673475217826e-05,Lung pathology
0.0,1.0,0.0,2.85673475217826e-05,-2.85673475217826e-05,Musculoskeletal system
0.0,1.0,0.0,2.85673475217826e-05,-2.85673475217826e-05,Musculoskeletal pathology
0.0,1.0,0.0,2.85673475217826e-05,-2.85673475217826e-05,Muscle Spindles
0.0,1.0,0.0,2.85673475217826e-05,-2.85673475217826e-05,Muscle Tissue
0.0,1.0,0.0,2.85673475217826e-05,-2.85673475217826e-05,Muscle examination
0.0,1.0,0.0,2.85673475217826e-05,-2.85673475217826e-05,Muscle fiber types
0.0,1.0,0.0,2.85673475217826e-05,-2.85673475217826e-05,Lymphatic mapping
0.0,1.0,0.0,2.85673475217826e-05,-2.85673475217826e-05,Lymphatic malformations
0.0,1.0,0.0,2.85673475217826e-05,-2.85673475217826e-05,Muscle innervation
0.0,1.0,0.0,2.85673475217826e-05,-2.85673475217826e-05,Muscle necrosis
0.0,1.0,0.0,2.85673475217826e-05,-2.85673475217826e-05,Muscle pathology
0.0,1.0,0.0,2.85673475217826e-05,-2.85673475217826e-05,Lymphatic disorders
0.0,1.0,0.0,2.85673475217826e-05,-2.85673475217826e-05,Muscle spindles
0.0,1.0,0.0,2.85673475217826e-05,-2.85673475217826e-05,Lymphatic Malformations
0.0,1.0,0.0,2.85673475217826e-05,-2.85673475217826e-05,Lymphadenopathy investigation
0.0,1.0,0.0,2.85673475217826e-05,-2.85673475217826e-05,Lymphadenopathy Investigation
0.0,1.0,0.0,2.85673475217826e-05,-2.85673475217826e-05,Muscle tissue
0.0,1.0,0.0,2.85673475217826e-05,-2.85673475217826e-05,Lymph Node Anatomy
0.0,1.0,0.0,2.85673475217826e-05,-2.85673475217826e-05,Luteal Phase
0.0,1.0,0.0,2.85673475217826e-05,-2.85673475217826e-05,Mechanical ventilators
0.0,1.0,0.0,2.85673475217826e-05,-2.85673475217826e-05,Lupus Erythematosus
0.0,1.0,0.0,2.85673475217826e-05,-2.85673475217826e-05,Lungs
0.0,1.0,0.0,2.85673475217826e-05,-2.85673475217826e-05,Musculoskeletal Pathology
0.0,1.0,0.0,2.85673475217826e-05,-2.85673475217826e-05,Musculoskeletal Tuberculosis
0.0,1.0,0.0,2.85673475217826e-05,-2.85673475217826e-05,Lung volumes
0.0,1.0,0.0,2.85673475217826e-05,-2.85673475217826e-05,Lung segments
0.0,1.0,0.0,2.85673475217826e-05,-2.85673475217826e-05,Musculoskeletal anatomy
0.0,1.0,0.0,2.85673475217826e-05,-2.85673475217826e-05,Maculae Cerulea
0.0,1.0,0.0,2.85673475217826e-05,-2.85673475217826e-05,Macular Function Tests
0.0,1.0,0.0,2.85673475217826e-05,-2.85673475217826e-05,Lacrimal apparatus disorders
0.0,1.0,0.0,2.85673475217826e-05,-2.85673475217826e-05,Maternal Age
0.0,1.0,0.0,2.85673475217826e-05,-2.85673475217826e-05,Maternal Serum Screening
0.0,1.0,0.0,2.85673475217826e-05,-2.85673475217826e-05,Maternal Physiological Changes
0.0,1.0,0.0,2.85673475217826e-05,-2.85673475217826e-05,Metabolism Disorders
0.0,1.0,0.0,2.85673475217826e-05,-2.85673475217826e-05,Metal toxicity
0.0,1.0,0.0,2.85673475217826e-05,-2.85673475217826e-05,Metalloproteinases
0.0,1.0,0.0,2.85673475217826e-05,-2.85673475217826e-05,Metastasis Imaging
0.0,1.0,0.0,2.85673475217826e-05,-2.85673475217826e-05,Maternal Health Services
0.0,1.0,0.0,2.85673475217826e-05,-2.85673475217826e-05,Metastatic Carcinoma
0.0,1.0,0.0,2.85673475217826e-05,-2.85673475217826e-05,Measures Of Central Tendency
0.0,1.0,0.0,2.85673475217826e-05,-2.85673475217826e-05,Meteorology
0.0,1.0,0.0,2.85673475217826e-05,-2.85673475217826e-05,Maternal Cardiac Disease
0.0,1.0,0.0,2.85673475217826e-05,-2.85673475217826e-05,Measures Of Dispersion
0.0,1.0,0.0,2.85673475217826e-05,-2.85673475217826e-05,Methotrexate
0.0,1.0,0.0,2.85673475217826e-05,-2.85673475217826e-05,Maternal cardiac disease
0.0,1.0,0.0,2.85673475217826e-05,-2.85673475217826e-05,Maternal & Child Health
0.0,1.0,0.0,2.85673475217826e-05,-2.85673475217826e-05,Mastocytosis
0.0,1.0,0.0,2.85673475217826e-05,-2.85673475217826e-05,Masticatory Muscles
0.0,1.0,0.0,2.85673475217826e-05,-2.85673475217826e-05,Metropathic hemorrhagica
0.0,1.0,0.0,2.85673475217826e-05,-2.85673475217826e-05,Mevalonate Pathway
0.0,1.0,0.0,2.85673475217826e-05,-2.85673475217826e-05,Mevalonate pathway
0.0,1.0,0.0,2.85673475217826e-05,-2.85673475217826e-05,Mass drug administration
0.0,1.0,0.0,2.85673475217826e-05,-2.85673475217826e-05,Mhc Class I
0.0,1.0,0.0,2.85673475217826e-05,-2.85673475217826e-05,Mhc Class Ii Expression
0.0,1.0,0.0,2.85673475217826e-05,-2.85673475217826e-05,Mask Ventilation
0.0,1.0,0.0,2.85673475217826e-05,-2.85673475217826e-05,Microbial Preservation
0.0,1.0,0.0,2.85673475217826e-05,-2.85673475217826e-05,Microbiology basics
0.0,1.0,0.0,2.85673475217826e-05,-2.85673475217826e-05,Metabolic syndrome
0.0,1.0,0.0,2.85673475217826e-05,-2.85673475217826e-05,Maternal diabetes
0.0,1.0,0.0,2.85673475217826e-05,-2.85673475217826e-05,Molluscum Contagiosum
0.0,1.0,0.0,2.85673475217826e-05,-2.85673475217826e-05,Maxillofacial Surgery
0.0,1.0,0.0,2.85673475217826e-05,-2.85673475217826e-05,Mental retardation
0.0,1.0,0.0,2.85673475217826e-05,-2.85673475217826e-05,Mental state examination
0.0,1.0,0.0,2.85673475217826e-05,-2.85673475217826e-05,Mental status examination
0.0,1.0,0.0,2.85673475217826e-05,-2.85673475217826e-05,Mentzer index
0.0,1.0,0.0,2.85673475217826e-05,-2.85673475217826e-05,Mesenteric Ischemia
0.0,1.0,0.0,2.85673475217826e-05,-2.85673475217826e-05,Mch Programme
0.0,1.0,0.0,2.85673475217826e-05,-2.85673475217826e-05,Mesenteric Vessels
0.0,1.0,0.0,2.85673475217826e-05,-2.85673475217826e-05,Mesenteric injury
0.0,1.0,0.0,2.85673475217826e-05,-2.85673475217826e-05,McKeown's Theory
0.0,1.0,0.0,2.85673475217826e-05,-2.85673475217826e-05,Mayer-Rokitansky-Küster-Hauser syndrome
0.0,1.0,0.0,2.85673475217826e-05,-2.85673475217826e-05,Mesenteric vessels
0.0,1.0,0.0,2.85673475217826e-05,-2.85673475217826e-05,Mayer-Rokitansky-Küster-Hauser Syndrome
0.0,1.0,0.0,2.85673475217826e-05,-2.85673475217826e-05,Maxillary sinusitis
0.0,1.0,0.0,2.85673475217826e-05,-2.85673475217826e-05,Maternal factors
0.0,1.0,0.0,2.85673475217826e-05,-2.85673475217826e-05,Maxillary Sinus
0.0,1.0,0.0,2.85673475217826e-05,-2.85673475217826e-05,Maxillary Artery
0.0,1.0,0.0,2.85673475217826e-05,-2.85673475217826e-05,Metabolic Changes
0.0,1.0,0.0,2.85673475217826e-05,-2.85673475217826e-05,Metabolic Cycles Linkage
0.0,1.0,0.0,2.85673475217826e-05,-2.85673475217826e-05,Maternal-Fetal Immunity
0.0,1.0,0.0,2.85673475217826e-05,-2.85673475217826e-05,Maternal-Fetal Antibody Transfer
0.0,1.0,0.0,2.85673475217826e-05,-2.85673475217826e-05,Metabolic Encephalopathy
0.0,1.0,0.0,2.85673475217826e-05,-2.85673475217826e-05,Metabolic Liver Diseases
0.0,1.0,0.0,2.85673475217826e-05,-2.85673475217826e-05,Maternal vegetarian
0.0,1.0,0.0,2.85673475217826e-05,-2.85673475217826e-05,Metabolic Regulation
0.0,1.0,0.0,2.85673475217826e-05,-2.85673475217826e-05,Metabolic Skin Manifestations
0.0,1.0,0.0,2.85673475217826e-05,-2.85673475217826e-05,Maternal physiological changes
0.0,1.0,0.0,2.85673475217826e-05,-2.85673475217826e-05,Microbiology principles
0.0,1.0,0.0,2.85673475217826e-05,-2.85673475217826e-05,Marasmus
0.0,1.0,0.0,2.85673475217826e-05,-2.85673475217826e-05,Microcalcification
0.0,1.0,0.0,2.85673475217826e-05,-2.85673475217826e-05,Magnesium metabolism
0.0,1.0,0.0,2.85673475217826e-05,-2.85673475217826e-05,Malabsorption syndrome
0.0,1.0,0.0,2.85673475217826e-05,-2.85673475217826e-05,Malabsorption Syndromes
0.0,1.0,0.0,2.85673475217826e-05,-2.85673475217826e-05,Malabsorption Syndrome
0.0,1.0,0.0,2.85673475217826e-05,-2.85673475217826e-05,Miliary TB
0.0,1.0,0.0,2.85673475217826e-05,-2.85673475217826e-05,Mineral homeostasis
0.0,1.0,0.0,2.85673475217826e-05,-2.85673475217826e-05,Major Histocompatibility Complex
0.0,1.0,0.0,2.85673475217826e-05,-2.85673475217826e-05,Maintenance Therapy
0.0,1.0,0.0,2.85673475217826e-05,-2.85673475217826e-05,Magnesium sulfate toxicity
0.0,1.0,0.0,2.85673475217826e-05,-2.85673475217826e-05,Minimal Change Disease
0.0,1.0,0.0,2.85673475217826e-05,-2.85673475217826e-05,Minimal change disease
0.0,1.0,0.0,2.85673475217826e-05,-2.85673475217826e-05,Mirena
0.0,1.0,0.0,2.85673475217826e-05,-2.85673475217826e-05,Magnesium sulfate therapy
0.0,1.0,0.0,2.85673475217826e-05,-2.85673475217826e-05,Mitochondria
0.0,1.0,0.0,2.85673475217826e-05,-2.85673475217826e-05,Mapleson Systems
0.0,1.0,0.0,2.85673475217826e-05,-2.85673475217826e-05,Mitochondrial Diseases
0.0,1.0,0.0,2.85673475217826e-05,-2.85673475217826e-05,Magnesium Toxicity
0.0,1.0,0.0,2.85673475217826e-05,-2.85673475217826e-05,Magnesium Sulfate Toxicity
0.0,1.0,0.0,2.85673475217826e-05,-2.85673475217826e-05,Magnesium Sulfate Therapy
0.0,1.0,0.0,2.85673475217826e-05,-2.85673475217826e-05,Magnesium Metabolism
0.0,1.0,0.0,2.85673475217826e-05,-2.85673475217826e-05,Mitral stenosis
0.0,1.0,0.0,2.85673475217826e-05,-2.85673475217826e-05,Molecular Mimicry
0.0,1.0,0.0,2.85673475217826e-05,-2.85673475217826e-05,Molecular Motors
0.0,1.0,0.0,2.85673475217826e-05,-2.85673475217826e-05,Molecular Targeted Therapy
0.0,1.0,0.0,2.85673475217826e-05,-2.85673475217826e-05,Magnan's phenomenon
0.0,1.0,0.0,2.85673475217826e-05,-2.85673475217826e-05,Molecular targets
0.0,1.0,0.0,2.85673475217826e-05,-2.85673475217826e-05,Macular Sparing
0.0,1.0,0.0,2.85673475217826e-05,-2.85673475217826e-05,Malaria Life Cycle
0.0,1.0,0.0,2.85673475217826e-05,-2.85673475217826e-05,Migraine prophylaxis
0.0,1.0,0.0,2.85673475217826e-05,-2.85673475217826e-05,Measures Of Skewness
0.0,1.0,0.0,2.85673475217826e-05,-2.85673475217826e-05,Malaria prevention
0.0,1.0,0.0,2.85673475217826e-05,-2.85673475217826e-05,Micronutrient Deficiencies
0.0,1.0,0.0,2.85673475217826e-05,-2.85673475217826e-05,Mandibular nerve branches
0.0,1.0,0.0,2.85673475217826e-05,-2.85673475217826e-05,Mandibular Nerve Branches
0.0,1.0,0.0,2.85673475217826e-05,-2.85673475217826e-05,Microscopic Polyangiitis
0.0,1.0,0.0,2.85673475217826e-05,-2.85673475217826e-05,Microtubules
0.0,1.0,0.0,2.85673475217826e-05,-2.85673475217826e-05,Micro‑incision surgery
0.0,1.0,0.0,2.85673475217826e-05,-2.85673475217826e-05,Midbrain lesions
0.0,1.0,0.0,2.85673475217826e-05,-2.85673475217826e-05,Mandible
0.0,1.0,0.0,2.85673475217826e-05,-2.85673475217826e-05,Middle Ear Diseases
0.0,1.0,0.0,2.85673475217826e-05,-2.85673475217826e-05,Manchester operation
0.0,1.0,0.0,2.85673475217826e-05,-2.85673475217826e-05,Middle ear diseases
0.0,1.0,0.0,2.85673475217826e-05,-2.85673475217826e-05,Management of uterine fibroids
0.0,1.0,0.0,2.85673475217826e-05,-2.85673475217826e-05,Management Of Uterine Fibroids
0.0,1.0,0.0,2.85673475217826e-05,-2.85673475217826e-05,Malpresentations
0.0,1.0,0.0,2.85673475217826e-05,-2.85673475217826e-05,Middle genicular artery
0.0,1.0,0.0,2.85673475217826e-05,-2.85673475217826e-05,Mifepristone
0.0,1.0,0.0,2.85673475217826e-05,-2.85673475217826e-05,Mifepristone Dosage
0.0,1.0,0.0,2.85673475217826e-05,-2.85673475217826e-05,Mallampatti classification
0.0,1.0,0.0,2.85673475217826e-05,-2.85673475217826e-05,Malignant hyperthermia
0.0,1.0,0.0,2.85673475217826e-05,-2.85673475217826e-05,Male pelvis
0.0,1.0,0.0,2.85673475217826e-05,-2.85673475217826e-05,Male genitourinary
0.0,1.0,0.0,2.85673475217826e-05,-2.85673475217826e-05,Male Genitourinary System
0.0,1.0,0.0,2.85673475217826e-05,-2.85673475217826e-05,Male Genital System Anatomy
0.0,1.0,0.0,2.85673475217826e-05,-2.85673475217826e-05,Male Genital System
0.0,1.0,0.0,2.85673475217826e-05,-2.85673475217826e-05,Migraine Prophylaxis
0.0,1.0,0.0,2.85673475217826e-05,-2.85673475217826e-05,Nadph Production
0.0,1.0,0.0,2.85673475217826e-05,-2.85673475217826e-05,Mechanotransduction
0.0,1.0,0.0,2.85673475217826e-05,-2.85673475217826e-05,Lung Anatomy
0.0,1.0,0.0,2.85673475217826e-05,-2.85673475217826e-05,Legal And Ethical Issues
0.0,1.0,0.0,2.85673475217826e-05,-2.85673475217826e-05,Neonatal skin conditions
0.0,1.0,0.0,2.85673475217826e-05,-2.85673475217826e-05,Neonatal transport
0.0,1.0,0.0,2.85673475217826e-05,-2.85673475217826e-05,Legal aspects of death
0.0,1.0,0.0,2.85673475217826e-05,-2.85673475217826e-05,Legal and ethical issues
0.0,1.0,0.0,2.85673475217826e-05,-2.85673475217826e-05,Legal Terms
0.0,1.0,0.0,2.85673475217826e-05,-2.85673475217826e-05,Meningococcal Disease Control
0.0,1.0,0.0,2.85673475217826e-05,-2.85673475217826e-05,Legal Sections
0.0,1.0,0.0,2.85673475217826e-05,-2.85673475217826e-05,Mch Services
0.0,1.0,0.0,2.85673475217826e-05,-2.85673475217826e-05,Legal Aspects Of Injury
0.0,1.0,0.0,2.85673475217826e-05,-2.85673475217826e-05,Legal Aspects Of Death
0.0,1.0,0.0,2.85673475217826e-05,-2.85673475217826e-05,Neostigmine
0.0,1.0,0.0,2.85673475217826e-05,-2.85673475217826e-05,Nephrocalcinosis
0.0,1.0,0.0,2.85673475217826e-05,-2.85673475217826e-05,Left colon
0.0,1.0,0.0,2.85673475217826e-05,-2.85673475217826e-05,Neonatal resuscitation
0.0,1.0,0.0,2.85673475217826e-05,-2.85673475217826e-05,Nephrogenic Diabetes Insipidus
0.0,1.0,0.0,2.85673475217826e-05,-2.85673475217826e-05,Nephrogenic diabetes insipidus
0.0,1.0,0.0,2.85673475217826e-05,-2.85673475217826e-05,Left atrium
0.0,1.0,0.0,2.85673475217826e-05,-2.85673475217826e-05,Left atrial enlargement
0.0,1.0,0.0,2.85673475217826e-05,-2.85673475217826e-05,Nephrolithiasis
0.0,1.0,0.0,2.85673475217826e-05,-2.85673475217826e-05,Leber hereditary optic neuropathy
0.0,1.0,0.0,2.85673475217826e-05,-2.85673475217826e-05,Learning theory
0.0,1.0,0.0,2.85673475217826e-05,-2.85673475217826e-05,Learning Theory
0.0,1.0,0.0,2.85673475217826e-05,-2.85673475217826e-05,Nephron Physiology
0.0,1.0,0.0,2.85673475217826e-05,-2.85673475217826e-05,Nephron Transport
0.0,1.0,0.0,2.85673475217826e-05,-2.85673475217826e-05,Lead apron thickness
0.0,1.0,0.0,2.85673475217826e-05,-2.85673475217826e-05,Nephrosclerosis
0.0,1.0,0.0,2.85673475217826e-05,-2.85673475217826e-05,Meningococcal Vaccine
0.0,1.0,0.0,2.85673475217826e-05,-2.85673475217826e-05,Legal aspects of injury
0.0,1.0,0.0,2.85673475217826e-05,-2.85673475217826e-05,Nail dystrophy
0.0,1.0,0.0,2.85673475217826e-05,-2.85673475217826e-05,Medicolegal autopsy
0.0,1.0,0.0,2.85673475217826e-05,-2.85673475217826e-05,Neonatal Mortality
0.0,1.0,0.0,2.85673475217826e-05,-2.85673475217826e-05,Neonatal Ophthalmology
0.0,1.0,0.0,2.85673475217826e-05,-2.85673475217826e-05,Levels of health care
0.0,1.0,0.0,2.85673475217826e-05,-2.85673475217826e-05,Neonatal Sepsis
0.0,1.0,0.0,2.85673475217826e-05,-2.85673475217826e-05,Levator palpebrae superioris
0.0,1.0,0.0,2.85673475217826e-05,-2.85673475217826e-05,Neonatal Skin
0.0,1.0,0.0,2.85673475217826e-05,-2.85673475217826e-05,Leukotriene receptors
0.0,1.0,0.0,2.85673475217826e-05,-2.85673475217826e-05,Leukoerythroblastic Picture
0.0,1.0,0.0,2.85673475217826e-05,-2.85673475217826e-05,Neonatal Surgery
0.0,1.0,0.0,2.85673475217826e-05,-2.85673475217826e-05,Meniscal injuries
0.0,1.0,0.0,2.85673475217826e-05,-2.85673475217826e-05,Leukocyte physiology
0.0,1.0,0.0,2.85673475217826e-05,-2.85673475217826e-05,Leukocyte biology
0.0,1.0,0.0,2.85673475217826e-05,-2.85673475217826e-05,Leukaemia Complications
0.0,1.0,0.0,2.85673475217826e-05,-2.85673475217826e-05,Neonatal physiology
0.0,1.0,0.0,2.85673475217826e-05,-2.85673475217826e-05,Neonatal deaths
0.0,1.0,0.0,2.85673475217826e-05,-2.85673475217826e-05,Leukaemia
0.0,1.0,0.0,2.85673475217826e-05,-2.85673475217826e-05,Meniscal Injuries
0.0,1.0,0.0,2.85673475217826e-05,-2.85673475217826e-05,Neonatal dermatology
0.0,1.0,0.0,2.85673475217826e-05,-2.85673475217826e-05,Neonatal head swelling
0.0,1.0,0.0,2.85673475217826e-05,-2.85673475217826e-05,Legionella
0.0,1.0,0.0,2.85673475217826e-05,-2.85673475217826e-05,Neonatal meningitis
0.0,1.0,0.0,2.85673475217826e-05,-2.85673475217826e-05,Legg-Calve-Perthes Disease
0.0,1.0,0.0,2.85673475217826e-05,-2.85673475217826e-05,Legal definitions
0.0,1.0,0.0,2.85673475217826e-05,-2.85673475217826e-05,Mediastinal Disorders
0.0,1.0,0.0,2.85673475217826e-05,-2.85673475217826e-05,Legal aspects of marriage
0.0,1.0,0.0,2.85673475217826e-05,-2.85673475217826e-05,Neonatal metabolism
0.0,1.0,0.0,2.85673475217826e-05,-2.85673475217826e-05,Ldh Isoforms
0.0,1.0,0.0,2.85673475217826e-05,-2.85673475217826e-05,Nephrotic Syndrome
0.0,1.0,0.0,2.85673475217826e-05,-2.85673475217826e-05,Lateral epicondylitis
0.0,1.0,0.0,2.85673475217826e-05,-2.85673475217826e-05,Laparoscopic Instrumentation
0.0,1.0,0.0,2.85673475217826e-05,-2.85673475217826e-05,Nerve involvement
0.0,1.0,0.0,2.85673475217826e-05,-2.85673475217826e-05,Laryngeal Membranes
0.0,1.0,0.0,2.85673475217826e-05,-2.85673475217826e-05,Laryngeal Innervation
0.0,1.0,0.0,2.85673475217826e-05,-2.85673475217826e-05,Laryngeal Diseases
0.0,1.0,0.0,2.85673475217826e-05,-2.85673475217826e-05,Nervous Tissue
0.0,1.0,0.0,2.85673475217826e-05,-2.85673475217826e-05,Laryngeal Carcinoma
0.0,1.0,0.0,2.85673475217826e-05,-2.85673475217826e-05,Large bowel obstruction
0.0,1.0,0.0,2.85673475217826e-05,-2.85673475217826e-05,Nervous tissue
0.0,1.0,0.0,2.85673475217826e-05,-2.85673475217826e-05,Large Bowel Obstruction
0.0,1.0,0.0,2.85673475217826e-05,-2.85673475217826e-05,Neural Crest
0.0,1.0,0.0,2.85673475217826e-05,-2.85673475217826e-05,Laparoscopic complications
0.0,1.0,0.0,2.85673475217826e-05,-2.85673475217826e-05,Neuraxial Block
0.0,1.0,0.0,2.85673475217826e-05,-2.85673475217826e-05,Neuraxial Blockade
0.0,1.0,0.0,2.85673475217826e-05,-2.85673475217826e-05,Nephrotoxic Drugs
0.0,1.0,0.0,2.85673475217826e-05,-2.85673475217826e-05,Neuraxial block
0.0,1.0,0.0,2.85673475217826e-05,-2.85673475217826e-05,Neuraxial blockade
0.0,1.0,0.0,2.85673475217826e-05,-2.85673475217826e-05,Langer's lines
0.0,1.0,0.0,2.85673475217826e-05,-2.85673475217826e-05,Langer'S Lines
0.0,1.0,0.0,2.85673475217826e-05,-2.85673475217826e-05,Lamb Syndrome
0.0,1.0,0.0,2.85673475217826e-05,-2.85673475217826e-05,Medical Ethics And Law
0.0,1.0,0.0,2.85673475217826e-05,-2.85673475217826e-05,Lactate metabolism
0.0,1.0,0.0,2.85673475217826e-05,-2.85673475217826e-05,Lactate Metabolism
0.0,1.0,0.0,2.85673475217826e-05,-2.85673475217826e-05,Neuro-Otology
0.0,1.0,0.0,2.85673475217826e-05,-2.85673475217826e-05,Neuroanaesthesia
0.0,1.0,0.0,2.85673475217826e-05,-2.85673475217826e-05,Neurobiochemistry
0.0,1.0,0.0,2.85673475217826e-05,-2.85673475217826e-05,Lacrimal gland disorders
0.0,1.0,0.0,2.85673475217826e-05,-2.85673475217826e-05,Laryngeal Nerves
0.0,1.0,0.0,2.85673475217826e-05,-2.85673475217826e-05,Laryngeal Procedures
0.0,1.0,0.0,2.85673475217826e-05,-2.85673475217826e-05,Meningeal irritation
0.0,1.0,0.0,2.85673475217826e-05,-2.85673475217826e-05,Nerve injury classification
0.0,1.0,0.0,2.85673475217826e-05,-2.85673475217826e-05,Nephrotoxic drugs
0.0,1.0,0.0,2.85673475217826e-05,-2.85673475217826e-05,Lateral Epicondylitis
0.0,1.0,0.0,2.85673475217826e-05,-2.85673475217826e-05,Nernst equation
0.0,1.0,0.0,2.85673475217826e-05,-2.85673475217826e-05,Nerve And Muscle
0.0,1.0,0.0,2.85673475217826e-05,-2.85673475217826e-05,Nerve Blocks
0.0,1.0,0.0,2.85673475217826e-05,-2.85673475217826e-05,Lasers
0.0,1.0,0.0,2.85673475217826e-05,-2.85673475217826e-05,Nerve Compression
0.0,1.0,0.0,2.85673475217826e-05,-2.85673475217826e-05,Nerve Excitability
0.0,1.0,0.0,2.85673475217826e-05,-2.85673475217826e-05,Laser therapy
0.0,1.0,0.0,2.85673475217826e-05,-2.85673475217826e-05,Laryngomalacia
0.0,1.0,0.0,2.85673475217826e-05,-2.85673475217826e-05,Laryngectomy Rehabilitation
0.0,1.0,0.0,2.85673475217826e-05,-2.85673475217826e-05,Nerve Fiber Types
0.0,1.0,0.0,2.85673475217826e-05,-2.85673475217826e-05,Laryngectomy
0.0,1.0,0.0,2.85673475217826e-05,-2.85673475217826e-05,Nerve Fibers
0.0,1.0,0.0,2.85673475217826e-05,-2.85673475217826e-05,Nerve Innervation
0.0,1.0,0.0,2.85673475217826e-05,-2.85673475217826e-05,Nerve Root
0.0,1.0,0.0,2.85673475217826e-05,-2.85673475217826e-05,Nerve and muscle
0.0,1.0,0.0,2.85673475217826e-05,-2.85673475217826e-05,Laryngeal pathology
0.0,1.0,0.0,2.85673475217826e-05,-2.85673475217826e-05,Laryngeal nerve palsy
0.0,1.0,0.0,2.85673475217826e-05,-2.85673475217826e-05,Laryngeal membranes
0.0,1.0,0.0,2.85673475217826e-05,-2.85673475217826e-05,Nerve fiber classification
0.0,1.0,0.0,2.85673475217826e-05,-2.85673475217826e-05,Laryngeal malignancy
0.0,1.0,0.0,2.85673475217826e-05,-2.85673475217826e-05,Laryngeal carcinoma
0.0,1.0,0.0,2.85673475217826e-05,-2.85673475217826e-05,Laryngeal Tuberculosis
0.0,1.0,0.0,2.85673475217826e-05,-2.85673475217826e-05,Laryngeal Surgery
0.0,1.0,0.0,2.85673475217826e-05,-2.85673475217826e-05,Neonatal Meningitis
0.0,1.0,0.0,2.85673475217826e-05,-2.85673475217826e-05,Neonatal Intestinal Obstruction
0.0,1.0,0.0,2.85673475217826e-05,-2.85673475217826e-05,Levetiracetam
0.0,1.0,0.0,2.85673475217826e-05,-2.85673475217826e-05,Liver disease
0.0,1.0,0.0,2.85673475217826e-05,-2.85673475217826e-05,Liver segments
0.0,1.0,0.0,2.85673475217826e-05,-2.85673475217826e-05,Liver physiology
0.0,1.0,0.0,2.85673475217826e-05,-2.85673475217826e-05,Nasal septum perforation
0.0,1.0,0.0,2.85673475217826e-05,-2.85673475217826e-05,Liver injury
0.0,1.0,0.0,2.85673475217826e-05,-2.85673475217826e-05,Nasal septum surgery
0.0,1.0,0.0,2.85673475217826e-05,-2.85673475217826e-05,Meconium ileus
0.0,1.0,0.0,2.85673475217826e-05,-2.85673475217826e-05,Liver disorders
0.0,1.0,0.0,2.85673475217826e-05,-2.85673475217826e-05,Nasolacrimal Duct Obstruction
0.0,1.0,0.0,2.85673475217826e-05,-2.85673475217826e-05,Nasolacrimal duct obstruction
0.0,1.0,0.0,2.85673475217826e-05,-2.85673475217826e-05,Nasopharyngeal Angiofibroma
0.0,1.0,0.0,2.85673475217826e-05,-2.85673475217826e-05,Nasopharyngeal Carcinoma
0.0,1.0,0.0,2.85673475217826e-05,-2.85673475217826e-05,Nasopharyngeal carcinoma
0.0,1.0,0.0,2.85673475217826e-05,-2.85673475217826e-05,Nasopharynx Anatomy
0.0,1.0,0.0,2.85673475217826e-05,-2.85673475217826e-05,Lithotripsy
0.0,1.0,0.0,2.85673475217826e-05,-2.85673475217826e-05,Natalizumab
0.0,1.0,0.0,2.85673475217826e-05,-2.85673475217826e-05,National AIDS Control Programme
0.0,1.0,0.0,2.85673475217826e-05,-2.85673475217826e-05,National Aids Control Programme
0.0,1.0,0.0,2.85673475217826e-05,-2.85673475217826e-05,National Cancer Control Programme
0.0,1.0,0.0,2.85673475217826e-05,-2.85673475217826e-05,National Family Health Survey
0.0,1.0,0.0,2.85673475217826e-05,-2.85673475217826e-05,National Health Missions
0.0,1.0,0.0,2.85673475217826e-05,-2.85673475217826e-05,National Health Programme
0.0,1.0,0.0,2.85673475217826e-05,-2.85673475217826e-05,Menstrual Cycle Disorders
0.0,1.0,0.0,2.85673475217826e-05,-2.85673475217826e-05,National Program For Control Of Blindness
0.0,1.0,0.0,2.85673475217826e-05,-2.85673475217826e-05,Liver Biopsy
0.0,1.0,0.0,2.85673475217826e-05,-2.85673475217826e-05,National Program for Control of Blindness
0.0,1.0,0.0,2.85673475217826e-05,-2.85673475217826e-05,Menorrhagia Management
0.0,1.0,0.0,2.85673475217826e-05,-2.85673475217826e-05,Meconium Peritonitis
0.0,1.0,0.0,2.85673475217826e-05,-2.85673475217826e-05,Local Anaesthetic Adjuvants
0.0,1.0,0.0,2.85673475217826e-05,-2.85673475217826e-05,Local Anaesthetic Techniques
0.0,1.0,0.0,2.85673475217826e-05,-2.85673475217826e-05,Menstrual Cycle Hormones
0.0,1.0,0.0,2.85673475217826e-05,-2.85673475217826e-05,Menstrual Regulation
0.0,1.0,0.0,2.85673475217826e-05,-2.85673475217826e-05,Narcolepsy
0.0,1.0,0.0,2.85673475217826e-05,-2.85673475217826e-05,Lumbar disc prolapse
0.0,1.0,0.0,2.85673475217826e-05,-2.85673475217826e-05,Lumbar Region
0.0,1.0,0.0,2.85673475217826e-05,-2.85673475217826e-05,Nasal Bleeding
0.0,1.0,0.0,2.85673475217826e-05,-2.85673475217826e-05,Lumbar Disc Prolapse
0.0,1.0,0.0,2.85673475217826e-05,-2.85673475217826e-05,Meckel's diverticulum
0.0,1.0,0.0,2.85673475217826e-05,-2.85673475217826e-05,Loop Diuretics
0.0,1.0,0.0,2.85673475217826e-05,-2.85673475217826e-05,Nasal Discharge
0.0,1.0,0.0,2.85673475217826e-05,-2.85673475217826e-05,Nasal Foreign Body
0.0,1.0,0.0,2.85673475217826e-05,-2.85673475217826e-05,Long QT syndrome
0.0,1.0,0.0,2.85673475217826e-05,-2.85673475217826e-05,Long Bones
0.0,1.0,0.0,2.85673475217826e-05,-2.85673475217826e-05,Nasal Myiasis
0.0,1.0,0.0,2.85673475217826e-05,-2.85673475217826e-05,Nasal Neoplasms
0.0,1.0,0.0,2.85673475217826e-05,-2.85673475217826e-05,Locard's Principle
0.0,1.0,0.0,2.85673475217826e-05,-2.85673475217826e-05,Nasal Septum Perforation
0.0,1.0,0.0,2.85673475217826e-05,-2.85673475217826e-05,Local anesthetics
0.0,1.0,0.0,2.85673475217826e-05,-2.85673475217826e-05,Local anaesthetic techniques
0.0,1.0,0.0,2.85673475217826e-05,-2.85673475217826e-05,Meconium Ileus
0.0,1.0,0.0,2.85673475217826e-05,-2.85673475217826e-05,Nasal anatomy
0.0,1.0,0.0,2.85673475217826e-05,-2.85673475217826e-05,Local Excision
0.0,1.0,0.0,2.85673475217826e-05,-2.85673475217826e-05,Nasal discharge
0.0,1.0,0.0,2.85673475217826e-05,-2.85673475217826e-05,Nasal foreign body
0.0,1.0,0.0,2.85673475217826e-05,-2.85673475217826e-05,Nasal myiasis
0.0,1.0,0.0,2.85673475217826e-05,-2.85673475217826e-05,Local Anesthesia
0.0,1.0,0.0,2.85673475217826e-05,-2.85673475217826e-05,National Programme For Control Of Blindness
0.0,1.0,0.0,2.85673475217826e-05,-2.85673475217826e-05,National Programme for Control of Blindness
0.0,1.0,0.0,2.85673475217826e-05,-2.85673475217826e-05,Levonorgestrel IUD
0.0,1.0,0.0,2.85673475217826e-05,-2.85673475217826e-05,Limb Replantation Principles
0.0,1.0,0.0,2.85673475217826e-05,-2.85673475217826e-05,Neisseria Meningitidis Vaccine
0.0,1.0,0.0,2.85673475217826e-05,-2.85673475217826e-05,Neisseria meningitidis vaccine
0.0,1.0,0.0,2.85673475217826e-05,-2.85673475217826e-05,Lipid digestion
0.0,1.0,0.0,2.85673475217826e-05,-2.85673475217826e-05,Neonatal Anemia
0.0,1.0,0.0,2.85673475217826e-05,-2.85673475217826e-05,Lipid Lowering Drugs
0.0,1.0,0.0,2.85673475217826e-05,-2.85673475217826e-05,Limping Child
0.0,1.0,0.0,2.85673475217826e-05,-2.85673475217826e-05,Neonatal Bradycardia
0.0,1.0,0.0,2.85673475217826e-05,-2.85673475217826e-05,Neonatal Encephalopathy
0.0,1.0,0.0,2.85673475217826e-05,-2.85673475217826e-05,Neonatal Eye Disease
0.0,1.0,0.0,2.85673475217826e-05,-2.85673475217826e-05,Neonatal GI Disorders
0.0,1.0,0.0,2.85673475217826e-05,-2.85673475217826e-05,Neonatal GI disorders
0.0,1.0,0.0,2.85673475217826e-05,-2.85673475217826e-05,Limb Salvage
0.0,1.0,0.0,2.85673475217826e-05,-2.85673475217826e-05,Neonatal Head Swelling
0.0,1.0,0.0,2.85673475217826e-05,-2.85673475217826e-05,National Screening Programs
0.0,1.0,0.0,2.85673475217826e-05,-2.85673475217826e-05,Menopausal Hormone Therapy
0.0,1.0,0.0,2.85673475217826e-05,-2.85673475217826e-05,Lifestyle modifications
0.0,1.0,0.0,2.85673475217826e-05,-2.85673475217826e-05,Lie detection
0.0,1.0,0.0,2.85673475217826e-05,-2.85673475217826e-05,Lids and lacrimal apparatus
0.0,1.0,0.0,2.85673475217826e-05,-2.85673475217826e-05,Neonatal Hyperbilirubinemia
0.0,1.0,0.0,2.85673475217826e-05,-2.85673475217826e-05,Neonatal Hypoglycemia
0.0,1.0,0.0,2.85673475217826e-05,-2.85673475217826e-05,Lid disorders
0.0,1.0,0.0,2.85673475217826e-05,-2.85673475217826e-05,Lid Disorders
0.0,1.0,0.0,2.85673475217826e-05,-2.85673475217826e-05,Neonatal Immunity
0.0,1.0,0.0,2.85673475217826e-05,-2.85673475217826e-05,Lichen sclerosus
0.0,1.0,0.0,2.85673475217826e-05,-2.85673475217826e-05,Li-Fraumeni syndrome
0.0,1.0,0.0,2.85673475217826e-05,-2.85673475217826e-05,Li-Fraumeni Syndrome
0.0,1.0,0.0,2.85673475217826e-05,-2.85673475217826e-05,Neglected Tropical Diseases
0.0,1.0,0.0,2.85673475217826e-05,-2.85673475217826e-05,Lipid lowering drugs
0.0,1.0,0.0,2.85673475217826e-05,-2.85673475217826e-05,Lipid-Lowering Agents
0.0,1.0,0.0,2.85673475217826e-05,-2.85673475217826e-05,Lipid-lowering agents
0.0,1.0,0.0,2.85673475217826e-05,-2.85673475217826e-05,National TB Elimination Program
0.0,1.0,0.0,2.85673475217826e-05,-2.85673475217826e-05,National Tb Elimination Program
0.0,1.0,0.0,2.85673475217826e-05,-2.85673475217826e-05,Natural Family Planning
0.0,1.0,0.0,2.85673475217826e-05,-2.85673475217826e-05,Natural family planning
0.0,1.0,0.0,2.85673475217826e-05,-2.85673475217826e-05,Lithium Toxicity
0.0,1.0,0.0,2.85673475217826e-05,-2.85673475217826e-05,Lithium Side Effects
0.0,1.0,0.0,2.85673475217826e-05,-2.85673475217826e-05,Literacy rate
0.0,1.0,0.0,2.85673475217826e-05,-2.85673475217826e-05,Neck Radiography
0.0,1.0,0.0,2.85673475217826e-05,-2.85673475217826e-05,Menopause management
0.0,1.0,0.0,2.85673475217826e-05,-2.85673475217826e-05,Neck Triangles
0.0,1.0,0.0,2.85673475217826e-05,-2.85673475217826e-05,Neck Vasculature
0.0,1.0,0.0,2.85673475217826e-05,-2.85673475217826e-05,Neck anatomy
0.0,1.0,0.0,2.85673475217826e-05,-2.85673475217826e-05,Neck injuries
0.0,1.0,0.0,2.85673475217826e-05,-2.85673475217826e-05,Literacy Rate
0.0,1.0,0.0,2.85673475217826e-05,-2.85673475217826e-05,Neck radiography
0.0,1.0,0.0,2.85673475217826e-05,-2.85673475217826e-05,Lipoprotein disorders
0.0,1.0,0.0,2.85673475217826e-05,-2.85673475217826e-05,Lipoprotein
0.0,1.0,0.0,2.85673475217826e-05,-2.85673475217826e-05,Necrobacillosis
0.0,1.0,0.0,2.85673475217826e-05,-2.85673475217826e-05,Necrotizing Fasciitis
0.0,1.0,0.0,2.85673475217826e-05,-2.85673475217826e-05,Lipoid proteinosis
0.0,1.0,0.0,2.85673475217826e-05,-2.85673475217826e-05,Meconium peritonitis
0.0,1.0,0.0,2.85673475217826e-05,-2.85673475217826e-05,Median Nerve
0.0,1.0,0.0,2.85673475217826e-05,-2.85673475217826e-05,Lipogenesis
0.0,1.0,0.0,2.85673475217826e-05,-2.85673475217826e-05,Lipids and Membranes
0.0,1.0,0.0,2.85673475217826e-05,-2.85673475217826e-05,Lipids And Membranes
0.0,1.0,0.0,2.85673475217826e-05,-2.85673475217826e-05,Leukocyte adhesion
0.0,1.0,0.0,2.85673475217826e-05,-2.85673475217826e-05,Physiological changes
0.0,1.0,0.0,2.85673475217826e-05,-2.85673475217826e-05,Oral Manifestations
0.0,1.0,0.0,2.85673475217826e-05,-2.85673475217826e-05,Surgical Wounds
0.0,1.0,0.0,2.85673475217826e-05,-2.85673475217826e-05,Surgical technology
0.0,1.0,0.0,2.85673475217826e-05,-2.85673475217826e-05,Surgical technique
0.0,1.0,0.0,2.85673475217826e-05,-2.85673475217826e-05,Surgical nomenclature
0.0,1.0,0.0,2.85673475217826e-05,-2.85673475217826e-05,Surgical margins
0.0,1.0,0.0,2.85673475217826e-05,-2.85673475217826e-05,Surgical indications
0.0,1.0,0.0,2.85673475217826e-05,-2.85673475217826e-05,Surgical classification
0.0,1.0,0.0,2.85673475217826e-05,-2.85673475217826e-05,Surgical approaches
0.0,1.0,0.0,2.85673475217826e-05,-2.85673475217826e-05,Surgical anatomy
0.0,1.0,0.0,2.85673475217826e-05,-2.85673475217826e-05,Surgical Positioning
0.0,1.0,0.0,2.85673475217826e-05,-2.85673475217826e-05,Sustained release
0.0,1.0,0.0,2.85673475217826e-05,-2.85673475217826e-05,Surgical Physiology
0.0,1.0,0.0,2.85673475217826e-05,-2.85673475217826e-05,Surgical Management of ITP
0.0,1.0,0.0,2.85673475217826e-05,-2.85673475217826e-05,Surgical Management Of Itp
0.0,1.0,0.0,2.85673475217826e-05,-2.85673475217826e-05,Surgical Indications
0.0,1.0,0.0,2.85673475217826e-05,-2.85673475217826e-05,Surgical Equipment
0.0,1.0,0.0,2.85673475217826e-05,-2.85673475217826e-05,Surgical Dressings
0.0,1.0,0.0,2.85673475217826e-05,-2.85673475217826e-05,Surgical Blades
0.0,1.0,0.0,2.85673475217826e-05,-2.85673475217826e-05,Surgical Approaches
0.0,1.0,0.0,2.85673475217826e-05,-2.85673475217826e-05,Sustained Release
0.0,1.0,0.0,2.85673475217826e-05,-2.85673475217826e-05,Suturing techniques
0.0,1.0,0.0,2.85673475217826e-05,-2.85673475217826e-05,Supply Chain
0.0,1.0,0.0,2.85673475217826e-05,-2.85673475217826e-05,Syndromic deafness
0.0,1.0,0.0,2.85673475217826e-05,-2.85673475217826e-05,Systemic antifungal agents
0.0,1.0,0.0,2.85673475217826e-05,-2.85673475217826e-05,Systemic Retinoids
0.0,1.0,0.0,2.85673475217826e-05,-2.85673475217826e-05,Systemic Granulomatous Diseases
0.0,1.0,0.0,2.85673475217826e-05,-2.85673475217826e-05,Systemic Diseases with Ocular Manifestations
0.0,1.0,0.0,2.85673475217826e-05,-2.85673475217826e-05,Systemic Antifungal Agents
0.0,1.0,0.0,2.85673475217826e-05,-2.85673475217826e-05,Synthetic Pyrethroids
0.0,1.0,0.0,2.85673475217826e-05,-2.85673475217826e-05,Synovial fluid analysis
0.0,1.0,0.0,2.85673475217826e-05,-2.85673475217826e-05,Syndromic management
0.0,1.0,0.0,2.85673475217826e-05,-2.85673475217826e-05,Symptoms
0.0,1.0,0.0,2.85673475217826e-05,-2.85673475217826e-05,Swajaldhara Programme
0.0,1.0,0.0,2.85673475217826e-05,-2.85673475217826e-05,Symptomatic Management
0.0,1.0,0.0,2.85673475217826e-05,-2.85673475217826e-05,Symptom Analysis
0.0,1.0,0.0,2.85673475217826e-05,-2.85673475217826e-05,Sympathomimetics
0.0,1.0,0.0,2.85673475217826e-05,-2.85673475217826e-05,Sympathomimetic drugs
0.0,1.0,0.0,2.85673475217826e-05,-2.85673475217826e-05,Sympathomimetic Drugs
0.0,1.0,0.0,2.85673475217826e-05,-2.85673475217826e-05,Sympathetic nervous system
0.0,1.0,0.0,2.85673475217826e-05,-2.85673475217826e-05,Sympathetic Ophthalmitis
0.0,1.0,0.0,2.85673475217826e-05,-2.85673475217826e-05,Sydenham Chorea Management
0.0,1.0,0.0,2.85673475217826e-05,-2.85673475217826e-05,Surfactant
0.0,1.0,0.0,2.85673475217826e-05,-2.85673475217826e-05,Supernumerary teeth
0.0,1.0,0.0,2.85673475217826e-05,-2.85673475217826e-05,Oral Rehydration Therapy
0.0,1.0,0.0,2.85673475217826e-05,-2.85673475217826e-05,Strawberry tongue
0.0,1.0,0.0,2.85673475217826e-05,-2.85673475217826e-05,Stress physiology
0.0,1.0,0.0,2.85673475217826e-05,-2.85673475217826e-05,Stress Ulcer
0.0,1.0,0.0,2.85673475217826e-05,-2.85673475217826e-05,Stress Incontinence
0.0,1.0,0.0,2.85673475217826e-05,-2.85673475217826e-05,Streptogramins
0.0,1.0,0.0,2.85673475217826e-05,-2.85673475217826e-05,Streptococcus pneumoniae
0.0,1.0,0.0,2.85673475217826e-05,-2.85673475217826e-05,Streptococcus agalactiae
0.0,1.0,0.0,2.85673475217826e-05,-2.85673475217826e-05,Streptococcus Pneumoniae
0.0,1.0,0.0,2.85673475217826e-05,-2.85673475217826e-05,Streptococcus Agalactiae
0.0,1.0,0.0,2.85673475217826e-05,-2.85673475217826e-05,Strawberry Tongue
0.0,1.0,0.0,2.85673475217826e-05,-2.85673475217826e-05,Stuporous catatonia
0.0,1.0,0.0,2.85673475217826e-05,-2.85673475217826e-05,Strategic plan
0.0,1.0,0.0,2.85673475217826e-05,-2.85673475217826e-05,Strabismus diagnosis
0.0,1.0,0.0,2.85673475217826e-05,-2.85673475217826e-05,Stool calprotectin
0.0,1.0,0.0,2.85673475217826e-05,-2.85673475217826e-05,Stevens-Johnson syndrome
0.0,1.0,0.0,2.85673475217826e-05,-2.85673475217826e-05,Steroid Hormones
0.0,1.0,0.0,2.85673475217826e-05,-2.85673475217826e-05,Sternum
0.0,1.0,0.0,2.85673475217826e-05,-2.85673475217826e-05,Sterilization techniques
0.0,1.0,0.0,2.85673475217826e-05,-2.85673475217826e-05,Sterilization methods
0.0,1.0,0.0,2.85673475217826e-05,-2.85673475217826e-05,Strongyloides
0.0,1.0,0.0,2.85673475217826e-05,-2.85673475217826e-05,Subcellular Organelles
0.0,1.0,0.0,2.85673475217826e-05,-2.85673475217826e-05,Superior gluteal nerve
0.0,1.0,0.0,2.85673475217826e-05,-2.85673475217826e-05,Substance-Related and Addictive Disorders
0.0,1.0,0.0,2.85673475217826e-05,-2.85673475217826e-05,Superior Gluteal Nerve
0.0,1.0,0.0,2.85673475217826e-05,-2.85673475217826e-05,Suicide/homicide
0.0,1.0,0.0,2.85673475217826e-05,-2.85673475217826e-05,Suicide risk assessment
0.0,1.0,0.0,2.85673475217826e-05,-2.85673475217826e-05,Suicide and Self-Harm
0.0,1.0,0.0,2.85673475217826e-05,-2.85673475217826e-05,Suicide And Self-Harm
0.0,1.0,0.0,2.85673475217826e-05,-2.85673475217826e-05,Sugar Chemistry
0.0,1.0,0.0,2.85673475217826e-05,-2.85673475217826e-05,Sudden cardiac death
0.0,1.0,0.0,2.85673475217826e-05,-2.85673475217826e-05,Substance-induced psychosis
0.0,1.0,0.0,2.85673475217826e-05,-2.85673475217826e-05,Substance-Induced Psychosis
0.0,1.0,0.0,2.85673475217826e-05,-2.85673475217826e-05,Subcellular organelles
0.0,1.0,0.0,2.85673475217826e-05,-2.85673475217826e-05,Substance induced psychosis
0.0,1.0,0.0,2.85673475217826e-05,-2.85673475217826e-05,Substance dependence
0.0,1.0,0.0,2.85673475217826e-05,-2.85673475217826e-05,Substance Related Disorders
0.0,1.0,0.0,2.85673475217826e-05,-2.85673475217826e-05,Substance Induced Psychosis
0.0,1.0,0.0,2.85673475217826e-05,-2.85673475217826e-05,Substance Dependence
0.0,1.0,0.0,2.85673475217826e-05,-2.85673475217826e-05,Substance Abuse Symptoms
0.0,1.0,0.0,2.85673475217826e-05,-2.85673475217826e-05,Substance Abuse Pharmacology
0.0,1.0,0.0,2.85673475217826e-05,-2.85673475217826e-05,Subcutaneous mycoses
0.0,1.0,0.0,2.85673475217826e-05,-2.85673475217826e-05,Systemic circulation
0.0,1.0,0.0,2.85673475217826e-05,-2.85673475217826e-05,Systemic disease
0.0,1.0,0.0,2.85673475217826e-05,-2.85673475217826e-05,Systemic lupus erythematosus
0.0,1.0,0.0,2.85673475217826e-05,-2.85673475217826e-05,Thought disorder
0.0,1.0,0.0,2.85673475217826e-05,-2.85673475217826e-05,Thymoma Associations
0.0,1.0,0.0,2.85673475217826e-05,-2.85673475217826e-05,Thrombotic Thrombocytopenic Purpura
0.0,1.0,0.0,2.85673475217826e-05,-2.85673475217826e-05,Thrombopoietic Agents
0.0,1.0,0.0,2.85673475217826e-05,-2.85673475217826e-05,Thrombophilia
0.0,1.0,0.0,2.85673475217826e-05,-2.85673475217826e-05,Thrombolytic drugs
0.0,1.0,0.0,2.85673475217826e-05,-2.85673475217826e-05,Thrombolytic Drugs
0.0,1.0,0.0,2.85673475217826e-05,-2.85673475217826e-05,Thrombolytic Agents
0.0,1.0,0.0,2.85673475217826e-05,-2.85673475217826e-05,Thought disorders
0.0,1.0,0.0,2.85673475217826e-05,-2.85673475217826e-05,Thought Disorders
0.0,1.0,0.0,2.85673475217826e-05,-2.85673475217826e-05,Thyroglossal cyst
0.0,1.0,0.0,2.85673475217826e-05,-2.85673475217826e-05,Thought Disorder
0.0,1.0,0.0,2.85673475217826e-05,-2.85673475217826e-05,Thoracolumbar fascia
0.0,1.0,0.0,2.85673475217826e-05,-2.85673475217826e-05,Thoracolumbar Fascia
0.0,1.0,0.0,2.85673475217826e-05,-2.85673475217826e-05,Thoracic pathology
0.0,1.0,0.0,2.85673475217826e-05,-2.85673475217826e-05,Thoracic outlet syndrome
0.0,1.0,0.0,2.85673475217826e-05,-2.85673475217826e-05,Thoracic duct
0.0,1.0,0.0,2.85673475217826e-05,-2.85673475217826e-05,Thoracic Pathology
0.0,1.0,0.0,2.85673475217826e-05,-2.85673475217826e-05,Thoracic Inlet Anatomy
0.0,1.0,0.0,2.85673475217826e-05,-2.85673475217826e-05,Thyroglossal Cyst
0.0,1.0,0.0,2.85673475217826e-05,-2.85673475217826e-05,Thyroid Diseases
0.0,1.0,0.0,2.85673475217826e-05,-2.85673475217826e-05,Systemic sclerosis
0.0,1.0,0.0,2.85673475217826e-05,-2.85673475217826e-05,Thyroiditis
0.0,1.0,0.0,2.85673475217826e-05,-2.85673475217826e-05,Tomographic Imaging
0.0,1.0,0.0,2.85673475217826e-05,-2.85673475217826e-05,Tocolytics
0.0,1.0,0.0,2.85673475217826e-05,-2.85673475217826e-05,Tissue Repair
0.0,1.0,0.0,2.85673475217826e-05,-2.85673475217826e-05,Tinea versicolor
0.0,1.0,0.0,2.85673475217826e-05,-2.85673475217826e-05,Tinea Versicolor
0.0,1.0,0.0,2.85673475217826e-05,-2.85673475217826e-05,Tinea
0.0,1.0,0.0,2.85673475217826e-05,-2.85673475217826e-05,Time of death
0.0,1.0,0.0,2.85673475217826e-05,-2.85673475217826e-05,Tic Disorders
0.0,1.0,0.0,2.85673475217826e-05,-2.85673475217826e-05,Thyroidectomy Complications
0.0,1.0,0.0,2.85673475217826e-05,-2.85673475217826e-05,Thyroid Drugs
0.0,1.0,0.0,2.85673475217826e-05,-2.85673475217826e-05,Thyroidectomy
0.0,1.0,0.0,2.85673475217826e-05,-2.85673475217826e-05,Thyroid physiology
0.0,1.0,0.0,2.85673475217826e-05,-2.85673475217826e-05,Thyroid hormones
0.0,1.0,0.0,2.85673475217826e-05,-2.85673475217826e-05,Thyroid function tests
0.0,1.0,0.0,2.85673475217826e-05,-2.85673475217826e-05,Thyroid drugs
0.0,1.0,0.0,2.85673475217826e-05,-2.85673475217826e-05,Thyroid Physiology
0.0,1.0,0.0,2.85673475217826e-05,-2.85673475217826e-05,Thyroid Function Tests
0.0,1.0,0.0,2.85673475217826e-05,-2.85673475217826e-05,Thyroid Eye Disease
0.0,1.0,0.0,2.85673475217826e-05,-2.85673475217826e-05,Thoracic Ct
0.0,1.0,0.0,2.85673475217826e-05,-2.85673475217826e-05,Thoracic Cavity Anatomy
0.0,1.0,0.0,2.85673475217826e-05,-2.85673475217826e-05,Thoracic CT
0.0,1.0,0.0,2.85673475217826e-05,-2.85673475217826e-05,Tabes dorsalis
0.0,1.0,0.0,2.85673475217826e-05,-2.85673475217826e-05,Tear Film
0.0,1.0,0.0,2.85673475217826e-05,-2.85673475217826e-05,Taxation
0.0,1.0,0.0,2.85673475217826e-05,-2.85673475217826e-05,Tattoo
0.0,1.0,0.0,2.85673475217826e-05,-2.85673475217826e-05,Taste and smell
0.0,1.0,0.0,2.85673475217826e-05,-2.85673475217826e-05,Taste And Smell
0.0,1.0,0.0,2.85673475217826e-05,-2.85673475217826e-05,Tardive Dyskinesia
0.0,1.0,0.0,2.85673475217826e-05,-2.85673475217826e-05,Takayasu Arteritis
0.0,1.0,0.0,2.85673475217826e-05,-2.85673475217826e-05,Taeniasis
0.0,1.0,0.0,2.85673475217826e-05,-2.85673475217826e-05,TURP
0.0,1.0,0.0,2.85673475217826e-05,-2.85673475217826e-05,Thiamine Metabolism
0.0,1.0,0.0,2.85673475217826e-05,-2.85673475217826e-05,TNM staging
0.0,1.0,0.0,2.85673475217826e-05,-2.85673475217826e-05,TCA
0.0,1.0,0.0,2.85673475217826e-05,-2.85673475217826e-05,TAP block
0.0,1.0,0.0,2.85673475217826e-05,-2.85673475217826e-05,T-tubules
0.0,1.0,0.0,2.85673475217826e-05,-2.85673475217826e-05,T-cell mediated disease
0.0,1.0,0.0,2.85673475217826e-05,-2.85673475217826e-05,T cell immunity
0.0,1.0,0.0,2.85673475217826e-05,-2.85673475217826e-05,T Cell Immunity
0.0,1.0,0.0,2.85673475217826e-05,-2.85673475217826e-05,Systemic toxicity
0.0,1.0,0.0,2.85673475217826e-05,-2.85673475217826e-05,Tear film
0.0,1.0,0.0,2.85673475217826e-05,-2.85673475217826e-05,Telomerase
0.0,1.0,0.0,2.85673475217826e-05,-2.85673475217826e-05,Tendon Disorders
0.0,1.0,0.0,2.85673475217826e-05,-2.85673475217826e-05,Tendon injuries
0.0,1.0,0.0,2.85673475217826e-05,-2.85673475217826e-05,Thermal regulation
0.0,1.0,0.0,2.85673475217826e-05,-2.85673475217826e-05,Thermal injuries
0.0,1.0,0.0,2.85673475217826e-05,-2.85673475217826e-05,Therapeutic phlebotomy
0.0,1.0,0.0,2.85673475217826e-05,-2.85673475217826e-05,Therapeutic Apheresis
0.0,1.0,0.0,2.85673475217826e-05,-2.85673475217826e-05,Theca Lutein Cysts
0.0,1.0,0.0,2.85673475217826e-05,-2.85673475217826e-05,Testicular disorders
0.0,1.0,0.0,2.85673475217826e-05,-2.85673475217826e-05,Testicular descent
0.0,1.0,0.0,2.85673475217826e-05,-2.85673475217826e-05,Testicular Disorders
0.0,1.0,0.0,2.85673475217826e-05,-2.85673475217826e-05,Testicular Descent
0.0,1.0,0.0,2.85673475217826e-05,-2.85673475217826e-05,Test validity
0.0,1.0,0.0,2.85673475217826e-05,-2.85673475217826e-05,Tertiary health care
0.0,1.0,0.0,2.85673475217826e-05,-2.85673475217826e-05,Teratology
0.0,1.0,0.0,2.85673475217826e-05,-2.85673475217826e-05,Tensor tympani
0.0,1.0,0.0,2.85673475217826e-05,-2.85673475217826e-05,Tenon's space
0.0,1.0,0.0,2.85673475217826e-05,-2.85673475217826e-05,Tennis elbow
0.0,1.0,0.0,2.85673475217826e-05,-2.85673475217826e-05,Tennis Elbow
0.0,1.0,0.0,2.85673475217826e-05,-2.85673475217826e-05,Tendons & Bursae
0.0,1.0,0.0,2.85673475217826e-05,-2.85673475217826e-05,Sterilization Methods
0.0,1.0,0.0,2.85673475217826e-05,-2.85673475217826e-05,Sterile Pyuria
0.0,1.0,0.0,2.85673475217826e-05,-2.85673475217826e-05,Stereotactic radiosurgery
0.0,1.0,0.0,2.85673475217826e-05,-2.85673475217826e-05,Sinus Radiography
0.0,1.0,0.0,2.85673475217826e-05,-2.85673475217826e-05,Skeletal Traction
0.0,1.0,0.0,2.85673475217826e-05,-2.85673475217826e-05,Skeletal Muscle Relaxants
0.0,1.0,0.0,2.85673475217826e-05,-2.85673475217826e-05,Skeletal Anatomy
0.0,1.0,0.0,2.85673475217826e-05,-2.85673475217826e-05,Sjögren's syndrome
0.0,1.0,0.0,2.85673475217826e-05,-2.85673475217826e-05,Sjögren'S Syndrome
0.0,1.0,0.0,2.85673475217826e-05,-2.85673475217826e-05,Sjogren syndrome
0.0,1.0,0.0,2.85673475217826e-05,-2.85673475217826e-05,Site distribution
0.0,1.0,0.0,2.85673475217826e-05,-2.85673475217826e-05,Sirs
0.0,1.0,0.0,2.85673475217826e-05,-2.85673475217826e-05,Sinus Imaging
0.0,1.0,0.0,2.85673475217826e-05,-2.85673475217826e-05,Skeletal muscle
0.0,1.0,0.0,2.85673475217826e-05,-2.85673475217826e-05,Signs of live birth
0.0,1.0,0.0,2.85673475217826e-05,-2.85673475217826e-05,Signal transduction
0.0,1.0,0.0,2.85673475217826e-05,-2.85673475217826e-05,Sideroblastic anemia
0.0,1.0,0.0,2.85673475217826e-05,-2.85673475217826e-05,Side Effects
0.0,1.0,0.0,2.85673475217826e-05,-2.85673475217826e-05,Sickle cell disease complications
0.0,1.0,0.0,2.85673475217826e-05,-2.85673475217826e-05,Sialolithiasis
0.0,1.0,0.0,2.85673475217826e-05,-2.85673475217826e-05,Siadh Management
0.0,1.0,0.0,2.85673475217826e-05,-2.85673475217826e-05,Shrinking Lung Syndrome
0.0,1.0,0.0,2.85673475217826e-05,-2.85673475217826e-05,Skeletal dysplasias
0.0,1.0,0.0,2.85673475217826e-05,-2.85673475217826e-05,Skeletal radiology
0.0,1.0,0.0,2.85673475217826e-05,-2.85673475217826e-05,Small bowel surgery complications
0.0,1.0,0.0,2.85673475217826e-05,-2.85673475217826e-05,Skin neoplasms
0.0,1.0,0.0,2.85673475217826e-05,-2.85673475217826e-05,Small bowel disease
0.0,1.0,0.0,2.85673475217826e-05,-2.85673475217826e-05,Small Intestine
0.0,1.0,0.0,2.85673475217826e-05,-2.85673475217826e-05,Small Bowel Surgery Complications
0.0,1.0,0.0,2.85673475217826e-05,-2.85673475217826e-05,Skull and Facial Bones
0.0,1.0,0.0,2.85673475217826e-05,-2.85673475217826e-05,Skull Bones
0.0,1.0,0.0,2.85673475217826e-05,-2.85673475217826e-05,Skull Base Anatomy
0.0,1.0,0.0,2.85673475217826e-05,-2.85673475217826e-05,Skin reactions
0.0,1.0,0.0,2.85673475217826e-05,-2.85673475217826e-05,Skin physiology
0.0,1.0,0.0,2.85673475217826e-05,-2.85673475217826e-05,Skin manifestations
0.0,1.0,0.0,2.85673475217826e-05,-2.85673475217826e-05,Skin & Soft Tissue
0.0,1.0,0.0,2.85673475217826e-05,-2.85673475217826e-05,Skin innervation
0.0,1.0,0.0,2.85673475217826e-05,-2.85673475217826e-05,Skin cancers
0.0,1.0,0.0,2.85673475217826e-05,-2.85673475217826e-05,Skin and Soft Tissue
0.0,1.0,0.0,2.85673475217826e-05,-2.85673475217826e-05,Skin and Nail
0.0,1.0,0.0,2.85673475217826e-05,-2.85673475217826e-05,Skin Rashes
0.0,1.0,0.0,2.85673475217826e-05,-2.85673475217826e-05,Skin Manifestations
0.0,1.0,0.0,2.85673475217826e-05,-2.85673475217826e-05,Skin Cancers
0.0,1.0,0.0,2.85673475217826e-05,-2.85673475217826e-05,Skin And Soft Tissue
0.0,1.0,0.0,2.85673475217826e-05,-2.85673475217826e-05,Shoulder pathology
0.0,1.0,0.0,2.85673475217826e-05,-2.85673475217826e-05,Shoulder pain
0.0,1.0,0.0,2.85673475217826e-05,-2.85673475217826e-05,Shoulder muscles
0.0,1.0,0.0,2.85673475217826e-05,-2.85673475217826e-05,Sentinel Surveillance
0.0,1.0,0.0,2.85673475217826e-05,-2.85673475217826e-05,Sex Reassignment Surgery
0.0,1.0,0.0,2.85673475217826e-05,-2.85673475217826e-05,Severe preeclampsia
0.0,1.0,0.0,2.85673475217826e-05,-2.85673475217826e-05,Serum sickness
0.0,1.0,0.0,2.85673475217826e-05,-2.85673475217826e-05,Serum Sickness
0.0,1.0,0.0,2.85673475217826e-05,-2.85673475217826e-05,Serous otitis media
0.0,1.0,0.0,2.85673475217826e-05,-2.85673475217826e-05,Serotonin Syndrome
0.0,1.0,0.0,2.85673475217826e-05,-2.85673475217826e-05,Serotonin Receptors
0.0,1.0,0.0,2.85673475217826e-05,-2.85673475217826e-05,Sentinel lymph node biopsy
0.0,1.0,0.0,2.85673475217826e-05,-2.85673475217826e-05,Sentinel Lymph Node Biopsy
0.0,1.0,0.0,2.85673475217826e-05,-2.85673475217826e-05,Shoulder instability
0.0,1.0,0.0,2.85673475217826e-05,-2.85673475217826e-05,Sensory perception
0.0,1.0,0.0,2.85673475217826e-05,-2.85673475217826e-05,Sensory pathways
0.0,1.0,0.0,2.85673475217826e-05,-2.85673475217826e-05,Sensory System
0.0,1.0,0.0,2.85673475217826e-05,-2.85673475217826e-05,Sensorineural hearing loss
0.0,1.0,0.0,2.85673475217826e-05,-2.85673475217826e-05,Sensitivity
0.0,1.0,0.0,2.85673475217826e-05,-2.85673475217826e-05,Semitendinosus
0.0,1.0,0.0,2.85673475217826e-05,-2.85673475217826e-05,Seminal vesicles
0.0,1.0,0.0,2.85673475217826e-05,-2.85673475217826e-05,Semen detection
0.0,1.0,0.0,2.85673475217826e-05,-2.85673475217826e-05,Sexual Dysfunctions
0.0,1.0,0.0,2.85673475217826e-05,-2.85673475217826e-05,Sexual Response Cycle
0.0,1.0,0.0,2.85673475217826e-05,-2.85673475217826e-05,Sexual offenses
0.0,1.0,0.0,2.85673475217826e-05,-2.85673475217826e-05,Sexually Transmitted Diseases
0.0,1.0,0.0,2.85673475217826e-05,-2.85673475217826e-05,Shoulder impingement
0.0,1.0,0.0,2.85673475217826e-05,-2.85673475217826e-05,Shoulder disorders
0.0,1.0,0.0,2.85673475217826e-05,-2.85673475217826e-05,Shoulder dislocation
0.0,1.0,0.0,2.85673475217826e-05,-2.85673475217826e-05,Shoulder anatomy
0.0,1.0,0.0,2.85673475217826e-05,-2.85673475217826e-05,Shoulder Pathology
0.0,1.0,0.0,2.85673475217826e-05,-2.85673475217826e-05,Shoulder Movements
0.0,1.0,0.0,2.85673475217826e-05,-2.85673475217826e-05,Shoulder Instability
0.0,1.0,0.0,2.85673475217826e-05,-2.85673475217826e-05,Shoulder Impingement Syndrome
0.0,1.0,0.0,2.85673475217826e-05,-2.85673475217826e-05,Shoulder Examination
0.0,1.0,0.0,2.85673475217826e-05,-2.85673475217826e-05,Shoulder Clinical Tests
0.0,1.0,0.0,2.85673475217826e-05,-2.85673475217826e-05,Shoulder Anatomy
0.0,1.0,0.0,2.85673475217826e-05,-2.85673475217826e-05,Short bowel syndrome
0.0,1.0,0.0,2.85673475217826e-05,-2.85673475217826e-05,Shock management
0.0,1.0,0.0,2.85673475217826e-05,-2.85673475217826e-05,Shock Management
0.0,1.0,0.0,2.85673475217826e-05,-2.85673475217826e-05,Shipping navigation
0.0,1.0,0.0,2.85673475217826e-05,-2.85673475217826e-05,Shield material
0.0,1.0,0.0,2.85673475217826e-05,-2.85673475217826e-05,Sexually transmitted diseases
0.0,1.0,0.0,2.85673475217826e-05,-2.85673475217826e-05,Small bowel resection
0.0,1.0,0.0,2.85673475217826e-05,-2.85673475217826e-05,Small chain fatty acids
0.0,1.0,0.0,2.85673475217826e-05,-2.85673475217826e-05,Stereotactic Radiosurgery
0.0,1.0,0.0,2.85673475217826e-05,-2.85673475217826e-05,Spinal lesions
0.0,1.0,0.0,2.85673475217826e-05,-2.85673475217826e-05,Splenic Injury Management
0.0,1.0,0.0,2.85673475217826e-05,-2.85673475217826e-05,Splenic Artery
0.0,1.0,0.0,2.85673475217826e-05,-2.85673475217826e-05,Spleen location
0.0,1.0,0.0,2.85673475217826e-05,-2.85673475217826e-05,Spleen Pathology
0.0,1.0,0.0,2.85673475217826e-05,-2.85673475217826e-05,Spinothalamic tract
0.0,1.0,0.0,2.85673475217826e-05,-2.85673475217826e-05,Spinal reflexes
0.0,1.0,0.0,2.85673475217826e-05,-2.85673475217826e-05,Spinal nerves
0.0,1.0,0.0,2.85673475217826e-05,-2.85673475217826e-05,Spinal nerve lesions
0.0,1.0,0.0,2.85673475217826e-05,-2.85673475217826e-05,Spinal involvement
0.0,1.0,0.0,2.85673475217826e-05,-2.85673475217826e-05,Splenic injury
0.0,1.0,0.0,2.85673475217826e-05,-2.85673475217826e-05,Spinal injuries
0.0,1.0,0.0,2.85673475217826e-05,-2.85673475217826e-05,Spinal deformity
0.0,1.0,0.0,2.85673475217826e-05,-2.85673475217826e-05,Spinal cord segments
0.0,1.0,0.0,2.85673475217826e-05,-2.85673475217826e-05,Spinal cord lesions
0.0,1.0,0.0,2.85673475217826e-05,-2.85673475217826e-05,Spinal cord
0.0,1.0,0.0,2.85673475217826e-05,-2.85673475217826e-05,Spinal canal stenosis
0.0,1.0,0.0,2.85673475217826e-05,-2.85673475217826e-05,Spinal Reflexes
0.0,1.0,0.0,2.85673475217826e-05,-2.85673475217826e-05,Spinal Nerve Lesions
0.0,1.0,0.0,2.85673475217826e-05,-2.85673475217826e-05,Splenic Pathology
0.0,1.0,0.0,2.85673475217826e-05,-2.85673475217826e-05,Splenomegaly
0.0,1.0,0.0,2.85673475217826e-05,-2.85673475217826e-05,Small intestine
0.0,1.0,0.0,2.85673475217826e-05,-2.85673475217826e-05,Standardization of Rates
0.0,1.0,0.0,2.85673475217826e-05,-2.85673475217826e-05,Stereopsis
0.0,1.0,0.0,2.85673475217826e-05,-2.85673475217826e-05,Steeple sign
0.0,1.0,0.0,2.85673475217826e-05,-2.85673475217826e-05,Status epilepticus
0.0,1.0,0.0,2.85673475217826e-05,-2.85673475217826e-05,Status Epilepticus
0.0,1.0,0.0,2.85673475217826e-05,-2.85673475217826e-05,Starvation
0.0,1.0,0.0,2.85673475217826e-05,-2.85673475217826e-05,Staphylococcus aureus
0.0,1.0,0.0,2.85673475217826e-05,-2.85673475217826e-05,Staphylococcus Aureus
0.0,1.0,0.0,2.85673475217826e-05,-2.85673475217826e-05,Stapedius nerve supply
0.0,1.0,0.0,2.85673475217826e-05,-2.85673475217826e-05,Standardization Of Rates
0.0,1.0,0.0,2.85673475217826e-05,-2.85673475217826e-05,Splinting
0.0,1.0,0.0,2.85673475217826e-05,-2.85673475217826e-05,Staining Techniques
0.0,1.0,0.0,2.85673475217826e-05,-2.85673475217826e-05,Staining
0.0,1.0,0.0,2.85673475217826e-05,-2.85673475217826e-05,Stages of anaesthesia
0.0,1.0,0.0,2.85673475217826e-05,-2.85673475217826e-05,Stable angina
0.0,1.0,0.0,2.85673475217826e-05,-2.85673475217826e-05,Squint surgery
0.0,1.0,0.0,2.85673475217826e-05,-2.85673475217826e-05,Sports Medicine
0.0,1.0,0.0,2.85673475217826e-05,-2.85673475217826e-05,Sports Injuries
0.0,1.0,0.0,2.85673475217826e-05,-2.85673475217826e-05,Spondyloarthropathy
0.0,1.0,0.0,2.85673475217826e-05,-2.85673475217826e-05,Spinal Ligaments
0.0,1.0,0.0,2.85673475217826e-05,-2.85673475217826e-05,Spinal Injuries
0.0,1.0,0.0,2.85673475217826e-05,-2.85673475217826e-05,Spinal Deformity
0.0,1.0,0.0,2.85673475217826e-05,-2.85673475217826e-05,Social Welfare
0.0,1.0,0.0,2.85673475217826e-05,-2.85673475217826e-05,Soft Tissue Injury
0.0,1.0,0.0,2.85673475217826e-05,-2.85673475217826e-05,Soft Tissue Injuries
0.0,1.0,0.0,2.85673475217826e-05,-2.85673475217826e-05,Soft Tissue Disorders
0.0,1.0,0.0,2.85673475217826e-05,-2.85673475217826e-05,Sodium fluoride
0.0,1.0,0.0,2.85673475217826e-05,-2.85673475217826e-05,Sodium disorders
0.0,1.0,0.0,2.85673475217826e-05,-2.85673475217826e-05,Sodium channel blockers
0.0,1.0,0.0,2.85673475217826e-05,-2.85673475217826e-05,Socioeconomic Status
0.0,1.0,0.0,2.85673475217826e-05,-2.85673475217826e-05,Social cognition
0.0,1.0,0.0,2.85673475217826e-05,-2.85673475217826e-05,Social Stratification
0.0,1.0,0.0,2.85673475217826e-05,-2.85673475217826e-05,Spinal Cord Tracts
0.0,1.0,0.0,2.85673475217826e-05,-2.85673475217826e-05,Social Determinants of Health
0.0,1.0,0.0,2.85673475217826e-05,-2.85673475217826e-05,Social Cognition
0.0,1.0,0.0,2.85673475217826e-05,-2.85673475217826e-05,Smothering
0.0,1.0,0.0,2.85673475217826e-05,-2.85673475217826e-05,Smooth muscle
0.0,1.0,0.0,2.85673475217826e-05,-2.85673475217826e-05,Smoking Cessation
0.0,1.0,0.0,2.85673475217826e-05,-2.85673475217826e-05,Smoking
0.0,1.0,0.0,2.85673475217826e-05,-2.85673475217826e-05,Smegma Bacilli
0.0,1.0,0.0,2.85673475217826e-05,-2.85673475217826e-05,Small intestine imaging
0.0,1.0,0.0,2.85673475217826e-05,-2.85673475217826e-05,Soft tissue disorders
0.0,1.0,0.0,2.85673475217826e-05,-2.85673475217826e-05,Soft tissue injury
0.0,1.0,0.0,2.85673475217826e-05,-2.85673475217826e-05,Solid Waste Disposal
0.0,1.0,0.0,2.85673475217826e-05,-2.85673475217826e-05,Solid Waste Management
0.0,1.0,0.0,2.85673475217826e-05,-2.85673475217826e-05,Spinal Cord Injuries
0.0,1.0,0.0,2.85673475217826e-05,-2.85673475217826e-05,Spinal Cord Fibers
0.0,1.0,0.0,2.85673475217826e-05,-2.85673475217826e-05,Spinal Cord Disorders
0.0,1.0,0.0,2.85673475217826e-05,-2.85673475217826e-05,Spinal Anomalies
0.0,1.0,0.0,2.85673475217826e-05,-2.85673475217826e-05,Spinal Anesthesia Complications
0.0,1.0,0.0,2.85673475217826e-05,-2.85673475217826e-05,Spinal Anesthesia
0.0,1.0,0.0,2.85673475217826e-05,-2.85673475217826e-05,Sphingolipids
0.0,1.0,0.0,2.85673475217826e-05,-2.85673475217826e-05,Sperm physiology
0.0,1.0,0.0,2.85673475217826e-05,-2.85673475217826e-05,Specimen Collection
0.0,1.0,0.0,2.85673475217826e-05,-2.85673475217826e-05,Specific Phobia
0.0,1.0,0.0,2.85673475217826e-05,-2.85673475217826e-05,Spasticity management
0.0,1.0,0.0,2.85673475217826e-05,-2.85673475217826e-05,Space of Disse
0.0,1.0,0.0,2.85673475217826e-05,-2.85673475217826e-05,Somatostatin analogs
0.0,1.0,0.0,2.85673475217826e-05,-2.85673475217826e-05,Somatostatin Analogs
0.0,1.0,0.0,2.85673475217826e-05,-2.85673475217826e-05,Somatoform disorders
0.0,1.0,0.0,2.85673475217826e-05,-2.85673475217826e-05,Solitary pulmonary nodule
0.0,1.0,0.0,2.85673475217826e-05,-2.85673475217826e-05,Solitary Pulmonary Nodule
0.0,1.0,0.0,2.85673475217826e-05,-2.85673475217826e-05,Tongue Carcinoma
0.0,1.0,0.0,2.85673475217826e-05,-2.85673475217826e-05,Tonometry
0.0,1.0,0.0,2.85673475217826e-05,-2.85673475217826e-05,Tonsil
0.0,1.0,0.0,2.85673475217826e-05,-2.85673475217826e-05,Vitamin B1
0.0,1.0,0.0,2.85673475217826e-05,-2.85673475217826e-05,Vitamin transport
0.0,1.0,0.0,2.85673475217826e-05,-2.85673475217826e-05,Vitamin Metabolism
0.0,1.0,0.0,2.85673475217826e-05,-2.85673475217826e-05,Vitamin E Deficiency
0.0,1.0,0.0,2.85673475217826e-05,-2.85673475217826e-05,Vitamin C Deficiency
0.0,1.0,0.0,2.85673475217826e-05,-2.85673475217826e-05,Vitamin B2 Metabolism
0.0,1.0,0.0,2.85673475217826e-05,-2.85673475217826e-05,Vitamin B12 malabsorption
0.0,1.0,0.0,2.85673475217826e-05,-2.85673475217826e-05,Vitamin B12 deficiency
0.0,1.0,0.0,2.85673475217826e-05,-2.85673475217826e-05,Vitamin B12 Deficiency
0.0,1.0,0.0,2.85673475217826e-05,-2.85673475217826e-05,Vitamin A Metabolism
0.0,1.0,0.0,2.85673475217826e-05,-2.85673475217826e-05,Vitreous Diseases
0.0,1.0,0.0,2.85673475217826e-05,-2.85673475217826e-05,Vital statistics
0.0,1.0,0.0,2.85673475217826e-05,-2.85673475217826e-05,Visual pathways
0.0,1.0,0.0,2.85673475217826e-05,-2.85673475217826e-05,Visual pathway anatomy
0.0,1.0,0.0,2.85673475217826e-05,-2.85673475217826e-05,Visual field testing
0.0,1.0,0.0,2.85673475217826e-05,-2.85673475217826e-05,Visual disturbances
0.0,1.0,0.0,2.85673475217826e-05,-2.85673475217826e-05,Visual cycle
0.0,1.0,0.0,2.85673475217826e-05,-2.85673475217826e-05,Visual cortex
0.0,1.0,0.0,2.85673475217826e-05,-2.85673475217826e-05,Visual Pathways
0.0,1.0,0.0,2.85673475217826e-05,-2.85673475217826e-05,Vitrectomy
0.0,1.0,0.0,2.85673475217826e-05,-2.85673475217826e-05,Vitreous Disorders
0.0,1.0,0.0,2.85673475217826e-05,-2.85673475217826e-05,Warfarin
0.0,1.0,0.0,2.85673475217826e-05,-2.85673475217826e-05,Volvulus
0.0,1.0,0.0,2.85673475217826e-05,-2.85673475217826e-05,WHO Definitions
0.0,1.0,0.0,2.85673475217826e-05,-2.85673475217826e-05,Vulvar pathology
0.0,1.0,0.0,2.85673475217826e-05,-2.85673475217826e-05,Vulvar diseases
0.0,1.0,0.0,2.85673475217826e-05,-2.85673475217826e-05,Vulvar Diseases
0.0,1.0,0.0,2.85673475217826e-05,-2.85673475217826e-05,Vulvar Cancer
0.0,1.0,0.0,2.85673475217826e-05,-2.85673475217826e-05,Von Willebrand disease
0.0,1.0,0.0,2.85673475217826e-05,-2.85673475217826e-05,Von Willebrand Disease
0.0,1.0,0.0,2.85673475217826e-05,-2.85673475217826e-05,Vomiting
0.0,1.0,0.0,2.85673475217826e-05,-2.85673475217826e-05,Volume of Distribution
0.0,1.0,0.0,2.85673475217826e-05,-2.85673475217826e-05,Vitreous diseases
0.0,1.0,0.0,2.85673475217826e-05,-2.85673475217826e-05,Volume Of Distribution
0.0,1.0,0.0,2.85673475217826e-05,-2.85673475217826e-05,Volkmann Ischemic Contracture
0.0,1.0,0.0,2.85673475217826e-05,-2.85673475217826e-05,Voice rehabilitation
0.0,1.0,0.0,2.85673475217826e-05,-2.85673475217826e-05,Vocal cords
0.0,1.0,0.0,2.85673475217826e-05,-2.85673475217826e-05,Vocal cord muscles
0.0,1.0,0.0,2.85673475217826e-05,-2.85673475217826e-05,Vocal cord lesions
0.0,1.0,0.0,2.85673475217826e-05,-2.85673475217826e-05,Vocal Cord Lesions
0.0,1.0,0.0,2.85673475217826e-05,-2.85673475217826e-05,Vitreous humor
0.0,1.0,0.0,2.85673475217826e-05,-2.85673475217826e-05,Visual Pathway Lesions
0.0,1.0,0.0,2.85673475217826e-05,-2.85673475217826e-05,Visual Field Testing
0.0,1.0,0.0,2.85673475217826e-05,-2.85673475217826e-05,Visual Disturbances
0.0,1.0,0.0,2.85673475217826e-05,-2.85673475217826e-05,Vertical Gene Transfer
0.0,1.0,0.0,2.85673475217826e-05,-2.85673475217826e-05,Vestibular schwannoma
0.0,1.0,0.0,2.85673475217826e-05,-2.85673475217826e-05,Vestibular apparatus
0.0,1.0,0.0,2.85673475217826e-05,-2.85673475217826e-05,Vestibular Testing
0.0,1.0,0.0,2.85673475217826e-05,-2.85673475217826e-05,Vestibular Apparatus
0.0,1.0,0.0,2.85673475217826e-05,-2.85673475217826e-05,Vessel wall anatomy
0.0,1.0,0.0,2.85673475217826e-05,-2.85673475217826e-05,Vesiculobullous Lesions
0.0,1.0,0.0,2.85673475217826e-05,-2.85673475217826e-05,Vertigo
0.0,1.0,0.0,2.85673475217826e-05,-2.85673475217826e-05,Vertical transmission
0.0,1.0,0.0,2.85673475217826e-05,-2.85673475217826e-05,Vertebral Column
0.0,1.0,0.0,2.85673475217826e-05,-2.85673475217826e-05,Visual Cycle
0.0,1.0,0.0,2.85673475217826e-05,-2.85673475217826e-05,Verapamil
0.0,1.0,0.0,2.85673475217826e-05,-2.85673475217826e-05,Ventricular tachycardia
0.0,1.0,0.0,2.85673475217826e-05,-2.85673475217826e-05,Ventricular Tachycardia
0.0,1.0,0.0,2.85673475217826e-05,-2.85673475217826e-05,Ventricular System
0.0,1.0,0.0,2.85673475217826e-05,-2.85673475217826e-05,Ventilation-perfusion ratio
0.0,1.0,0.0,2.85673475217826e-05,-2.85673475217826e-05,Ventilation circuits
0.0,1.0,0.0,2.85673475217826e-05,-2.85673475217826e-05,Ventilation Circuits
0.0,1.0,0.0,2.85673475217826e-05,-2.85673475217826e-05,Venous ulcer
0.0,1.0,0.0,2.85673475217826e-05,-2.85673475217826e-05,Vestibular testing
0.0,1.0,0.0,2.85673475217826e-05,-2.85673475217826e-05,Vi antigen
0.0,1.0,0.0,2.85673475217826e-05,-2.85673475217826e-05,Vibrio Parahaemolyticus
0.0,1.0,0.0,2.85673475217826e-05,-2.85673475217826e-05,Vibrio parahaemolyticus
0.0,1.0,0.0,2.85673475217826e-05,-2.85673475217826e-05,Visual Analogue Scale
0.0,1.0,0.0,2.85673475217826e-05,-2.85673475217826e-05,Vision Loss
0.0,1.0,0.0,2.85673475217826e-05,-2.85673475217826e-05,Visceral leishmaniasis
0.0,1.0,0.0,2.85673475217826e-05,-2.85673475217826e-05,Virulence factors
0.0,1.0,0.0,2.85673475217826e-05,-2.85673475217826e-05,Viral retinitis
0.0,1.0,0.0,2.85673475217826e-05,-2.85673475217826e-05,Viral keratitis
0.0,1.0,0.0,2.85673475217826e-05,-2.85673475217826e-05,Viral inclusions
0.0,1.0,0.0,2.85673475217826e-05,-2.85673475217826e-05,Viral hepatitis
0.0,1.0,0.0,2.85673475217826e-05,-2.85673475217826e-05,Viral hemorrhagic fevers
0.0,1.0,0.0,2.85673475217826e-05,-2.85673475217826e-05,Viral diagnostics
0.0,1.0,0.0,2.85673475217826e-05,-2.85673475217826e-05,Viral culture
0.0,1.0,0.0,2.85673475217826e-05,-2.85673475217826e-05,Viral Perinatal Transmission
0.0,1.0,0.0,2.85673475217826e-05,-2.85673475217826e-05,Viral Pathology
0.0,1.0,0.0,2.85673475217826e-05,-2.85673475217826e-05,Viral Histopathology
0.0,1.0,0.0,2.85673475217826e-05,-2.85673475217826e-05,Viral Encephalitis
0.0,1.0,0.0,2.85673475217826e-05,-2.85673475217826e-05,Viral Classification
0.0,1.0,0.0,2.85673475217826e-05,-2.85673475217826e-05,Vinca alkaloids
0.0,1.0,0.0,2.85673475217826e-05,-2.85673475217826e-05,Warburg effect
0.0,1.0,0.0,2.85673475217826e-05,-2.85673475217826e-05,Warming technique
0.0,1.0,0.0,2.85673475217826e-05,-2.85673475217826e-05,Venous oxygen saturation
0.0,1.0,0.0,2.85673475217826e-05,-2.85673475217826e-05,Zollinger-Ellison syndrome
0.0,1.0,0.0,2.85673475217826e-05,-2.85673475217826e-05,clinical features
0.0,1.0,0.0,2.85673475217826e-05,-2.85673475217826e-05,cerebellar vermis deficiency
0.0,1.0,0.0,2.85673475217826e-05,-2.85673475217826e-05,cerebellar agenesis
0.0,1.0,0.0,2.85673475217826e-05,-2.85673475217826e-05,cardiac output
0.0,1.0,0.0,2.85673475217826e-05,-2.85673475217826e-05,caput succedaneum
0.0,1.0,0.0,2.85673475217826e-05,-2.85673475217826e-05,Zoonotic diseases
0.0,1.0,0.0,2.85673475217826e-05,-2.85673475217826e-05,Zoonotic Diseases
0.0,1.0,0.0,2.85673475217826e-05,-2.85673475217826e-05,Zonules
0.0,1.0,0.0,2.85673475217826e-05,-2.85673475217826e-05,Ziprasidone
0.0,1.0,0.0,2.85673475217826e-05,-2.85673475217826e-05,connective Tissue
0.0,1.0,0.0,2.85673475217826e-05,-2.85673475217826e-05,Zinc Supplementation
0.0,1.0,0.0,2.85673475217826e-05,-2.85673475217826e-05,Zenker diverticulum
0.0,1.0,0.0,2.85673475217826e-05,-2.85673475217826e-05,Zenker Diverticulum
0.0,1.0,0.0,2.85673475217826e-05,-2.85673475217826e-05,Yersinia pestis
0.0,1.0,0.0,2.85673475217826e-05,-2.85673475217826e-05,Yaws
0.0,1.0,0.0,2.85673475217826e-05,-2.85673475217826e-05,Xeroderma Pigmentosum
0.0,1.0,0.0,2.85673475217826e-05,-2.85673475217826e-05,Xenobiotics
0.0,1.0,0.0,2.85673475217826e-05,-2.85673475217826e-05,Xenobiotic metabolism
0.0,1.0,0.0,2.85673475217826e-05,-2.85673475217826e-05,complex febrile seizures
0.0,1.0,0.0,2.85673475217826e-05,-2.85673475217826e-05,diarrhoea
0.0,1.0,0.0,2.85673475217826e-05,-2.85673475217826e-05,Warmth sensation
0.0,1.0,0.0,2.85673475217826e-05,-2.85673475217826e-05,neonatal meningitis
0.0,1.0,0.0,2.85673475217826e-05,-2.85673475217826e-05,simple febrile seizures
0.0,1.0,0.0,2.85673475217826e-05,-2.85673475217826e-05,scalp swelling
0.0,1.0,0.0,2.85673475217826e-05,-2.85673475217826e-05,protein deficiency
0.0,1.0,0.0,2.85673475217826e-05,-2.85673475217826e-05,proprioception
0.0,1.0,0.0,2.85673475217826e-05,-2.85673475217826e-05,prematurity
0.0,1.0,0.0,2.85673475217826e-05,-2.85673475217826e-05,perianal crust
0.0,1.0,0.0,2.85673475217826e-05,-2.85673475217826e-05,p53
0.0,1.0,0.0,2.85673475217826e-05,-2.85673475217826e-05,occipital defect
0.0,1.0,0.0,2.85673475217826e-05,-2.85673475217826e-05,neonatal features
0.0,1.0,0.0,2.85673475217826e-05,-2.85673475217826e-05,hCG
0.0,1.0,0.0,2.85673475217826e-05,-2.85673475217826e-05,neonatal assessment
0.0,1.0,0.0,2.85673475217826e-05,-2.85673475217826e-05,myelomeningocele
0.0,1.0,0.0,2.85673475217826e-05,-2.85673475217826e-05,metabolic disorders
0.0,1.0,0.0,2.85673475217826e-05,-2.85673475217826e-05,meningitis
0.0,1.0,0.0,2.85673475217826e-05,-2.85673475217826e-05,infantile spasm
0.0,1.0,0.0,2.85673475217826e-05,-2.85673475217826e-05,infant incubator
0.0,1.0,0.0,2.85673475217826e-05,-2.85673475217826e-05,hydrocephalus
0.0,1.0,0.0,2.85673475217826e-05,-2.85673475217826e-05,heat exchange
0.0,1.0,0.0,2.85673475217826e-05,-2.85673475217826e-05,X-linked metabolic disorder
0.0,1.0,0.0,2.85673475217826e-05,-2.85673475217826e-05,X-linked inheritance
0.0,1.0,0.0,2.85673475217826e-05,-2.85673475217826e-05,X-Linked Inheritance
0.0,1.0,0.0,2.85673475217826e-05,-2.85673475217826e-05,Water sanitation
0.0,1.0,0.0,2.85673475217826e-05,-2.85673475217826e-05,Weight gain
0.0,1.0,0.0,2.85673475217826e-05,-2.85673475217826e-05,Weber's syndrome
0.0,1.0,0.0,2.85673475217826e-05,-2.85673475217826e-05,Weapons
0.0,1.0,0.0,2.85673475217826e-05,-2.85673475217826e-05,Waterhouse-Friderichsen syndrome
0.0,1.0,0.0,2.85673475217826e-05,-2.85673475217826e-05,Waterhouse-Friderichsen Syndrome
0.0,1.0,0.0,2.85673475217826e-05,-2.85673475217826e-05,Water testing
0.0,1.0,0.0,2.85673475217826e-05,-2.85673475217826e-05,Water supply and sanitation
0.0,1.0,0.0,2.85673475217826e-05,-2.85673475217826e-05,Water supply
0.0,1.0,0.0,2.85673475217826e-05,-2.85673475217826e-05,Water microbiology
0.0,1.0,0.0,2.85673475217826e-05,-2.85673475217826e-05,Wrist injuries
0.0,1.0,0.0,2.85673475217826e-05,-2.85673475217826e-05,Water and electrolyte balance
0.0,1.0,0.0,2.85673475217826e-05,-2.85673475217826e-05,Water Supply And Sanitation
0.0,1.0,0.0,2.85673475217826e-05,-2.85673475217826e-05,Water Quality Standards
0.0,1.0,0.0,2.85673475217826e-05,-2.85673475217826e-05,Water Pollution
0.0,1.0,0.0,2.85673475217826e-05,-2.85673475217826e-05,Water Microbiology
0.0,1.0,0.0,2.85673475217826e-05,-2.85673475217826e-05,Wastewater Treatment
0.0,1.0,0.0,2.85673475217826e-05,-2.85673475217826e-05,Waste Reduction
0.0,1.0,0.0,2.85673475217826e-05,-2.85673475217826e-05,Waste Classification
0.0,1.0,0.0,2.85673475217826e-05,-2.85673475217826e-05,Wernicke'S Encephalopathy
0.0,1.0,0.0,2.85673475217826e-05,-2.85673475217826e-05,Wernicke's Encephalopathy
0.0,1.0,0.0,2.85673475217826e-05,-2.85673475217826e-05,Wertheim's
0.0,1.0,0.0,2.85673475217826e-05,-2.85673475217826e-05,White fibers
0.0,1.0,0.0,2.85673475217826e-05,-2.85673475217826e-05,Wrist and Hand Conditions
0.0,1.0,0.0,2.85673475217826e-05,-2.85673475217826e-05,Wrist anatomy
0.0,1.0,0.0,2.85673475217826e-05,-2.85673475217826e-05,Wrist Osteochondritis
0.0,1.0,0.0,2.85673475217826e-05,-2.85673475217826e-05,Wrist Disorders
0.0,1.0,0.0,2.85673475217826e-05,-2.85673475217826e-05,Wrist And Hand Conditions
0.0,1.0,0.0,2.85673475217826e-05,-2.85673475217826e-05,Wounds and ulcers
0.0,1.0,0.0,2.85673475217826e-05,-2.85673475217826e-05,Wounds And Ulcers
0.0,1.0,0.0,2.85673475217826e-05,-2.85673475217826e-05,Wound repair
0.0,1.0,0.0,2.85673475217826e-05,-2.85673475217826e-05,Wound classification
0.0,1.0,0.0,2.85673475217826e-05,-2.85673475217826e-05,Wound Dehiscence
0.0,1.0,0.0,2.85673475217826e-05,-2.85673475217826e-05,Wound Complications
0.0,1.0,0.0,2.85673475217826e-05,-2.85673475217826e-05,Wound Classification
0.0,1.0,0.0,2.85673475217826e-05,-2.85673475217826e-05,Wound
0.0,1.0,0.0,2.85673475217826e-05,-2.85673475217826e-05,World Health Organization
0.0,1.0,0.0,2.85673475217826e-05,-2.85673475217826e-05,Wilson's disease
0.0,1.0,0.0,2.85673475217826e-05,-2.85673475217826e-05,Wilson'S Disease
0.0,1.0,0.0,2.85673475217826e-05,-2.85673475217826e-05,Whole body imaging
0.0,1.0,0.0,2.85673475217826e-05,-2.85673475217826e-05,Venous sinus thrombosis
0.0,1.0,0.0,2.85673475217826e-05,-2.85673475217826e-05,Venous Ulcer
0.0,1.0,0.0,2.85673475217826e-05,-2.85673475217826e-05,Tonsillar Pillar
0.0,1.0,0.0,2.85673475217826e-05,-2.85673475217826e-05,Typhoid fever treatment
0.0,1.0,0.0,2.85673475217826e-05,-2.85673475217826e-05,Umbilical Cord Insertion
0.0,1.0,0.0,2.85673475217826e-05,-2.85673475217826e-05,Ulcers
0.0,1.0,0.0,2.85673475217826e-05,-2.85673475217826e-05,Ubiquitin Proteasome Pathway
0.0,1.0,0.0,2.85673475217826e-05,-2.85673475217826e-05,UTI
0.0,1.0,0.0,2.85673475217826e-05,-2.85673475217826e-05,Tyrosinemia
0.0,1.0,0.0,2.85673475217826e-05,-2.85673475217826e-05,Tyrosine kinase inhibitors
0.0,1.0,0.0,2.85673475217826e-05,-2.85673475217826e-05,Typhus
0.0,1.0,0.0,2.85673475217826e-05,-2.85673475217826e-05,Typhoid treatment
0.0,1.0,0.0,2.85673475217826e-05,-2.85673475217826e-05,Typhoid Treatment
0.0,1.0,0.0,2.85673475217826e-05,-2.85673475217826e-05,Umbilical cord insertion
0.0,1.0,0.0,2.85673475217826e-05,-2.85673475217826e-05,Typhoid Fever Treatment
0.0,1.0,0.0,2.85673475217826e-05,-2.85673475217826e-05,Type 1 Diabetes
0.0,1.0,0.0,2.85673475217826e-05,-2.85673475217826e-05,Turner Syndrome
0.0,1.0,0.0,2.85673475217826e-05,-2.85673475217826e-05,Tuning fork tests
0.0,1.0,0.0,2.85673475217826e-05,-2.85673475217826e-05,Tubulopathies
0.0,1.0,0.0,2.85673475217826e-05,-2.85673475217826e-05,Tubulointerstitial Diseases
0.0,1.0,0.0,2.85673475217826e-05,-2.85673475217826e-05,Tubular Disorders
0.0,1.0,0.0,2.85673475217826e-05,-2.85673475217826e-05,Tuberous sclerosis
0.0,1.0,0.0,2.85673475217826e-05,-2.85673475217826e-05,Umbilical Structures
0.0,1.0,0.0,2.85673475217826e-05,-2.85673475217826e-05,Umbilical lesions
0.0,1.0,0.0,2.85673475217826e-05,-2.85673475217826e-05,Urethral Pathology
0.0,1.0,0.0,2.85673475217826e-05,-2.85673475217826e-05,Upper airway obstruction
0.0,1.0,0.0,2.85673475217826e-05,-2.85673475217826e-05,Urethra
0.0,1.0,0.0,2.85673475217826e-05,-2.85673475217826e-05,Ureteric anomaly
0.0,1.0,0.0,2.85673475217826e-05,-2.85673475217826e-05,Ureteric Stones
0.0,1.0,0.0,2.85673475217826e-05,-2.85673475217826e-05,Ureteric Anomaly
0.0,1.0,0.0,2.85673475217826e-05,-2.85673475217826e-05,Uremic neuropathy
0.0,1.0,0.0,2.85673475217826e-05,-2.85673475217826e-05,Uremic Neuropathy
0.0,1.0,0.0,2.85673475217826e-05,-2.85673475217826e-05,Uremia
0.0,1.0,0.0,2.85673475217826e-05,-2.85673475217826e-05,Upper cervical vertebrae
0.0,1.0,0.0,2.85673475217826e-05,-2.85673475217826e-05,Upper Lobe
0.0,1.0,0.0,2.85673475217826e-05,-2.85673475217826e-05,Umbilical structures
0.0,1.0,0.0,2.85673475217826e-05,-2.85673475217826e-05,Upper Gi Imaging
0.0,1.0,0.0,2.85673475217826e-05,-2.85673475217826e-05,Upper GI imaging
0.0,1.0,0.0,2.85673475217826e-05,-2.85673475217826e-05,Upper GI Imaging
0.0,1.0,0.0,2.85673475217826e-05,-2.85673475217826e-05,Upper GI Cancer
0.0,1.0,0.0,2.85673475217826e-05,-2.85673475217826e-05,Upper GI
0.0,1.0,0.0,2.85673475217826e-05,-2.85673475217826e-05,Upper Cervical Vertebrae
0.0,1.0,0.0,2.85673475217826e-05,-2.85673475217826e-05,Unfolded protein response
0.0,1.0,0.0,2.85673475217826e-05,-2.85673475217826e-05,Uncemented prosthesis
0.0,1.0,0.0,2.85673475217826e-05,-2.85673475217826e-05,Tuberculous Synovitis
0.0,1.0,0.0,2.85673475217826e-05,-2.85673475217826e-05,Tuberculous Arthritis
0.0,1.0,0.0,2.85673475217826e-05,-2.85673475217826e-05,Tuberculosis of hip
0.0,1.0,0.0,2.85673475217826e-05,-2.85673475217826e-05,Toxic Alcohol Poisoning
0.0,1.0,0.0,2.85673475217826e-05,-2.85673475217826e-05,Transient synovitis
0.0,1.0,0.0,2.85673475217826e-05,-2.85673475217826e-05,Transient Synovitis
0.0,1.0,0.0,2.85673475217826e-05,-2.85673475217826e-05,Transferases
0.0,1.0,0.0,2.85673475217826e-05,-2.85673475217826e-05,Trade commerce
0.0,1.0,0.0,2.85673475217826e-05,-2.85673475217826e-05,Tracts
0.0,1.0,0.0,2.85673475217826e-05,-2.85673475217826e-05,Toxocariasis
0.0,1.0,0.0,2.85673475217826e-05,-2.85673475217826e-05,Toxicity
0.0,1.0,0.0,2.85673475217826e-05,-2.85673475217826e-05,Toxic alcohol poisoning
0.0,1.0,0.0,2.85673475217826e-05,-2.85673475217826e-05,Topical therapy
0.0,1.0,0.0,2.85673475217826e-05,-2.85673475217826e-05,Tuberculosis Of Hip
0.0,1.0,0.0,2.85673475217826e-05,-2.85673475217826e-05,Topical corticosteroids
0.0,1.0,0.0,2.85673475217826e-05,-2.85673475217826e-05,Topical antifungals
0.0,1.0,0.0,2.85673475217826e-05,-2.85673475217826e-05,Topical antifungal agents
0.0,1.0,0.0,2.85673475217826e-05,-2.85673475217826e-05,Topical Therapy
0.0,1.0,0.0,2.85673475217826e-05,-2.85673475217826e-05,Topical Corticosteroids
0.0,1.0,0.0,2.85673475217826e-05,-2.85673475217826e-05,Topical Anaesthesia
0.0,1.0,0.0,2.85673475217826e-05,-2.85673475217826e-05,Tophi
0.0,1.0,0.0,2.85673475217826e-05,-2.85673475217826e-05,Tonsillar pillar
0.0,1.0,0.0,2.85673475217826e-05,-2.85673475217826e-05,Transmission Modes
0.0,1.0,0.0,2.85673475217826e-05,-2.85673475217826e-05,Transplant Complications
0.0,1.0,0.0,2.85673475217826e-05,-2.85673475217826e-05,Transplant rejection
0.0,1.0,0.0,2.85673475217826e-05,-2.85673475217826e-05,Transport Proteins
0.0,1.0,0.0,2.85673475217826e-05,-2.85673475217826e-05,Tubercular Otitis Media
0.0,1.0,0.0,2.85673475217826e-05,-2.85673475217826e-05,Tubal patency
0.0,1.0,0.0,2.85673475217826e-05,-2.85673475217826e-05,Trypanosomiasis
0.0,1.0,0.0,2.85673475217826e-05,-2.85673475217826e-05,True hermaphroditism
0.0,1.0,0.0,2.85673475217826e-05,-2.85673475217826e-05,Tropical Diseases
0.0,1.0,0.0,2.85673475217826e-05,-2.85673475217826e-05,Trisomy 21
0.0,1.0,0.0,2.85673475217826e-05,-2.85673475217826e-05,Trismus
0.0,1.0,0.0,2.85673475217826e-05,-2.85673475217826e-05,Trigeminal neuralgia
0.0,1.0,0.0,2.85673475217826e-05,-2.85673475217826e-05,Tricuspid atresia
0.0,1.0,0.0,2.85673475217826e-05,-2.85673475217826e-05,Tricuspid Valve
0.0,1.0,0.0,2.85673475217826e-05,-2.85673475217826e-05,Tribal Health
0.0,1.0,0.0,2.85673475217826e-05,-2.85673475217826e-05,Treatment resistance
0.0,1.0,0.0,2.85673475217826e-05,-2.85673475217826e-05,Treatment Resistance
0.0,1.0,0.0,2.85673475217826e-05,-2.85673475217826e-05,Treatment Protocols
0.0,1.0,0.0,2.85673475217826e-05,-2.85673475217826e-05,Trapezius
0.0,1.0,0.0,2.85673475217826e-05,-2.85673475217826e-05,Transverse Lie
0.0,1.0,0.0,2.85673475217826e-05,-2.85673475217826e-05,Transposons
0.0,1.0,0.0,2.85673475217826e-05,-2.85673475217826e-05,Urethral Imaging
0.0,1.0,0.0,2.85673475217826e-05,-2.85673475217826e-05,Urethritis
0.0,1.0,0.0,2.85673475217826e-05,-2.85673475217826e-05,Venous System
0.0,1.0,0.0,2.85673475217826e-05,-2.85673475217826e-05,Uterotonic drugs
0.0,1.0,0.0,2.85673475217826e-05,-2.85673475217826e-05,Vaccine preventable diseases
0.0,1.0,0.0,2.85673475217826e-05,-2.85673475217826e-05,Vaccine Preventable Diseases
0.0,1.0,0.0,2.85673475217826e-05,-2.85673475217826e-05,Vaccination campaigns
0.0,1.0,0.0,2.85673475217826e-05,-2.85673475217826e-05,VISC
0.0,1.0,0.0,2.85673475217826e-05,-2.85673475217826e-05,VBAC
0.0,1.0,0.0,2.85673475217826e-05,-2.85673475217826e-05,V/Q ratio
0.0,1.0,0.0,2.85673475217826e-05,-2.85673475217826e-05,Utilization Rate
0.0,1.0,0.0,2.85673475217826e-05,-2.85673475217826e-05,Uterotonics
0.0,1.0,0.0,2.85673475217826e-05,-2.85673475217826e-05,Uteroplacental Circulation
0.0,1.0,0.0,2.85673475217826e-05,-2.85673475217826e-05,Vaginal Bleeding
0.0,1.0,0.0,2.85673475217826e-05,-2.85673475217826e-05,Uterine surgery
0.0,1.0,0.0,2.85673475217826e-05,-2.85673475217826e-05,Uterine relaxation
0.0,1.0,0.0,2.85673475217826e-05,-2.85673475217826e-05,Uterine height
0.0,1.0,0.0,2.85673475217826e-05,-2.85673475217826e-05,Uterine fibroid
0.0,1.0,0.0,2.85673475217826e-05,-2.85673475217826e-05,Uterine Relaxation
0.0,1.0,0.0,2.85673475217826e-05,-2.85673475217826e-05,Uterine Receptivity
0.0,1.0,0.0,2.85673475217826e-05,-2.85673475217826e-05,Uterine Prolapse Management
0.0,1.0,0.0,2.85673475217826e-05,-2.85673475217826e-05,Uterine Ligaments
0.0,1.0,0.0,2.85673475217826e-05,-2.85673475217826e-05,Vaccine storage
0.0,1.0,0.0,2.85673475217826e-05,-2.85673475217826e-05,Vaginal Cysts
0.0,1.0,0.0,2.85673475217826e-05,-2.85673475217826e-05,Urethritis Causes
0.0,1.0,0.0,2.85673475217826e-05,-2.85673475217826e-05,Vancomycin
0.0,1.0,0.0,2.85673475217826e-05,-2.85673475217826e-05,Venous Sinus Thrombosis
0.0,1.0,0.0,2.85673475217826e-05,-2.85673475217826e-05,Venous Oxygen Saturation
0.0,1.0,0.0,2.85673475217826e-05,-2.85673475217826e-05,Veins
0.0,1.0,0.0,2.85673475217826e-05,-2.85673475217826e-05,Vector Biology
0.0,1.0,0.0,2.85673475217826e-05,-2.85673475217826e-05,Vbac
0.0,1.0,0.0,2.85673475217826e-05,-2.85673475217826e-05,Vasa previa
0.0,1.0,0.0,2.85673475217826e-05,-2.85673475217826e-05,Varicose Veins
0.0,1.0,0.0,2.85673475217826e-05,-2.85673475217826e-05,Variceal Bleeding
0.0,1.0,0.0,2.85673475217826e-05,-2.85673475217826e-05,Valve timing
0.0,1.0,0.0,2.85673475217826e-05,-2.85673475217826e-05,Vaginal Pathology
0.0,1.0,0.0,2.85673475217826e-05,-2.85673475217826e-05,Vagus Nerve
0.0,1.0,0.0,2.85673475217826e-05,-2.85673475217826e-05,Vaginal physiology
0.0,1.0,0.0,2.85673475217826e-05,-2.85673475217826e-05,Vaginal pathology
0.0,1.0,0.0,2.85673475217826e-05,-2.85673475217826e-05,Vaginal microbiology
0.0,1.0,0.0,2.85673475217826e-05,-2.85673475217826e-05,Vaginal length
0.0,1.0,0.0,2.85673475217826e-05,-2.85673475217826e-05,Vaginal delivery complications
0.0,1.0,0.0,2.85673475217826e-05,-2.85673475217826e-05,Vaginal changes
0.0,1.0,0.0,2.85673475217826e-05,-2.85673475217826e-05,Vaginal Surgery
0.0,1.0,0.0,2.85673475217826e-05,-2.85673475217826e-05,Uterine Height
0.0,1.0,0.0,2.85673475217826e-05,-2.85673475217826e-05,Uterine Causes of AUB
0.0,1.0,0.0,2.85673475217826e-05,-2.85673475217826e-05,Uterine Causes Of Aub
0.0,1.0,0.0,2.85673475217826e-05,-2.85673475217826e-05,Urinary pathology
0.0,1.0,0.0,2.85673475217826e-05,-2.85673475217826e-05,Urogenital Anatomy
0.0,1.0,0.0,2.85673475217826e-05,-2.85673475217826e-05,Urobilinogen
0.0,1.0,0.0,2.85673475217826e-05,-2.85673475217826e-05,Urine specific gravity
0.0,1.0,0.0,2.85673475217826e-05,-2.85673475217826e-05,Urine output
0.0,1.0,0.0,2.85673475217826e-05,-2.85673475217826e-05,Urine Concentration
0.0,1.0,0.0,2.85673475217826e-05,-2.85673475217826e-05,Urinary tract obstruction
0.0,1.0,0.0,2.85673475217826e-05,-2.85673475217826e-05,Urinary tract anatomy
0.0,1.0,0.0,2.85673475217826e-05,-2.85673475217826e-05,Urinary pharmacology
0.0,1.0,0.0,2.85673475217826e-05,-2.85673475217826e-05,Urinary diversion
0.0,1.0,0.0,2.85673475217826e-05,-2.85673475217826e-05,Uterine Artery
0.0,1.0,0.0,2.85673475217826e-05,-2.85673475217826e-05,Urinary Tract Anomalies
0.0,1.0,0.0,2.85673475217826e-05,-2.85673475217826e-05,Urinary System Pathology
0.0,1.0,0.0,2.85673475217826e-05,-2.85673475217826e-05,Urinary Pharmacology
0.0,1.0,0.0,2.85673475217826e-05,-2.85673475217826e-05,Urinary Pathology
0.0,1.0,0.0,2.85673475217826e-05,-2.85673475217826e-05,Urinary Obstruction
0.0,1.0,0.0,2.85673475217826e-05,-2.85673475217826e-05,Urinary Disorders
0.0,1.0,0.0,2.85673475217826e-05,-2.85673475217826e-05,Urinalysis
0.0,1.0,0.0,2.85673475217826e-05,-2.85673475217826e-05,Uricase
0.0,1.0,0.0,2.85673475217826e-05,-2.85673475217826e-05,Urogenital Neoplasms
0.0,1.0,0.0,2.85673475217826e-05,-2.85673475217826e-05,Urogenital Pathology
0.0,1.0,0.0,2.85673475217826e-05,-2.85673475217826e-05,Urogenital Pharmacology
0.0,1.0,0.0,2.85673475217826e-05,-2.85673475217826e-05,Urogenital anatomy
0.0,1.0,0.0,2.85673475217826e-05,-2.85673475217826e-05,Uterine Anatomy
0.0,1.0,0.0,2.85673475217826e-05,-2.85673475217826e-05,Uterine Abnormalities
0.0,1.0,0.0,2.85673475217826e-05,-2.85673475217826e-05,Usher Syndrome
0.0,1.0,0.0,2.85673475217826e-05,-2.85673475217826e-05,Urothelial carcinoma
0.0,1.0,0.0,2.85673475217826e-05,-2.85673475217826e-05,Urothelial Carcinoma
0.0,1.0,0.0,2.85673475217826e-05,-2.85673475217826e-05,Urological neoplasms
0.0,1.0,0.0,2.85673475217826e-05,-2.85673475217826e-05,Urological imaging
0.0,1.0,0.0,2.85673475217826e-05,-2.85673475217826e-05,Urological Symptoms
0.0,1.0,0.0,2.85673475217826e-05,-2.85673475217826e-05,Urological Pharmacology
0.0,1.0,0.0,2.85673475217826e-05,-2.85673475217826e-05,Urological Neoplasms
0.0,1.0,0.0,2.85673475217826e-05,-2.85673475217826e-05,Urological Drugs
0.0,1.0,0.0,2.85673475217826e-05,-2.85673475217826e-05,Urologic Oncology
0.0,1.0,0.0,2.85673475217826e-05,-2.85673475217826e-05,Urolithiasis imaging
0.0,1.0,0.0,2.85673475217826e-05,-2.85673475217826e-05,Urolithiasis Imaging
0.0,1.0,0.0,2.85673475217826e-05,-2.85673475217826e-05,Urogenital radiology
0.0,1.0,0.0,2.85673475217826e-05,-2.85673475217826e-05,Urogenital neoplasms
0.0,1.0,0.0,2.85673475217826e-05,-2.85673475217826e-05,Urogenital fistulas
0.0,1.0,0.0,2.85673475217826e-05,-2.85673475217826e-05,Semen Analysis
0.0,1.0,0.0,2.85673475217826e-05,-2.85673475217826e-05,Self-harm
0.0,1.0,0.0,2.85673475217826e-05,-2.85673475217826e-05,Self-Harm
0.0,1.0,0.0,2.85673475217826e-05,-2.85673475217826e-05,Peroxisome
0.0,1.0,0.0,2.85673475217826e-05,-2.85673475217826e-05,Phacoemulsification
0.0,1.0,0.0,2.85673475217826e-05,-2.85673475217826e-05,Phacodonesis
0.0,1.0,0.0,2.85673475217826e-05,-2.85673475217826e-05,Petrous Apicitis
0.0,1.0,0.0,2.85673475217826e-05,-2.85673475217826e-05,Pet Imaging
0.0,1.0,0.0,2.85673475217826e-05,-2.85673475217826e-05,Pessary management
0.0,1.0,0.0,2.85673475217826e-05,-2.85673475217826e-05,Pes Cavus
0.0,1.0,0.0,2.85673475217826e-05,-2.85673475217826e-05,Personal protective equipment
0.0,1.0,0.0,2.85673475217826e-05,-2.85673475217826e-05,Peroxisomes
0.0,1.0,0.0,2.85673475217826e-05,-2.85673475217826e-05,Peroxisomal disorder
0.0,1.0,0.0,2.85673475217826e-05,-2.85673475217826e-05,Phakic IOL complications
0.0,1.0,0.0,2.85673475217826e-05,-2.85673475217826e-05,Peroxisomal Disorder
0.0,1.0,0.0,2.85673475217826e-05,-2.85673475217826e-05,Peroneal tendons
0.0,1.0,0.0,2.85673475217826e-05,-2.85673475217826e-05,Perniosis
0.0,1.0,0.0,2.85673475217826e-05,-2.85673475217826e-05,Perjury
0.0,1.0,0.0,2.85673475217826e-05,-2.85673475217826e-05,Peritrichous flagellae
0.0,1.0,0.0,2.85673475217826e-05,-2.85673475217826e-05,Peritonsillar abscess
0.0,1.0,0.0,2.85673475217826e-05,-2.85673475217826e-05,Peritonsillar Abscess
0.0,1.0,0.0,2.85673475217826e-05,-2.85673475217826e-05,Peritoneal tuberculosis
0.0,1.0,0.0,2.85673475217826e-05,-2.85673475217826e-05,Phaeochromocytoma
0.0,1.0,0.0,2.85673475217826e-05,-2.85673475217826e-05,Phakic Iol Complications
0.0,1.0,0.0,2.85673475217826e-05,-2.85673475217826e-05,Pharyngeal arches
0.0,1.0,0.0,2.85673475217826e-05,-2.85673475217826e-05,Pharmacology of Diabetes
0.0,1.0,0.0,2.85673475217826e-05,-2.85673475217826e-05,Pharyngeal Carcinoma
0.0,1.0,0.0,2.85673475217826e-05,-2.85673475217826e-05,Pharyngeal Anatomy
0.0,1.0,0.0,2.85673475217826e-05,-2.85673475217826e-05,Pharmacotherapy
0.0,1.0,0.0,2.85673475217826e-05,-2.85673475217826e-05,Pharmacotherapeutics
0.0,1.0,0.0,2.85673475217826e-05,-2.85673475217826e-05,Pharmacology of substance abuse
0.0,1.0,0.0,2.85673475217826e-05,-2.85673475217826e-05,Pharmacology of intravenous anesthetics
0.0,1.0,0.0,2.85673475217826e-05,-2.85673475217826e-05,Pharmacology of intravenous anaesthetics
0.0,1.0,0.0,2.85673475217826e-05,-2.85673475217826e-05,Pharmacology of bone metabolism
0.0,1.0,0.0,2.85673475217826e-05,-2.85673475217826e-05,Pharmacology Of Substance Abuse
0.0,1.0,0.0,2.85673475217826e-05,-2.85673475217826e-05,Phakomatoses
0.0,1.0,0.0,2.85673475217826e-05,-2.85673475217826e-05,Pharmacology Of Intravenous Anesthetics
0.0,1.0,0.0,2.85673475217826e-05,-2.85673475217826e-05,Pharmacology Of Diabetes
0.0,1.0,0.0,2.85673475217826e-05,-2.85673475217826e-05,Pharmacology Of Bone Metabolism
0.0,1.0,0.0,2.85673475217826e-05,-2.85673475217826e-05,Pharmacological treatment
0.0,1.0,0.0,2.85673475217826e-05,-2.85673475217826e-05,Pharmacological effects
0.0,1.0,0.0,2.85673475217826e-05,-2.85673475217826e-05,Pharmacologic therapy
0.0,1.0,0.0,2.85673475217826e-05,-2.85673475217826e-05,Pharmacokinetic drug interactions
0.0,1.0,0.0,2.85673475217826e-05,-2.85673475217826e-05,Pharmacokinetic Drug Interactions
0.0,1.0,0.0,2.85673475217826e-05,-2.85673475217826e-05,Peritoneal ligaments
0.0,1.0,0.0,2.85673475217826e-05,-2.85673475217826e-05,Peritoneal cavity
0.0,1.0,0.0,2.85673475217826e-05,-2.85673475217826e-05,Peritoneal Tuberculosis
0.0,1.0,0.0,2.85673475217826e-05,-2.85673475217826e-05,Peptide bond
0.0,1.0,0.0,2.85673475217826e-05,-2.85673475217826e-05,Perinatal mortality
0.0,1.0,0.0,2.85673475217826e-05,-2.85673475217826e-05,Perinatal Mortality Rate
0.0,1.0,0.0,2.85673475217826e-05,-2.85673475217826e-05,Perinatal Mortality
0.0,1.0,0.0,2.85673475217826e-05,-2.85673475217826e-05,Perforation peritoneum
0.0,1.0,0.0,2.85673475217826e-05,-2.85673475217826e-05,Perforation Peritoneum
0.0,1.0,0.0,2.85673475217826e-05,-2.85673475217826e-05,Perforated Viscus
0.0,1.0,0.0,2.85673475217826e-05,-2.85673475217826e-05,Peptide structure
0.0,1.0,0.0,2.85673475217826e-05,-2.85673475217826e-05,Peptide hormones
0.0,1.0,0.0,2.85673475217826e-05,-2.85673475217826e-05,Peptide Structure
0.0,1.0,0.0,2.85673475217826e-05,-2.85673475217826e-05,Peritoneal Ligaments
0.0,1.0,0.0,2.85673475217826e-05,-2.85673475217826e-05,Pentose phosphate pathway
0.0,1.0,0.0,2.85673475217826e-05,-2.85673475217826e-05,Penile disorders
0.0,1.0,0.0,2.85673475217826e-05,-2.85673475217826e-05,Penile Lesions
0.0,1.0,0.0,2.85673475217826e-05,-2.85673475217826e-05,Penile Diseases
0.0,1.0,0.0,2.85673475217826e-05,-2.85673475217826e-05,Penile Carcinoma
0.0,1.0,0.0,2.85673475217826e-05,-2.85673475217826e-05,Penicillins
0.0,1.0,0.0,2.85673475217826e-05,-2.85673475217826e-05,Penetrating injury
0.0,1.0,0.0,2.85673475217826e-05,-2.85673475217826e-05,Pendred syndrome
0.0,1.0,0.0,2.85673475217826e-05,-2.85673475217826e-05,Perinatal transmission
0.0,1.0,0.0,2.85673475217826e-05,-2.85673475217826e-05,Perineal Muscles
0.0,1.0,0.0,2.85673475217826e-05,-2.85673475217826e-05,Perineal Surgery
0.0,1.0,0.0,2.85673475217826e-05,-2.85673475217826e-05,Perineal Tear Classification
0.0,1.0,0.0,2.85673475217826e-05,-2.85673475217826e-05,Peritoneal Cavity
0.0,1.0,0.0,2.85673475217826e-05,-2.85673475217826e-05,Peripheral neuropathies
0.0,1.0,0.0,2.85673475217826e-05,-2.85673475217826e-05,Peripheral nerve excitability
0.0,1.0,0.0,2.85673475217826e-05,-2.85673475217826e-05,Peripheral nerve entrapment
0.0,1.0,0.0,2.85673475217826e-05,-2.85673475217826e-05,Peripheral artery disease
0.0,1.0,0.0,2.85673475217826e-05,-2.85673475217826e-05,Peripheral arterial disease
0.0,1.0,0.0,2.85673475217826e-05,-2.85673475217826e-05,Peripheral Neuropathies
0.0,1.0,0.0,2.85673475217826e-05,-2.85673475217826e-05,Peripheral Nerve Injury
0.0,1.0,0.0,2.85673475217826e-05,-2.85673475217826e-05,Peripheral Nerve Disorders
0.0,1.0,0.0,2.85673475217826e-05,-2.85673475217826e-05,Peripheral Nerve Blocks
0.0,1.0,0.0,2.85673475217826e-05,-2.85673475217826e-05,Peripheral Nerve
0.0,1.0,0.0,2.85673475217826e-05,-2.85673475217826e-05,Perioperative Pharmacology
0.0,1.0,0.0,2.85673475217826e-05,-2.85673475217826e-05,Perioperative Medicine
0.0,1.0,0.0,2.85673475217826e-05,-2.85673475217826e-05,Perioperative Complications
0.0,1.0,0.0,2.85673475217826e-05,-2.85673475217826e-05,Perioperative Care
0.0,1.0,0.0,2.85673475217826e-05,-2.85673475217826e-05,Perioperative Anticoagulation
0.0,1.0,0.0,2.85673475217826e-05,-2.85673475217826e-05,Perineum Anatomy
0.0,1.0,0.0,2.85673475217826e-05,-2.85673475217826e-05,Pharyngeal Spaces
0.0,1.0,0.0,2.85673475217826e-05,-2.85673475217826e-05,Pharyngeal carcinoma
0.0,1.0,0.0,2.85673475217826e-05,-2.85673475217826e-05,Pelvic vasculature
0.0,1.0,0.0,2.85673475217826e-05,-2.85673475217826e-05,Poison antidotes
0.0,1.0,0.0,2.85673475217826e-05,-2.85673475217826e-05,Polycythemia Vera
0.0,1.0,0.0,2.85673475217826e-05,-2.85673475217826e-05,Polycystic kidney disease
0.0,1.0,0.0,2.85673475217826e-05,-2.85673475217826e-05,Polycystic Kidney Disease
0.0,1.0,0.0,2.85673475217826e-05,-2.85673475217826e-05,Pollution
0.0,1.0,0.0,2.85673475217826e-05,-2.85673475217826e-05,Polar Body
0.0,1.0,0.0,2.85673475217826e-05,-2.85673475217826e-05,Poisons and Antidotes
0.0,1.0,0.0,2.85673475217826e-05,-2.85673475217826e-05,Poisoning Signs
0.0,1.0,0.0,2.85673475217826e-05,-2.85673475217826e-05,Poisoning Management
0.0,1.0,0.0,2.85673475217826e-05,-2.85673475217826e-05,Pneumonitis
0.0,1.0,0.0,2.85673475217826e-05,-2.85673475217826e-05,Polymyalgia Rheumatica
0.0,1.0,0.0,2.85673475217826e-05,-2.85673475217826e-05,Pneumomediastinum
0.0,1.0,0.0,2.85673475217826e-05,-2.85673475217826e-05,Pneumocytes
0.0,1.0,0.0,2.85673475217826e-05,-2.85673475217826e-05,Pneumocystis jiroveci
0.0,1.0,0.0,2.85673475217826e-05,-2.85673475217826e-05,Pneumocephalus
0.0,1.0,0.0,2.85673475217826e-05,-2.85673475217826e-05,Pleural diseases
0.0,1.0,0.0,2.85673475217826e-05,-2.85673475217826e-05,Pleural Disorders
0.0,1.0,0.0,2.85673475217826e-05,-2.85673475217826e-05,Platelet function
0.0,1.0,0.0,2.85673475217826e-05,-2.85673475217826e-05,Plaster of Paris cast
0.0,1.0,0.0,2.85673475217826e-05,-2.85673475217826e-05,Polycythemia vera
0.0,1.0,0.0,2.85673475217826e-05,-2.85673475217826e-05,Polymyositis
0.0,1.0,0.0,2.85673475217826e-05,-2.85673475217826e-05,Pharyngeal diverticulum
0.0,1.0,0.0,2.85673475217826e-05,-2.85673475217826e-05,Post-Abortion Complications
0.0,1.0,0.0,2.85673475217826e-05,-2.85673475217826e-05,Posterior cranial fossa
0.0,1.0,0.0,2.85673475217826e-05,-2.85673475217826e-05,Posterior Fossa Anomalies
0.0,1.0,0.0,2.85673475217826e-05,-2.85673475217826e-05,Postdural puncture headache
0.0,1.0,0.0,2.85673475217826e-05,-2.85673475217826e-05,Post-transplant complications
0.0,1.0,0.0,2.85673475217826e-05,-2.85673475217826e-05,Post-streptococcal Glomerulonephritis
0.0,1.0,0.0,2.85673475217826e-05,-2.85673475217826e-05,Post-Transplant Complications
0.0,1.0,0.0,2.85673475217826e-05,-2.85673475217826e-05,Post-Streptococcal Glomerulonephritis
0.0,1.0,0.0,2.85673475217826e-05,-2.85673475217826e-05,Post-Operative Complications
0.0,1.0,0.0,2.85673475217826e-05,-2.85673475217826e-05,Ports regulation
0.0,1.0,0.0,2.85673475217826e-05,-2.85673475217826e-05,Polymyxins
0.0,1.0,0.0,2.85673475217826e-05,-2.85673475217826e-05,Portal circulation
0.0,1.0,0.0,2.85673475217826e-05,-2.85673475217826e-05,Portal Circulation
0.0,1.0,0.0,2.85673475217826e-05,-2.85673475217826e-05,Porphyrins
0.0,1.0,0.0,2.85673475217826e-05,-2.85673475217826e-05,Porphyrin Synthesis
0.0,1.0,0.0,2.85673475217826e-05,-2.85673475217826e-05,Population coverage
0.0,1.0,0.0,2.85673475217826e-05,-2.85673475217826e-05,Polyuria
0.0,1.0,0.0,2.85673475217826e-05,-2.85673475217826e-05,Polysomnography
0.0,1.0,0.0,2.85673475217826e-05,-2.85673475217826e-05,Polyps
0.0,1.0,0.0,2.85673475217826e-05,-2.85673475217826e-05,Plaster application
0.0,1.0,0.0,2.85673475217826e-05,-2.85673475217826e-05,Plaster Of Paris Cast
0.0,1.0,0.0,2.85673475217826e-05,-2.85673475217826e-05,Plasminogen
0.0,1.0,0.0,2.85673475217826e-05,-2.85673475217826e-05,Phases Of Clinical Trials
0.0,1.0,0.0,2.85673475217826e-05,-2.85673475217826e-05,Phosphorus metabolism
0.0,1.0,0.0,2.85673475217826e-05,-2.85673475217826e-05,Phosphorus Metabolism
0.0,1.0,0.0,2.85673475217826e-05,-2.85673475217826e-05,Phosphodiesterase Inhibitors
0.0,1.0,0.0,2.85673475217826e-05,-2.85673475217826e-05,Phosphate metabolism
0.0,1.0,0.0,2.85673475217826e-05,-2.85673475217826e-05,Phosphate Metabolism
0.0,1.0,0.0,2.85673475217826e-05,-2.85673475217826e-05,Phobic Disorders
0.0,1.0,0.0,2.85673475217826e-05,-2.85673475217826e-05,Phimosis
0.0,1.0,0.0,2.85673475217826e-05,-2.85673475217826e-05,Phases of Clinical Trials
0.0,1.0,0.0,2.85673475217826e-05,-2.85673475217826e-05,Pharynx and esophagus
0.0,1.0,0.0,2.85673475217826e-05,-2.85673475217826e-05,Plasma Cell Dyscrasias
0.0,1.0,0.0,2.85673475217826e-05,-2.85673475217826e-05,Pharynx and Tonsils
0.0,1.0,0.0,2.85673475217826e-05,-2.85673475217826e-05,Pharynx and Larynx
0.0,1.0,0.0,2.85673475217826e-05,-2.85673475217826e-05,Pharynx and Esophagus Anatomy
0.0,1.0,0.0,2.85673475217826e-05,-2.85673475217826e-05,Pharynx And Tonsils
0.0,1.0,0.0,2.85673475217826e-05,-2.85673475217826e-05,Pharynx And Larynx
0.0,1.0,0.0,2.85673475217826e-05,-2.85673475217826e-05,Pharynx And Esophagus Anatomy
0.0,1.0,0.0,2.85673475217826e-05,-2.85673475217826e-05,Pharynx And Esophagus
0.0,1.0,0.0,2.85673475217826e-05,-2.85673475217826e-05,Pharyngeal wall
0.0,1.0,0.0,2.85673475217826e-05,-2.85673475217826e-05,Phosphorus poisoning
0.0,1.0,0.0,2.85673475217826e-05,-2.85673475217826e-05,Inflammatory myopathies
0.0,1.0,0.0,2.85673475217826e-05,-2.85673475217826e-05,Pigment Gallstones
0.0,1.0,0.0,2.85673475217826e-05,-2.85673475217826e-05,Pigment Metabolism
0.0,1.0,0.0,2.85673475217826e-05,-2.85673475217826e-05,Plantar arch
0.0,1.0,0.0,2.85673475217826e-05,-2.85673475217826e-05,Placentation
0.0,1.0,0.0,2.85673475217826e-05,-2.85673475217826e-05,Placental physiology
0.0,1.0,0.0,2.85673475217826e-05,-2.85673475217826e-05,Placental Separation
0.0,1.0,0.0,2.85673475217826e-05,-2.85673475217826e-05,Placental Disorders
0.0,1.0,0.0,2.85673475217826e-05,-2.85673475217826e-05,Placental Complications
0.0,1.0,0.0,2.85673475217826e-05,-2.85673475217826e-05,Placenta and Fetal Membranes
0.0,1.0,0.0,2.85673475217826e-05,-2.85673475217826e-05,Placenta Inversion
0.0,1.0,0.0,2.85673475217826e-05,-2.85673475217826e-05,Placenta And Fetal Membranes
0.0,1.0,0.0,2.85673475217826e-05,-2.85673475217826e-05,Pituitary Gland Physiology
0.0,1.0,0.0,2.85673475217826e-05,-2.85673475217826e-05,Pilonidal Sinus
0.0,1.0,0.0,2.85673475217826e-05,-2.85673475217826e-05,Pilonidal Disease
0.0,1.0,0.0,2.85673475217826e-05,-2.85673475217826e-05,Pigmented purpuric dermatoses
0.0,1.0,0.0,2.85673475217826e-05,-2.85673475217826e-05,Pigmented disorders
0.0,1.0,0.0,2.85673475217826e-05,-2.85673475217826e-05,Pigmented Disorders
0.0,1.0,0.0,2.85673475217826e-05,-2.85673475217826e-05,Pigmentation disorders
0.0,1.0,0.0,2.85673475217826e-05,-2.85673475217826e-05,Pigmentation
0.0,1.0,0.0,2.85673475217826e-05,-2.85673475217826e-05,Pelvis and perineum
0.0,1.0,0.0,2.85673475217826e-05,-2.85673475217826e-05,Pelvic pain
0.0,1.0,0.0,2.85673475217826e-05,-2.85673475217826e-05,Postgastrectomy Syndromes
0.0,1.0,0.0,2.85673475217826e-05,-2.85673475217826e-05,Oxazolidinones
0.0,1.0,0.0,2.85673475217826e-05,-2.85673475217826e-05,PCOS management
0.0,1.0,0.0,2.85673475217826e-05,-2.85673475217826e-05,PAP Smear
0.0,1.0,0.0,2.85673475217826e-05,-2.85673475217826e-05,Oxytocics
0.0,1.0,0.0,2.85673475217826e-05,-2.85673475217826e-05,Oxygen-hemoglobin dissociation
0.0,1.0,0.0,2.85673475217826e-05,-2.85673475217826e-05,Oxygen-Hemoglobin Dissociation Curve
0.0,1.0,0.0,2.85673475217826e-05,-2.85673475217826e-05,Oxygen transport
0.0,1.0,0.0,2.85673475217826e-05,-2.85673475217826e-05,Oxygen cylinder
0.0,1.0,0.0,2.85673475217826e-05,-2.85673475217826e-05,Oxidative stress
0.0,1.0,0.0,2.85673475217826e-05,-2.85673475217826e-05,Ovulation assessment
0.0,1.0,0.0,2.85673475217826e-05,-2.85673475217826e-05,PDE5 inhibitors
0.0,1.0,0.0,2.85673475217826e-05,-2.85673475217826e-05,Ovulation
0.0,1.0,0.0,2.85673475217826e-05,-2.85673475217826e-05,Ovary
0.0,1.0,0.0,2.85673475217826e-05,-2.85673475217826e-05,Ovarian reserve assessment
0.0,1.0,0.0,2.85673475217826e-05,-2.85673475217826e-05,Ovarian cysts
0.0,1.0,0.0,2.85673475217826e-05,-2.85673475217826e-05,Ovarian cancer
0.0,1.0,0.0,2.85673475217826e-05,-2.85673475217826e-05,Ovarian Reserve
0.0,1.0,0.0,2.85673475217826e-05,-2.85673475217826e-05,Ovarian Disorders
0.0,1.0,0.0,2.85673475217826e-05,-2.85673475217826e-05,Otosclerosis Treatment
0.0,1.0,0.0,2.85673475217826e-05,-2.85673475217826e-05,PDE5 Inhibitors
0.0,1.0,0.0,2.85673475217826e-05,-2.85673475217826e-05,PEEP
0.0,1.0,0.0,2.85673475217826e-05,-2.85673475217826e-05,Pain pathways
0.0,1.0,0.0,2.85673475217826e-05,-2.85673475217826e-05,Paediatric Knee Pathology
0.0,1.0,0.0,2.85673475217826e-05,-2.85673475217826e-05,Pain Pathways
0.0,1.0,0.0,2.85673475217826e-05,-2.85673475217826e-05,Pain And Temperature Pathways
0.0,1.0,0.0,2.85673475217826e-05,-2.85673475217826e-05,Paget's Disease
0.0,1.0,0.0,2.85673475217826e-05,-2.85673475217826e-05,Paget'S Disease
0.0,1.0,0.0,2.85673475217826e-05,-2.85673475217826e-05,Paediatric emergency
0.0,1.0,0.0,2.85673475217826e-05,-2.85673475217826e-05,Paediatric dosing
0.0,1.0,0.0,2.85673475217826e-05,-2.85673475217826e-05,Paediatric anaesthesia
0.0,1.0,0.0,2.85673475217826e-05,-2.85673475217826e-05,Paediatric Oncology
0.0,1.0,0.0,2.85673475217826e-05,-2.85673475217826e-05,Paediatric Imaging
0.0,1.0,0.0,2.85673475217826e-05,-2.85673475217826e-05,PET imaging
0.0,1.0,0.0,2.85673475217826e-05,-2.85673475217826e-05,Paediatric Hip Disorders
0.0,1.0,0.0,2.85673475217826e-05,-2.85673475217826e-05,Paediatric Genitourinary Disorders
0.0,1.0,0.0,2.85673475217826e-05,-2.85673475217826e-05,Paediatric Gastroenteritis
0.0,1.0,0.0,2.85673475217826e-05,-2.85673475217826e-05,Paediatric Diarrhea
0.0,1.0,0.0,2.85673475217826e-05,-2.85673475217826e-05,Paediatric Chest Radiology
0.0,1.0,0.0,2.85673475217826e-05,-2.85673475217826e-05,Paediatric Anaesthesia
0.0,1.0,0.0,2.85673475217826e-05,-2.85673475217826e-05,Pacemaker
0.0,1.0,0.0,2.85673475217826e-05,-2.85673475217826e-05,POP cast
0.0,1.0,0.0,2.85673475217826e-05,-2.85673475217826e-05,Otologic Surgery
0.0,1.0,0.0,2.85673475217826e-05,-2.85673475217826e-05,Otitis Media with Effusion
0.0,1.0,0.0,2.85673475217826e-05,-2.85673475217826e-05,Otitis Media With Effusion
0.0,1.0,0.0,2.85673475217826e-05,-2.85673475217826e-05,Orbital cysts
0.0,1.0,0.0,2.85673475217826e-05,-2.85673475217826e-05,Organophosphate poisoning
0.0,1.0,0.0,2.85673475217826e-05,-2.85673475217826e-05,Organophosphate Insecticides
0.0,1.0,0.0,2.85673475217826e-05,-2.85673475217826e-05,Organic GI disease
0.0,1.0,0.0,2.85673475217826e-05,-2.85673475217826e-05,Organ Pathology
0.0,1.0,0.0,2.85673475217826e-05,-2.85673475217826e-05,Organ Donation and Transplantation
0.0,1.0,0.0,2.85673475217826e-05,-2.85673475217826e-05,Organ Donation And Transplantation
0.0,1.0,0.0,2.85673475217826e-05,-2.85673475217826e-05,Orbital lesions
0.0,1.0,0.0,2.85673475217826e-05,-2.85673475217826e-05,Orbital disease
0.0,1.0,0.0,2.85673475217826e-05,-2.85673475217826e-05,Orbital Neoplasms
0.0,1.0,0.0,2.85673475217826e-05,-2.85673475217826e-05,Otalgia
0.0,1.0,0.0,2.85673475217826e-05,-2.85673475217826e-05,Orbital Imaging
0.0,1.0,0.0,2.85673475217826e-05,-2.85673475217826e-05,Orbital Cysts
0.0,1.0,0.0,2.85673475217826e-05,-2.85673475217826e-05,Orbicularis oculi
0.0,1.0,0.0,2.85673475217826e-05,-2.85673475217826e-05,Oral pathology
0.0,1.0,0.0,2.85673475217826e-05,-2.85673475217826e-05,Oral cavity carcinoma
0.0,1.0,0.0,2.85673475217826e-05,-2.85673475217826e-05,Oral cancers
0.0,1.0,0.0,2.85673475217826e-05,-2.85673475217826e-05,Oral Ulceration
0.0,1.0,0.0,2.85673475217826e-05,-2.85673475217826e-05,Oral Surgery
0.0,1.0,0.0,2.85673475217826e-05,-2.85673475217826e-05,Organophosphates
0.0,1.0,0.0,2.85673475217826e-05,-2.85673475217826e-05,Ormond Disease
0.0,1.0,0.0,2.85673475217826e-05,-2.85673475217826e-05,Oropharyngeal Carcinoma
0.0,1.0,0.0,2.85673475217826e-05,-2.85673475217826e-05,Oropharyngeal Foreign Body
0.0,1.0,0.0,2.85673475217826e-05,-2.85673475217826e-05,Osteosarcoma
0.0,1.0,0.0,2.85673475217826e-05,-2.85673475217826e-05,Osteoporosis Drugs
0.0,1.0,0.0,2.85673475217826e-05,-2.85673475217826e-05,Osteopetrosis
0.0,1.0,0.0,2.85673475217826e-05,-2.85673475217826e-05,Osteolytic metastasis
0.0,1.0,0.0,2.85673475217826e-05,-2.85673475217826e-05,Osteolytic lesions
0.0,1.0,0.0,2.85673475217826e-05,-2.85673475217826e-05,Osteogenesis imperfecta
0.0,1.0,0.0,2.85673475217826e-05,-2.85673475217826e-05,Osteogenesis Imperfecta
0.0,1.0,0.0,2.85673475217826e-05,-2.85673475217826e-05,Osteogenesis
0.0,1.0,0.0,2.85673475217826e-05,-2.85673475217826e-05,Osteoclast
0.0,1.0,0.0,2.85673475217826e-05,-2.85673475217826e-05,Osteochondritis Dissecans
0.0,1.0,0.0,2.85673475217826e-05,-2.85673475217826e-05,Osteochondritis
0.0,1.0,0.0,2.85673475217826e-05,-2.85673475217826e-05,Ossicles
0.0,1.0,0.0,2.85673475217826e-05,-2.85673475217826e-05,Osmotic diuretics
0.0,1.0,0.0,2.85673475217826e-05,-2.85673475217826e-05,Osmolarity
0.0,1.0,0.0,2.85673475217826e-05,-2.85673475217826e-05,Ortolani test
0.0,1.0,0.0,2.85673475217826e-05,-2.85673475217826e-05,Oropharyngeal surgery
0.0,1.0,0.0,2.85673475217826e-05,-2.85673475217826e-05,Oropharyngeal foreign body
0.0,1.0,0.0,2.85673475217826e-05,-2.85673475217826e-05,Pain and temperature pathways
0.0,1.0,0.0,2.85673475217826e-05,-2.85673475217826e-05,Pain symptoms
0.0,1.0,0.0,2.85673475217826e-05,-2.85673475217826e-05,Pelvic masses
0.0,1.0,0.0,2.85673475217826e-05,-2.85673475217826e-05,Pectoral Region
0.0,1.0,0.0,2.85673475217826e-05,-2.85673475217826e-05,Pediatric Nutrition
0.0,1.0,0.0,2.85673475217826e-05,-2.85673475217826e-05,Pediatric Gi Disorders
0.0,1.0,0.0,2.85673475217826e-05,-2.85673475217826e-05,Pediatric GI Disorders
0.0,1.0,0.0,2.85673475217826e-05,-2.85673475217826e-05,Pediatric Cardiology
0.0,1.0,0.0,2.85673475217826e-05,-2.85673475217826e-05,Pediatric Cardiac Imaging
0.0,1.0,0.0,2.85673475217826e-05,-2.85673475217826e-05,Pediatric Arrhythmias
0.0,1.0,0.0,2.85673475217826e-05,-2.85673475217826e-05,Pediatric Abdominal Pain
0.0,1.0,0.0,2.85673475217826e-05,-2.85673475217826e-05,Pediatric Abdominal Emergencies
0.0,1.0,0.0,2.85673475217826e-05,-2.85673475217826e-05,Pcr
0.0,1.0,0.0,2.85673475217826e-05,-2.85673475217826e-05,Pediatric Sinusitis
0.0,1.0,0.0,2.85673475217826e-05,-2.85673475217826e-05,Pcos
0.0,1.0,0.0,2.85673475217826e-05,-2.85673475217826e-05,Patterns of Inheritance
0.0,1.0,0.0,2.85673475217826e-05,-2.85673475217826e-05,Patterns Of Inheritance
0.0,1.0,0.0,2.85673475217826e-05,-2.85673475217826e-05,Patient Positioning
0.0,1.0,0.0,2.85673475217826e-05,-2.85673475217826e-05,Patient Management
0.0,1.0,0.0,2.85673475217826e-05,-2.85673475217826e-05,Patient Classification
0.0,1.0,0.0,2.85673475217826e-05,-2.85673475217826e-05,Patient Assessment
0.0,1.0,0.0,2.85673475217826e-05,-2.85673475217826e-05,Patey's mastectomy
0.0,1.0,0.0,2.85673475217826e-05,-2.85673475217826e-05,Pediatric Pathology
0.0,1.0,0.0,2.85673475217826e-05,-2.85673475217826e-05,Pediatric airway
0.0,1.0,0.0,2.85673475217826e-05,-2.85673475217826e-05,Painful arc syndrome
0.0,1.0,0.0,2.85673475217826e-05,-2.85673475217826e-05,Pelvic Organ Prolapse Management
0.0,1.0,0.0,2.85673475217826e-05,-2.85673475217826e-05,Pelvic girdle
0.0,1.0,0.0,2.85673475217826e-05,-2.85673475217826e-05,Pelvic floor surgery
0.0,1.0,0.0,2.85673475217826e-05,-2.85673475217826e-05,Pelvic examination
0.0,1.0,0.0,2.85673475217826e-05,-2.85673475217826e-05,Pelvic diameters
0.0,1.0,0.0,2.85673475217826e-05,-2.85673475217826e-05,Pelvic Viscera
0.0,1.0,0.0,2.85673475217826e-05,-2.85673475217826e-05,Pelvic Surgical Anatomy
0.0,1.0,0.0,2.85673475217826e-05,-2.85673475217826e-05,Pelvic Peritoneum
0.0,1.0,0.0,2.85673475217826e-05,-2.85673475217826e-05,Pelvic Organ Prolapse Surgery
0.0,1.0,0.0,2.85673475217826e-05,-2.85673475217826e-05,Pelvic Inlet
0.0,1.0,0.0,2.85673475217826e-05,-2.85673475217826e-05,Pediatric dermatology
0.0,1.0,0.0,2.85673475217826e-05,-2.85673475217826e-05,Pelvic Examination
0.0,1.0,0.0,2.85673475217826e-05,-2.85673475217826e-05,Pelvic Diameters
0.0,1.0,0.0,2.85673475217826e-05,-2.85673475217826e-05,Pelvic Cavity
0.0,1.0,0.0,2.85673475217826e-05,-2.85673475217826e-05,Pellagra
0.0,1.0,0.0,2.85673475217826e-05,-2.85673475217826e-05,Pegloticase
0.0,1.0,0.0,2.85673475217826e-05,-2.85673475217826e-05,Pediatric radiology
0.0,1.0,0.0,2.85673475217826e-05,-2.85673475217826e-05,Pediatric pharmacology
0.0,1.0,0.0,2.85673475217826e-05,-2.85673475217826e-05,Pediatric pathology
0.0,1.0,0.0,2.85673475217826e-05,-2.85673475217826e-05,Patent ductus arteriosus
0.0,1.0,0.0,2.85673475217826e-05,-2.85673475217826e-05,Patellofemoral Pain Syndrome
0.0,1.0,0.0,2.85673475217826e-05,-2.85673475217826e-05,Pasteurization
0.0,1.0,0.0,2.85673475217826e-05,-2.85673475217826e-05,Pancreatic diseases
0.0,1.0,0.0,2.85673475217826e-05,-2.85673475217826e-05,Paralytic polio
0.0,1.0,0.0,2.85673475217826e-05,-2.85673475217826e-05,Paragonimiasis
0.0,1.0,0.0,2.85673475217826e-05,-2.85673475217826e-05,Paracetamol toxicity
0.0,1.0,0.0,2.85673475217826e-05,-2.85673475217826e-05,Paracetamol Toxicity
0.0,1.0,0.0,2.85673475217826e-05,-2.85673475217826e-05,Papilledema
0.0,1.0,0.0,2.85673475217826e-05,-2.85673475217826e-05,Panniculitis
0.0,1.0,0.0,2.85673475217826e-05,-2.85673475217826e-05,Pancreatic secretion
0.0,1.0,0.0,2.85673475217826e-05,-2.85673475217826e-05,Pancreatic imaging
0.0,1.0,0.0,2.85673475217826e-05,-2.85673475217826e-05,Pancreatic Neoplasms
0.0,1.0,0.0,2.85673475217826e-05,-2.85673475217826e-05,Parvovirus
0.0,1.0,0.0,2.85673475217826e-05,-2.85673475217826e-05,Pancreatic Imaging
0.0,1.0,0.0,2.85673475217826e-05,-2.85673475217826e-05,Pancreatic Hormones
0.0,1.0,0.0,2.85673475217826e-05,-2.85673475217826e-05,Pancreas relations
0.0,1.0,0.0,2.85673475217826e-05,-2.85673475217826e-05,Pancreas anatomy
0.0,1.0,0.0,2.85673475217826e-05,-2.85673475217826e-05,Pancreas Anatomy
0.0,1.0,0.0,2.85673475217826e-05,-2.85673475217826e-05,Palmar spaces
0.0,1.0,0.0,2.85673475217826e-05,-2.85673475217826e-05,Palmar Spaces
0.0,1.0,0.0,2.85673475217826e-05,-2.85673475217826e-05,Palatoglossal fold
0.0,1.0,0.0,2.85673475217826e-05,-2.85673475217826e-05,Paranasal Sinus Disorders
0.0,1.0,0.0,2.85673475217826e-05,-2.85673475217826e-05,Paranasal Sinus Radiology
0.0,1.0,0.0,2.85673475217826e-05,-2.85673475217826e-05,Paranasal sinus
0.0,1.0,0.0,2.85673475217826e-05,-2.85673475217826e-05,Paranasal sinus radiology
0.0,1.0,0.0,2.85673475217826e-05,-2.85673475217826e-05,Partogram
0.0,1.0,0.0,2.85673475217826e-05,-2.85673475217826e-05,Pars plana vitrectomy
0.0,1.0,0.0,2.85673475217826e-05,-2.85673475217826e-05,Paroxysmal Tachycardia
0.0,1.0,0.0,2.85673475217826e-05,-2.85673475217826e-05,Parkinson disease
0.0,1.0,0.0,2.85673475217826e-05,-2.85673475217826e-05,Parkinson Disease Treatment
0.0,1.0,0.0,2.85673475217826e-05,-2.85673475217826e-05,Parkinson Disease Drugs
0.0,1.0,0.0,2.85673475217826e-05,-2.85673475217826e-05,Parkinson Disease
0.0,1.0,0.0,2.85673475217826e-05,-2.85673475217826e-05,Parenteral iron therapy
0.0,1.0,0.0,2.85673475217826e-05,-2.85673475217826e-05,Parathyroid adenoma
0.0,1.0,0.0,2.85673475217826e-05,-2.85673475217826e-05,Parathyroid Gland
0.0,1.0,0.0,2.85673475217826e-05,-2.85673475217826e-05,Parathyroid Adenoma
0.0,1.0,0.0,2.85673475217826e-05,-2.85673475217826e-05,Parasympathetic pathway
0.0,1.0,0.0,2.85673475217826e-05,-2.85673475217826e-05,Parasympathetic innervation
0.0,1.0,0.0,2.85673475217826e-05,-2.85673475217826e-05,Parasympathetic fibers
0.0,1.0,0.0,2.85673475217826e-05,-2.85673475217826e-05,Parasitic diseases
0.0,1.0,0.0,2.85673475217826e-05,-2.85673475217826e-05,Paraphilia
0.0,1.0,0.0,2.85673475217826e-05,-2.85673475217826e-05,Paraneoplastic dermatoses
0.0,1.0,0.0,2.85673475217826e-05,-2.85673475217826e-05,Posterior vaginal wall
0.0,1.0,0.0,2.85673475217826e-05,-2.85673475217826e-05,Postgastrectomy complications
0.0,1.0,0.0,2.85673475217826e-05,-2.85673475217826e-05,Selective media
0.0,1.0,0.0,2.85673475217826e-05,-2.85673475217826e-05,Rem Sleep
0.0,1.0,0.0,2.85673475217826e-05,-2.85673475217826e-05,Resting Membrane Potential
0.0,1.0,0.0,2.85673475217826e-05,-2.85673475217826e-05,Respiration
0.0,1.0,0.0,2.85673475217826e-05,-2.85673475217826e-05,Reservoir
0.0,1.0,0.0,2.85673475217826e-05,-2.85673475217826e-05,Resection Margin
0.0,1.0,0.0,2.85673475217826e-05,-2.85673475217826e-05,Research methodology
0.0,1.0,0.0,2.85673475217826e-05,-2.85673475217826e-05,Research Techniques
0.0,1.0,0.0,2.85673475217826e-05,-2.85673475217826e-05,Reporter Genes
0.0,1.0,0.0,2.85673475217826e-05,-2.85673475217826e-05,Replantation
0.0,1.0,0.0,2.85673475217826e-05,-2.85673475217826e-05,Regional Anesthesia Complications
0.0,1.0,0.0,2.85673475217826e-05,-2.85673475217826e-05,Retinitis Pigmentosa
0.0,1.0,0.0,2.85673475217826e-05,-2.85673475217826e-05,Refsum disease
0.0,1.0,0.0,2.85673475217826e-05,-2.85673475217826e-05,Referred pain
0.0,1.0,0.0,2.85673475217826e-05,-2.85673475217826e-05,Reference Values
0.0,1.0,0.0,2.85673475217826e-05,-2.85673475217826e-05,Reed-Sternberg cells
0.0,1.0,0.0,2.85673475217826e-05,-2.85673475217826e-05,Redox reactions
0.0,1.0,0.0,2.85673475217826e-05,-2.85673475217826e-05,Redox Metabolism
0.0,1.0,0.0,2.85673475217826e-05,-2.85673475217826e-05,Recurrence risk
0.0,1.0,0.0,2.85673475217826e-05,-2.85673475217826e-05,Recurrence Risk
0.0,1.0,0.0,2.85673475217826e-05,-2.85673475217826e-05,Resuscitation equipment
0.0,1.0,0.0,2.85673475217826e-05,-2.85673475217826e-05,Retinitis pigmentosa
0.0,1.0,0.0,2.85673475217826e-05,-2.85673475217826e-05,Rhabdomyosarcoma
0.0,1.0,0.0,2.85673475217826e-05,-2.85673475217826e-05,Reverse Transcription
0.0,1.0,0.0,2.85673475217826e-05,-2.85673475217826e-05,Rh Incompatibility
0.0,1.0,0.0,2.85673475217826e-05,-2.85673475217826e-05,Reye Syndrome
0.0,1.0,0.0,2.85673475217826e-05,-2.85673475217826e-05,Revised National Tuberculosis Control Program (Rntcp)
0.0,1.0,0.0,2.85673475217826e-05,-2.85673475217826e-05,Revised National Tuberculosis Control Program (RNTCP)
0.0,1.0,0.0,2.85673475217826e-05,-2.85673475217826e-05,Revised National Tb Control Program
0.0,1.0,0.0,2.85673475217826e-05,-2.85673475217826e-05,Revised National TB Control Program
0.0,1.0,0.0,2.85673475217826e-05,-2.85673475217826e-05,Reversible Injury
0.0,1.0,0.0,2.85673475217826e-05,-2.85673475217826e-05,Reverse hypopyon
0.0,1.0,0.0,2.85673475217826e-05,-2.85673475217826e-05,Rett syndrome
0.0,1.0,0.0,2.85673475217826e-05,-2.85673475217826e-05,Retinoids
0.0,1.0,0.0,2.85673475217826e-05,-2.85673475217826e-05,Retropharyngeal Abscess
0.0,1.0,0.0,2.85673475217826e-05,-2.85673475217826e-05,Retroperitoneum
0.0,1.0,0.0,2.85673475217826e-05,-2.85673475217826e-05,Retroperitoneal structures
0.0,1.0,0.0,2.85673475217826e-05,-2.85673475217826e-05,Retroperitoneal Structures
0.0,1.0,0.0,2.85673475217826e-05,-2.85673475217826e-05,Retroperitoneal Fibrosis
0.0,1.0,0.0,2.85673475217826e-05,-2.85673475217826e-05,Retrobulbar space
0.0,1.0,0.0,2.85673475217826e-05,-2.85673475217826e-05,Retractors
0.0,1.0,0.0,2.85673475217826e-05,-2.85673475217826e-05,Retinoscopy
0.0,1.0,0.0,2.85673475217826e-05,-2.85673475217826e-05,Rectus sheath
0.0,1.0,0.0,2.85673475217826e-05,-2.85673475217826e-05,Rectovesical Fascia
0.0,1.0,0.0,2.85673475217826e-05,-2.85673475217826e-05,Rectal disorders
0.0,1.0,0.0,2.85673475217826e-05,-2.85673475217826e-05,Radiographic Anatomy Of Skull
0.0,1.0,0.0,2.85673475217826e-05,-2.85673475217826e-05,Radiographic findings
0.0,1.0,0.0,2.85673475217826e-05,-2.85673475217826e-05,Radiographic anatomy of skull
0.0,1.0,0.0,2.85673475217826e-05,-2.85673475217826e-05,Radiographic Techniques
0.0,1.0,0.0,2.85673475217826e-05,-2.85673475217826e-05,Radiographic Signs
0.0,1.0,0.0,2.85673475217826e-05,-2.85673475217826e-05,Radiographic Projections
0.0,1.0,0.0,2.85673475217826e-05,-2.85673475217826e-05,Radiographic Principles
0.0,1.0,0.0,2.85673475217826e-05,-2.85673475217826e-05,Radiographic Imaging
0.0,1.0,0.0,2.85673475217826e-05,-2.85673475217826e-05,Radiographic Contrast Agents
0.0,1.0,0.0,2.85673475217826e-05,-2.85673475217826e-05,Radiofrequency ablation
0.0,1.0,0.0,2.85673475217826e-05,-2.85673475217826e-05,Rectal carcinoma
0.0,1.0,0.0,2.85673475217826e-05,-2.85673475217826e-05,Radiofrequency Ablation
0.0,1.0,0.0,2.85673475217826e-05,-2.85673475217826e-05,Radioactivity
0.0,1.0,0.0,2.85673475217826e-05,-2.85673475217826e-05,Radical Hysterectomy
0.0,1.0,0.0,2.85673475217826e-05,-2.85673475217826e-05,Radiation tolerance
0.0,1.0,0.0,2.85673475217826e-05,-2.85673475217826e-05,Radiation hazards
0.0,1.0,0.0,2.85673475217826e-05,-2.85673475217826e-05,Radiation effects
0.0,1.0,0.0,2.85673475217826e-05,-2.85673475217826e-05,Radiation biology
0.0,1.0,0.0,2.85673475217826e-05,-2.85673475217826e-05,Radiation Toxicity
0.0,1.0,0.0,2.85673475217826e-05,-2.85673475217826e-05,Radiographic projections
0.0,1.0,0.0,2.85673475217826e-05,-2.85673475217826e-05,Radiographic view
0.0,1.0,0.0,2.85673475217826e-05,-2.85673475217826e-05,Radiography Principles
0.0,1.0,0.0,2.85673475217826e-05,-2.85673475217826e-05,Radioisotopes
0.0,1.0,0.0,2.85673475217826e-05,-2.85673475217826e-05,Rectal Route
0.0,1.0,0.0,2.85673475217826e-05,-2.85673475217826e-05,Rectal Carcinoma
0.0,1.0,0.0,2.85673475217826e-05,-2.85673475217826e-05,Recombinant Dna Technology
0.0,1.0,0.0,2.85673475217826e-05,-2.85673475217826e-05,Recombinant DNA Technology
0.0,1.0,0.0,2.85673475217826e-05,-2.85673475217826e-05,Receptors
0.0,1.0,0.0,2.85673475217826e-05,-2.85673475217826e-05,Receptor binding
0.0,1.0,0.0,2.85673475217826e-05,-2.85673475217826e-05,Receptor Mechanisms
0.0,1.0,0.0,2.85673475217826e-05,-2.85673475217826e-05,Receptor Inhibitors
0.0,1.0,0.0,2.85673475217826e-05,-2.85673475217826e-05,Reactive Oxygen Species
0.0,1.0,0.0,2.85673475217826e-05,-2.85673475217826e-05,Raynaud Phenomenon
0.0,1.0,0.0,2.85673475217826e-05,-2.85673475217826e-05,Rash
0.0,1.0,0.0,2.85673475217826e-05,-2.85673475217826e-05,Rapid sequence induction
0.0,1.0,0.0,2.85673475217826e-05,-2.85673475217826e-05,Rapid Sequence Induction
0.0,1.0,0.0,2.85673475217826e-05,-2.85673475217826e-05,Randomization
0.0,1.0,0.0,2.85673475217826e-05,-2.85673475217826e-05,Raised intracranial pressure
0.0,1.0,0.0,2.85673475217826e-05,-2.85673475217826e-05,Radiological Signs of Fetal Death
0.0,1.0,0.0,2.85673475217826e-05,-2.85673475217826e-05,Radiological Signs Of Fetal Death
0.0,1.0,0.0,2.85673475217826e-05,-2.85673475217826e-05,Rh antigen
0.0,1.0,0.0,2.85673475217826e-05,-2.85673475217826e-05,Rhabdoviruses
0.0,1.0,0.0,2.85673475217826e-05,-2.85673475217826e-05,Radiation Protection
0.0,1.0,0.0,2.85673475217826e-05,-2.85673475217826e-05,Schilling test
0.0,1.0,0.0,2.85673475217826e-05,-2.85673475217826e-05,Scleromalacia Perforans
0.0,1.0,0.0,2.85673475217826e-05,-2.85673475217826e-05,Sciatic nerve
0.0,1.0,0.0,2.85673475217826e-05,-2.85673475217826e-05,Schwann cells
0.0,1.0,0.0,2.85673475217826e-05,-2.85673475217826e-05,Schwalbe's ring
0.0,1.0,0.0,2.85673475217826e-05,-2.85673475217826e-05,School health services
0.0,1.0,0.0,2.85673475217826e-05,-2.85673475217826e-05,School health
0.0,1.0,0.0,2.85673475217826e-05,-2.85673475217826e-05,School Health Services
0.0,1.0,0.0,2.85673475217826e-05,-2.85673475217826e-05,Schizoaffective disorder
0.0,1.0,0.0,2.85673475217826e-05,-2.85673475217826e-05,Scars
0.0,1.0,0.0,2.85673475217826e-05,-2.85673475217826e-05,Screening Effectiveness
0.0,1.0,0.0,2.85673475217826e-05,-2.85673475217826e-05,Scapula
0.0,1.0,0.0,2.85673475217826e-05,-2.85673475217826e-05,Scalp and meninges
0.0,1.0,0.0,2.85673475217826e-05,-2.85673475217826e-05,Sarcomere
0.0,1.0,0.0,2.85673475217826e-05,-2.85673475217826e-05,Sanitary Landfill
0.0,1.0,0.0,2.85673475217826e-05,-2.85673475217826e-05,Sample collection
0.0,1.0,0.0,2.85673475217826e-05,-2.85673475217826e-05,Sample Preservation
0.0,1.0,0.0,2.85673475217826e-05,-2.85673475217826e-05,Salter-Harris classification
0.0,1.0,0.0,2.85673475217826e-05,-2.85673475217826e-05,Salivary secretion
0.0,1.0,0.0,2.85673475217826e-05,-2.85673475217826e-05,Scleromalacia perforans
0.0,1.0,0.0,2.85673475217826e-05,-2.85673475217826e-05,Screening For Diseases
0.0,1.0,0.0,2.85673475217826e-05,-2.85673475217826e-05,Rheumatic heart disease
0.0,1.0,0.0,2.85673475217826e-05,-2.85673475217826e-05,Secondary Survey
0.0,1.0,0.0,2.85673475217826e-05,-2.85673475217826e-05,Selective Mutism
0.0,1.0,0.0,2.85673475217826e-05,-2.85673475217826e-05,Sedative-hypnotics
0.0,1.0,0.0,2.85673475217826e-05,-2.85673475217826e-05,Sedation
0.0,1.0,0.0,2.85673475217826e-05,-2.85673475217826e-05,Sectoral Sign
0.0,1.0,0.0,2.85673475217826e-05,-2.85673475217826e-05,Secretions
0.0,1.0,0.0,2.85673475217826e-05,-2.85673475217826e-05,Secretion Regulation
0.0,1.0,0.0,2.85673475217826e-05,-2.85673475217826e-05,Secondary health care
0.0,1.0,0.0,2.85673475217826e-05,-2.85673475217826e-05,Secondary attack rate
0.0,1.0,0.0,2.85673475217826e-05,-2.85673475217826e-05,Secondary Service Centre
0.0,1.0,0.0,2.85673475217826e-05,-2.85673475217826e-05,Screening for Diseases
0.0,1.0,0.0,2.85673475217826e-05,-2.85673475217826e-05,Secondary Amenorrhea
0.0,1.0,0.0,2.85673475217826e-05,-2.85673475217826e-05,Second Messengers
0.0,1.0,0.0,2.85673475217826e-05,-2.85673475217826e-05,Seborrhic dermatitis
0.0,1.0,0.0,2.85673475217826e-05,-2.85673475217826e-05,Seborrhic Dermatitis
0.0,1.0,0.0,2.85673475217826e-05,-2.85673475217826e-05,Seasonal affective disorder
0.0,1.0,0.0,2.85673475217826e-05,-2.85673475217826e-05,Seasonal Affective Disorder
0.0,1.0,0.0,2.85673475217826e-05,-2.85673475217826e-05,Scrotal Swellings
0.0,1.0,0.0,2.85673475217826e-05,-2.85673475217826e-05,Screening tests
0.0,1.0,0.0,2.85673475217826e-05,-2.85673475217826e-05,Salivary gland pathology
0.0,1.0,0.0,2.85673475217826e-05,-2.85673475217826e-05,Salivary gland
0.0,1.0,0.0,2.85673475217826e-05,-2.85673475217826e-05,Salivary Gland Diseases
0.0,1.0,0.0,2.85673475217826e-05,-2.85673475217826e-05,Ribozymes
0.0,1.0,0.0,2.85673475217826e-05,-2.85673475217826e-05,Risk-benefit analysis
0.0,1.0,0.0,2.85673475217826e-05,-2.85673475217826e-05,Risk Measures
0.0,1.0,0.0,2.85673475217826e-05,-2.85673475217826e-05,Risk Factors
0.0,1.0,0.0,2.85673475217826e-05,-2.85673475217826e-05,Risk Assessment
0.0,1.0,0.0,2.85673475217826e-05,-2.85673475217826e-05,Rimonabant
0.0,1.0,0.0,2.85673475217826e-05,-2.85673475217826e-05,Riluzole
0.0,1.0,0.0,2.85673475217826e-05,-2.85673475217826e-05,Rifampicin resistance
0.0,1.0,0.0,2.85673475217826e-05,-2.85673475217826e-05,Ribs
0.0,1.0,0.0,2.85673475217826e-05,-2.85673475217826e-05,Riboflavin
0.0,1.0,0.0,2.85673475217826e-05,-2.85673475217826e-05,Sah Prognostic Scales
0.0,1.0,0.0,2.85673475217826e-05,-2.85673475217826e-05,Rhinosporidiosis
0.0,1.0,0.0,2.85673475217826e-05,-2.85673475217826e-05,Rhinosinusitis complications
0.0,1.0,0.0,2.85673475217826e-05,-2.85673475217826e-05,Rhinosinusitis Complications
0.0,1.0,0.0,2.85673475217826e-05,-2.85673475217826e-05,Rhinophyma
0.0,1.0,0.0,2.85673475217826e-05,-2.85673475217826e-05,Rheumatoid factor
0.0,1.0,0.0,2.85673475217826e-05,-2.85673475217826e-05,Rheumatoid Arthritis Pathology
0.0,1.0,0.0,2.85673475217826e-05,-2.85673475217826e-05,Rheumatoid Arthritis Drugs
0.0,1.0,0.0,2.85673475217826e-05,-2.85673475217826e-05,Rheumatoid Arthritis Complications
0.0,1.0,0.0,2.85673475217826e-05,-2.85673475217826e-05,Rna Splicing
0.0,1.0,0.0,2.85673475217826e-05,-2.85673475217826e-05,Road Traffic Accidents
0.0,1.0,0.0,2.85673475217826e-05,-2.85673475217826e-05,Road Traffic Injuries
0.0,1.0,0.0,2.85673475217826e-05,-2.85673475217826e-05,Road traffic injuries
0.0,1.0,0.0,2.85673475217826e-05,-2.85673475217826e-05,Safety officer
0.0,1.0,0.0,2.85673475217826e-05,-2.85673475217826e-05,Safety features
0.0,1.0,0.0,2.85673475217826e-05,-2.85673475217826e-05,Sacrum
0.0,1.0,0.0,2.85673475217826e-05,-2.85673475217826e-05,SVC syndrome
0.0,1.0,0.0,2.85673475217826e-05,-2.85673475217826e-05,SSPE
0.0,1.0,0.0,2.85673475217826e-05,-2.85673475217826e-05,SIRS
0.0,1.0,0.0,2.85673475217826e-05,-2.85673475217826e-05,SIADH management
0.0,1.0,0.0,2.85673475217826e-05,-2.85673475217826e-05,SIADH
0.0,1.0,0.0,2.85673475217826e-05,-2.85673475217826e-05,SARS
0.0,1.0,0.0,2.85673475217826e-05,-2.85673475217826e-05,SAH Prognostic Scales
0.0,1.0,0.0,2.85673475217826e-05,-2.85673475217826e-05,Round pneumonia
0.0,1.0,0.0,2.85673475217826e-05,-2.85673475217826e-05,Rotator cuff pathology
0.0,1.0,0.0,2.85673475217826e-05,-2.85673475217826e-05,Rotator cuff
0.0,1.0,0.0,2.85673475217826e-05,-2.85673475217826e-05,Rotator Cuff Pathology
0.0,1.0,0.0,2.85673475217826e-05,-2.85673475217826e-05,Rotator Cuff Injuries
0.0,1.0,0.0,2.85673475217826e-05,-2.85673475217826e-05,Rotator Cuff Impingement
0.0,1.0,0.0,2.85673475217826e-05,-2.85673475217826e-05,Robertson translocation
0.0,1.0,0.0,2.85673475217826e-05,-2.85673475217826e-05,Radiation Tolerance
0.0,1.0,0.0,2.85673475217826e-05,-2.85673475217826e-05,Radiation Injury
0.0,1.0,0.0,2.85673475217826e-05,-2.85673475217826e-05,Postinflammatory Hypopigmentation
0.0,1.0,0.0,2.85673475217826e-05,-2.85673475217826e-05,Prion diseases
0.0,1.0,0.0,2.85673475217826e-05,-2.85673475217826e-05,Prokinetic drugs
0.0,1.0,0.0,2.85673475217826e-05,-2.85673475217826e-05,Prokinetic Agents
0.0,1.0,0.0,2.85673475217826e-05,-2.85673475217826e-05,Prognostic factors
0.0,1.0,0.0,2.85673475217826e-05,-2.85673475217826e-05,Progesterone receptor antagonists
0.0,1.0,0.0,2.85673475217826e-05,-2.85673475217826e-05,Progesterone antagonists
0.0,1.0,0.0,2.85673475217826e-05,-2.85673475217826e-05,Progesterone Antagonists
0.0,1.0,0.0,2.85673475217826e-05,-2.85673475217826e-05,Professional Secrecy
0.0,1.0,0.0,2.85673475217826e-05,-2.85673475217826e-05,Prions
0.0,1.0,0.0,2.85673475217826e-05,-2.85673475217826e-05,Prion Diseases
0.0,1.0,0.0,2.85673475217826e-05,-2.85673475217826e-05,Propofol Infusion Syndrome
0.0,1.0,0.0,2.85673475217826e-05,-2.85673475217826e-05,Principles
0.0,1.0,0.0,2.85673475217826e-05,-2.85673475217826e-05,Primary survey
0.0,1.0,0.0,2.85673475217826e-05,-2.85673475217826e-05,Primary hyperparathyroidism
0.0,1.0,0.0,2.85673475217826e-05,-2.85673475217826e-05,Primary healthcare
0.0,1.0,0.0,2.85673475217826e-05,-2.85673475217826e-05,Primary Immunodeficiency
0.0,1.0,0.0,2.85673475217826e-05,-2.85673475217826e-05,Primary Health Centre
0.0,1.0,0.0,2.85673475217826e-05,-2.85673475217826e-05,Primary Amenorrhoea
0.0,1.0,0.0,2.85673475217826e-05,-2.85673475217826e-05,Priapism
0.0,1.0,0.0,2.85673475217826e-05,-2.85673475217826e-05,Propofol
0.0,1.0,0.0,2.85673475217826e-05,-2.85673475217826e-05,Propofol infusion syndrome
0.0,1.0,0.0,2.85673475217826e-05,-2.85673475217826e-05,Proteolytic enzymes
0.0,1.0,0.0,2.85673475217826e-05,-2.85673475217826e-05,Protein Sorting
0.0,1.0,0.0,2.85673475217826e-05,-2.85673475217826e-05,Proteinuria
0.0,1.0,0.0,2.85673475217826e-05,-2.85673475217826e-05,Protein requirement
0.0,1.0,0.0,2.85673475217826e-05,-2.85673475217826e-05,Protein function
0.0,1.0,0.0,2.85673475217826e-05,-2.85673475217826e-05,Protein folding
0.0,1.0,0.0,2.85673475217826e-05,-2.85673475217826e-05,Protein degradation
0.0,1.0,0.0,2.85673475217826e-05,-2.85673475217826e-05,Protein biochemistry
0.0,1.0,0.0,2.85673475217826e-05,-2.85673475217826e-05,Protein Structure and Function
0.0,1.0,0.0,2.85673475217826e-05,-2.85673475217826e-05,Protein Structure And Function
0.0,1.0,0.0,2.85673475217826e-05,-2.85673475217826e-05,Protein Sequencing
0.0,1.0,0.0,2.85673475217826e-05,-2.85673475217826e-05,Prostaglandin Analogues
0.0,1.0,0.0,2.85673475217826e-05,-2.85673475217826e-05,Protein Requirement
0.0,1.0,0.0,2.85673475217826e-05,-2.85673475217826e-05,Protein Function
0.0,1.0,0.0,2.85673475217826e-05,-2.85673475217826e-05,Prosthetics
0.0,1.0,0.0,2.85673475217826e-05,-2.85673475217826e-05,Prosthetic Grafts
0.0,1.0,0.0,2.85673475217826e-05,-2.85673475217826e-05,Prostate Surgery Complications
0.0,1.0,0.0,2.85673475217826e-05,-2.85673475217826e-05,Prostate Anatomy
0.0,1.0,0.0,2.85673475217826e-05,-2.85673475217826e-05,Prostate
0.0,1.0,0.0,2.85673475217826e-05,-2.85673475217826e-05,Prostaglandin analogues
0.0,1.0,0.0,2.85673475217826e-05,-2.85673475217826e-05,Prevertebral space
0.0,1.0,0.0,2.85673475217826e-05,-2.85673475217826e-05,Preventive Ophthalmology
0.0,1.0,0.0,2.85673475217826e-05,-2.85673475217826e-05,Prevention Levels
0.0,1.0,0.0,2.85673475217826e-05,-2.85673475217826e-05,Pott'S Paraplegia
0.0,1.0,0.0,2.85673475217826e-05,-2.85673475217826e-05,Pre-operative evaluation
0.0,1.0,0.0,2.85673475217826e-05,-2.85673475217826e-05,Pre-eclampsia management
0.0,1.0,0.0,2.85673475217826e-05,-2.85673475217826e-05,Pre-Eclampsia Management
0.0,1.0,0.0,2.85673475217826e-05,-2.85673475217826e-05,Pre-Eclampsia
0.0,1.0,0.0,2.85673475217826e-05,-2.85673475217826e-05,Prader-Willi Syndrome
0.0,1.0,0.0,2.85673475217826e-05,-2.85673475217826e-05,Potter syndrome
0.0,1.0,0.0,2.85673475217826e-05,-2.85673475217826e-05,Pott's paraplegia
0.0,1.0,0.0,2.85673475217826e-05,-2.85673475217826e-05,Pott's Paraplegia
0.0,1.0,0.0,2.85673475217826e-05,-2.85673475217826e-05,Potassium balance
0.0,1.0,0.0,2.85673475217826e-05,-2.85673475217826e-05,Pressure Ulcer
0.0,1.0,0.0,2.85673475217826e-05,-2.85673475217826e-05,Posture control
0.0,1.0,0.0,2.85673475217826e-05,-2.85673475217826e-05,Postpartum seizures
0.0,1.0,0.0,2.85673475217826e-05,-2.85673475217826e-05,Postpartum blues
0.0,1.0,0.0,2.85673475217826e-05,-2.85673475217826e-05,Postpartum Haemorrhage
0.0,1.0,0.0,2.85673475217826e-05,-2.85673475217826e-05,Postmortem Procedures
0.0,1.0,0.0,2.85673475217826e-05,-2.85673475217826e-05,Postmortem Lividity
0.0,1.0,0.0,2.85673475217826e-05,-2.85673475217826e-05,Postmortem
0.0,1.0,0.0,2.85673475217826e-05,-2.85673475217826e-05,Postinflammatory hypopigmentation
0.0,1.0,0.0,2.85673475217826e-05,-2.85673475217826e-05,Precancerous lesions
0.0,1.0,0.0,2.85673475217826e-05,-2.85673475217826e-05,Preconception Care
0.0,1.0,0.0,2.85673475217826e-05,-2.85673475217826e-05,Preconception care
0.0,1.0,0.0,2.85673475217826e-05,-2.85673475217826e-05,Preimplantation Genetic Testing
0.0,1.0,0.0,2.85673475217826e-05,-2.85673475217826e-05,Pressure
0.0,1.0,0.0,2.85673475217826e-05,-2.85673475217826e-05,Press regulation
0.0,1.0,0.0,2.85673475217826e-05,-2.85673475217826e-05,Preoperative evaluation
0.0,1.0,0.0,2.85673475217826e-05,-2.85673475217826e-05,Preoperative assessment
0.0,1.0,0.0,2.85673475217826e-05,-2.85673475217826e-05,Preoperative Assessment
0.0,1.0,0.0,2.85673475217826e-05,-2.85673475217826e-05,Prenatal care
0.0,1.0,0.0,2.85673475217826e-05,-2.85673475217826e-05,Prenatal Therapy
0.0,1.0,0.0,2.85673475217826e-05,-2.85673475217826e-05,Prenatal Management
0.0,1.0,0.0,2.85673475217826e-05,-2.85673475217826e-05,Prenatal Diagnosis and Screening
0.0,1.0,0.0,2.85673475217826e-05,-2.85673475217826e-05,Prenatal Diagnosis And Screening
0.0,1.0,0.0,2.85673475217826e-05,-2.85673475217826e-05,Prematurity features
0.0,1.0,0.0,2.85673475217826e-05,-2.85673475217826e-05,Prematurity Features
0.0,1.0,0.0,2.85673475217826e-05,-2.85673475217826e-05,Premature rupture of membranes
0.0,1.0,0.0,2.85673475217826e-05,-2.85673475217826e-05,Premature ejaculation
0.0,1.0,0.0,2.85673475217826e-05,-2.85673475217826e-05,Premature Ovarian Failure
0.0,1.0,0.0,2.85673475217826e-05,-2.85673475217826e-05,Premature Infant Management
0.0,1.0,0.0,2.85673475217826e-05,-2.85673475217826e-05,Premalignant Skin Lesions
0.0,1.0,0.0,2.85673475217826e-05,-2.85673475217826e-05,Proteolytic Enzymes
0.0,1.0,0.0,2.85673475217826e-05,-2.85673475217826e-05,Proteus
0.0,1.0,0.0,2.85673475217826e-05,-2.85673475217826e-05,Radiation Exposure
0.0,1.0,0.0,2.85673475217826e-05,-2.85673475217826e-05,Pure tone audiometry
0.0,1.0,0.0,2.85673475217826e-05,-2.85673475217826e-05,Purine biosynthesis
0.0,1.0,0.0,2.85673475217826e-05,-2.85673475217826e-05,Purine and Pyrimidine Metabolism
0.0,1.0,0.0,2.85673475217826e-05,-2.85673475217826e-05,Purine Synthesis
0.0,1.0,0.0,2.85673475217826e-05,-2.85673475217826e-05,Purine Salvage Pathway
0.0,1.0,0.0,2.85673475217826e-05,-2.85673475217826e-05,Purine Metabolism Disorders
0.0,1.0,0.0,2.85673475217826e-05,-2.85673475217826e-05,Purine Catabolism
0.0,1.0,0.0,2.85673475217826e-05,-2.85673475217826e-05,Purine And Pyrimidine Metabolism
0.0,1.0,0.0,2.85673475217826e-05,-2.85673475217826e-05,Pure word deafness
0.0,1.0,0.0,2.85673475217826e-05,-2.85673475217826e-05,Pupillary reflex
0.0,1.0,0.0,2.85673475217826e-05,-2.85673475217826e-05,Purine synthesis
0.0,1.0,0.0,2.85673475217826e-05,-2.85673475217826e-05,Pupillary muscles
0.0,1.0,0.0,2.85673475217826e-05,-2.85673475217826e-05,Pupillary abnormalities
0.0,1.0,0.0,2.85673475217826e-05,-2.85673475217826e-05,Pupillary Muscles
0.0,1.0,0.0,2.85673475217826e-05,-2.85673475217826e-05,Pupillary Disorders
0.0,1.0,0.0,2.85673475217826e-05,-2.85673475217826e-05,Pupillary Abnormalities
0.0,1.0,0.0,2.85673475217826e-05,-2.85673475217826e-05,Pupil signs
0.0,1.0,0.0,2.85673475217826e-05,-2.85673475217826e-05,Pupil abnormalities
0.0,1.0,0.0,2.85673475217826e-05,-2.85673475217826e-05,Pupil Abnormalities
0.0,1.0,0.0,2.85673475217826e-05,-2.85673475217826e-05,Purine salvage pathway
0.0,1.0,0.0,2.85673475217826e-05,-2.85673475217826e-05,Pustular Psoriasis
0.0,1.0,0.0,2.85673475217826e-05,-2.85673475217826e-05,Proton Pump Inhibitors
0.0,1.0,0.0,2.85673475217826e-05,-2.85673475217826e-05,RCH program
0.0,1.0,0.0,2.85673475217826e-05,-2.85673475217826e-05,Radiation
0.0,1.0,0.0,2.85673475217826e-05,-2.85673475217826e-05,Radial nerve injury
0.0,1.0,0.0,2.85673475217826e-05,-2.85673475217826e-05,Radial Nerve Injury
0.0,1.0,0.0,2.85673475217826e-05,-2.85673475217826e-05,Radial Head Subluxation
0.0,1.0,0.0,2.85673475217826e-05,-2.85673475217826e-05,Rabies Prophylaxis
0.0,1.0,0.0,2.85673475217826e-05,-2.85673475217826e-05,RNA splicing
0.0,1.0,0.0,2.85673475217826e-05,-2.85673475217826e-05,RNA enzymes
0.0,1.0,0.0,2.85673475217826e-05,-2.85673475217826e-05,REM sleep
0.0,1.0,0.0,2.85673475217826e-05,-2.85673475217826e-05,Quadratus lumborum
0.0,1.0,0.0,2.85673475217826e-05,-2.85673475217826e-05,Pyometra
0.0,1.0,0.0,2.85673475217826e-05,-2.85673475217826e-05,Qt Interval Prolongation
0.0,1.0,0.0,2.85673475217826e-05,-2.85673475217826e-05,Qt Interval
0.0,1.0,0.0,2.85673475217826e-05,-2.85673475217826e-05,QT interval prolongation
0.0,1.0,0.0,2.85673475217826e-05,-2.85673475217826e-05,QT interval
0.0,1.0,0.0,2.85673475217826e-05,-2.85673475217826e-05,Pyruvate dehydrogenase complex
0.0,1.0,0.0,2.85673475217826e-05,-2.85673475217826e-05,Pyruvate Dehydrogenase Complex
0.0,1.0,0.0,2.85673475217826e-05,-2.85673475217826e-05,Pyrethroid Insecticides
0.0,1.0,0.0,2.85673475217826e-05,-2.85673475217826e-05,Pyramidal Tract Lesion
0.0,1.0,0.0,2.85673475217826e-05,-2.85673475217826e-05,Pupil
0.0,1.0,0.0,2.85673475217826e-05,-2.85673475217826e-05,Pulmonary tuberculosis
0.0,1.0,0.0,2.85673475217826e-05,-2.85673475217826e-05,Pulmonary radiology
0.0,1.0,0.0,2.85673475217826e-05,-2.85673475217826e-05,Psychiatric terminology
0.0,1.0,0.0,2.85673475217826e-05,-2.85673475217826e-05,Ptosis Management
0.0,1.0,0.0,2.85673475217826e-05,-2.85673475217826e-05,Pterygopalatine fossa
0.0,1.0,0.0,2.85673475217826e-05,-2.85673475217826e-05,Pterygopalatine Fossa
0.0,1.0,0.0,2.85673475217826e-05,-2.85673475217826e-05,Psychotherapy Concepts
0.0,1.0,0.0,2.85673475217826e-05,-2.85673475217826e-05,Psychophysics
0.0,1.0,0.0,2.85673475217826e-05,-2.85673475217826e-05,Psychomotor Symptoms
0.0,1.0,0.0,2.85673475217826e-05,-2.85673475217826e-05,Psychological Concepts
0.0,1.0,0.0,2.85673475217826e-05,-2.85673475217826e-05,Psychodynamic Theory
0.0,1.0,0.0,2.85673475217826e-05,-2.85673475217826e-05,Psychiatric symptoms
0.0,1.0,0.0,2.85673475217826e-05,-2.85673475217826e-05,Pulmonary nodules
0.0,1.0,0.0,2.85673475217826e-05,-2.85673475217826e-05,Psychiatric Symptoms
0.0,1.0,0.0,2.85673475217826e-05,-2.85673475217826e-05,Psychiatric Management
0.0,1.0,0.0,2.85673475217826e-05,-2.85673475217826e-05,Psychiatric Certification
0.0,1.0,0.0,2.85673475217826e-05,-2.85673475217826e-05,Pseudoseizures
0.0,1.0,0.0,2.85673475217826e-05,-2.85673475217826e-05,Protozoan cysts
0.0,1.0,0.0,2.85673475217826e-05,-2.85673475217826e-05,Protozoal Diseases
0.0,1.0,0.0,2.85673475217826e-05,-2.85673475217826e-05,Proton therapy
0.0,1.0,0.0,2.85673475217826e-05,-2.85673475217826e-05,Proton pump inhibitors
0.0,1.0,0.0,2.85673475217826e-05,-2.85673475217826e-05,Pubertal disorders
0.0,1.0,0.0,2.85673475217826e-05,-2.85673475217826e-05,Public Health Concepts
0.0,1.0,0.0,2.85673475217826e-05,-2.85673475217826e-05,Public Health Goals
0.0,1.0,0.0,2.85673475217826e-05,-2.85673475217826e-05,Public Health Ophthalmology
0.0,1.0,0.0,2.85673475217826e-05,-2.85673475217826e-05,Pulmonary metastasis
0.0,1.0,0.0,2.85673475217826e-05,-2.85673475217826e-05,Pulmonary hemorrhage
0.0,1.0,0.0,2.85673475217826e-05,-2.85673475217826e-05,Pulmonary eosinophilia
0.0,1.0,0.0,2.85673475217826e-05,-2.85673475217826e-05,Pulmonary edema
0.0,1.0,0.0,2.85673475217826e-05,-2.85673475217826e-05,Pulmonary Radiology
0.0,1.0,0.0,2.85673475217826e-05,-2.85673475217826e-05,Pulmonary Metastasis
0.0,1.0,0.0,2.85673475217826e-05,-2.85673475217826e-05,Pulmonary Infiltrates
0.0,1.0,0.0,2.85673475217826e-05,-2.85673475217826e-05,Pulmonary Imaging
0.0,1.0,0.0,2.85673475217826e-05,-2.85673475217826e-05,Pulmonary Hypertension Drugs
0.0,1.0,0.0,2.85673475217826e-05,-2.85673475217826e-05,Pulmonary Edema
0.0,1.0,0.0,2.85673475217826e-05,-2.85673475217826e-05,Pulmonary Diseases
0.0,1.0,0.0,2.85673475217826e-05,-2.85673475217826e-05,Pulmonary Circulation
0.0,1.0,0.0,2.85673475217826e-05,-2.85673475217826e-05,Puerperal Sepsis
0.0,1.0,0.0,2.85673475217826e-05,-2.85673475217826e-05,Puerperal Pyrexia
0.0,1.0,0.0,2.85673475217826e-05,-2.85673475217826e-05,Pudendal Canal
0.0,1.0,0.0,2.85673475217826e-05,-2.85673475217826e-05,Public health programs
0.0,1.0,0.0,2.85673475217826e-05,-2.85673475217826e-05,Public health administration
0.0,1.0,0.0,2.85673475217826e-05,-2.85673475217826e-05,Infratemporal fossa
0.0,1.0,0.0,2.85673475217826e-05,-2.85673475217826e-05,"2,3-DPG"
0.0,1.0,0.0,2.85673475217826e-05,-2.85673475217826e-05,Inflammatory disorders
0.0,1.0,0.0,2.85673475217826e-05,-2.85673475217826e-05,Corrosive injury
0.0,1.0,0.0,2.85673475217826e-05,-2.85673475217826e-05,Contact dermatitis
0.0,1.0,0.0,2.85673475217826e-05,-2.85673475217826e-05,Constrictive pericarditis
0.0,1.0,0.0,2.85673475217826e-05,-2.85673475217826e-05,Constitutional Articles
0.0,1.0,0.0,2.85673475217826e-05,-2.85673475217826e-05,Constipation
0.0,1.0,0.0,2.85673475217826e-05,-2.85673475217826e-05,Consciousness assessment
0.0,1.0,0.0,2.85673475217826e-05,-2.85673475217826e-05,Consciousness
0.0,1.0,0.0,2.85673475217826e-05,-2.85673475217826e-05,Conscious sedation
0.0,1.0,0.0,2.85673475217826e-05,-2.85673475217826e-05,Conjunctival staining
0.0,1.0,0.0,2.85673475217826e-05,-2.85673475217826e-05,Conjunctival Staining
0.0,1.0,0.0,2.85673475217826e-05,-2.85673475217826e-05,Conjoined twins
0.0,1.0,0.0,2.85673475217826e-05,-2.85673475217826e-05,Conjoined Twins
0.0,1.0,0.0,2.85673475217826e-05,-2.85673475217826e-05,Conization
0.0,1.0,0.0,2.85673475217826e-05,-2.85673475217826e-05,Congenital vertical talus
0.0,1.0,0.0,2.85673475217826e-05,-2.85673475217826e-05,Congenital urinary obstruction
0.0,1.0,0.0,2.85673475217826e-05,-2.85673475217826e-05,Congenital syphilis
0.0,1.0,0.0,2.85673475217826e-05,-2.85673475217826e-05,Congenital syndromes
0.0,1.0,0.0,2.85673475217826e-05,-2.85673475217826e-05,Congenital malformations
0.0,1.0,0.0,2.85673475217826e-05,-2.85673475217826e-05,Contraceptive Prevalence
0.0,1.0,0.0,2.85673475217826e-05,-2.85673475217826e-05,Contraceptive methods
0.0,1.0,0.0,2.85673475217826e-05,-2.85673475217826e-05,Contraceptive prevalence
0.0,1.0,0.0,2.85673475217826e-05,-2.85673475217826e-05,Cord Prolapse
0.0,1.0,0.0,2.85673475217826e-05,-2.85673475217826e-05,Corrosive Poisoning
0.0,1.0,0.0,2.85673475217826e-05,-2.85673475217826e-05,Corpus Luteum
0.0,1.0,0.0,2.85673475217826e-05,-2.85673475217826e-05,Coronary Sinus
0.0,1.0,0.0,2.85673475217826e-05,-2.85673475217826e-05,Coronary Arteries
0.0,1.0,0.0,2.85673475217826e-05,-2.85673475217826e-05,Cori's Cycle
0.0,1.0,0.0,2.85673475217826e-05,-2.85673475217826e-05,Cori'S Cycle
0.0,1.0,0.0,2.85673475217826e-05,-2.85673475217826e-05,Cord prolapse
0.0,1.0,0.0,2.85673475217826e-05,-2.85673475217826e-05,Copd Staging
0.0,1.0,0.0,2.85673475217826e-05,-2.85673475217826e-05,Contracted Pelvis
0.0,1.0,0.0,2.85673475217826e-05,-2.85673475217826e-05,Copd Classification
0.0,1.0,0.0,2.85673475217826e-05,-2.85673475217826e-05,Conversion Disorders
0.0,1.0,0.0,2.85673475217826e-05,-2.85673475217826e-05,Controlled ventilation
0.0,1.0,0.0,2.85673475217826e-05,-2.85673475217826e-05,Contrast Nephropathy Prevention
0.0,1.0,0.0,2.85673475217826e-05,-2.85673475217826e-05,Contrast Media Safety
0.0,1.0,0.0,2.85673475217826e-05,-2.85673475217826e-05,Contrast Media Properties
0.0,1.0,0.0,2.85673475217826e-05,-2.85673475217826e-05,Contrast Agents
0.0,1.0,0.0,2.85673475217826e-05,-2.85673475217826e-05,Congenital genital anomalies
0.0,1.0,0.0,2.85673475217826e-05,-2.85673475217826e-05,Congenital Vertical Talus
0.0,1.0,0.0,2.85673475217826e-05,-2.85673475217826e-05,Congenital Tuberculosis
0.0,1.0,0.0,2.85673475217826e-05,-2.85673475217826e-05,Community Dynamics
0.0,1.0,0.0,2.85673475217826e-05,-2.85673475217826e-05,Complex Febrile Seizures
0.0,1.0,0.0,2.85673475217826e-05,-2.85673475217826e-05,Complement disorders
0.0,1.0,0.0,2.85673475217826e-05,-2.85673475217826e-05,Complement
0.0,1.0,0.0,2.85673475217826e-05,-2.85673475217826e-05,Community Psychiatry
0.0,1.0,0.0,2.85673475217826e-05,-2.85673475217826e-05,Community Participation
0.0,1.0,0.0,2.85673475217826e-05,-2.85673475217826e-05,Community Ophthalmology
0.0,1.0,0.0,2.85673475217826e-05,-2.85673475217826e-05,Community Health
0.0,1.0,0.0,2.85673475217826e-05,-2.85673475217826e-05,Communication Methods
0.0,1.0,0.0,2.85673475217826e-05,-2.85673475217826e-05,Complex regional pain syndrome
0.0,1.0,0.0,2.85673475217826e-05,-2.85673475217826e-05,Common Peroneal Nerve
0.0,1.0,0.0,2.85673475217826e-05,-2.85673475217826e-05,Coma and brain injury
0.0,1.0,0.0,2.85673475217826e-05,-2.85673475217826e-05,Colorectal imaging
0.0,1.0,0.0,2.85673475217826e-05,-2.85673475217826e-05,Colorectal Imaging
0.0,1.0,0.0,2.85673475217826e-05,-2.85673475217826e-05,Colorectal Disorders
0.0,1.0,0.0,2.85673475217826e-05,-2.85673475217826e-05,Colorectal Cancer Precursors
0.0,1.0,0.0,2.85673475217826e-05,-2.85673475217826e-05,Color vision deficiency
0.0,1.0,0.0,2.85673475217826e-05,-2.85673475217826e-05,Complex febrile seizures
0.0,1.0,0.0,2.85673475217826e-05,-2.85673475217826e-05,Complicated Deliveries
0.0,1.0,0.0,2.85673475217826e-05,-2.85673475217826e-05,Congenital Toxoplasmosis
0.0,1.0,0.0,2.85673475217826e-05,-2.85673475217826e-05,Congenital Cardiac Imaging
0.0,1.0,0.0,2.85673475217826e-05,-2.85673475217826e-05,Congenital Syndromes
0.0,1.0,0.0,2.85673475217826e-05,-2.85673475217826e-05,Congenital Neck Lesions
0.0,1.0,0.0,2.85673475217826e-05,-2.85673475217826e-05,Congenital Hypothyroidism
0.0,1.0,0.0,2.85673475217826e-05,-2.85673475217826e-05,Congenital Heart Diseases
0.0,1.0,0.0,2.85673475217826e-05,-2.85673475217826e-05,Congenital Heart Defects
0.0,1.0,0.0,2.85673475217826e-05,-2.85673475217826e-05,Congenital Eye Disorders
0.0,1.0,0.0,2.85673475217826e-05,-2.85673475217826e-05,Congenital Eye Anomalies
0.0,1.0,0.0,2.85673475217826e-05,-2.85673475217826e-05,Congenital Anomalies Screening
0.0,1.0,0.0,2.85673475217826e-05,-2.85673475217826e-05,Complications Of Neuraxial Anesthesia
0.0,1.0,0.0,2.85673475217826e-05,-2.85673475217826e-05,Confounding
0.0,1.0,0.0,2.85673475217826e-05,-2.85673475217826e-05,Conductive hearing loss
0.0,1.0,0.0,2.85673475217826e-05,-2.85673475217826e-05,Concomitant squint
0.0,1.0,0.0,2.85673475217826e-05,-2.85673475217826e-05,Computed Tomography (Ct)
0.0,1.0,0.0,2.85673475217826e-05,-2.85673475217826e-05,Computed Tomography (CT)
0.0,1.0,0.0,2.85673475217826e-05,-2.85673475217826e-05,Complications of neuraxial anesthesia
0.0,1.0,0.0,2.85673475217826e-05,-2.85673475217826e-05,Complications of Puerperium
0.0,1.0,0.0,2.85673475217826e-05,-2.85673475217826e-05,Corrosive Poisons
0.0,1.0,0.0,2.85673475217826e-05,-2.85673475217826e-05,Cortisol
0.0,1.0,0.0,2.85673475217826e-05,-2.85673475217826e-05,Death declaration
0.0,1.0,0.0,2.85673475217826e-05,-2.85673475217826e-05,Counter-Current Mechanism
0.0,1.0,0.0,2.85673475217826e-05,-2.85673475217826e-05,Cystic fibrosis
0.0,1.0,0.0,2.85673475217826e-05,-2.85673475217826e-05,Cystic Lesions
0.0,1.0,0.0,2.85673475217826e-05,-2.85673475217826e-05,Cystic Hygroma
0.0,1.0,0.0,2.85673475217826e-05,-2.85673475217826e-05,Cycloplegic agents
0.0,1.0,0.0,2.85673475217826e-05,-2.85673475217826e-05,Cycloplegic Agents
0.0,1.0,0.0,2.85673475217826e-05,-2.85673475217826e-05,Cyclic peptides
0.0,1.0,0.0,2.85673475217826e-05,-2.85673475217826e-05,Cyanotic spells
0.0,1.0,0.0,2.85673475217826e-05,-2.85673475217826e-05,Cyanotic congenital heart disease
0.0,1.0,0.0,2.85673475217826e-05,-2.85673475217826e-05,Cyanotic Spells
0.0,1.0,0.0,2.85673475217826e-05,-2.85673475217826e-05,Cyanotic Heart Disease
0.0,1.0,0.0,2.85673475217826e-05,-2.85673475217826e-05,Cyanotic Congenital Heart Disease
0.0,1.0,0.0,2.85673475217826e-05,-2.85673475217826e-05,Cyanosis
0.0,1.0,0.0,2.85673475217826e-05,-2.85673475217826e-05,Cutis marmorata
0.0,1.0,0.0,2.85673475217826e-05,-2.85673475217826e-05,Cutaneous tuberculosis
0.0,1.0,0.0,2.85673475217826e-05,-2.85673475217826e-05,Cutaneous receptors
0.0,1.0,0.0,2.85673475217826e-05,-2.85673475217826e-05,Cutaneous Tuberculosis
0.0,1.0,0.0,2.85673475217826e-05,-2.85673475217826e-05,Cutaneous T-cell Lymphoma
0.0,1.0,0.0,2.85673475217826e-05,-2.85673475217826e-05,Cystic lesions
0.0,1.0,0.0,2.85673475217826e-05,-2.85673475217826e-05,Cystinuria
0.0,1.0,0.0,2.85673475217826e-05,-2.85673475217826e-05,Cytomegalovirus
0.0,1.0,0.0,2.85673475217826e-05,-2.85673475217826e-05,DSD
0.0,1.0,0.0,2.85673475217826e-05,-2.85673475217826e-05,Data presentation
0.0,1.0,0.0,2.85673475217826e-05,-2.85673475217826e-05,Data Presentation
0.0,1.0,0.0,2.85673475217826e-05,-2.85673475217826e-05,Darting motility
0.0,1.0,0.0,2.85673475217826e-05,-2.85673475217826e-05,Dandy-Walker syndrome
0.0,1.0,0.0,2.85673475217826e-05,-2.85673475217826e-05,Dandy-Walker Syndrome
0.0,1.0,0.0,2.85673475217826e-05,-2.85673475217826e-05,Dacryocystitis
0.0,1.0,0.0,2.85673475217826e-05,-2.85673475217826e-05,DSM-5
0.0,1.0,0.0,2.85673475217826e-05,-2.85673475217826e-05,DNA repair disorders
0.0,1.0,0.0,2.85673475217826e-05,-2.85673475217826e-05,Cytopathology
0.0,1.0,0.0,2.85673475217826e-05,-2.85673475217826e-05,DNA and RNA viruses
0.0,1.0,0.0,2.85673475217826e-05,-2.85673475217826e-05,DNA Replication and Repair
0.0,1.0,0.0,2.85673475217826e-05,-2.85673475217826e-05,DNA Profiling
0.0,1.0,0.0,2.85673475217826e-05,-2.85673475217826e-05,DNA Damage
0.0,1.0,0.0,2.85673475217826e-05,-2.85673475217826e-05,DMARDs
0.0,1.0,0.0,2.85673475217826e-05,-2.85673475217826e-05,D&C
0.0,1.0,0.0,2.85673475217826e-05,-2.85673475217826e-05,Cytotoxic drug disposal
0.0,1.0,0.0,2.85673475217826e-05,-2.85673475217826e-05,Cutaneous T-Cell Lymphoma
0.0,1.0,0.0,2.85673475217826e-05,-2.85673475217826e-05,Cutaneous Manifestations
0.0,1.0,0.0,2.85673475217826e-05,-2.85673475217826e-05,Culture-bound syndromes
0.0,1.0,0.0,2.85673475217826e-05,-2.85673475217826e-05,Cranial cavity
0.0,1.0,0.0,2.85673475217826e-05,-2.85673475217826e-05,Creche
0.0,1.0,0.0,2.85673475217826e-05,-2.85673475217826e-05,Creatinine metabolism
0.0,1.0,0.0,2.85673475217826e-05,-2.85673475217826e-05,Creatinine Metabolism
0.0,1.0,0.0,2.85673475217826e-05,-2.85673475217826e-05,Creatine metabolism
0.0,1.0,0.0,2.85673475217826e-05,-2.85673475217826e-05,Creatine Metabolism
0.0,1.0,0.0,2.85673475217826e-05,-2.85673475217826e-05,Cranial nerve synkinesis
0.0,1.0,0.0,2.85673475217826e-05,-2.85673475217826e-05,Cranial nerve nuclei
0.0,1.0,0.0,2.85673475217826e-05,-2.85673475217826e-05,Cranial Vasculature
0.0,1.0,0.0,2.85673475217826e-05,-2.85673475217826e-05,Criminal Responsibility
0.0,1.0,0.0,2.85673475217826e-05,-2.85673475217826e-05,Cranial Sutures and Fontanelles
0.0,1.0,0.0,2.85673475217826e-05,-2.85673475217826e-05,Cranial Sutures And Fontanelles
0.0,1.0,0.0,2.85673475217826e-05,-2.85673475217826e-05,Cranial Nerve Innervation
0.0,1.0,0.0,2.85673475217826e-05,-2.85673475217826e-05,Cranial Nerve Functions
0.0,1.0,0.0,2.85673475217826e-05,-2.85673475217826e-05,Cranial Arteries
0.0,1.0,0.0,2.85673475217826e-05,-2.85673475217826e-05,Cranial Anatomy
0.0,1.0,0.0,2.85673475217826e-05,-2.85673475217826e-05,Counter-current Mechanism
0.0,1.0,0.0,2.85673475217826e-05,-2.85673475217826e-05,Criminal Abortion
0.0,1.0,0.0,2.85673475217826e-05,-2.85673475217826e-05,Criminal abortion
0.0,1.0,0.0,2.85673475217826e-05,-2.85673475217826e-05,Culture-Bound Syndromes
0.0,1.0,0.0,2.85673475217826e-05,-2.85673475217826e-05,Csom
0.0,1.0,0.0,2.85673475217826e-05,-2.85673475217826e-05,Culture techniques
0.0,1.0,0.0,2.85673475217826e-05,-2.85673475217826e-05,Culture characteristics
0.0,1.0,0.0,2.85673475217826e-05,-2.85673475217826e-05,Cultural heritage
0.0,1.0,0.0,2.85673475217826e-05,-2.85673475217826e-05,Culex Larvae
0.0,1.0,0.0,2.85673475217826e-05,-2.85673475217826e-05,Cubitus valgus
0.0,1.0,0.0,2.85673475217826e-05,-2.85673475217826e-05,Cubitus Valgus
0.0,1.0,0.0,2.85673475217826e-05,-2.85673475217826e-05,Ct Scan Limitations
0.0,1.0,0.0,2.85673475217826e-05,-2.85673475217826e-05,Csf Rhinorrhoea
0.0,1.0,0.0,2.85673475217826e-05,-2.85673475217826e-05,Criminal responsibility
0.0,1.0,0.0,2.85673475217826e-05,-2.85673475217826e-05,Cryptomenorrhoea
0.0,1.0,0.0,2.85673475217826e-05,-2.85673475217826e-05,Cryptococcus
0.0,1.0,0.0,2.85673475217826e-05,-2.85673475217826e-05,Cryotherapy
0.0,1.0,0.0,2.85673475217826e-05,-2.85673475217826e-05,Cryosurgery
0.0,1.0,0.0,2.85673475217826e-05,-2.85673475217826e-05,Cryoglobulinemia Etiology
0.0,1.0,0.0,2.85673475217826e-05,-2.85673475217826e-05,Crohn disease
0.0,1.0,0.0,2.85673475217826e-05,-2.85673475217826e-05,Criminalistics
0.0,1.0,0.0,2.85673475217826e-05,-2.85673475217826e-05,Color Vision Deficiency
0.0,1.0,0.0,2.85673475217826e-05,-2.85673475217826e-05,Colonoscopy
0.0,1.0,0.0,2.85673475217826e-05,-2.85673475217826e-05,Colonic injury
0.0,1.0,0.0,2.85673475217826e-05,-2.85673475217826e-05,Colonic Pseudo-Obstruction
0.0,1.0,0.0,2.85673475217826e-05,-2.85673475217826e-05,Chest Compression
0.0,1.0,0.0,2.85673475217826e-05,-2.85673475217826e-05,Cherry red spot
0.0,1.0,0.0,2.85673475217826e-05,-2.85673475217826e-05,Cherry Red Spot
0.0,1.0,0.0,2.85673475217826e-05,-2.85673475217826e-05,Chemotherapy side effects
0.0,1.0,0.0,2.85673475217826e-05,-2.85673475217826e-05,Chemotherapy administration
0.0,1.0,0.0,2.85673475217826e-05,-2.85673475217826e-05,Chemotherapy Side Effects
0.0,1.0,0.0,2.85673475217826e-05,-2.85673475217826e-05,Chemotherapy Adverse Effects
0.0,1.0,0.0,2.85673475217826e-05,-2.85673475217826e-05,Chemokines
0.0,1.0,0.0,2.85673475217826e-05,-2.85673475217826e-05,Chemical warfare
0.0,1.0,0.0,2.85673475217826e-05,-2.85673475217826e-05,Chemical poisons
0.0,1.0,0.0,2.85673475217826e-05,-2.85673475217826e-05,Chemical injuries
0.0,1.0,0.0,2.85673475217826e-05,-2.85673475217826e-05,Chemical Poisons
0.0,1.0,0.0,2.85673475217826e-05,-2.85673475217826e-05,Chemical Mediators
0.0,1.0,0.0,2.85673475217826e-05,-2.85673475217826e-05,Chemical Injuries
0.0,1.0,0.0,2.85673475217826e-05,-2.85673475217826e-05,Channelopathies
0.0,1.0,0.0,2.85673475217826e-05,-2.85673475217826e-05,Cervix
0.0,1.0,0.0,2.85673475217826e-05,-2.85673475217826e-05,Cervical rib
0.0,1.0,0.0,2.85673475217826e-05,-2.85673475217826e-05,Chest Lesions
0.0,1.0,0.0,2.85673475217826e-05,-2.85673475217826e-05,Chest Radiograph
0.0,1.0,0.0,2.85673475217826e-05,-2.85673475217826e-05,Chest Radiograph Signs
0.0,1.0,0.0,2.85673475217826e-05,-2.85673475217826e-05,Chiari malformation
0.0,1.0,0.0,2.85673475217826e-05,-2.85673475217826e-05,Child welfare legislation
0.0,1.0,0.0,2.85673475217826e-05,-2.85673475217826e-05,Child welfare
0.0,1.0,0.0,2.85673475217826e-05,-2.85673475217826e-05,Child Welfare Legislation
0.0,1.0,0.0,2.85673475217826e-05,-2.85673475217826e-05,Child Welfare
0.0,1.0,0.0,2.85673475217826e-05,-2.85673475217826e-05,Child Rights Legislation
0.0,1.0,0.0,2.85673475217826e-05,-2.85673475217826e-05,Child Rights
0.0,1.0,0.0,2.85673475217826e-05,-2.85673475217826e-05,Child Mortality Determinants
0.0,1.0,0.0,2.85673475217826e-05,-2.85673475217826e-05,Chiari Malformation
0.0,1.0,0.0,2.85673475217826e-05,-2.85673475217826e-05,Chest Tube Management
0.0,1.0,0.0,2.85673475217826e-05,-2.85673475217826e-05,Chiari Ii Malformation
0.0,1.0,0.0,2.85673475217826e-05,-2.85673475217826e-05,Chiari II malformation
0.0,1.0,0.0,2.85673475217826e-05,-2.85673475217826e-05,Chiari II
0.0,1.0,0.0,2.85673475217826e-05,-2.85673475217826e-05,Chiari I
0.0,1.0,0.0,2.85673475217826e-05,-2.85673475217826e-05,Chest wall muscles
0.0,1.0,0.0,2.85673475217826e-05,-2.85673475217826e-05,Chest wall
0.0,1.0,0.0,2.85673475217826e-05,-2.85673475217826e-05,Chest radiograph signs
0.0,1.0,0.0,2.85673475217826e-05,-2.85673475217826e-05,Cervical insufficiency
0.0,1.0,0.0,2.85673475217826e-05,-2.85673475217826e-05,Cervical fascia
0.0,1.0,0.0,2.85673475217826e-05,-2.85673475217826e-05,Cervical carcinoma
0.0,1.0,0.0,2.85673475217826e-05,-2.85673475217826e-05,Cerebellar Peduncles
0.0,1.0,0.0,2.85673475217826e-05,-2.85673475217826e-05,Cerebellar functions
0.0,1.0,0.0,2.85673475217826e-05,-2.85673475217826e-05,Cerebellar disorders
0.0,1.0,0.0,2.85673475217826e-05,-2.85673475217826e-05,Cerebellar cortex
0.0,1.0,0.0,2.85673475217826e-05,-2.85673475217826e-05,Cerebellar arteries
0.0,1.0,0.0,2.85673475217826e-05,-2.85673475217826e-05,Cerebellar agenesis
0.0,1.0,0.0,2.85673475217826e-05,-2.85673475217826e-05,Cerebellar Tracts
0.0,1.0,0.0,2.85673475217826e-05,-2.85673475217826e-05,Cerebellar Physiology
0.0,1.0,0.0,2.85673475217826e-05,-2.85673475217826e-05,Cerebellar Malformation
0.0,1.0,0.0,2.85673475217826e-05,-2.85673475217826e-05,Cerebellar peduncles
0.0,1.0,0.0,2.85673475217826e-05,-2.85673475217826e-05,Cerebellar Functions
0.0,1.0,0.0,2.85673475217826e-05,-2.85673475217826e-05,Cerebellar Agenesis
0.0,1.0,0.0,2.85673475217826e-05,-2.85673475217826e-05,Central venous catheterization
0.0,1.0,0.0,2.85673475217826e-05,-2.85673475217826e-05,Central venous access
0.0,1.0,0.0,2.85673475217826e-05,-2.85673475217826e-05,Central Venous Catheterization
0.0,1.0,0.0,2.85673475217826e-05,-2.85673475217826e-05,Central Venous Access
0.0,1.0,0.0,2.85673475217826e-05,-2.85673475217826e-05,Cellular immunity
0.0,1.0,0.0,2.85673475217826e-05,-2.85673475217826e-05,Cerebellar malformation
0.0,1.0,0.0,2.85673475217826e-05,-2.85673475217826e-05,Cerebellar physiology
0.0,1.0,0.0,2.85673475217826e-05,-2.85673475217826e-05,Cervical cancer radiotherapy
0.0,1.0,0.0,2.85673475217826e-05,-2.85673475217826e-05,Ceruminous glands
0.0,1.0,0.0,2.85673475217826e-05,-2.85673475217826e-05,Cervical Precancerous Lesions
0.0,1.0,0.0,2.85673475217826e-05,-2.85673475217826e-05,Cervical Plexus
0.0,1.0,0.0,2.85673475217826e-05,-2.85673475217826e-05,Cervical Lymphatics
0.0,1.0,0.0,2.85673475217826e-05,-2.85673475217826e-05,Cervical Esophagus
0.0,1.0,0.0,2.85673475217826e-05,-2.85673475217826e-05,Cervical Carcinoma
0.0,1.0,0.0,2.85673475217826e-05,-2.85673475217826e-05,Cervical Cancer Radiotherapy
0.0,1.0,0.0,2.85673475217826e-05,-2.85673475217826e-05,Cervical Assessment
0.0,1.0,0.0,2.85673475217826e-05,-2.85673475217826e-05,Cerebrum
0.0,1.0,0.0,2.85673475217826e-05,-2.85673475217826e-05,Cerebellar tracts
0.0,1.0,0.0,2.85673475217826e-05,-2.85673475217826e-05,Cerebral venous sinus thrombosis
0.0,1.0,0.0,2.85673475217826e-05,-2.85673475217826e-05,Cerebral thrombosis
0.0,1.0,0.0,2.85673475217826e-05,-2.85673475217826e-05,Cerebral palsy
0.0,1.0,0.0,2.85673475217826e-05,-2.85673475217826e-05,Cerebral infarction
0.0,1.0,0.0,2.85673475217826e-05,-2.85673475217826e-05,Cerebral angiography
0.0,1.0,0.0,2.85673475217826e-05,-2.85673475217826e-05,Cerebral Venous Sinus Thrombosis
0.0,1.0,0.0,2.85673475217826e-05,-2.85673475217826e-05,Cerebral Arterial Circle
0.0,1.0,0.0,2.85673475217826e-05,-2.85673475217826e-05,Childhood Behavioral Disorders
0.0,1.0,0.0,2.85673475217826e-05,-2.85673475217826e-05,Childhood Pneumonia
0.0,1.0,0.0,2.85673475217826e-05,-2.85673475217826e-05,Childhood malignancies
0.0,1.0,0.0,2.85673475217826e-05,-2.85673475217826e-05,Clostridia
0.0,1.0,0.0,2.85673475217826e-05,-2.85673475217826e-05,Coarctation of Aorta
0.0,1.0,0.0,2.85673475217826e-05,-2.85673475217826e-05,Coarctation Of Aorta Imaging
0.0,1.0,0.0,2.85673475217826e-05,-2.85673475217826e-05,Coarctation Of Aorta
0.0,1.0,0.0,2.85673475217826e-05,-2.85673475217826e-05,Cluster testing
0.0,1.0,0.0,2.85673475217826e-05,-2.85673475217826e-05,Clubbing
0.0,1.0,0.0,2.85673475217826e-05,-2.85673475217826e-05,Clostridioides difficile
0.0,1.0,0.0,2.85673475217826e-05,-2.85673475217826e-05,Clostridioides Difficile
0.0,1.0,0.0,2.85673475217826e-05,-2.85673475217826e-05,Clinical presentation
0.0,1.0,0.0,2.85673475217826e-05,-2.85673475217826e-05,Cobalamin deficiency
0.0,1.0,0.0,2.85673475217826e-05,-2.85673475217826e-05,Clinical manifestations
0.0,1.0,0.0,2.85673475217826e-05,-2.85673475217826e-05,Clinical features
0.0,1.0,0.0,2.85673475217826e-05,-2.85673475217826e-05,Clinical examination
0.0,1.0,0.0,2.85673475217826e-05,-2.85673475217826e-05,Clinical chemistry
0.0,1.0,0.0,2.85673475217826e-05,-2.85673475217826e-05,Clinical Chemistry
0.0,1.0,0.0,2.85673475217826e-05,-2.85673475217826e-05,Clinical Assessment
0.0,1.0,0.0,2.85673475217826e-05,-2.85673475217826e-05,Cleft palate
0.0,1.0,0.0,2.85673475217826e-05,-2.85673475217826e-05,Coarctation of Aorta Imaging
0.0,1.0,0.0,2.85673475217826e-05,-2.85673475217826e-05,Cocaine
0.0,1.0,0.0,2.85673475217826e-05,-2.85673475217826e-05,Classifications
0.0,1.0,0.0,2.85673475217826e-05,-2.85673475217826e-05,Cognitive testing
0.0,1.0,0.0,2.85673475217826e-05,-2.85673475217826e-05,Colonic Injury
0.0,1.0,0.0,2.85673475217826e-05,-2.85673475217826e-05,Collagen structure
0.0,1.0,0.0,2.85673475217826e-05,-2.85673475217826e-05,Collagen Structure
0.0,1.0,0.0,2.85673475217826e-05,-2.85673475217826e-05,Colitis
0.0,1.0,0.0,2.85673475217826e-05,-2.85673475217826e-05,Colistin
0.0,1.0,0.0,2.85673475217826e-05,-2.85673475217826e-05,Coliform Count
0.0,1.0,0.0,2.85673475217826e-05,-2.85673475217826e-05,Cold exposure
0.0,1.0,0.0,2.85673475217826e-05,-2.85673475217826e-05,Cognitive disorders
0.0,1.0,0.0,2.85673475217826e-05,-2.85673475217826e-05,Cocaine Withdrawal
0.0,1.0,0.0,2.85673475217826e-05,-2.85673475217826e-05,Cognitive behavioral therapy
0.0,1.0,0.0,2.85673475217826e-05,-2.85673475217826e-05,Cognitive Testing
0.0,1.0,0.0,2.85673475217826e-05,-2.85673475217826e-05,Coeliac Disease
0.0,1.0,0.0,2.85673475217826e-05,-2.85673475217826e-05,Cochlear and Brainstem Implants
0.0,1.0,0.0,2.85673475217826e-05,-2.85673475217826e-05,Cochlear Implant
0.0,1.0,0.0,2.85673475217826e-05,-2.85673475217826e-05,Cochlear And Brainstem Implants
0.0,1.0,0.0,2.85673475217826e-05,-2.85673475217826e-05,Cochlea
0.0,1.0,0.0,2.85673475217826e-05,-2.85673475217826e-05,Clearance
0.0,1.0,0.0,2.85673475217826e-05,-2.85673475217826e-05,Cirrhosis Complications
0.0,1.0,0.0,2.85673475217826e-05,-2.85673475217826e-05,Childhood pneumonia
0.0,1.0,0.0,2.85673475217826e-05,-2.85673475217826e-05,Cholesterol Synthesis
0.0,1.0,0.0,2.85673475217826e-05,-2.85673475217826e-05,Chondrosarcoma
0.0,1.0,0.0,2.85673475217826e-05,-2.85673475217826e-05,Cholinesterase Inhibitors
0.0,1.0,0.0,2.85673475217826e-05,-2.85673475217826e-05,Cholinergic receptors
0.0,1.0,0.0,2.85673475217826e-05,-2.85673475217826e-05,Cholinergic drugs
0.0,1.0,0.0,2.85673475217826e-05,-2.85673475217826e-05,Cholinergic agonists
0.0,1.0,0.0,2.85673475217826e-05,-2.85673475217826e-05,Cholinergic agents
0.0,1.0,0.0,2.85673475217826e-05,-2.85673475217826e-05,Cholinergic Agents
0.0,1.0,0.0,2.85673475217826e-05,-2.85673475217826e-05,Cholesterol Metabolism
0.0,1.0,0.0,2.85673475217826e-05,-2.85673475217826e-05,Chorionic Villus Sampling
0.0,1.0,0.0,2.85673475217826e-05,-2.85673475217826e-05,Cholestasis
0.0,1.0,0.0,2.85673475217826e-05,-2.85673475217826e-05,Cholecystokinin
0.0,1.0,0.0,2.85673475217826e-05,-2.85673475217826e-05,Cholangiocarcinoma
0.0,1.0,0.0,2.85673475217826e-05,-2.85673475217826e-05,Chloride channel activators
0.0,1.0,0.0,2.85673475217826e-05,-2.85673475217826e-05,Chloride Channel Activators
0.0,1.0,0.0,2.85673475217826e-05,-2.85673475217826e-05,Chlamydia trachomatis
0.0,1.0,0.0,2.85673475217826e-05,-2.85673475217826e-05,Chlamydia Trachomatis
0.0,1.0,0.0,2.85673475217826e-05,-2.85673475217826e-05,Choriocarcinoma
0.0,1.0,0.0,2.85673475217826e-05,-2.85673475217826e-05,Chorionic villus sampling
0.0,1.0,0.0,2.85673475217826e-05,-2.85673475217826e-05,Circulatory Physiology
0.0,1.0,0.0,2.85673475217826e-05,-2.85673475217826e-05,Chronic venous insufficiency
0.0,1.0,0.0,2.85673475217826e-05,-2.85673475217826e-05,Circadian rhythm
0.0,1.0,0.0,2.85673475217826e-05,-2.85673475217826e-05,Ciliary muscle
0.0,1.0,0.0,2.85673475217826e-05,-2.85673475217826e-05,Ciliary body
0.0,1.0,0.0,2.85673475217826e-05,-2.85673475217826e-05,Ciliary Muscle
0.0,1.0,0.0,2.85673475217826e-05,-2.85673475217826e-05,Ciliary Dysfunction
0.0,1.0,0.0,2.85673475217826e-05,-2.85673475217826e-05,Cicatrising Alopecia
0.0,1.0,0.0,2.85673475217826e-05,-2.85673475217826e-05,Chyluria
0.0,1.0,0.0,2.85673475217826e-05,-2.85673475217826e-05,Chronic bronchitis
0.0,1.0,0.0,2.85673475217826e-05,-2.85673475217826e-05,Choroid metastasis
0.0,1.0,0.0,2.85673475217826e-05,-2.85673475217826e-05,Chronic Venous Disease
0.0,1.0,0.0,2.85673475217826e-05,-2.85673475217826e-05,Chronic Lung Disease
0.0,1.0,0.0,2.85673475217826e-05,-2.85673475217826e-05,Chronic Liver Disease
0.0,1.0,0.0,2.85673475217826e-05,-2.85673475217826e-05,Chromosome location
0.0,1.0,0.0,2.85673475217826e-05,-2.85673475217826e-05,Chromosome abnormalities
0.0,1.0,0.0,2.85673475217826e-05,-2.85673475217826e-05,Chromosomal Instability Syndromes
0.0,1.0,0.0,2.85673475217826e-05,-2.85673475217826e-05,Chromatography
0.0,1.0,0.0,2.85673475217826e-05,-2.85673475217826e-05,Deafness
0.0,1.0,0.0,2.85673475217826e-05,-2.85673475217826e-05,Death definition
0.0,1.0,0.0,2.85673475217826e-05,-2.85673475217826e-05,Cellular Respiration
0.0,1.0,0.0,2.85673475217826e-05,-2.85673475217826e-05,Enzyme Defects
0.0,1.0,0.0,2.85673475217826e-05,-2.85673475217826e-05,Endoscopic therapy
0.0,1.0,0.0,2.85673475217826e-05,-2.85673475217826e-05,Endoscopic surgery
0.0,1.0,0.0,2.85673475217826e-05,-2.85673475217826e-05,Endoscopic procedures
0.0,1.0,0.0,2.85673475217826e-05,-2.85673475217826e-05,Endoscopic Surgery
0.0,1.0,0.0,2.85673475217826e-05,-2.85673475217826e-05,Endoscopic Sinus Surgery
0.0,1.0,0.0,2.85673475217826e-05,-2.85673475217826e-05,Endoscopic Procedures
0.0,1.0,0.0,2.85673475217826e-05,-2.85673475217826e-05,Endometrium
0.0,1.0,0.0,2.85673475217826e-05,-2.85673475217826e-05,Endometritis
0.0,1.0,0.0,2.85673475217826e-05,-2.85673475217826e-05,Endometrial pathology
0.0,1.0,0.0,2.85673475217826e-05,-2.85673475217826e-05,Endometrial cancer
0.0,1.0,0.0,2.85673475217826e-05,-2.85673475217826e-05,Endometrial biopsy
0.0,1.0,0.0,2.85673475217826e-05,-2.85673475217826e-05,Endometrial Cancer
0.0,1.0,0.0,2.85673475217826e-05,-2.85673475217826e-05,Endometrial Biopsy
0.0,1.0,0.0,2.85673475217826e-05,-2.85673475217826e-05,Endocannabinoids
0.0,1.0,0.0,2.85673475217826e-05,-2.85673475217826e-05,Encephalocele
0.0,1.0,0.0,2.85673475217826e-05,-2.85673475217826e-05,Employment and Health
0.0,1.0,0.0,2.85673475217826e-05,-2.85673475217826e-05,Emotional Processing
0.0,1.0,0.0,2.85673475217826e-05,-2.85673475217826e-05,Endothelin Receptors
0.0,1.0,0.0,2.85673475217826e-05,-2.85673475217826e-05,Endothelin receptors
0.0,1.0,0.0,2.85673475217826e-05,-2.85673475217826e-05,Endothelium
0.0,1.0,0.0,2.85673475217826e-05,-2.85673475217826e-05,Envenomation
0.0,1.0,0.0,2.85673475217826e-05,-2.85673475217826e-05,Enzyme
0.0,1.0,0.0,2.85673475217826e-05,-2.85673475217826e-05,Environmental physiology
0.0,1.0,0.0,2.85673475217826e-05,-2.85673475217826e-05,Environmental pathology
0.0,1.0,0.0,2.85673475217826e-05,-2.85673475217826e-05,Environmental considerations
0.0,1.0,0.0,2.85673475217826e-05,-2.85673475217826e-05,Environmental Sanitation
0.0,1.0,0.0,2.85673475217826e-05,-2.85673475217826e-05,Environmental Lung Disease
0.0,1.0,0.0,2.85673475217826e-05,-2.85673475217826e-05,Environmental Emergencies
0.0,1.0,0.0,2.85673475217826e-05,-2.85673475217826e-05,Enteroviruses
0.0,1.0,0.0,2.85673475217826e-05,-2.85673475217826e-05,Endotracheal Intubation
0.0,1.0,0.0,2.85673475217826e-05,-2.85673475217826e-05,Enterohemorrhagic E. coli
0.0,1.0,0.0,2.85673475217826e-05,-2.85673475217826e-05,Enteric viruses
0.0,1.0,0.0,2.85673475217826e-05,-2.85673475217826e-05,Enteric Fever
0.0,1.0,0.0,2.85673475217826e-05,-2.85673475217826e-05,Enriched media
0.0,1.0,0.0,2.85673475217826e-05,-2.85673475217826e-05,Enophthalmos
0.0,1.0,0.0,2.85673475217826e-05,-2.85673475217826e-05,Energy expenditure
0.0,1.0,0.0,2.85673475217826e-05,-2.85673475217826e-05,Endotracheal tube
0.0,1.0,0.0,2.85673475217826e-05,-2.85673475217826e-05,Emergency psychiatry
0.0,1.0,0.0,2.85673475217826e-05,-2.85673475217826e-05,Emergency Ophthalmology
0.0,1.0,0.0,2.85673475217826e-05,-2.85673475217826e-05,Emergency Airway
0.0,1.0,0.0,2.85673475217826e-05,-2.85673475217826e-05,Dystocia
0.0,1.0,0.0,2.85673475217826e-05,-2.85673475217826e-05,EMDR
0.0,1.0,0.0,2.85673475217826e-05,-2.85673475217826e-05,EEG patterns in anesthesia
0.0,1.0,0.0,2.85673475217826e-05,-2.85673475217826e-05,EEG patterns
0.0,1.0,0.0,2.85673475217826e-05,-2.85673475217826e-05,ECG Findings
0.0,1.0,0.0,2.85673475217826e-05,-2.85673475217826e-05,ECG Abnormalities
0.0,1.0,0.0,2.85673475217826e-05,-2.85673475217826e-05,E-waste Management
0.0,1.0,0.0,2.85673475217826e-05,-2.85673475217826e-05,Dystonia
0.0,1.0,0.0,2.85673475217826e-05,-2.85673475217826e-05,Dyspnea on Exertion
0.0,1.0,0.0,2.85673475217826e-05,-2.85673475217826e-05,Eales Disease
0.0,1.0,0.0,2.85673475217826e-05,-2.85673475217826e-05,Dyslipidemia management
0.0,1.0,0.0,2.85673475217826e-05,-2.85673475217826e-05,Dysgerminoma
0.0,1.0,0.0,2.85673475217826e-05,-2.85673475217826e-05,Dysfunctional Uterine Bleeding
0.0,1.0,0.0,2.85673475217826e-05,-2.85673475217826e-05,Dural Venous Sinuses
0.0,1.0,0.0,2.85673475217826e-05,-2.85673475217826e-05,Duodenal Ulcer
0.0,1.0,0.0,2.85673475217826e-05,-2.85673475217826e-05,Dumping syndrome
0.0,1.0,0.0,2.85673475217826e-05,-2.85673475217826e-05,Duct Ectasia
0.0,1.0,0.0,2.85673475217826e-05,-2.85673475217826e-05,ESRD
0.0,1.0,0.0,2.85673475217826e-05,-2.85673475217826e-05,Eales disease
0.0,1.0,0.0,2.85673475217826e-05,-2.85673475217826e-05,Embryonic hemoglobins
0.0,1.0,0.0,2.85673475217826e-05,-2.85673475217826e-05,Ehrlichiosis
0.0,1.0,0.0,2.85673475217826e-05,-2.85673475217826e-05,Electrosurgery
0.0,1.0,0.0,2.85673475217826e-05,-2.85673475217826e-05,Electron Microscopy
0.0,1.0,0.0,2.85673475217826e-05,-2.85673475217826e-05,Electrolyte Balance
0.0,1.0,0.0,2.85673475217826e-05,-2.85673475217826e-05,Electrocution
0.0,1.0,0.0,2.85673475217826e-05,-2.85673475217826e-05,Electrical Injuries
0.0,1.0,0.0,2.85673475217826e-05,-2.85673475217826e-05,Elbow deformity
0.0,1.0,0.0,2.85673475217826e-05,-2.85673475217826e-05,Elbow Disorders
0.0,1.0,0.0,2.85673475217826e-05,-2.85673475217826e-05,Effectiveness
0.0,1.0,0.0,2.85673475217826e-05,-2.85673475217826e-05,Ear Surgery
0.0,1.0,0.0,2.85673475217826e-05,-2.85673475217826e-05,Eeg Patterns In Anesthesia
0.0,1.0,0.0,2.85673475217826e-05,-2.85673475217826e-05,Ectopia lentis
0.0,1.0,0.0,2.85673475217826e-05,-2.85673475217826e-05,Ectodermal dysplasia
0.0,1.0,0.0,2.85673475217826e-05,-2.85673475217826e-05,Ectodermal Dysplasia
0.0,1.0,0.0,2.85673475217826e-05,-2.85673475217826e-05,Echocardiography
0.0,1.0,0.0,2.85673475217826e-05,-2.85673475217826e-05,Ecg Abnormalities
0.0,1.0,0.0,2.85673475217826e-05,-2.85673475217826e-05,Early detection
0.0,1.0,0.0,2.85673475217826e-05,-2.85673475217826e-05,Enzyme Activation
0.0,1.0,0.0,2.85673475217826e-05,-2.85673475217826e-05,Enzyme Function
0.0,1.0,0.0,2.85673475217826e-05,-2.85673475217826e-05,Decidua
0.0,1.0,0.0,2.85673475217826e-05,-2.85673475217826e-05,Enzyme Inhibitors
0.0,1.0,0.0,2.85673475217826e-05,-2.85673475217826e-05,Eugenics
0.0,1.0,0.0,2.85673475217826e-05,-2.85673475217826e-05,Ethmoidal air cells
0.0,1.0,0.0,2.85673475217826e-05,-2.85673475217826e-05,Ethmoid Sinus Surgery
0.0,1.0,0.0,2.85673475217826e-05,-2.85673475217826e-05,Ethmoid Sinus
0.0,1.0,0.0,2.85673475217826e-05,-2.85673475217826e-05,Ethanolamine group
0.0,1.0,0.0,2.85673475217826e-05,-2.85673475217826e-05,Estrogen Effects
0.0,1.0,0.0,2.85673475217826e-05,-2.85673475217826e-05,Esophagitis
0.0,1.0,0.0,2.85673475217826e-05,-2.85673475217826e-05,Esophageal varices
0.0,1.0,0.0,2.85673475217826e-05,-2.85673475217826e-05,Esophageal ulcers
0.0,1.0,0.0,2.85673475217826e-05,-2.85673475217826e-05,Esophageal surgery
0.0,1.0,0.0,2.85673475217826e-05,-2.85673475217826e-05,Esophageal rupture
0.0,1.0,0.0,2.85673475217826e-05,-2.85673475217826e-05,Esophageal perforation
0.0,1.0,0.0,2.85673475217826e-05,-2.85673475217826e-05,Esophageal diverticulum
0.0,1.0,0.0,2.85673475217826e-05,-2.85673475217826e-05,Esophageal carcinoma
0.0,1.0,0.0,2.85673475217826e-05,-2.85673475217826e-05,Esophageal Varices
0.0,1.0,0.0,2.85673475217826e-05,-2.85673475217826e-05,Esophageal Rupture
0.0,1.0,0.0,2.85673475217826e-05,-2.85673475217826e-05,Esophageal Pathology
0.0,1.0,0.0,2.85673475217826e-05,-2.85673475217826e-05,Eustachian Tube Function
0.0,1.0,0.0,2.85673475217826e-05,-2.85673475217826e-05,Eustachian tube function
0.0,1.0,0.0,2.85673475217826e-05,-2.85673475217826e-05,Evidence
0.0,1.0,0.0,2.85673475217826e-05,-2.85673475217826e-05,Extra-pulmonary TB
0.0,1.0,0.0,2.85673475217826e-05,-2.85673475217826e-05,Eye Health Programs
0.0,1.0,0.0,2.85673475217826e-05,-2.85673475217826e-05,Eye Diseases
0.0,1.0,0.0,2.85673475217826e-05,-2.85673475217826e-05,Eye Banking
0.0,1.0,0.0,2.85673475217826e-05,-2.85673475217826e-05,Extrinsic laryngeal membranes
0.0,1.0,0.0,2.85673475217826e-05,-2.85673475217826e-05,Extrapyramidal tracts
0.0,1.0,0.0,2.85673475217826e-05,-2.85673475217826e-05,Extrapyramidal syndromes
0.0,1.0,0.0,2.85673475217826e-05,-2.85673475217826e-05,Extrapyramidal Tracts
0.0,1.0,0.0,2.85673475217826e-05,-2.85673475217826e-05,External ear diseases
0.0,1.0,0.0,2.85673475217826e-05,-2.85673475217826e-05,Exanthematous Fevers
0.0,1.0,0.0,2.85673475217826e-05,-2.85673475217826e-05,External auditory canal
0.0,1.0,0.0,2.85673475217826e-05,-2.85673475217826e-05,External Ear
0.0,1.0,0.0,2.85673475217826e-05,-2.85673475217826e-05,External Auditory Canal
0.0,1.0,0.0,2.85673475217826e-05,-2.85673475217826e-05,Experimental Models
0.0,1.0,0.0,2.85673475217826e-05,-2.85673475217826e-05,Exfoliative dermatitis
0.0,1.0,0.0,2.85673475217826e-05,-2.85673475217826e-05,Excited catatonia
0.0,1.0,0.0,2.85673475217826e-05,-2.85673475217826e-05,Exanthems
0.0,1.0,0.0,2.85673475217826e-05,-2.85673475217826e-05,Esophageal Motility
0.0,1.0,0.0,2.85673475217826e-05,-2.85673475217826e-05,Esophageal Diverticulum
0.0,1.0,0.0,2.85673475217826e-05,-2.85673475217826e-05,Esophageal Diseases
0.0,1.0,0.0,2.85673475217826e-05,-2.85673475217826e-05,Epidemic Patterns
0.0,1.0,0.0,2.85673475217826e-05,-2.85673475217826e-05,Epidemiological study designs
0.0,1.0,0.0,2.85673475217826e-05,-2.85673475217826e-05,Epidemiological studies
0.0,1.0,0.0,2.85673475217826e-05,-2.85673475217826e-05,Epidemiological methods
0.0,1.0,0.0,2.85673475217826e-05,-2.85673475217826e-05,Epidemiological Rates
0.0,1.0,0.0,2.85673475217826e-05,-2.85673475217826e-05,Epidemiological Methods
0.0,1.0,0.0,2.85673475217826e-05,-2.85673475217826e-05,Epidemiological Bias
0.0,1.0,0.0,2.85673475217826e-05,-2.85673475217826e-05,Epidemic Typhus
0.0,1.0,0.0,2.85673475217826e-05,-2.85673475217826e-05,Epicondylitis
0.0,1.0,0.0,2.85673475217826e-05,-2.85673475217826e-05,Epidermal Nevus
0.0,1.0,0.0,2.85673475217826e-05,-2.85673475217826e-05,Enzyme kinetics
0.0,1.0,0.0,2.85673475217826e-05,-2.85673475217826e-05,Enzyme isoforms
0.0,1.0,0.0,2.85673475217826e-05,-2.85673475217826e-05,Enzyme function
0.0,1.0,0.0,2.85673475217826e-05,-2.85673475217826e-05,Enzyme defects
0.0,1.0,0.0,2.85673475217826e-05,-2.85673475217826e-05,Enzyme activation
0.0,1.0,0.0,2.85673475217826e-05,-2.85673475217826e-05,Enzyme Localization
0.0,1.0,0.0,2.85673475217826e-05,-2.85673475217826e-05,Enzyme Isoforms
0.0,1.0,0.0,2.85673475217826e-05,-2.85673475217826e-05,Epidermal Nevi
0.0,1.0,0.0,2.85673475217826e-05,-2.85673475217826e-05,Epidermal Turnover
0.0,1.0,0.0,2.85673475217826e-05,-2.85673475217826e-05,Esophageal Carcinoma
0.0,1.0,0.0,2.85673475217826e-05,-2.85673475217826e-05,Epithelial repair
0.0,1.0,0.0,2.85673475217826e-05,-2.85673475217826e-05,Erythropoietin
0.0,1.0,0.0,2.85673475217826e-05,-2.85673475217826e-05,Erythematous Skin Lesions
0.0,1.0,0.0,2.85673475217826e-05,-2.85673475217826e-05,Erythema
0.0,1.0,0.0,2.85673475217826e-05,-2.85673475217826e-05,Erectile Dysfunction Drugs
0.0,1.0,0.0,2.85673475217826e-05,-2.85673475217826e-05,Equinus
0.0,1.0,0.0,2.85673475217826e-05,-2.85673475217826e-05,Equilibrium potential
0.0,1.0,0.0,2.85673475217826e-05,-2.85673475217826e-05,Epithelial sodium channel
0.0,1.0,0.0,2.85673475217826e-05,-2.85673475217826e-05,Epiphora
0.0,1.0,0.0,2.85673475217826e-05,-2.85673475217826e-05,Epidermal nevi
0.0,1.0,0.0,2.85673475217826e-05,-2.85673475217826e-05,Epilepsy Syndromes
0.0,1.0,0.0,2.85673475217826e-05,-2.85673475217826e-05,Epidural hematoma
0.0,1.0,0.0,2.85673475217826e-05,-2.85673475217826e-05,Epidural Techniques
0.0,1.0,0.0,2.85673475217826e-05,-2.85673475217826e-05,Epidural Hematoma
0.0,1.0,0.0,2.85673475217826e-05,-2.85673475217826e-05,Epididymo-orchitis
0.0,1.0,0.0,2.85673475217826e-05,-2.85673475217826e-05,Epidermal turnover
0.0,1.0,0.0,2.85673475217826e-05,-2.85673475217826e-05,Epidermal nevus
0.0,1.0,0.0,2.85673475217826e-05,-2.85673475217826e-05,Dubin Johnson syndrome
0.0,1.0,0.0,2.85673475217826e-05,-2.85673475217826e-05,Dry eye syndrome
0.0,1.0,0.0,2.85673475217826e-05,-2.85673475217826e-05,Dry Eye Syndrome
0.0,1.0,0.0,2.85673475217826e-05,-2.85673475217826e-05,Drugs of abuse
0.0,1.0,0.0,2.85673475217826e-05,-2.85673475217826e-05,Diarrheal Diseases
0.0,1.0,0.0,2.85673475217826e-05,-2.85673475217826e-05,Diarrheal Disease
0.0,1.0,0.0,2.85673475217826e-05,-2.85673475217826e-05,Diarrheagenic Escherichia coli
0.0,1.0,0.0,2.85673475217826e-05,-2.85673475217826e-05,Diarrheagenic Escherichia Coli
0.0,1.0,0.0,2.85673475217826e-05,-2.85673475217826e-05,Diarrhea Management
0.0,1.0,0.0,2.85673475217826e-05,-2.85673475217826e-05,Diaphragmatic Openings
0.0,1.0,0.0,2.85673475217826e-05,-2.85673475217826e-05,Dialysis
0.0,1.0,0.0,2.85673475217826e-05,-2.85673475217826e-05,Diagnostic test evaluation
0.0,1.0,0.0,2.85673475217826e-05,-2.85673475217826e-05,Diagnostic techniques
0.0,1.0,0.0,2.85673475217826e-05,-2.85673475217826e-05,Diagnostic imaging
0.0,1.0,0.0,2.85673475217826e-05,-2.85673475217826e-05,Diagnostic Testing
0.0,1.0,0.0,2.85673475217826e-05,-2.85673475217826e-05,Diagnostic Imaging
0.0,1.0,0.0,2.85673475217826e-05,-2.85673475217826e-05,Diagnostic Evaluation
0.0,1.0,0.0,2.85673475217826e-05,-2.85673475217826e-05,Diagnostic Accuracy
0.0,1.0,0.0,2.85673475217826e-05,-2.85673475217826e-05,Diabetic ketoacidosis
0.0,1.0,0.0,2.85673475217826e-05,-2.85673475217826e-05,Diabetic foot
0.0,1.0,0.0,2.85673475217826e-05,-2.85673475217826e-05,Diabetic complications
0.0,1.0,0.0,2.85673475217826e-05,-2.85673475217826e-05,Diarrheal Disorders
0.0,1.0,0.0,2.85673475217826e-05,-2.85673475217826e-05,Diarrhoea Management
0.0,1.0,0.0,2.85673475217826e-05,-2.85673475217826e-05,Diet
0.0,1.0,0.0,2.85673475217826e-05,-2.85673475217826e-05,Digitalis
0.0,1.0,0.0,2.85673475217826e-05,-2.85673475217826e-05,Direct invasion
0.0,1.0,0.0,2.85673475217826e-05,-2.85673475217826e-05,Direct factor Xa inhibitors
0.0,1.0,0.0,2.85673475217826e-05,-2.85673475217826e-05,Direct Coombs test
0.0,1.0,0.0,2.85673475217826e-05,-2.85673475217826e-05,Direct Coombs Test
0.0,1.0,0.0,2.85673475217826e-05,-2.85673475217826e-05,Dilation and curettage
0.0,1.0,0.0,2.85673475217826e-05,-2.85673475217826e-05,Dilation and Evacuation
0.0,1.0,0.0,2.85673475217826e-05,-2.85673475217826e-05,Digitalis Toxicity
0.0,1.0,0.0,2.85673475217826e-05,-2.85673475217826e-05,Digestive secretions
0.0,1.0,0.0,2.85673475217826e-05,-2.85673475217826e-05,Dietary Guidelines
0.0,1.0,0.0,2.85673475217826e-05,-2.85673475217826e-05,Digestive enzymes
0.0,1.0,0.0,2.85673475217826e-05,-2.85673475217826e-05,Digestive Enzymes
0.0,1.0,0.0,2.85673475217826e-05,-2.85673475217826e-05,Diffusion Hypoxia
0.0,1.0,0.0,2.85673475217826e-05,-2.85673475217826e-05,Diffuse axonal injury
0.0,1.0,0.0,2.85673475217826e-05,-2.85673475217826e-05,Diffuse Axonal Injury
0.0,1.0,0.0,2.85673475217826e-05,-2.85673475217826e-05,Differential diagnosis
0.0,1.0,0.0,2.85673475217826e-05,-2.85673475217826e-05,Dietary assessment
0.0,1.0,0.0,2.85673475217826e-05,-2.85673475217826e-05,Diabetes Mellitus Management
0.0,1.0,0.0,2.85673475217826e-05,-2.85673475217826e-05,Diabetes Management
0.0,1.0,0.0,2.85673475217826e-05,-2.85673475217826e-05,Dermoid Cyst
0.0,1.0,0.0,2.85673475217826e-05,-2.85673475217826e-05,Delirium And Dementia
0.0,1.0,0.0,2.85673475217826e-05,-2.85673475217826e-05,Demographic Indicators
0.0,1.0,0.0,2.85673475217826e-05,-2.85673475217826e-05,Delusional disorder
0.0,1.0,0.0,2.85673475217826e-05,-2.85673475217826e-05,Delta sign
0.0,1.0,0.0,2.85673475217826e-05,-2.85673475217826e-05,Delivery Complications
0.0,1.0,0.0,2.85673475217826e-05,-2.85673475217826e-05,Delirium tremens
0.0,1.0,0.0,2.85673475217826e-05,-2.85673475217826e-05,Delirium and Dementia
0.0,1.0,0.0,2.85673475217826e-05,-2.85673475217826e-05,Delirium Tremens
0.0,1.0,0.0,2.85673475217826e-05,-2.85673475217826e-05,Degeneration
0.0,1.0,0.0,2.85673475217826e-05,-2.85673475217826e-05,Demyelinating diseases
0.0,1.0,0.0,2.85673475217826e-05,-2.85673475217826e-05,Deficiency diseases
0.0,1.0,0.0,2.85673475217826e-05,-2.85673475217826e-05,Deep Venous Thrombosis (Dvt)
0.0,1.0,0.0,2.85673475217826e-05,-2.85673475217826e-05,Deep Venous Thrombosis (DVT)
0.0,1.0,0.0,2.85673475217826e-05,-2.85673475217826e-05,Deep Venous Thrombosis
0.0,1.0,0.0,2.85673475217826e-05,-2.85673475217826e-05,Decompression Sickness
0.0,1.0,0.0,2.85673475217826e-05,-2.85673475217826e-05,Decomposition and Putrefaction
0.0,1.0,0.0,2.85673475217826e-05,-2.85673475217826e-05,Decompensated Heart Failure
0.0,1.0,0.0,2.85673475217826e-05,-2.85673475217826e-05,Demyelinating Disease
0.0,1.0,0.0,2.85673475217826e-05,-2.85673475217826e-05,Dengue
0.0,1.0,0.0,2.85673475217826e-05,-2.85673475217826e-05,Dermatome
0.0,1.0,0.0,2.85673475217826e-05,-2.85673475217826e-05,Dermatitis
0.0,1.0,0.0,2.85673475217826e-05,-2.85673475217826e-05,Dermatology therapy
0.0,1.0,0.0,2.85673475217826e-05,-2.85673475217826e-05,Dermatological signs
0.0,1.0,0.0,2.85673475217826e-05,-2.85673475217826e-05,Dermatological investigations
0.0,1.0,0.0,2.85673475217826e-05,-2.85673475217826e-05,Dermatological Investigations
0.0,1.0,0.0,2.85673475217826e-05,-2.85673475217826e-05,Dermatologic signs
0.0,1.0,0.0,2.85673475217826e-05,-2.85673475217826e-05,Dermatologic pathology
0.0,1.0,0.0,2.85673475217826e-05,-2.85673475217826e-05,Dermatologic Pathology
0.0,1.0,0.0,2.85673475217826e-05,-2.85673475217826e-05,Depth of anesthesia monitoring
0.0,1.0,0.0,2.85673475217826e-05,-2.85673475217826e-05,Dengue shock syndrome
0.0,1.0,0.0,2.85673475217826e-05,-2.85673475217826e-05,Depth of anaesthesia
0.0,1.0,0.0,2.85673475217826e-05,-2.85673475217826e-05,Depth of Anesthesia
0.0,1.0,0.0,2.85673475217826e-05,-2.85673475217826e-05,Depth Of Anesthesia Monitoring
0.0,1.0,0.0,2.85673475217826e-05,-2.85673475217826e-05,Depth Of Anaesthesia
0.0,1.0,0.0,2.85673475217826e-05,-2.85673475217826e-05,Depolarizing Neuromuscular Blockers
0.0,1.0,0.0,2.85673475217826e-05,-2.85673475217826e-05,Dental disorders
0.0,1.0,0.0,2.85673475217826e-05,-2.85673475217826e-05,Dental Fluorosis
0.0,1.0,0.0,2.85673475217826e-05,-2.85673475217826e-05,Disease Control
0.0,1.0,0.0,2.85673475217826e-05,-2.85673475217826e-05,Disease Control Programs
0.0,1.0,0.0,2.85673475217826e-05,-2.85673475217826e-05,Disease Elimination
0.0,1.0,0.0,2.85673475217826e-05,-2.85673475217826e-05,Drug dosing
0.0,1.0,0.0,2.85673475217826e-05,-2.85673475217826e-05,Drug therapy
0.0,1.0,0.0,2.85673475217826e-05,-2.85673475217826e-05,Drug regulation
0.0,1.0,0.0,2.85673475217826e-05,-2.85673475217826e-05,Drug properties
0.0,1.0,0.0,2.85673475217826e-05,-2.85673475217826e-05,Drug monitoring
0.0,1.0,0.0,2.85673475217826e-05,-2.85673475217826e-05,Drug mechanism
0.0,1.0,0.0,2.85673475217826e-05,-2.85673475217826e-05,Drug eruptions
0.0,1.0,0.0,2.85673475217826e-05,-2.85673475217826e-05,Drug elimination
0.0,1.0,0.0,2.85673475217826e-05,-2.85673475217826e-05,Drug classification
0.0,1.0,0.0,2.85673475217826e-05,-2.85673475217826e-05,Drug-Induced Electrolyte Disturbances
0.0,1.0,0.0,2.85673475217826e-05,-2.85673475217826e-05,Drug classes
0.0,1.0,0.0,2.85673475217826e-05,-2.85673475217826e-05,Drug calculations
0.0,1.0,0.0,2.85673475217826e-05,-2.85673475217826e-05,Drug administration routes
0.0,1.0,0.0,2.85673475217826e-05,-2.85673475217826e-05,Drug absorption
0.0,1.0,0.0,2.85673475217826e-05,-2.85673475217826e-05,Drug Transport
0.0,1.0,0.0,2.85673475217826e-05,-2.85673475217826e-05,Drug Therapy
0.0,1.0,0.0,2.85673475217826e-05,-2.85673475217826e-05,Drug Sources
0.0,1.0,0.0,2.85673475217826e-05,-2.85673475217826e-05,Drug-Induced Conditions
0.0,1.0,0.0,2.85673475217826e-05,-2.85673475217826e-05,Drug-Induced Hemolysis
0.0,1.0,0.0,2.85673475217826e-05,-2.85673475217826e-05,Drug Regulation
0.0,1.0,0.0,2.85673475217826e-05,-2.85673475217826e-05,Drugs For Substance Abuse
0.0,1.0,0.0,2.85673475217826e-05,-2.85673475217826e-05,Drugs for gout
0.0,1.0,0.0,2.85673475217826e-05,-2.85673475217826e-05,Drugs for Substance Abuse
0.0,1.0,0.0,2.85673475217826e-05,-2.85673475217826e-05,Drugs for Short Bowel Syndrome
0.0,1.0,0.0,2.85673475217826e-05,-2.85673475217826e-05,Drugs for Peptic Ulcer
0.0,1.0,0.0,2.85673475217826e-05,-2.85673475217826e-05,Drugs for Neurological Disorders
0.0,1.0,0.0,2.85673475217826e-05,-2.85673475217826e-05,Drugs affecting bone metabolism
0.0,1.0,0.0,2.85673475217826e-05,-2.85673475217826e-05,Drugs Of Abuse
0.0,1.0,0.0,2.85673475217826e-05,-2.85673475217826e-05,Drugs For Short Bowel Syndrome
0.0,1.0,0.0,2.85673475217826e-05,-2.85673475217826e-05,Drug-Induced Priapism
0.0,1.0,0.0,2.85673475217826e-05,-2.85673475217826e-05,Drugs For Peptic Ulcer
0.0,1.0,0.0,2.85673475217826e-05,-2.85673475217826e-05,Drugs For Neurological Disorders
0.0,1.0,0.0,2.85673475217826e-05,-2.85673475217826e-05,Drugs Affecting Bone Metabolism
0.0,1.0,0.0,2.85673475217826e-05,-2.85673475217826e-05,Drug-induced priapism
0.0,1.0,0.0,2.85673475217826e-05,-2.85673475217826e-05,Drug-induced electrolyte disturbances
0.0,1.0,0.0,2.85673475217826e-05,-2.85673475217826e-05,Drug-induced conditions
0.0,1.0,0.0,2.85673475217826e-05,-2.85673475217826e-05,Drug-induced Hemolysis
0.0,1.0,0.0,2.85673475217826e-05,-2.85673475217826e-05,Drug Resistance
0.0,1.0,0.0,2.85673475217826e-05,-2.85673475217826e-05,Drug Reactions
0.0,1.0,0.0,2.85673475217826e-05,-2.85673475217826e-05,Disease Prevention And Control
0.0,1.0,0.0,2.85673475217826e-05,-2.85673475217826e-05,Disorders of pigmentation
0.0,1.0,0.0,2.85673475217826e-05,-2.85673475217826e-05,Dna Replication And Repair
0.0,1.0,0.0,2.85673475217826e-05,-2.85673475217826e-05,Dmards
0.0,1.0,0.0,2.85673475217826e-05,-2.85673475217826e-05,Diverticular disease
0.0,1.0,0.0,2.85673475217826e-05,-2.85673475217826e-05,Diverticular Disease
0.0,1.0,0.0,2.85673475217826e-05,-2.85673475217826e-05,Distal radius
0.0,1.0,0.0,2.85673475217826e-05,-2.85673475217826e-05,Distal convoluted tubule
0.0,1.0,0.0,2.85673475217826e-05,-2.85673475217826e-05,Dissociated vertical deviation
0.0,1.0,0.0,2.85673475217826e-05,-2.85673475217826e-05,Disorders of Sexual Differentiation
0.0,1.0,0.0,2.85673475217826e-05,-2.85673475217826e-05,Domestic Violence
0.0,1.0,0.0,2.85673475217826e-05,-2.85673475217826e-05,Disorders Of Pigmentation
0.0,1.0,0.0,2.85673475217826e-05,-2.85673475217826e-05,Dislocation
0.0,1.0,0.0,2.85673475217826e-05,-2.85673475217826e-05,Disinfectants
0.0,1.0,0.0,2.85673475217826e-05,-2.85673475217826e-05,Disinfectant
0.0,1.0,0.0,2.85673475217826e-05,-2.85673475217826e-05,Disease transmission
0.0,1.0,0.0,2.85673475217826e-05,-2.85673475217826e-05,Disease recurrence
0.0,1.0,0.0,2.85673475217826e-05,-2.85673475217826e-05,Disease Prevention and Control
0.0,1.0,0.0,2.85673475217826e-05,-2.85673475217826e-05,Dna Viruses
0.0,1.0,0.0,2.85673475217826e-05,-2.85673475217826e-05,Domestic violence
0.0,1.0,0.0,2.85673475217826e-05,-2.85673475217826e-05,Drug Properties
0.0,1.0,0.0,2.85673475217826e-05,-2.85673475217826e-05,Drug Administration Routes
0.0,1.0,0.0,2.85673475217826e-05,-2.85673475217826e-05,Drug Kinetics
0.0,1.0,0.0,2.85673475217826e-05,-2.85673475217826e-05,Drug Induced Pigmentation
0.0,1.0,0.0,2.85673475217826e-05,-2.85673475217826e-05,Drug Effects
0.0,1.0,0.0,2.85673475217826e-05,-2.85673475217826e-05,Drug Distribution
0.0,1.0,0.0,2.85673475217826e-05,-2.85673475217826e-05,Drug Contraindications
0.0,1.0,0.0,2.85673475217826e-05,-2.85673475217826e-05,Drug Classification
0.0,1.0,0.0,2.85673475217826e-05,-2.85673475217826e-05,Drug Adverse Effects
0.0,1.0,0.0,2.85673475217826e-05,-2.85673475217826e-05,Dowry laws
0.0,1.0,0.0,2.85673475217826e-05,-2.85673475217826e-05,Dopamine Agonists
0.0,1.0,0.0,2.85673475217826e-05,-2.85673475217826e-05,Dowry Legislation
0.0,1.0,0.0,2.85673475217826e-05,-2.85673475217826e-05,Dosing
0.0,1.0,0.0,2.85673475217826e-05,-2.85673475217826e-05,Dose-Response
0.0,1.0,0.0,2.85673475217826e-05,-2.85673475217826e-05,Dorsiflexion
0.0,1.0,0.0,2.85673475217826e-05,-2.85673475217826e-05,Dopamine dosage
0.0,1.0,0.0,2.85673475217826e-05,-2.85673475217826e-05,Dopamine Receptors
0.0,1.0,0.0,2.85673475217826e-05,-2.85673475217826e-05,Dopamine Antagonists
0.0,1.0,0.0,2.85673475217826e-05,-2.85673475217826e-05,Cellular components
0.0,1.0,0.0,2.85673475217826e-05,-2.85673475217826e-05,Cellular Movement
0.0,1.0,0.0,2.85673475217826e-05,-2.85673475217826e-05,Eyelid Anatomy & Disorders
0.0,1.0,0.0,2.85673475217826e-05,-2.85673475217826e-05,Antidepressant side effects
0.0,1.0,0.0,2.85673475217826e-05,-2.85673475217826e-05,Anti-Inflammatory Drugs
0.0,1.0,0.0,2.85673475217826e-05,-2.85673475217826e-05,Anti-Inflammatory Agents
0.0,1.0,0.0,2.85673475217826e-05,-2.85673475217826e-05,Anti-Gout Drugs
0.0,1.0,0.0,2.85673475217826e-05,-2.85673475217826e-05,Anthropology
0.0,1.0,0.0,2.85673475217826e-05,-2.85673475217826e-05,Anthracyclines
0.0,1.0,0.0,2.85673475217826e-05,-2.85673475217826e-05,Anthelmintic drugs
0.0,1.0,0.0,2.85673475217826e-05,-2.85673475217826e-05,Anthelmintic Drugs
0.0,1.0,0.0,2.85673475217826e-05,-2.85673475217826e-05,Anterior Segment
0.0,1.0,0.0,2.85673475217826e-05,-2.85673475217826e-05,Anterior Chamber Angle
0.0,1.0,0.0,2.85673475217826e-05,-2.85673475217826e-05,Anterior Abdominal Wall
0.0,1.0,0.0,2.85673475217826e-05,-2.85673475217826e-05,Antepartum hemorrhage
0.0,1.0,0.0,2.85673475217826e-05,-2.85673475217826e-05,Antepartum fetal surveillance
0.0,1.0,0.0,2.85673475217826e-05,-2.85673475217826e-05,Antepartum Fetal Surveillance
0.0,1.0,0.0,2.85673475217826e-05,-2.85673475217826e-05,Anovulatory Dub
0.0,1.0,0.0,2.85673475217826e-05,-2.85673475217826e-05,Anovulatory DUB
0.0,1.0,0.0,2.85673475217826e-05,-2.85673475217826e-05,Anovulation
0.0,1.0,0.0,2.85673475217826e-05,-2.85673475217826e-05,Anorexia Nervosa
0.0,1.0,0.0,2.85673475217826e-05,-2.85673475217826e-05,Anti-craving agents
0.0,1.0,0.0,2.85673475217826e-05,-2.85673475217826e-05,Anti-gout Drugs
0.0,1.0,0.0,2.85673475217826e-05,-2.85673475217826e-05,Anti-gout drugs
0.0,1.0,0.0,2.85673475217826e-05,-2.85673475217826e-05,Antibody structure
0.0,1.0,0.0,2.85673475217826e-05,-2.85673475217826e-05,Anticoagulant drugs
0.0,1.0,0.0,2.85673475217826e-05,-2.85673475217826e-05,Anticoagulant Therapy
0.0,1.0,0.0,2.85673475217826e-05,-2.85673475217826e-05,Anticoagulant Drugs
0.0,1.0,0.0,2.85673475217826e-05,-2.85673475217826e-05,Anticholinesterases
0.0,1.0,0.0,2.85673475217826e-05,-2.85673475217826e-05,Anticholinergics
0.0,1.0,0.0,2.85673475217826e-05,-2.85673475217826e-05,Anticholinergic agents
0.0,1.0,0.0,2.85673475217826e-05,-2.85673475217826e-05,Anticholinergic Agents
0.0,1.0,0.0,2.85673475217826e-05,-2.85673475217826e-05,Antibiotic-associated diarrhea
0.0,1.0,0.0,2.85673475217826e-05,-2.85673475217826e-05,Anti-inflammatory Agents
0.0,1.0,0.0,2.85673475217826e-05,-2.85673475217826e-05,Antibiotic selection
0.0,1.0,0.0,2.85673475217826e-05,-2.85673475217826e-05,Antibiotic resistance
0.0,1.0,0.0,2.85673475217826e-05,-2.85673475217826e-05,Antibiotic Therapy
0.0,1.0,0.0,2.85673475217826e-05,-2.85673475217826e-05,Antibiotic Selection
0.0,1.0,0.0,2.85673475217826e-05,-2.85673475217826e-05,Antiandrogens
0.0,1.0,0.0,2.85673475217826e-05,-2.85673475217826e-05,Anti-tubercular Drugs
0.0,1.0,0.0,2.85673475217826e-05,-2.85673475217826e-05,Anti-inflammatory Drugs
0.0,1.0,0.0,2.85673475217826e-05,-2.85673475217826e-05,Anorectal surgery
0.0,1.0,0.0,2.85673475217826e-05,-2.85673475217826e-05,Anorectal Disease
0.0,1.0,0.0,2.85673475217826e-05,-2.85673475217826e-05,Ankle and foot
0.0,1.0,0.0,2.85673475217826e-05,-2.85673475217826e-05,Anaesthetic Pharmacology
0.0,1.0,0.0,2.85673475217826e-05,-2.85673475217826e-05,Analgesic agents
0.0,1.0,0.0,2.85673475217826e-05,-2.85673475217826e-05,Analgesia
0.0,1.0,0.0,2.85673475217826e-05,-2.85673475217826e-05,Anal fistula
0.0,1.0,0.0,2.85673475217826e-05,-2.85673475217826e-05,Anal canal carcinoma
0.0,1.0,0.0,2.85673475217826e-05,-2.85673475217826e-05,Anal canal
0.0,1.0,0.0,2.85673475217826e-05,-2.85673475217826e-05,Anal Canal Carcinoma
0.0,1.0,0.0,2.85673475217826e-05,-2.85673475217826e-05,Anaesthetic toxicity
0.0,1.0,0.0,2.85673475217826e-05,-2.85673475217826e-05,Anaesthetic Choice
0.0,1.0,0.0,2.85673475217826e-05,-2.85673475217826e-05,Anaphylaxis
0.0,1.0,0.0,2.85673475217826e-05,-2.85673475217826e-05,Anaesthesia in Systemic Diseases
0.0,1.0,0.0,2.85673475217826e-05,-2.85673475217826e-05,Anaesthesia circuits
0.0,1.0,0.0,2.85673475217826e-05,-2.85673475217826e-05,Anaesthesia In Systemic Diseases
0.0,1.0,0.0,2.85673475217826e-05,-2.85673475217826e-05,Anaesthesia Complications
0.0,1.0,0.0,2.85673475217826e-05,-2.85673475217826e-05,Anaerobic culture
0.0,1.0,0.0,2.85673475217826e-05,-2.85673475217826e-05,Anaerobic bacteria
0.0,1.0,0.0,2.85673475217826e-05,-2.85673475217826e-05,Anaerobic Culture
0.0,1.0,0.0,2.85673475217826e-05,-2.85673475217826e-05,Analytical Biochemistry
0.0,1.0,0.0,2.85673475217826e-05,-2.85673475217826e-05,Anaplerotic Reactions
0.0,1.0,0.0,2.85673475217826e-05,-2.85673475217826e-05,Anisometropia
0.0,1.0,0.0,2.85673475217826e-05,-2.85673475217826e-05,Anesthetic Drugs
0.0,1.0,0.0,2.85673475217826e-05,-2.85673475217826e-05,Animal bites
0.0,1.0,0.0,2.85673475217826e-05,-2.85673475217826e-05,Animal Bites
0.0,1.0,0.0,2.85673475217826e-05,-2.85673475217826e-05,Angioedema treatment
0.0,1.0,0.0,2.85673475217826e-05,-2.85673475217826e-05,Angiodysplasia
0.0,1.0,0.0,2.85673475217826e-05,-2.85673475217826e-05,Angina pectoris
0.0,1.0,0.0,2.85673475217826e-05,-2.85673475217826e-05,Anesthetic pharmacology
0.0,1.0,0.0,2.85673475217826e-05,-2.85673475217826e-05,Anesthetic agents
0.0,1.0,0.0,2.85673475217826e-05,-2.85673475217826e-05,Anesthetic Complications
0.0,1.0,0.0,2.85673475217826e-05,-2.85673475217826e-05,Anatomical Triangles
0.0,1.0,0.0,2.85673475217826e-05,-2.85673475217826e-05,Anesthesia equipment
0.0,1.0,0.0,2.85673475217826e-05,-2.85673475217826e-05,Anencephaly
0.0,1.0,0.0,2.85673475217826e-05,-2.85673475217826e-05,Anemia Prevention
0.0,1.0,0.0,2.85673475217826e-05,-2.85673475217826e-05,Androgenetic alopecia
0.0,1.0,0.0,2.85673475217826e-05,-2.85673475217826e-05,Androgenetic Alopecia
0.0,1.0,0.0,2.85673475217826e-05,-2.85673475217826e-05,Androgen Insensitivity Syndrome
0.0,1.0,0.0,2.85673475217826e-05,-2.85673475217826e-05,Anatomy of neck
0.0,1.0,0.0,2.85673475217826e-05,-2.85673475217826e-05,Antidepressant Side Effects
0.0,1.0,0.0,2.85673475217826e-05,-2.85673475217826e-05,Antidiarrheal Agents
0.0,1.0,0.0,2.85673475217826e-05,-2.85673475217826e-05,Attention deficit hyperactivity disorder
0.0,1.0,0.0,2.85673475217826e-05,-2.85673475217826e-05,Antidiarrheal agents
0.0,1.0,0.0,2.85673475217826e-05,-2.85673475217826e-05,Arterial supply
0.0,1.0,0.0,2.85673475217826e-05,-2.85673475217826e-05,Arterial Disorders
0.0,1.0,0.0,2.85673475217826e-05,-2.85673475217826e-05,Arrhythmia Management
0.0,1.0,0.0,2.85673475217826e-05,-2.85673475217826e-05,Arneth Count
0.0,1.0,0.0,2.85673475217826e-05,-2.85673475217826e-05,Arm Muscles
0.0,1.0,0.0,2.85673475217826e-05,-2.85673475217826e-05,Arginine Metabolism
0.0,1.0,0.0,2.85673475217826e-05,-2.85673475217826e-05,Aqueous Humor
0.0,1.0,0.0,2.85673475217826e-05,-2.85673475217826e-05,Appetite suppressants
0.0,1.0,0.0,2.85673475217826e-05,-2.85673475217826e-05,Appetite regulation
0.0,1.0,0.0,2.85673475217826e-05,-2.85673475217826e-05,Appetite Suppressants
0.0,1.0,0.0,2.85673475217826e-05,-2.85673475217826e-05,Appetite
0.0,1.0,0.0,2.85673475217826e-05,-2.85673475217826e-05,Apocrine gland disorders
0.0,1.0,0.0,2.85673475217826e-05,-2.85673475217826e-05,Apocrine Gland Disorders
0.0,1.0,0.0,2.85673475217826e-05,-2.85673475217826e-05,Aphakia
0.0,1.0,0.0,2.85673475217826e-05,-2.85673475217826e-05,Apgar Scoring
0.0,1.0,0.0,2.85673475217826e-05,-2.85673475217826e-05,Apgar Score
0.0,1.0,0.0,2.85673475217826e-05,-2.85673475217826e-05,Aortic valve
0.0,1.0,0.0,2.85673475217826e-05,-2.85673475217826e-05,Arteriolosclerosis
0.0,1.0,0.0,2.85673475217826e-05,-2.85673475217826e-05,Arthritis Imaging
0.0,1.0,0.0,2.85673475217826e-05,-2.85673475217826e-05,Arthrodesis
0.0,1.0,0.0,2.85673475217826e-05,-2.85673475217826e-05,Aspirin-sensitive asthma
0.0,1.0,0.0,2.85673475217826e-05,-2.85673475217826e-05,Atrial myxoma
0.0,1.0,0.0,2.85673475217826e-05,-2.85673475217826e-05,Atelectasis
0.0,1.0,0.0,2.85673475217826e-05,-2.85673475217826e-05,Ataxia telangiectasia
0.0,1.0,0.0,2.85673475217826e-05,-2.85673475217826e-05,Asthma Classification
0.0,1.0,0.0,2.85673475217826e-05,-2.85673475217826e-05,Asterixis
0.0,1.0,0.0,2.85673475217826e-05,-2.85673475217826e-05,Assisted reproduction
0.0,1.0,0.0,2.85673475217826e-05,-2.85673475217826e-05,Assisted Reproduction
0.0,1.0,0.0,2.85673475217826e-05,-2.85673475217826e-05,Aspiration prophylaxis
0.0,1.0,0.0,2.85673475217826e-05,-2.85673475217826e-05,Arthropathies
0.0,1.0,0.0,2.85673475217826e-05,-2.85673475217826e-05,Aspiration pneumonia
0.0,1.0,0.0,2.85673475217826e-05,-2.85673475217826e-05,Aspiration
0.0,1.0,0.0,2.85673475217826e-05,-2.85673475217826e-05,Aspergillus
0.0,1.0,0.0,2.85673475217826e-05,-2.85673475217826e-05,Asherman syndrome
0.0,1.0,0.0,2.85673475217826e-05,-2.85673475217826e-05,Asha
0.0,1.0,0.0,2.85673475217826e-05,-2.85673475217826e-05,Articulations
0.0,1.0,0.0,2.85673475217826e-05,-2.85673475217826e-05,Arthropod Transmission
0.0,1.0,0.0,2.85673475217826e-05,-2.85673475217826e-05,Aortic stenosis
0.0,1.0,0.0,2.85673475217826e-05,-2.85673475217826e-05,Aortic regurgitation
0.0,1.0,0.0,2.85673475217826e-05,-2.85673475217826e-05,Aortic aneurysm
0.0,1.0,0.0,2.85673475217826e-05,-2.85673475217826e-05,Antigens
0.0,1.0,0.0,2.85673475217826e-05,-2.85673475217826e-05,Antimuscarinic Drugs
0.0,1.0,0.0,2.85673475217826e-05,-2.85673475217826e-05,Antimicrobial pharmacology
0.0,1.0,0.0,2.85673475217826e-05,-2.85673475217826e-05,Antimicrobial agents
0.0,1.0,0.0,2.85673475217826e-05,-2.85673475217826e-05,Antimicrobial Sensitivity
0.0,1.0,0.0,2.85673475217826e-05,-2.85673475217826e-05,Antimicrobial Pharmacology
0.0,1.0,0.0,2.85673475217826e-05,-2.85673475217826e-05,Antihypertensive Agents
0.0,1.0,0.0,2.85673475217826e-05,-2.85673475217826e-05,Antigout Drugs
0.0,1.0,0.0,2.85673475217826e-05,-2.85673475217826e-05,Antigen-Antibody Reactions
0.0,1.0,0.0,2.85673475217826e-05,-2.85673475217826e-05,Antiparasitic drugs
0.0,1.0,0.0,2.85673475217826e-05,-2.85673475217826e-05,Antigen properties
0.0,1.0,0.0,2.85673475217826e-05,-2.85673475217826e-05,Antigen presentation
0.0,1.0,0.0,2.85673475217826e-05,-2.85673475217826e-05,Antigen Properties
0.0,1.0,0.0,2.85673475217826e-05,-2.85673475217826e-05,Antifungal Pharmacology
0.0,1.0,0.0,2.85673475217826e-05,-2.85673475217826e-05,Antifolates
0.0,1.0,0.0,2.85673475217826e-05,-2.85673475217826e-05,Antiepileptic Drug Contraindications
0.0,1.0,0.0,2.85673475217826e-05,-2.85673475217826e-05,Antidiuretic hormone antagonists
0.0,1.0,0.0,2.85673475217826e-05,-2.85673475217826e-05,Antiparasitic Agents
0.0,1.0,0.0,2.85673475217826e-05,-2.85673475217826e-05,Antiparkinson Drugs
0.0,1.0,0.0,2.85673475217826e-05,-2.85673475217826e-05,Aortic Stenosis
0.0,1.0,0.0,2.85673475217826e-05,-2.85673475217826e-05,Antitoxins
0.0,1.0,0.0,2.85673475217826e-05,-2.85673475217826e-05,Aortic Regurgitation
0.0,1.0,0.0,2.85673475217826e-05,-2.85673475217826e-05,Aortic Aneurysms
0.0,1.0,0.0,2.85673475217826e-05,-2.85673475217826e-05,Aortic Aneurysm Management
0.0,1.0,0.0,2.85673475217826e-05,-2.85673475217826e-05,Antiviral Therapy
0.0,1.0,0.0,2.85673475217826e-05,-2.85673475217826e-05,Antitubercular therapy
0.0,1.0,0.0,2.85673475217826e-05,-2.85673475217826e-05,Antitubercular drug toxicity
0.0,1.0,0.0,2.85673475217826e-05,-2.85673475217826e-05,Antitubercular Drug Toxicity
0.0,1.0,0.0,2.85673475217826e-05,-2.85673475217826e-05,Antispasticity agents
0.0,1.0,0.0,2.85673475217826e-05,-2.85673475217826e-05,Antiparkinsonian drugs
0.0,1.0,0.0,2.85673475217826e-05,-2.85673475217826e-05,Antispasticity Agents
0.0,1.0,0.0,2.85673475217826e-05,-2.85673475217826e-05,Antiseptics and disinfectants
0.0,1.0,0.0,2.85673475217826e-05,-2.85673475217826e-05,Antiretroviral Therapy (Art)
0.0,1.0,0.0,2.85673475217826e-05,-2.85673475217826e-05,Antiretroviral Therapy (ART)
0.0,1.0,0.0,2.85673475217826e-05,-2.85673475217826e-05,Antipsychotic side effects
0.0,1.0,0.0,2.85673475217826e-05,-2.85673475217826e-05,Antipsychotic Side Effects
0.0,1.0,0.0,2.85673475217826e-05,-2.85673475217826e-05,Antiphospholipid Syndrome
0.0,1.0,0.0,2.85673475217826e-05,-2.85673475217826e-05,Anaerobes
0.0,1.0,0.0,2.85673475217826e-05,-2.85673475217826e-05,Amygdala
0.0,1.0,0.0,2.85673475217826e-05,-2.85673475217826e-05,Amputation
0.0,1.0,0.0,2.85673475217826e-05,-2.85673475217826e-05,Amphetamine Abuse
0.0,1.0,0.0,2.85673475217826e-05,-2.85673475217826e-05,Acute Parotitis
0.0,1.0,0.0,2.85673475217826e-05,-2.85673475217826e-05,Acute Metabolic Emergencies
0.0,1.0,0.0,2.85673475217826e-05,-2.85673475217826e-05,Acute Lymphoblastic Leukemia
0.0,1.0,0.0,2.85673475217826e-05,-2.85673475217826e-05,Acute Liver Failure
0.0,1.0,0.0,2.85673475217826e-05,-2.85673475217826e-05,Acute HIV syndrome
0.0,1.0,0.0,2.85673475217826e-05,-2.85673475217826e-05,Acute Cystitis
0.0,1.0,0.0,2.85673475217826e-05,-2.85673475217826e-05,Acromegaly management
0.0,1.0,0.0,2.85673475217826e-05,-2.85673475217826e-05,Acromegaly Management
0.0,1.0,0.0,2.85673475217826e-05,-2.85673475217826e-05,Acrodermatitis enteropathica
0.0,1.0,0.0,2.85673475217826e-05,-2.85673475217826e-05,Acrodermatitis Enteropathica
0.0,1.0,0.0,2.85673475217826e-05,-2.85673475217826e-05,Acral lentiginous melanoma
0.0,1.0,0.0,2.85673475217826e-05,-2.85673475217826e-05,Acquired inflammatory skin rashes
0.0,1.0,0.0,2.85673475217826e-05,-2.85673475217826e-05,Acquired Inflammatory Skin Rashes
0.0,1.0,0.0,2.85673475217826e-05,-2.85673475217826e-05,Acoustic Neuroma
0.0,1.0,0.0,2.85673475217826e-05,-2.85673475217826e-05,Acne vulgaris
0.0,1.0,0.0,2.85673475217826e-05,-2.85673475217826e-05,Acne Management
0.0,1.0,0.0,2.85673475217826e-05,-2.85673475217826e-05,Acl Injuries
0.0,1.0,0.0,2.85673475217826e-05,-2.85673475217826e-05,Acute Pelvic Pain
0.0,1.0,0.0,2.85673475217826e-05,-2.85673475217826e-05,Acute Phase Reactants
0.0,1.0,0.0,2.85673475217826e-05,-2.85673475217826e-05,Acute Phase Response
0.0,1.0,0.0,2.85673475217826e-05,-2.85673475217826e-05,Acute parotitis
0.0,1.0,0.0,2.85673475217826e-05,-2.85673475217826e-05,Addiction pharmacology
0.0,1.0,0.0,2.85673475217826e-05,-2.85673475217826e-05,Addiction Psychiatry
0.0,1.0,0.0,2.85673475217826e-05,-2.85673475217826e-05,Addiction
0.0,1.0,0.0,2.85673475217826e-05,-2.85673475217826e-05,Adaptive Immunity
0.0,1.0,0.0,2.85673475217826e-05,-2.85673475217826e-05,Acute transient psychotic disorder
0.0,1.0,0.0,2.85673475217826e-05,-2.85673475217826e-05,Acute polymorphic psychotic disorder
0.0,1.0,0.0,2.85673475217826e-05,-2.85673475217826e-05,Acute phase proteins
0.0,1.0,0.0,2.85673475217826e-05,-2.85673475217826e-05,Acute pancreatitis
0.0,1.0,0.0,2.85673475217826e-05,-2.85673475217826e-05,Acute care
0.0,1.0,0.0,2.85673475217826e-05,-2.85673475217826e-05,Acute myocardial infarction
0.0,1.0,0.0,2.85673475217826e-05,-2.85673475217826e-05,Acute metabolic emergencies
0.0,1.0,0.0,2.85673475217826e-05,-2.85673475217826e-05,Acute lymphoblastic leukemia
0.0,1.0,0.0,2.85673475217826e-05,-2.85673475217826e-05,Acute liver failure
0.0,1.0,0.0,2.85673475217826e-05,-2.85673475217826e-05,Acute fatty liver
0.0,1.0,0.0,2.85673475217826e-05,-2.85673475217826e-05,Acute dystonia
0.0,1.0,0.0,2.85673475217826e-05,-2.85673475217826e-05,Acute coronary syndromes
0.0,1.0,0.0,2.85673475217826e-05,-2.85673475217826e-05,Acidosis
0.0,1.0,0.0,2.85673475217826e-05,-2.85673475217826e-05,Acid Peptic Disease
0.0,1.0,0.0,2.85673475217826e-05,-2.85673475217826e-05,Acetyl CoA Carboxylase
0.0,1.0,0.0,2.85673475217826e-05,-2.85673475217826e-05,ASHA
0.0,1.0,0.0,2.85673475217826e-05,-2.85673475217826e-05,Abdominal CT
0.0,1.0,0.0,2.85673475217826e-05,-2.85673475217826e-05,Abdominal Arteries
0.0,1.0,0.0,2.85673475217826e-05,-2.85673475217826e-05,Abdominal Aorta
0.0,1.0,0.0,2.85673475217826e-05,-2.85673475217826e-05,AV fistula
0.0,1.0,0.0,2.85673475217826e-05,-2.85673475217826e-05,ATP
0.0,1.0,0.0,2.85673475217826e-05,-2.85673475217826e-05,ATLS
0.0,1.0,0.0,2.85673475217826e-05,-2.85673475217826e-05,ASOM
0.0,1.0,0.0,2.85673475217826e-05,-2.85673475217826e-05,APGAR scoring
0.0,1.0,0.0,2.85673475217826e-05,-2.85673475217826e-05,Abdominal Ct
0.0,1.0,0.0,2.85673475217826e-05,-2.85673475217826e-05,APGAR Score
0.0,1.0,0.0,2.85673475217826e-05,-2.85673475217826e-05,AMH
0.0,1.0,0.0,2.85673475217826e-05,-2.85673475217826e-05,AIDS control programme
0.0,1.0,0.0,2.85673475217826e-05,-2.85673475217826e-05,ADH mechanism
0.0,1.0,0.0,2.85673475217826e-05,-2.85673475217826e-05,ADH Analogs
0.0,1.0,0.0,2.85673475217826e-05,-2.85673475217826e-05,ADH Action
0.0,1.0,0.0,2.85673475217826e-05,-2.85673475217826e-05,ACL injuries
0.0,1.0,0.0,2.85673475217826e-05,-2.85673475217826e-05,Abdominal CT Interpretation
0.0,1.0,0.0,2.85673475217826e-05,-2.85673475217826e-05,Abdominal Ct Interpretation
0.0,1.0,0.0,2.85673475217826e-05,-2.85673475217826e-05,Acetaminophen
0.0,1.0,0.0,2.85673475217826e-05,-2.85673475217826e-05,Abrasion
0.0,1.0,0.0,2.85673475217826e-05,-2.85673475217826e-05,Accessory spleen
0.0,1.0,0.0,2.85673475217826e-05,-2.85673475217826e-05,Acanthosis nigricans
0.0,1.0,0.0,2.85673475217826e-05,-2.85673475217826e-05,Acanthosis Nigricans
0.0,1.0,0.0,2.85673475217826e-05,-2.85673475217826e-05,Absence Seizure
0.0,1.0,0.0,2.85673475217826e-05,-2.85673475217826e-05,Abruptio placentae
0.0,1.0,0.0,2.85673475217826e-05,-2.85673475217826e-05,Abruptio Placentae
0.0,1.0,0.0,2.85673475217826e-05,-2.85673475217826e-05,Abreaction
0.0,1.0,0.0,2.85673475217826e-05,-2.85673475217826e-05,Abpi Interpretation
0.0,1.0,0.0,2.85673475217826e-05,-2.85673475217826e-05,Abdominal Muscles
0.0,1.0,0.0,2.85673475217826e-05,-2.85673475217826e-05,Abnormal Behavior
0.0,1.0,0.0,2.85673475217826e-05,-2.85673475217826e-05,Abdominal radiography
0.0,1.0,0.0,2.85673475217826e-05,-2.85673475217826e-05,Abdominal aorta
0.0,1.0,0.0,2.85673475217826e-05,-2.85673475217826e-05,Abdominal Viscera
0.0,1.0,0.0,2.85673475217826e-05,-2.85673475217826e-05,Abdominal Radiography
0.0,1.0,0.0,2.85673475217826e-05,-2.85673475217826e-05,Abdominal Radiograph
0.0,1.0,0.0,2.85673475217826e-05,-2.85673475217826e-05,Abdominal Plexuses
0.0,1.0,0.0,2.85673475217826e-05,-2.85673475217826e-05,Adenoid Hypertrophy
0.0,1.0,0.0,2.85673475217826e-05,-2.85673475217826e-05,Adenoid hypertrophy
0.0,1.0,0.0,2.85673475217826e-05,-2.85673475217826e-05,Adenosine
0.0,1.0,0.0,2.85673475217826e-05,-2.85673475217826e-05,Alpha-glucosidase inhibitors
0.0,1.0,0.0,2.85673475217826e-05,-2.85673475217826e-05,Ambulatory Anesthesia
0.0,1.0,0.0,2.85673475217826e-05,-2.85673475217826e-05,Amblyopia prevention
0.0,1.0,0.0,2.85673475217826e-05,-2.85673475217826e-05,Ambivalence
0.0,1.0,0.0,2.85673475217826e-05,-2.85673475217826e-05,Alzheimer's disease drugs
0.0,1.0,0.0,2.85673475217826e-05,-2.85673475217826e-05,Alzheimer'S Disease Drugs
0.0,1.0,0.0,2.85673475217826e-05,-2.85673475217826e-05,Alternative medicine
0.0,1.0,0.0,2.85673475217826e-05,-2.85673475217826e-05,Alternative Medicine
0.0,1.0,0.0,2.85673475217826e-05,-2.85673475217826e-05,Alpha-fetoprotein
0.0,1.0,0.0,2.85673475217826e-05,-2.85673475217826e-05,Amenorrhoea
0.0,1.0,0.0,2.85673475217826e-05,-2.85673475217826e-05,Alpha-Glucosidase Inhibitors
0.0,1.0,0.0,2.85673475217826e-05,-2.85673475217826e-05,Alpha-Fetoprotein
0.0,1.0,0.0,2.85673475217826e-05,-2.85673475217826e-05,Alpha-2 agonists
0.0,1.0,0.0,2.85673475217826e-05,-2.85673475217826e-05,Alpha-2 Agonists
0.0,1.0,0.0,2.85673475217826e-05,-2.85673475217826e-05,Alpha-1 antitrypsin deficiency
0.0,1.0,0.0,2.85673475217826e-05,-2.85673475217826e-05,Alpha blockers
0.0,1.0,0.0,2.85673475217826e-05,-2.85673475217826e-05,Alpha agonist
0.0,1.0,0.0,2.85673475217826e-05,-2.85673475217826e-05,Ambulatory anesthesia
0.0,1.0,0.0,2.85673475217826e-05,-2.85673475217826e-05,American Association of Mental Retardation
0.0,1.0,0.0,2.85673475217826e-05,-2.85673475217826e-05,Alopecia Areata
0.0,1.0,0.0,2.85673475217826e-05,-2.85673475217826e-05,Aminosalicylate drugs
0.0,1.0,0.0,2.85673475217826e-05,-2.85673475217826e-05,Amphetamine
0.0,1.0,0.0,2.85673475217826e-05,-2.85673475217826e-05,Amoebic Liver Abscess
0.0,1.0,0.0,2.85673475217826e-05,-2.85673475217826e-05,Amniotic fluid disorders
0.0,1.0,0.0,2.85673475217826e-05,-2.85673475217826e-05,Amniotic Fluid Dynamics
0.0,1.0,0.0,2.85673475217826e-05,-2.85673475217826e-05,Amniotic Fluid Disorders
0.0,1.0,0.0,2.85673475217826e-05,-2.85673475217826e-05,Ammonia Metabolism
0.0,1.0,0.0,2.85673475217826e-05,-2.85673475217826e-05,Aminosalicylates
0.0,1.0,0.0,2.85673475217826e-05,-2.85673475217826e-05,Aminoglycosides
0.0,1.0,0.0,2.85673475217826e-05,-2.85673475217826e-05,Amino Acid Properties
0.0,1.0,0.0,2.85673475217826e-05,-2.85673475217826e-05,Aminoacidopathies
0.0,1.0,0.0,2.85673475217826e-05,-2.85673475217826e-05,Amino acids
0.0,1.0,0.0,2.85673475217826e-05,-2.85673475217826e-05,Amino acid substitution
0.0,1.0,0.0,2.85673475217826e-05,-2.85673475217826e-05,Amino Sugar Metabolism
0.0,1.0,0.0,2.85673475217826e-05,-2.85673475217826e-05,Amino Acid Transport Defects
0.0,1.0,0.0,2.85673475217826e-05,-2.85673475217826e-05,Amino Acid Structure and Classification
0.0,1.0,0.0,2.85673475217826e-05,-2.85673475217826e-05,Amino Acid Structure And Classification
0.0,1.0,0.0,2.85673475217826e-05,-2.85673475217826e-05,Alpha Blockers
0.0,1.0,0.0,2.85673475217826e-05,-2.85673475217826e-05,Allergic airway disease
0.0,1.0,0.0,2.85673475217826e-05,-2.85673475217826e-05,Adenylyl cyclase
0.0,1.0,0.0,2.85673475217826e-05,-2.85673475217826e-05,Adrenoleukodystrophy
0.0,1.0,0.0,2.85673475217826e-05,-2.85673475217826e-05,Aids Control Programme
0.0,1.0,0.0,2.85673475217826e-05,-2.85673475217826e-05,Agranulocytosis
0.0,1.0,0.0,2.85673475217826e-05,-2.85673475217826e-05,Agoraphobia
0.0,1.0,0.0,2.85673475217826e-05,-2.85673475217826e-05,Aging physiology
0.0,1.0,0.0,2.85673475217826e-05,-2.85673475217826e-05,Age determination
0.0,1.0,0.0,2.85673475217826e-05,-2.85673475217826e-05,Age Determination
0.0,1.0,0.0,2.85673475217826e-05,-2.85673475217826e-05,Afterload
0.0,1.0,0.0,2.85673475217826e-05,-2.85673475217826e-05,Adrenergic receptors
0.0,1.0,0.0,2.85673475217826e-05,-2.85673475217826e-05,Airway Equipment
0.0,1.0,0.0,2.85673475217826e-05,-2.85673475217826e-05,Adrenergic agents
0.0,1.0,0.0,2.85673475217826e-05,-2.85673475217826e-05,Adrenergic Agents
0.0,1.0,0.0,2.85673475217826e-05,-2.85673475217826e-05,Adolescent health
0.0,1.0,0.0,2.85673475217826e-05,-2.85673475217826e-05,Adipose Tissue
0.0,1.0,0.0,2.85673475217826e-05,-2.85673475217826e-05,Adipocere
0.0,1.0,0.0,2.85673475217826e-05,-2.85673475217826e-05,Adhd
0.0,1.0,0.0,2.85673475217826e-05,-2.85673475217826e-05,Adh Action
0.0,1.0,0.0,2.85673475217826e-05,-2.85673475217826e-05,Air bronchogram
0.0,1.0,0.0,2.85673475217826e-05,-2.85673475217826e-05,Airway devices
0.0,1.0,0.0,2.85673475217826e-05,-2.85673475217826e-05,Allergic Lung Diseases
0.0,1.0,0.0,2.85673475217826e-05,-2.85673475217826e-05,Alcohol metabolism
0.0,1.0,0.0,2.85673475217826e-05,-2.85673475217826e-05,Alkylating agents
0.0,1.0,0.0,2.85673475217826e-05,-2.85673475217826e-05,Alkaloids
0.0,1.0,0.0,2.85673475217826e-05,-2.85673475217826e-05,Aldose Reductase Inhibitors
0.0,1.0,0.0,2.85673475217826e-05,-2.85673475217826e-05,Alcoholic Cardiomyopathy
0.0,1.0,0.0,2.85673475217826e-05,-2.85673475217826e-05,Alcohol-related emergencies
0.0,1.0,0.0,2.85673475217826e-05,-2.85673475217826e-05,Alcohol-Related Disorders
0.0,1.0,0.0,2.85673475217826e-05,-2.85673475217826e-05,Alcohol use disorder
0.0,1.0,0.0,2.85673475217826e-05,-2.85673475217826e-05,Alcohol dependence
0.0,1.0,0.0,2.85673475217826e-05,-2.85673475217826e-05,Airway emergencies
0.0,1.0,0.0,2.85673475217826e-05,-2.85673475217826e-05,Alcohol and industrial poisons
0.0,1.0,0.0,2.85673475217826e-05,-2.85673475217826e-05,Alcohol Withdrawal Syndrome
0.0,1.0,0.0,2.85673475217826e-05,-2.85673475217826e-05,Alcohol Effects
0.0,1.0,0.0,2.85673475217826e-05,-2.85673475217826e-05,Alcohol Dependence Treatment
0.0,1.0,0.0,2.85673475217826e-05,-2.85673475217826e-05,Alcock's Canal
0.0,1.0,0.0,2.85673475217826e-05,-2.85673475217826e-05,Airway surgery
0.0,1.0,0.0,2.85673475217826e-05,-2.85673475217826e-05,Airway obstruction
0.0,1.0,0.0,2.85673475217826e-05,-2.85673475217826e-05,Attack rates
0.0,1.0,0.0,2.85673475217826e-05,-2.85673475217826e-05,Atypical Antipsychotics
0.0,1.0,0.0,2.85673475217826e-05,-2.85673475217826e-05,Cellular Biochemistry
0.0,1.0,0.0,2.85673475217826e-05,-2.85673475217826e-05,Carcinoid Syndrome
0.0,1.0,0.0,2.85673475217826e-05,-2.85673475217826e-05,Calcinosis Cutis
0.0,1.0,0.0,2.85673475217826e-05,-2.85673475217826e-05,Calcified metastasis
0.0,1.0,0.0,2.85673475217826e-05,-2.85673475217826e-05,Calcific tendinitis
0.0,1.0,0.0,2.85673475217826e-05,-2.85673475217826e-05,Cadaveric Donation
0.0,1.0,0.0,2.85673475217826e-05,-2.85673475217826e-05,Cabergoline
0.0,1.0,0.0,2.85673475217826e-05,-2.85673475217826e-05,CT chest
0.0,1.0,0.0,2.85673475217826e-05,-2.85673475217826e-05,CT Scan Limitations
0.0,1.0,0.0,2.85673475217826e-05,-2.85673475217826e-05,CT Scan
0.0,1.0,0.0,2.85673475217826e-05,-2.85673475217826e-05,CT Imaging
0.0,1.0,0.0,2.85673475217826e-05,-2.85673475217826e-05,CT
0.0,1.0,0.0,2.85673475217826e-05,-2.85673475217826e-05,CSF rhinorrhoea
0.0,1.0,0.0,2.85673475217826e-05,-2.85673475217826e-05,CSF analysis
0.0,1.0,0.0,2.85673475217826e-05,-2.85673475217826e-05,CSF Analysis
0.0,1.0,0.0,2.85673475217826e-05,-2.85673475217826e-05,CSF
0.0,1.0,0.0,2.85673475217826e-05,-2.85673475217826e-05,COPD Staging
0.0,1.0,0.0,2.85673475217826e-05,-2.85673475217826e-05,COPD Classification
0.0,1.0,0.0,2.85673475217826e-05,-2.85673475217826e-05,CNS involvement
0.0,1.0,0.0,2.85673475217826e-05,-2.85673475217826e-05,Calciphylaxis
0.0,1.0,0.0,2.85673475217826e-05,-2.85673475217826e-05,Calcium Disorders
0.0,1.0,0.0,2.85673475217826e-05,-2.85673475217826e-05,Calcium Metabolism
0.0,1.0,0.0,2.85673475217826e-05,-2.85673475217826e-05,Cancer therapy
0.0,1.0,0.0,2.85673475217826e-05,-2.85673475217826e-05,Carbapenems
0.0,1.0,0.0,2.85673475217826e-05,-2.85673475217826e-05,Caput succedaneum
0.0,1.0,0.0,2.85673475217826e-05,-2.85673475217826e-05,Caput Succedaneum
0.0,1.0,0.0,2.85673475217826e-05,-2.85673475217826e-05,Capnography
0.0,1.0,0.0,2.85673475217826e-05,-2.85673475217826e-05,Canteen
0.0,1.0,0.0,2.85673475217826e-05,-2.85673475217826e-05,Candidiasis
0.0,1.0,0.0,2.85673475217826e-05,-2.85673475217826e-05,Cancers
0.0,1.0,0.0,2.85673475217826e-05,-2.85673475217826e-05,Cancer prevention
0.0,1.0,0.0,2.85673475217826e-05,-2.85673475217826e-05,Calcium absorption
0.0,1.0,0.0,2.85673475217826e-05,-2.85673475217826e-05,Cancer Screening
0.0,1.0,0.0,2.85673475217826e-05,-2.85673475217826e-05,Cancer Control
0.0,1.0,0.0,2.85673475217826e-05,-2.85673475217826e-05,Campylobacter
0.0,1.0,0.0,2.85673475217826e-05,-2.85673475217826e-05,Callus formation
0.0,1.0,0.0,2.85673475217826e-05,-2.85673475217826e-05,Calcium signaling
0.0,1.0,0.0,2.85673475217826e-05,-2.85673475217826e-05,Calcium reabsorption
0.0,1.0,0.0,2.85673475217826e-05,-2.85673475217826e-05,Calcium disorders
0.0,1.0,0.0,2.85673475217826e-05,-2.85673475217826e-05,CNS Prophylaxis
0.0,1.0,0.0,2.85673475217826e-05,-2.85673475217826e-05,CNS Effects
0.0,1.0,0.0,2.85673475217826e-05,-2.85673475217826e-05,CNS Abnormalities
0.0,1.0,0.0,2.85673475217826e-05,-2.85673475217826e-05,Branchial cyst
0.0,1.0,0.0,2.85673475217826e-05,-2.85673475217826e-05,Bronchial tree anatomy
0.0,1.0,0.0,2.85673475217826e-05,-2.85673475217826e-05,Bronchial foreign body
0.0,1.0,0.0,2.85673475217826e-05,-2.85673475217826e-05,Bronchial asthma
0.0,1.0,0.0,2.85673475217826e-05,-2.85673475217826e-05,Bronchial Tree Anatomy
0.0,1.0,0.0,2.85673475217826e-05,-2.85673475217826e-05,Bronchial Foreign Body
0.0,1.0,0.0,2.85673475217826e-05,-2.85673475217826e-05,Bromocriptine
0.0,1.0,0.0,2.85673475217826e-05,-2.85673475217826e-05,Breathlessness
0.0,1.0,0.0,2.85673475217826e-05,-2.85673475217826e-05,Branchial Cyst
0.0,1.0,0.0,2.85673475217826e-05,-2.85673475217826e-05,Bruise
0.0,1.0,0.0,2.85673475217826e-05,-2.85673475217826e-05,Branches of aorta
0.0,1.0,0.0,2.85673475217826e-05,-2.85673475217826e-05,Brainstem death
0.0,1.0,0.0,2.85673475217826e-05,-2.85673475217826e-05,Brainstem Lesions
0.0,1.0,0.0,2.85673475217826e-05,-2.85673475217826e-05,Brainstem Death
0.0,1.0,0.0,2.85673475217826e-05,-2.85673475217826e-05,Brain vasculature
0.0,1.0,0.0,2.85673475217826e-05,-2.85673475217826e-05,Brain Waves
0.0,1.0,0.0,2.85673475217826e-05,-2.85673475217826e-05,Brain Vasculature
0.0,1.0,0.0,2.85673475217826e-05,-2.85673475217826e-05,Bronchopulmonary Dysplasia
0.0,1.0,0.0,2.85673475217826e-05,-2.85673475217826e-05,Buffer Solutions
0.0,1.0,0.0,2.85673475217826e-05,-2.85673475217826e-05,CMT disease
0.0,1.0,0.0,2.85673475217826e-05,-2.85673475217826e-05,Burn resuscitation
0.0,1.0,0.0,2.85673475217826e-05,-2.85673475217826e-05,CIN III
0.0,1.0,0.0,2.85673475217826e-05,-2.85673475217826e-05,CB1 antagonist
0.0,1.0,0.0,2.85673475217826e-05,-2.85673475217826e-05,CA-125
0.0,1.0,0.0,2.85673475217826e-05,-2.85673475217826e-05,C. difficile
0.0,1.0,0.0,2.85673475217826e-05,-2.85673475217826e-05,C-reactive protein
0.0,1.0,0.0,2.85673475217826e-05,-2.85673475217826e-05,C-Reactive Protein
0.0,1.0,0.0,2.85673475217826e-05,-2.85673475217826e-05,Bursitis
0.0,1.0,0.0,2.85673475217826e-05,-2.85673475217826e-05,Burn depth
0.0,1.0,0.0,2.85673475217826e-05,-2.85673475217826e-05,Buffer Systems
0.0,1.0,0.0,2.85673475217826e-05,-2.85673475217826e-05,Burn Resuscitation
0.0,1.0,0.0,2.85673475217826e-05,-2.85673475217826e-05,Burn Assessment
0.0,1.0,0.0,2.85673475217826e-05,-2.85673475217826e-05,Burkholderia
0.0,1.0,0.0,2.85673475217826e-05,-2.85673475217826e-05,Bullous keratopathy
0.0,1.0,0.0,2.85673475217826e-05,-2.85673475217826e-05,Bullous Skin Diseases
0.0,1.0,0.0,2.85673475217826e-05,-2.85673475217826e-05,Bullous Keratopathy
0.0,1.0,0.0,2.85673475217826e-05,-2.85673475217826e-05,Bullet types
0.0,1.0,0.0,2.85673475217826e-05,-2.85673475217826e-05,Carbon Dioxide Transport
0.0,1.0,0.0,2.85673475217826e-05,-2.85673475217826e-05,Carcinoma Of Gallbladder
0.0,1.0,0.0,2.85673475217826e-05,-2.85673475217826e-05,Atypical antipsychotics
0.0,1.0,0.0,2.85673475217826e-05,-2.85673475217826e-05,Carcinoma of gallbladder
0.0,1.0,0.0,2.85673475217826e-05,-2.85673475217826e-05,Cavernous sinus thrombosis
0.0,1.0,0.0,2.85673475217826e-05,-2.85673475217826e-05,Cavernous Sinus Thrombosis
0.0,1.0,0.0,2.85673475217826e-05,-2.85673475217826e-05,Cavernous Sinus
0.0,1.0,0.0,2.85673475217826e-05,-2.85673475217826e-05,Caustic Ingestion
0.0,1.0,0.0,2.85673475217826e-05,-2.85673475217826e-05,Causes of Blindness
0.0,1.0,0.0,2.85673475217826e-05,-2.85673475217826e-05,Causes Of Blindness
0.0,1.0,0.0,2.85673475217826e-05,-2.85673475217826e-05,Cause Of Death
0.0,1.0,0.0,2.85673475217826e-05,-2.85673475217826e-05,Causation
0.0,1.0,0.0,2.85673475217826e-05,-2.85673475217826e-05,Causal association
0.0,1.0,0.0,2.85673475217826e-05,-2.85673475217826e-05,Cauliflower ear
0.0,1.0,0.0,2.85673475217826e-05,-2.85673475217826e-05,Cauda equina syndrome
0.0,1.0,0.0,2.85673475217826e-05,-2.85673475217826e-05,Catecholamine synthesis inhibitors
0.0,1.0,0.0,2.85673475217826e-05,-2.85673475217826e-05,Catecholamine synthesis
0.0,1.0,0.0,2.85673475217826e-05,-2.85673475217826e-05,Catecholamine Synthesis Inhibitors
0.0,1.0,0.0,2.85673475217826e-05,-2.85673475217826e-05,Catecholamine Synthesis
0.0,1.0,0.0,2.85673475217826e-05,-2.85673475217826e-05,Cartilage types
0.0,1.0,0.0,2.85673475217826e-05,-2.85673475217826e-05,Cartilage Types
0.0,1.0,0.0,2.85673475217826e-05,-2.85673475217826e-05,Celiac Artery Compression Syndrome
0.0,1.0,0.0,2.85673475217826e-05,-2.85673475217826e-05,Celiac artery
0.0,1.0,0.0,2.85673475217826e-05,-2.85673475217826e-05,Celiac disease
0.0,1.0,0.0,2.85673475217826e-05,-2.85673475217826e-05,Cell cycle drugs
0.0,1.0,0.0,2.85673475217826e-05,-2.85673475217826e-05,Cellular Adaptation and Injury
0.0,1.0,0.0,2.85673475217826e-05,-2.85673475217826e-05,Cellular Adaptation And Injury
0.0,1.0,0.0,2.85673475217826e-05,-2.85673475217826e-05,Cell-mediated Immunity
0.0,1.0,0.0,2.85673475217826e-05,-2.85673475217826e-05,Cell wall deficient organisms
0.0,1.0,0.0,2.85673475217826e-05,-2.85673475217826e-05,Cell metabolism
0.0,1.0,0.0,2.85673475217826e-05,-2.85673475217826e-05,Cell division
0.0,1.0,0.0,2.85673475217826e-05,-2.85673475217826e-05,Cell cycle inhibitors
0.0,1.0,0.0,2.85673475217826e-05,-2.85673475217826e-05,Cell cycle
0.0,1.0,0.0,2.85673475217826e-05,-2.85673475217826e-05,Cell Communication
0.0,1.0,0.0,2.85673475217826e-05,-2.85673475217826e-05,Cell culture
0.0,1.0,0.0,2.85673475217826e-05,-2.85673475217826e-05,Cell Structure and Function
0.0,1.0,0.0,2.85673475217826e-05,-2.85673475217826e-05,Cell Structure And Function
0.0,1.0,0.0,2.85673475217826e-05,-2.85673475217826e-05,Cell Regeneration
0.0,1.0,0.0,2.85673475217826e-05,-2.85673475217826e-05,Cell Membrane Physiology
0.0,1.0,0.0,2.85673475217826e-05,-2.85673475217826e-05,Cell Lines
0.0,1.0,0.0,2.85673475217826e-05,-2.85673475217826e-05,Cell Culture
0.0,1.0,0.0,2.85673475217826e-05,-2.85673475217826e-05,Cartilage Physiology
0.0,1.0,0.0,2.85673475217826e-05,-2.85673475217826e-05,Carrier detection
0.0,1.0,0.0,2.85673475217826e-05,-2.85673475217826e-05,Carrier classification
0.0,1.0,0.0,2.85673475217826e-05,-2.85673475217826e-05,Cardiac Reflexes
0.0,1.0,0.0,2.85673475217826e-05,-2.85673475217826e-05,Cardiac imaging
0.0,1.0,0.0,2.85673475217826e-05,-2.85673475217826e-05,Cardiac glycosides
0.0,1.0,0.0,2.85673475217826e-05,-2.85673475217826e-05,Cardiac defect
0.0,1.0,0.0,2.85673475217826e-05,-2.85673475217826e-05,Cardiac conduction system
0.0,1.0,0.0,2.85673475217826e-05,-2.85673475217826e-05,Cardiac biomarkers
0.0,1.0,0.0,2.85673475217826e-05,-2.85673475217826e-05,Cardiac anatomy
0.0,1.0,0.0,2.85673475217826e-05,-2.85673475217826e-05,Cardiac Veins
0.0,1.0,0.0,2.85673475217826e-05,-2.85673475217826e-05,Cardiac Muscle
0.0,1.0,0.0,2.85673475217826e-05,-2.85673475217826e-05,Cardiac murmur
0.0,1.0,0.0,2.85673475217826e-05,-2.85673475217826e-05,Cardiac Murmurs
0.0,1.0,0.0,2.85673475217826e-05,-2.85673475217826e-05,Cardiac Hypertrophy
0.0,1.0,0.0,2.85673475217826e-05,-2.85673475217826e-05,Cardiac Defect
0.0,1.0,0.0,2.85673475217826e-05,-2.85673475217826e-05,Cardiac Conduction System
0.0,1.0,0.0,2.85673475217826e-05,-2.85673475217826e-05,Cardiac Biomarkers
0.0,1.0,0.0,2.85673475217826e-05,-2.85673475217826e-05,Cardiac Arrhythmias Management
0.0,1.0,0.0,2.85673475217826e-05,-2.85673475217826e-05,Cardiac Arrhythmia
0.0,1.0,0.0,2.85673475217826e-05,-2.85673475217826e-05,Cardiac imaging findings
0.0,1.0,0.0,2.85673475217826e-05,-2.85673475217826e-05,Cardiac physiology
0.0,1.0,0.0,2.85673475217826e-05,-2.85673475217826e-05,Carpal tunnel syndrome
0.0,1.0,0.0,2.85673475217826e-05,-2.85673475217826e-05,Carditis management
0.0,1.0,0.0,2.85673475217826e-05,-2.85673475217826e-05,Carpal bones
0.0,1.0,0.0,2.85673475217826e-05,-2.85673475217826e-05,Carpal Tunnel
0.0,1.0,0.0,2.85673475217826e-05,-2.85673475217826e-05,Carpal Injuries
0.0,1.0,0.0,2.85673475217826e-05,-2.85673475217826e-05,Carotid stenosis
0.0,1.0,0.0,2.85673475217826e-05,-2.85673475217826e-05,Carotid canal
0.0,1.0,0.0,2.85673475217826e-05,-2.85673475217826e-05,Carotid Cavernous Sinus Fistula
0.0,1.0,0.0,2.85673475217826e-05,-2.85673475217826e-05,Carotid Artery Stenosis
0.0,1.0,0.0,2.85673475217826e-05,-2.85673475217826e-05,Cardioversion
0.0,1.0,0.0,2.85673475217826e-05,-2.85673475217826e-05,Cardiac risk assessment
0.0,1.0,0.0,2.85673475217826e-05,-2.85673475217826e-05,Cardiotoxicity
0.0,1.0,0.0,2.85673475217826e-05,-2.85673475217826e-05,Cardiothoracic ratio
0.0,1.0,0.0,2.85673475217826e-05,-2.85673475217826e-05,Cardiothoracic Surgery
0.0,1.0,0.0,2.85673475217826e-05,-2.85673475217826e-05,Cardiothoracic Ratio
0.0,1.0,0.0,2.85673475217826e-05,-2.85673475217826e-05,Cardiopulmonary baroreceptors
0.0,1.0,0.0,2.85673475217826e-05,-2.85673475217826e-05,Cardiopulmonary Baroreceptors
0.0,1.0,0.0,2.85673475217826e-05,-2.85673475217826e-05,Cardiomegaly
0.0,1.0,0.0,2.85673475217826e-05,-2.85673475217826e-05,Brain Mri
0.0,1.0,0.0,2.85673475217826e-05,-2.85673475217826e-05,Brain MRI
0.0,1.0,0.0,2.85673475217826e-05,-2.85673475217826e-05,Brain Imaging
0.0,1.0,0.0,2.85673475217826e-05,-2.85673475217826e-05,Brain Death
0.0,1.0,0.0,2.85673475217826e-05,-2.85673475217826e-05,Baroreceptor
0.0,1.0,0.0,2.85673475217826e-05,-2.85673475217826e-05,Barlow test
0.0,1.0,0.0,2.85673475217826e-05,-2.85673475217826e-05,Barium swallow
0.0,1.0,0.0,2.85673475217826e-05,-2.85673475217826e-05,Barium studies
0.0,1.0,0.0,2.85673475217826e-05,-2.85673475217826e-05,Barium Studies
0.0,1.0,0.0,2.85673475217826e-05,-2.85673475217826e-05,Bainbridge reflex
0.0,1.0,0.0,2.85673475217826e-05,-2.85673475217826e-05,Bag-Mask Ventilation
0.0,1.0,0.0,2.85673475217826e-05,-2.85673475217826e-05,Bacteriophage typing
0.0,1.0,0.0,2.85673475217826e-05,-2.85673475217826e-05,Bacterial physiology
0.0,1.0,0.0,2.85673475217826e-05,-2.85673475217826e-05,Bacterial motility
0.0,1.0,0.0,2.85673475217826e-05,-2.85673475217826e-05,Bacterial culture characteristics
0.0,1.0,0.0,2.85673475217826e-05,-2.85673475217826e-05,Bacterial culture
0.0,1.0,0.0,2.85673475217826e-05,-2.85673475217826e-05,Bacterial classification
0.0,1.0,0.0,2.85673475217826e-05,-2.85673475217826e-05,Bacterial Virulence Factors
0.0,1.0,0.0,2.85673475217826e-05,-2.85673475217826e-05,Bacterial Virulence
0.0,1.0,0.0,2.85673475217826e-05,-2.85673475217826e-05,Bacterial Typing
0.0,1.0,0.0,2.85673475217826e-05,-2.85673475217826e-05,Bacterial Stis
0.0,1.0,0.0,2.85673475217826e-05,-2.85673475217826e-05,Bartholin Cyst
0.0,1.0,0.0,2.85673475217826e-05,-2.85673475217826e-05,Bartholin cyst
0.0,1.0,0.0,2.85673475217826e-05,-2.85673475217826e-05,Bartter syndrome
0.0,1.0,0.0,2.85673475217826e-05,-2.85673475217826e-05,Behavioural Therapy
0.0,1.0,0.0,2.85673475217826e-05,-2.85673475217826e-05,Benign Vulvar Disorders
0.0,1.0,0.0,2.85673475217826e-05,-2.85673475217826e-05,Benign Uterine Disease
0.0,1.0,0.0,2.85673475217826e-05,-2.85673475217826e-05,Behçet'S Disease
0.0,1.0,0.0,2.85673475217826e-05,-2.85673475217826e-05,Behçet disease
0.0,1.0,0.0,2.85673475217826e-05,-2.85673475217826e-05,Behcet's Syndrome
0.0,1.0,0.0,2.85673475217826e-05,-2.85673475217826e-05,Behcet'S Syndrome
0.0,1.0,0.0,2.85673475217826e-05,-2.85673475217826e-05,Behavioural therapy
0.0,1.0,0.0,2.85673475217826e-05,-2.85673475217826e-05,Behavioral Sciences
0.0,1.0,0.0,2.85673475217826e-05,-2.85673475217826e-05,Basal Cell Carcinoma
0.0,1.0,0.0,2.85673475217826e-05,-2.85673475217826e-05,Behavioral Disorders
0.0,1.0,0.0,2.85673475217826e-05,-2.85673475217826e-05,Behavior therapy
0.0,1.0,0.0,2.85673475217826e-05,-2.85673475217826e-05,Behavior Therapy
0.0,1.0,0.0,2.85673475217826e-05,-2.85673475217826e-05,Basic Pathology
0.0,1.0,0.0,2.85673475217826e-05,-2.85673475217826e-05,Basal ganglia
0.0,1.0,0.0,2.85673475217826e-05,-2.85673475217826e-05,Basal Ganglia Disorders
0.0,1.0,0.0,2.85673475217826e-05,-2.85673475217826e-05,Basal Ganglia
0.0,1.0,0.0,2.85673475217826e-05,-2.85673475217826e-05,Bacterial STIs
0.0,1.0,0.0,2.85673475217826e-05,-2.85673475217826e-05,Bacterial Resistance Mechanisms
0.0,1.0,0.0,2.85673475217826e-05,-2.85673475217826e-05,Bacterial Resistance
0.0,1.0,0.0,2.85673475217826e-05,-2.85673475217826e-05,Auricular hematoma
0.0,1.0,0.0,2.85673475217826e-05,-2.85673475217826e-05,Autoimmune Thyroid Disease
0.0,1.0,0.0,2.85673475217826e-05,-2.85673475217826e-05,Autism spectrum disorders
0.0,1.0,0.0,2.85673475217826e-05,-2.85673475217826e-05,Autism
0.0,1.0,0.0,2.85673475217826e-05,-2.85673475217826e-05,Austrian syndrome
0.0,1.0,0.0,2.85673475217826e-05,-2.85673475217826e-05,Austrian Syndrome
0.0,1.0,0.0,2.85673475217826e-05,-2.85673475217826e-05,Auscultation points
0.0,1.0,0.0,2.85673475217826e-05,-2.85673475217826e-05,Auscultation areas
0.0,1.0,0.0,2.85673475217826e-05,-2.85673475217826e-05,Auricular Hematoma
0.0,1.0,0.0,2.85673475217826e-05,-2.85673475217826e-05,Autoimmune thyroid disease
0.0,1.0,0.0,2.85673475217826e-05,-2.85673475217826e-05,Auerbach's plexus
0.0,1.0,0.0,2.85673475217826e-05,-2.85673475217826e-05,Auerbach'S Plexus
0.0,1.0,0.0,2.85673475217826e-05,-2.85673475217826e-05,Auditory tube
0.0,1.0,0.0,2.85673475217826e-05,-2.85673475217826e-05,Auditory system
0.0,1.0,0.0,2.85673475217826e-05,-2.85673475217826e-05,Auditory pathway
0.0,1.0,0.0,2.85673475217826e-05,-2.85673475217826e-05,Auditory brainstem response
0.0,1.0,0.0,2.85673475217826e-05,-2.85673475217826e-05,Atypical bacteria
0.0,1.0,0.0,2.85673475217826e-05,-2.85673475217826e-05,Autoimmune blistering disorders
0.0,1.0,0.0,2.85673475217826e-05,-2.85673475217826e-05,Autopsy Technique
0.0,1.0,0.0,2.85673475217826e-05,-2.85673475217826e-05,Bacterial Food Poisoning
0.0,1.0,0.0,2.85673475217826e-05,-2.85673475217826e-05,Baby-Friendly Hospital Initiative
0.0,1.0,0.0,2.85673475217826e-05,-2.85673475217826e-05,Bacterial Culture Media
0.0,1.0,0.0,2.85673475217826e-05,-2.85673475217826e-05,Bacterial Culture Characteristics
0.0,1.0,0.0,2.85673475217826e-05,-2.85673475217826e-05,Bacterial Classification
0.0,1.0,0.0,2.85673475217826e-05,-2.85673475217826e-05,Bacterial Antigens
0.0,1.0,0.0,2.85673475217826e-05,-2.85673475217826e-05,Backwash ileitis
0.0,1.0,0.0,2.85673475217826e-05,-2.85673475217826e-05,Back
0.0,1.0,0.0,2.85673475217826e-05,-2.85673475217826e-05,Bacillus Anthracis
0.0,1.0,0.0,2.85673475217826e-05,-2.85673475217826e-05,B cell localization
0.0,1.0,0.0,2.85673475217826e-05,-2.85673475217826e-05,Autoregulation
0.0,1.0,0.0,2.85673475217826e-05,-2.85673475217826e-05,B cell disorders
0.0,1.0,0.0,2.85673475217826e-05,-2.85673475217826e-05,B cell activation
0.0,1.0,0.0,2.85673475217826e-05,-2.85673475217826e-05,B Cell Localization
0.0,1.0,0.0,2.85673475217826e-05,-2.85673475217826e-05,Azoles
0.0,1.0,0.0,2.85673475217826e-05,-2.85673475217826e-05,Azole antifungals
0.0,1.0,0.0,2.85673475217826e-05,-2.85673475217826e-05,Axillary Lymph Nodes
0.0,1.0,0.0,2.85673475217826e-05,-2.85673475217826e-05,Axial skeleton
0.0,1.0,0.0,2.85673475217826e-05,-2.85673475217826e-05,Benign gynecologic conditions
0.0,1.0,0.0,2.85673475217826e-05,-2.85673475217826e-05,Benign vulvar disorders
0.0,1.0,0.0,2.85673475217826e-05,-2.85673475217826e-05,Benzodiazepine Receptor
0.0,1.0,0.0,2.85673475217826e-05,-2.85673475217826e-05,Bone Cysts
0.0,1.0,0.0,2.85673475217826e-05,-2.85673475217826e-05,Bone Mineral Density
0.0,1.0,0.0,2.85673475217826e-05,-2.85673475217826e-05,Bone Metastases
0.0,1.0,0.0,2.85673475217826e-05,-2.85673475217826e-05,Bone Metabolism Drugs
0.0,1.0,0.0,2.85673475217826e-05,-2.85673475217826e-05,Bone Formation
0.0,1.0,0.0,2.85673475217826e-05,-2.85673475217826e-05,Bone Densitometry
0.0,1.0,0.0,2.85673475217826e-05,-2.85673475217826e-05,Bone Deformities
0.0,1.0,0.0,2.85673475217826e-05,-2.85673475217826e-05,Bone Defects
0.0,1.0,0.0,2.85673475217826e-05,-2.85673475217826e-05,Bone Classification
0.0,1.0,0.0,2.85673475217826e-05,-2.85673475217826e-05,Bone Radiology
0.0,1.0,0.0,2.85673475217826e-05,-2.85673475217826e-05,Bone Age Assessment
0.0,1.0,0.0,2.85673475217826e-05,-2.85673475217826e-05,Bohr effect
0.0,1.0,0.0,2.85673475217826e-05,-2.85673475217826e-05,Body fluids
0.0,1.0,0.0,2.85673475217826e-05,-2.85673475217826e-05,Body Water and Electrolytes
0.0,1.0,0.0,2.85673475217826e-05,-2.85673475217826e-05,Body Water And Electrolytes
0.0,1.0,0.0,2.85673475217826e-05,-2.85673475217826e-05,Body Composition
0.0,1.0,0.0,2.85673475217826e-05,-2.85673475217826e-05,Blount disease
0.0,1.0,0.0,2.85673475217826e-05,-2.85673475217826e-05,Bone Morphology
0.0,1.0,0.0,2.85673475217826e-05,-2.85673475217826e-05,Bone age assessment
0.0,1.0,0.0,2.85673475217826e-05,-2.85673475217826e-05,Blaschko lines
0.0,1.0,0.0,2.85673475217826e-05,-2.85673475217826e-05,Bony Labyrinth
0.0,1.0,0.0,2.85673475217826e-05,-2.85673475217826e-05,Bragg peak
0.0,1.0,0.0,2.85673475217826e-05,-2.85673475217826e-05,Brachial plexus injuries
0.0,1.0,0.0,2.85673475217826e-05,-2.85673475217826e-05,Bowen's disease
0.0,1.0,0.0,2.85673475217826e-05,-2.85673475217826e-05,Bowen'S Disease
0.0,1.0,0.0,2.85673475217826e-05,-2.85673475217826e-05,Bowel injury
0.0,1.0,0.0,2.85673475217826e-05,-2.85673475217826e-05,Bowel Anastomosis
0.0,1.0,0.0,2.85673475217826e-05,-2.85673475217826e-05,Botulism
0.0,1.0,0.0,2.85673475217826e-05,-2.85673475217826e-05,Bone remodeling
0.0,1.0,0.0,2.85673475217826e-05,-2.85673475217826e-05,Bone disease
0.0,1.0,0.0,2.85673475217826e-05,-2.85673475217826e-05,Bone radiology
0.0,1.0,0.0,2.85673475217826e-05,-2.85673475217826e-05,Bone physiology
0.0,1.0,0.0,2.85673475217826e-05,-2.85673475217826e-05,Bone neoplasms
0.0,1.0,0.0,2.85673475217826e-05,-2.85673475217826e-05,Bone metastasis
0.0,1.0,0.0,2.85673475217826e-05,-2.85673475217826e-05,Bone metastases
0.0,1.0,0.0,2.85673475217826e-05,-2.85673475217826e-05,Bone metabolism drugs
0.0,1.0,0.0,2.85673475217826e-05,-2.85673475217826e-05,Bone formation
0.0,1.0,0.0,2.85673475217826e-05,-2.85673475217826e-05,Bleeding
0.0,1.0,0.0,2.85673475217826e-05,-2.85673475217826e-05,Blaschko Lines
0.0,1.0,0.0,2.85673475217826e-05,-2.85673475217826e-05,Benzodiazepine receptor
0.0,1.0,0.0,2.85673475217826e-05,-2.85673475217826e-05,Bile Acid Synthesis
0.0,1.0,0.0,2.85673475217826e-05,-2.85673475217826e-05,Biliary Pathology
0.0,1.0,0.0,2.85673475217826e-05,-2.85673475217826e-05,Biliary Injuries
0.0,1.0,0.0,2.85673475217826e-05,-2.85673475217826e-05,Biliary Imaging
0.0,1.0,0.0,2.85673475217826e-05,-2.85673475217826e-05,Biliary Disorders
0.0,1.0,0.0,2.85673475217826e-05,-2.85673475217826e-05,Biliary Atresia
0.0,1.0,0.0,2.85673475217826e-05,-2.85673475217826e-05,Bile salt metabolism
0.0,1.0,0.0,2.85673475217826e-05,-2.85673475217826e-05,Bile Secretion
0.0,1.0,0.0,2.85673475217826e-05,-2.85673475217826e-05,Bilateral occurrence
0.0,1.0,0.0,2.85673475217826e-05,-2.85673475217826e-05,Biliary imaging
0.0,1.0,0.0,2.85673475217826e-05,-2.85673475217826e-05,Bier's block
0.0,1.0,0.0,2.85673475217826e-05,-2.85673475217826e-05,Biases
0.0,1.0,0.0,2.85673475217826e-05,-2.85673475217826e-05,Beta-Blockers
0.0,1.0,0.0,2.85673475217826e-05,-2.85673475217826e-05,Beta-2 Agonists
0.0,1.0,0.0,2.85673475217826e-05,-2.85673475217826e-05,Beta agonists
0.0,1.0,0.0,2.85673475217826e-05,-2.85673475217826e-05,Beta Thalassemia
0.0,1.0,0.0,2.85673475217826e-05,-2.85673475217826e-05,Beta Agonists
0.0,1.0,0.0,2.85673475217826e-05,-2.85673475217826e-05,Biliary Tract Anomalies
0.0,1.0,0.0,2.85673475217826e-05,-2.85673475217826e-05,Biliary tract
0.0,1.0,0.0,2.85673475217826e-05,-2.85673475217826e-05,Bladder injuries
0.0,1.0,0.0,2.85673475217826e-05,-2.85673475217826e-05,Biomolecules
0.0,1.0,0.0,2.85673475217826e-05,-2.85673475217826e-05,Bladder Cancer
0.0,1.0,0.0,2.85673475217826e-05,-2.85673475217826e-05,Bites and Stings Management
0.0,1.0,0.0,2.85673475217826e-05,-2.85673475217826e-05,Bites And Stings Management
0.0,1.0,0.0,2.85673475217826e-05,-2.85673475217826e-05,Bisphosphonates
0.0,1.0,0.0,2.85673475217826e-05,-2.85673475217826e-05,Bishop Score
0.0,1.0,0.0,2.85673475217826e-05,-2.85673475217826e-05,Birth Defects
0.0,1.0,0.0,2.85673475217826e-05,-2.85673475217826e-05,Biotransformation
0.0,1.0,0.0,2.85673475217826e-05,-2.85673475217826e-05,Biomolecular Interactions
0.0,1.0,0.0,2.85673475217826e-05,-2.85673475217826e-05,Biliary tract disease
0.0,1.0,0.0,2.85673475217826e-05,-2.85673475217826e-05,Biological therapies
0.0,1.0,0.0,2.85673475217826e-05,-2.85673475217826e-05,Biological Drugs
0.0,1.0,0.0,2.85673475217826e-05,-2.85673475217826e-05,Biological Classification
0.0,1.0,0.0,2.85673475217826e-05,-2.85673475217826e-05,Biochemical tests
0.0,1.0,0.0,2.85673475217826e-05,-2.85673475217826e-05,Biochemical Pathways
0.0,1.0,0.0,2.85673475217826e-05,-2.85673475217826e-05,Billings Method
0.0,1.0,0.0,2.85673475217826e-05,-2.85673475217826e-05,Biliary tract neoplasms
0.0,1.0,0.0,2.85673475217826e-05,-2.85673475217826e-05,Eyelid
0.0,1.0,0.0,2.85673475217826e-05,-2.85673475217826e-05,Culture Techniques
0.0,1.0,0.0,2.85673475217826e-05,-2.85673475217826e-05,HLA Matching
0.0,1.0,0.0,2.85673475217826e-05,-2.85673475217826e-05,Goiter
0.0,1.0,0.0,2.85673475217826e-05,-2.85673475217826e-05,Gout Arthritis
0.0,1.0,0.0,2.85673475217826e-05,-2.85673475217826e-05,Gout Drugs
0.0,1.0,0.0,2.85673475217826e-05,-2.85673475217826e-05,Gout Treatment
0.0,1.0,0.0,2.85673475217826e-05,-2.85673475217826e-05,Gout treatment
0.0,1.0,0.0,2.85673475217826e-05,-2.85673475217826e-05,Gradenigo Syndrome
0.0,1.0,0.0,2.85673475217826e-05,-2.85673475217826e-05,Gradenigo syndrome
0.0,1.0,0.0,2.85673475217826e-05,-2.85673475217826e-05,Graft Rejection
0.0,1.0,0.0,2.85673475217826e-05,-2.85673475217826e-05,Graft rejection
0.0,1.0,0.0,2.85673475217826e-05,-2.85673475217826e-05,Graft types
0.0,1.0,0.0,2.85673475217826e-05,-2.85673475217826e-05,Graft-Versus-Host Disease
0.0,1.0,0.0,2.85673475217826e-05,-2.85673475217826e-05,Graft-versus-host disease
0.0,1.0,0.0,2.85673475217826e-05,-2.85673475217826e-05,Gram Negative Bacteria
0.0,1.0,0.0,2.85673475217826e-05,-2.85673475217826e-05,Gram Positive Bacteria
0.0,1.0,0.0,2.85673475217826e-05,-2.85673475217826e-05,Gram Positive Cocci
0.0,1.0,0.0,2.85673475217826e-05,-2.85673475217826e-05,Gram Stain
0.0,1.0,0.0,2.85673475217826e-05,-2.85673475217826e-05,Gram-negative bacteria
0.0,1.0,0.0,2.85673475217826e-05,-2.85673475217826e-05,Gramicidin
0.0,1.0,0.0,2.85673475217826e-05,-2.85673475217826e-05,Granulomatous Disease
0.0,1.0,0.0,2.85673475217826e-05,-2.85673475217826e-05,Granulomatous Lung Disease
0.0,1.0,0.0,2.85673475217826e-05,-2.85673475217826e-05,Graves disease
0.0,1.0,0.0,2.85673475217826e-05,-2.85673475217826e-05,Gravida Para
0.0,1.0,0.0,2.85673475217826e-05,-2.85673475217826e-05,Grievous Injuries
0.0,1.0,0.0,2.85673475217826e-05,-2.85673475217826e-05,Grievous Injury
0.0,1.0,0.0,2.85673475217826e-05,-2.85673475217826e-05,Grievous injuries
0.0,1.0,0.0,2.85673475217826e-05,-2.85673475217826e-05,Grievous injury
0.0,1.0,0.0,2.85673475217826e-05,-2.85673475217826e-05,Grisel syndrome
0.0,1.0,0.0,2.85673475217826e-05,-2.85673475217826e-05,Guillain Barre Syndrome
0.0,1.0,0.0,2.85673475217826e-05,-2.85673475217826e-05,Golgi tendon organ
0.0,1.0,0.0,2.85673475217826e-05,-2.85673475217826e-05,Gnrh Analogues
0.0,1.0,0.0,2.85673475217826e-05,-2.85673475217826e-05,Fluoroquinolone Adverse Effects
0.0,1.0,0.0,2.85673475217826e-05,-2.85673475217826e-05,Gnrh Agonists
0.0,1.0,0.0,2.85673475217826e-05,-2.85673475217826e-05,Gi Pharmacology
0.0,1.0,0.0,2.85673475217826e-05,-2.85673475217826e-05,Gi Secretions
0.0,1.0,0.0,2.85673475217826e-05,-2.85673475217826e-05,Giant Cells
0.0,1.0,0.0,2.85673475217826e-05,-2.85673475217826e-05,Giardiasis
0.0,1.0,0.0,2.85673475217826e-05,-2.85673475217826e-05,Gland of Moll
0.0,1.0,0.0,2.85673475217826e-05,-2.85673475217826e-05,Glanders
0.0,1.0,0.0,2.85673475217826e-05,-2.85673475217826e-05,Glands
0.0,1.0,0.0,2.85673475217826e-05,-2.85673475217826e-05,Glandular Anatomy
0.0,1.0,0.0,2.85673475217826e-05,-2.85673475217826e-05,Global Health
0.0,1.0,0.0,2.85673475217826e-05,-2.85673475217826e-05,Global health initiatives
0.0,1.0,0.0,2.85673475217826e-05,-2.85673475217826e-05,Globus Pharyngeus
0.0,1.0,0.0,2.85673475217826e-05,-2.85673475217826e-05,Globus pharyngeus
0.0,1.0,0.0,2.85673475217826e-05,-2.85673475217826e-05,Glomerular Filtration
0.0,1.0,0.0,2.85673475217826e-05,-2.85673475217826e-05,Glucagon
0.0,1.0,0.0,2.85673475217826e-05,-2.85673475217826e-05,Glucose Transporters
0.0,1.0,0.0,2.85673475217826e-05,-2.85673475217826e-05,Glucose homeostasis
0.0,1.0,0.0,2.85673475217826e-05,-2.85673475217826e-05,Gluteal Nerves
0.0,1.0,0.0,2.85673475217826e-05,-2.85673475217826e-05,Gluteal region
0.0,1.0,0.0,2.85673475217826e-05,-2.85673475217826e-05,Glycemic Index
0.0,1.0,0.0,2.85673475217826e-05,-2.85673475217826e-05,Glycemic control
0.0,1.0,0.0,2.85673475217826e-05,-2.85673475217826e-05,Glycemic index
0.0,1.0,0.0,2.85673475217826e-05,-2.85673475217826e-05,Glycobiology
0.0,1.0,0.0,2.85673475217826e-05,-2.85673475217826e-05,Glycogen Synthesis
0.0,1.0,0.0,2.85673475217826e-05,-2.85673475217826e-05,Glycogen storage diseases
0.0,1.0,0.0,2.85673475217826e-05,-2.85673475217826e-05,Glycoprotein Hormones
0.0,1.0,0.0,2.85673475217826e-05,-2.85673475217826e-05,GnRH agonists
0.0,1.0,0.0,2.85673475217826e-05,-2.85673475217826e-05,GnRH analogues
0.0,1.0,0.0,2.85673475217826e-05,-2.85673475217826e-05,Gunpowder detection
0.0,1.0,0.0,2.85673475217826e-05,-2.85673475217826e-05,Gunshot Injuries
0.0,1.0,0.0,2.85673475217826e-05,-2.85673475217826e-05,Gunshot Residue Analysis
0.0,1.0,0.0,2.85673475217826e-05,-2.85673475217826e-05,Gunshot injuries
0.0,1.0,0.0,2.85673475217826e-05,-2.85673475217826e-05,HMP Shunt
0.0,1.0,0.0,2.85673475217826e-05,-2.85673475217826e-05,HOX genes
0.0,1.0,0.0,2.85673475217826e-05,-2.85673475217826e-05,HPV vaccine
0.0,1.0,0.0,2.85673475217826e-05,-2.85673475217826e-05,HRT
0.0,1.0,0.0,2.85673475217826e-05,-2.85673475217826e-05,Habit disorders
0.0,1.0,0.0,2.85673475217826e-05,-2.85673475217826e-05,Haemodialysis
0.0,1.0,0.0,2.85673475217826e-05,-2.85673475217826e-05,Hair Cycle
0.0,1.0,0.0,2.85673475217826e-05,-2.85673475217826e-05,Hair Loss
0.0,1.0,0.0,2.85673475217826e-05,-2.85673475217826e-05,Hair cycle
0.0,1.0,0.0,2.85673475217826e-05,-2.85673475217826e-05,Hair-An Syndrome
0.0,1.0,0.0,2.85673475217826e-05,-2.85673475217826e-05,Hallux valgus
0.0,1.0,0.0,2.85673475217826e-05,-2.85673475217826e-05,Hammer toe
0.0,1.0,0.0,2.85673475217826e-05,-2.85673475217826e-05,Hand And Wrist Conditions
0.0,1.0,0.0,2.85673475217826e-05,-2.85673475217826e-05,Hand And Wrist Injuries
0.0,1.0,0.0,2.85673475217826e-05,-2.85673475217826e-05,Hand Deformities
0.0,1.0,0.0,2.85673475217826e-05,-2.85673475217826e-05,Hand Deformity
0.0,1.0,0.0,2.85673475217826e-05,-2.85673475217826e-05,Hand Disorders
0.0,1.0,0.0,2.85673475217826e-05,-2.85673475217826e-05,Hand Hygiene
0.0,1.0,0.0,2.85673475217826e-05,-2.85673475217826e-05,Hand Nerves
0.0,1.0,0.0,2.85673475217826e-05,-2.85673475217826e-05,Hand and Wrist Conditions
0.0,1.0,0.0,2.85673475217826e-05,-2.85673475217826e-05,Hand and Wrist Injuries
0.0,1.0,0.0,2.85673475217826e-05,-2.85673475217826e-05,Hand spaces
0.0,1.0,0.0,2.85673475217826e-05,-2.85673475217826e-05,Hand surgery
0.0,1.0,0.0,2.85673475217826e-05,-2.85673475217826e-05,Hard palate
0.0,1.0,0.0,2.85673475217826e-05,-2.85673475217826e-05,Head And Neck Cancers
0.0,1.0,0.0,2.85673475217826e-05,-2.85673475217826e-05,Head And Neck Radiology
0.0,1.0,0.0,2.85673475217826e-05,-2.85673475217826e-05,Head Injury Management
0.0,1.0,0.0,2.85673475217826e-05,-2.85673475217826e-05,HMG CoA metabolism
0.0,1.0,0.0,2.85673475217826e-05,-2.85673475217826e-05,HLA-B27
0.0,1.0,0.0,2.85673475217826e-05,-2.85673475217826e-05,HLA associations
0.0,1.0,0.0,2.85673475217826e-05,-2.85673475217826e-05,H. pylori Treatment
0.0,1.0,0.0,2.85673475217826e-05,-2.85673475217826e-05,Gunshot residue analysis
0.0,1.0,0.0,2.85673475217826e-05,-2.85673475217826e-05,Gynaecologic pathology
0.0,1.0,0.0,2.85673475217826e-05,-2.85673475217826e-05,Gynaecological Imaging
0.0,1.0,0.0,2.85673475217826e-05,-2.85673475217826e-05,Gynaecological Malignancies
0.0,1.0,0.0,2.85673475217826e-05,-2.85673475217826e-05,Gynaecological Pharmacology
0.0,1.0,0.0,2.85673475217826e-05,-2.85673475217826e-05,Gynaecological Surgery Complications
0.0,1.0,0.0,2.85673475217826e-05,-2.85673475217826e-05,Gynecological Imaging
0.0,1.0,0.0,2.85673475217826e-05,-2.85673475217826e-05,Gynecological Pain
0.0,1.0,0.0,2.85673475217826e-05,-2.85673475217826e-05,Gynecological Radiology
0.0,1.0,0.0,2.85673475217826e-05,-2.85673475217826e-05,Gynecological contraindications
0.0,1.0,0.0,2.85673475217826e-05,-2.85673475217826e-05,Gynecomastia
0.0,1.0,0.0,2.85673475217826e-05,-2.85673475217826e-05,H. Pylori Treatment
0.0,1.0,0.0,2.85673475217826e-05,-2.85673475217826e-05,H2 Receptor Antagonists
0.0,1.0,0.0,2.85673475217826e-05,-2.85673475217826e-05,Eyelid Muscles
0.0,1.0,0.0,2.85673475217826e-05,-2.85673475217826e-05,H2 receptor antagonists
0.0,1.0,0.0,2.85673475217826e-05,-2.85673475217826e-05,HAIR-AN syndrome
0.0,1.0,0.0,2.85673475217826e-05,-2.85673475217826e-05,HCG
0.0,1.0,0.0,2.85673475217826e-05,-2.85673475217826e-05,HDI
0.0,1.0,0.0,2.85673475217826e-05,-2.85673475217826e-05,HDL
0.0,1.0,0.0,2.85673475217826e-05,-2.85673475217826e-05,HIV Diagnostics
0.0,1.0,0.0,2.85673475217826e-05,-2.85673475217826e-05,HIV Life Cycle
0.0,1.0,0.0,2.85673475217826e-05,-2.85673475217826e-05,HIV Medicine
0.0,1.0,0.0,2.85673475217826e-05,-2.85673475217826e-05,HIV Pathogenesis
0.0,1.0,0.0,2.85673475217826e-05,-2.85673475217826e-05,HIV-associated ocular disease
0.0,1.0,0.0,2.85673475217826e-05,-2.85673475217826e-05,HIV/AIDS Control
0.0,1.0,0.0,2.85673475217826e-05,-2.85673475217826e-05,HIV/AIDS surveillance
0.0,1.0,0.0,2.85673475217826e-05,-2.85673475217826e-05,Gi Contrast Studies
0.0,1.0,0.0,2.85673475217826e-05,-2.85673475217826e-05,Gi Absorption
0.0,1.0,0.0,2.85673475217826e-05,-2.85673475217826e-05,Gestational Age Assessment
0.0,1.0,0.0,2.85673475217826e-05,-2.85673475217826e-05,Gallbladder disease
0.0,1.0,0.0,2.85673475217826e-05,-2.85673475217826e-05,Frontal Sinusitis
0.0,1.0,0.0,2.85673475217826e-05,-2.85673475217826e-05,Frontal lobe syndrome
0.0,1.0,0.0,2.85673475217826e-05,-2.85673475217826e-05,Fsh/Lh Regulation
0.0,1.0,0.0,2.85673475217826e-05,-2.85673475217826e-05,Full function system vitrectomy
0.0,1.0,0.0,2.85673475217826e-05,-2.85673475217826e-05,Functional Endoscopic Sinus Surgery
0.0,1.0,0.0,2.85673475217826e-05,-2.85673475217826e-05,Functional cast bracing
0.0,1.0,0.0,2.85673475217826e-05,-2.85673475217826e-05,Functional somatic disorder
0.0,1.0,0.0,2.85673475217826e-05,-2.85673475217826e-05,Fundus examination
0.0,1.0,0.0,2.85673475217826e-05,-2.85673475217826e-05,Fungal Toxins
0.0,1.0,0.0,2.85673475217826e-05,-2.85673475217826e-05,Fungal spores
0.0,1.0,0.0,2.85673475217826e-05,-2.85673475217826e-05,Fungi
0.0,1.0,0.0,2.85673475217826e-05,-2.85673475217826e-05,GCS
0.0,1.0,0.0,2.85673475217826e-05,-2.85673475217826e-05,GFR
0.0,1.0,0.0,2.85673475217826e-05,-2.85673475217826e-05,GFR Regulation
0.0,1.0,0.0,2.85673475217826e-05,-2.85673475217826e-05,GH-secreting adenoma
0.0,1.0,0.0,2.85673475217826e-05,-2.85673475217826e-05,GI Absorption
0.0,1.0,0.0,2.85673475217826e-05,-2.85673475217826e-05,GI Contrast Studies
0.0,1.0,0.0,2.85673475217826e-05,-2.85673475217826e-05,GI Pharmacology
0.0,1.0,0.0,2.85673475217826e-05,-2.85673475217826e-05,GI Secretions
0.0,1.0,0.0,2.85673475217826e-05,-2.85673475217826e-05,GI symptoms
0.0,1.0,0.0,2.85673475217826e-05,-2.85673475217826e-05,GLP-1
0.0,1.0,0.0,2.85673475217826e-05,-2.85673475217826e-05,Gait Abnormalities
0.0,1.0,0.0,2.85673475217826e-05,-2.85673475217826e-05,Gait Disorders
0.0,1.0,0.0,2.85673475217826e-05,-2.85673475217826e-05,Gallbladder
0.0,1.0,0.0,2.85673475217826e-05,-2.85673475217826e-05,Gallbladder Carcinoma
0.0,1.0,0.0,2.85673475217826e-05,-2.85673475217826e-05,Gallbladder Disease
0.0,1.0,0.0,2.85673475217826e-05,-2.85673475217826e-05,Gallbladder Diseases
0.0,1.0,0.0,2.85673475217826e-05,-2.85673475217826e-05,Frontal Lobe Syndrome
0.0,1.0,0.0,2.85673475217826e-05,-2.85673475217826e-05,Frey's syndrome
0.0,1.0,0.0,2.85673475217826e-05,-2.85673475217826e-05,Frey'S Syndrome
0.0,1.0,0.0,2.85673475217826e-05,-2.85673475217826e-05,Foot Deformity
0.0,1.0,0.0,2.85673475217826e-05,-2.85673475217826e-05,Focal Neurological Deficit
0.0,1.0,0.0,2.85673475217826e-05,-2.85673475217826e-05,Folate Metabolism
0.0,1.0,0.0,2.85673475217826e-05,-2.85673475217826e-05,Folic Acid
0.0,1.0,0.0,2.85673475217826e-05,-2.85673475217826e-05,Folic acid
0.0,1.0,0.0,2.85673475217826e-05,-2.85673475217826e-05,Follicular Hyperkeratosis
0.0,1.0,0.0,2.85673475217826e-05,-2.85673475217826e-05,Food Safety
0.0,1.0,0.0,2.85673475217826e-05,-2.85673475217826e-05,Food hygiene
0.0,1.0,0.0,2.85673475217826e-05,-2.85673475217826e-05,Foodborne diseases
0.0,1.0,0.0,2.85673475217826e-05,-2.85673475217826e-05,Foot
0.0,1.0,0.0,2.85673475217826e-05,-2.85673475217826e-05,Foot Anatomy
0.0,1.0,0.0,2.85673475217826e-05,-2.85673475217826e-05,Foot And Ankle Disorders
0.0,1.0,0.0,2.85673475217826e-05,-2.85673475217826e-05,Foot Deformities
0.0,1.0,0.0,2.85673475217826e-05,-2.85673475217826e-05,Foot Disorders
0.0,1.0,0.0,2.85673475217826e-05,-2.85673475217826e-05,Free-living amoebae
0.0,1.0,0.0,2.85673475217826e-05,-2.85673475217826e-05,Foot Ulcers
0.0,1.0,0.0,2.85673475217826e-05,-2.85673475217826e-05,Foot and Ankle Disorders
0.0,1.0,0.0,2.85673475217826e-05,-2.85673475217826e-05,Foot and ankle
0.0,1.0,0.0,2.85673475217826e-05,-2.85673475217826e-05,Forearm Compartments
0.0,1.0,0.0,2.85673475217826e-05,-2.85673475217826e-05,Forearm compartments
0.0,1.0,0.0,2.85673475217826e-05,-2.85673475217826e-05,Foreign Body In Esophagus
0.0,1.0,0.0,2.85673475217826e-05,-2.85673475217826e-05,Foreign body in esophagus
0.0,1.0,0.0,2.85673475217826e-05,-2.85673475217826e-05,Formula Feeding
0.0,1.0,0.0,2.85673475217826e-05,-2.85673475217826e-05,Fourth Ventricle
0.0,1.0,0.0,2.85673475217826e-05,-2.85673475217826e-05,Fourth ventricle
0.0,1.0,0.0,2.85673475217826e-05,-2.85673475217826e-05,Fragile X syndrome
0.0,1.0,0.0,2.85673475217826e-05,-2.85673475217826e-05,Free-Living Amoebae
0.0,1.0,0.0,2.85673475217826e-05,-2.85673475217826e-05,Gallbladder carcinoma
0.0,1.0,0.0,2.85673475217826e-05,-2.85673475217826e-05,Gallbladder diseases
0.0,1.0,0.0,2.85673475217826e-05,-2.85673475217826e-05,Germ Layers
0.0,1.0,0.0,2.85673475217826e-05,-2.85673475217826e-05,Gallstone Ileus
0.0,1.0,0.0,2.85673475217826e-05,-2.85673475217826e-05,Gene expression
0.0,1.0,0.0,2.85673475217826e-05,-2.85673475217826e-05,Gene mutations
0.0,1.0,0.0,2.85673475217826e-05,-2.85673475217826e-05,Gene regulation
0.0,1.0,0.0,2.85673475217826e-05,-2.85673475217826e-05,General Anesthetics
0.0,1.0,0.0,2.85673475217826e-05,-2.85673475217826e-05,General Concepts
0.0,1.0,0.0,2.85673475217826e-05,-2.85673475217826e-05,General Paralysis Of Insane
0.0,1.0,0.0,2.85673475217826e-05,-2.85673475217826e-05,General Paralysis of Insane
0.0,1.0,0.0,2.85673475217826e-05,-2.85673475217826e-05,General Pathology
0.0,1.0,0.0,2.85673475217826e-05,-2.85673475217826e-05,General anaesthetics
0.0,1.0,0.0,2.85673475217826e-05,-2.85673475217826e-05,Genetic Engineering
0.0,1.0,0.0,2.85673475217826e-05,-2.85673475217826e-05,Genetic Techniques
0.0,1.0,0.0,2.85673475217826e-05,-2.85673475217826e-05,Genetic disorder
0.0,1.0,0.0,2.85673475217826e-05,-2.85673475217826e-05,Genetic engineering
0.0,1.0,0.0,2.85673475217826e-05,-2.85673475217826e-05,Genetic inheritance
0.0,1.0,0.0,2.85673475217826e-05,-2.85673475217826e-05,Genetic mapping
0.0,1.0,0.0,2.85673475217826e-05,-2.85673475217826e-05,Genital Pathology
0.0,1.0,0.0,2.85673475217826e-05,-2.85673475217826e-05,Genital System
0.0,1.0,0.0,2.85673475217826e-05,-2.85673475217826e-05,Genital prolapse
0.0,1.0,0.0,2.85673475217826e-05,-2.85673475217826e-05,Genital ulcers
0.0,1.0,0.0,2.85673475217826e-05,-2.85673475217826e-05,Genitourinary Drugs
0.0,1.0,0.0,2.85673475217826e-05,-2.85673475217826e-05,Genitourinary Fistulas
0.0,1.0,0.0,2.85673475217826e-05,-2.85673475217826e-05,Genitourinary drugs
0.0,1.0,0.0,2.85673475217826e-05,-2.85673475217826e-05,Genitourinary pharmacology
0.0,1.0,0.0,2.85673475217826e-05,-2.85673475217826e-05,Genu varum
0.0,1.0,0.0,2.85673475217826e-05,-2.85673475217826e-05,Geriatric Medicine
0.0,1.0,0.0,2.85673475217826e-05,-2.85673475217826e-05,Geriatric Psychiatry
0.0,1.0,0.0,2.85673475217826e-05,-2.85673475217826e-05,Germ Layer Derivatives
0.0,1.0,0.0,2.85673475217826e-05,-2.85673475217826e-05,Gene Regulation
0.0,1.0,0.0,2.85673475217826e-05,-2.85673475217826e-05,Gene Mutations
0.0,1.0,0.0,2.85673475217826e-05,-2.85673475217826e-05,Gene Expression Regulation
0.0,1.0,0.0,2.85673475217826e-05,-2.85673475217826e-05,Gastric secretion
0.0,1.0,0.0,2.85673475217826e-05,-2.85673475217826e-05,Gallstone disease
0.0,1.0,0.0,2.85673475217826e-05,-2.85673475217826e-05,Gallstone ileus
0.0,1.0,0.0,2.85673475217826e-05,-2.85673475217826e-05,Gardasil
0.0,1.0,0.0,2.85673475217826e-05,-2.85673475217826e-05,Gas cylinder
0.0,1.0,0.0,2.85673475217826e-05,-2.85673475217826e-05,Gastrectomy Complications
0.0,1.0,0.0,2.85673475217826e-05,-2.85673475217826e-05,Gastric Emptying
0.0,1.0,0.0,2.85673475217826e-05,-2.85673475217826e-05,Gastric Malignancies
0.0,1.0,0.0,2.85673475217826e-05,-2.85673475217826e-05,Gastric Neoplasms
0.0,1.0,0.0,2.85673475217826e-05,-2.85673475217826e-05,Gastric Ulcer
0.0,1.0,0.0,2.85673475217826e-05,-2.85673475217826e-05,Gastric acid secretion
0.0,1.0,0.0,2.85673475217826e-05,-2.85673475217826e-05,Gastric emptying
0.0,1.0,0.0,2.85673475217826e-05,-2.85673475217826e-05,Gastric malignancies
0.0,1.0,0.0,2.85673475217826e-05,-2.85673475217826e-05,Gastric surgery
0.0,1.0,0.0,2.85673475217826e-05,-2.85673475217826e-05,Gender identity disorders
0.0,1.0,0.0,2.85673475217826e-05,-2.85673475217826e-05,Gastric ulcer
0.0,1.0,0.0,2.85673475217826e-05,-2.85673475217826e-05,Gastrinoma
0.0,1.0,0.0,2.85673475217826e-05,-2.85673475217826e-05,Gastritis
0.0,1.0,0.0,2.85673475217826e-05,-2.85673475217826e-05,Gastroduodenal artery
0.0,1.0,0.0,2.85673475217826e-05,-2.85673475217826e-05,Gastrojejunostomy
0.0,1.0,0.0,2.85673475217826e-05,-2.85673475217826e-05,Gastroprotective Agents
0.0,1.0,0.0,2.85673475217826e-05,-2.85673475217826e-05,Gastroprotective agents
0.0,1.0,0.0,2.85673475217826e-05,-2.85673475217826e-05,Gastrosplenic Ligament
0.0,1.0,0.0,2.85673475217826e-05,-2.85673475217826e-05,Gastrosplenic ligament
0.0,1.0,0.0,2.85673475217826e-05,-2.85673475217826e-05,Gelastic Seizures
0.0,1.0,0.0,2.85673475217826e-05,-2.85673475217826e-05,Gelastic seizures
0.0,1.0,0.0,2.85673475217826e-05,-2.85673475217826e-05,Gender Identity Disorder
0.0,1.0,0.0,2.85673475217826e-05,-2.85673475217826e-05,Head and Neck Cancers
0.0,1.0,0.0,2.85673475217826e-05,-2.85673475217826e-05,Head and Neck Masses
0.0,1.0,0.0,2.85673475217826e-05,-2.85673475217826e-05,Head and Neck surgery
0.0,1.0,0.0,2.85673475217826e-05,-2.85673475217826e-05,IV fluids
0.0,1.0,0.0,2.85673475217826e-05,-2.85673475217826e-05,Hypocalcemia
0.0,1.0,0.0,2.85673475217826e-05,-2.85673475217826e-05,Hypoglossal Canal
0.0,1.0,0.0,2.85673475217826e-05,-2.85673475217826e-05,Hypoglossal canal
0.0,1.0,0.0,2.85673475217826e-05,-2.85673475217826e-05,Hypoglycemia In Children
0.0,1.0,0.0,2.85673475217826e-05,-2.85673475217826e-05,Hypoglycemia in Children
0.0,1.0,0.0,2.85673475217826e-05,-2.85673475217826e-05,Hypogonadotropic Hypogonadism
0.0,1.0,0.0,2.85673475217826e-05,-2.85673475217826e-05,Hypokalemic Metabolic Alkalosis
0.0,1.0,0.0,2.85673475217826e-05,-2.85673475217826e-05,Hypomagnesemia
0.0,1.0,0.0,2.85673475217826e-05,-2.85673475217826e-05,Hypophosphatemic rickets
0.0,1.0,0.0,2.85673475217826e-05,-2.85673475217826e-05,Hypopigmented Macules
0.0,1.0,0.0,2.85673475217826e-05,-2.85673475217826e-05,Hypopigmented macules
0.0,1.0,0.0,2.85673475217826e-05,-2.85673475217826e-05,Hypopituitarism
0.0,1.0,0.0,2.85673475217826e-05,-2.85673475217826e-05,Hypospadias
0.0,1.0,0.0,2.85673475217826e-05,-2.85673475217826e-05,Hypotension
0.0,1.0,0.0,2.85673475217826e-05,-2.85673475217826e-05,Hypothalamic Functions
0.0,1.0,0.0,2.85673475217826e-05,-2.85673475217826e-05,Hypothalamic hamartoma
0.0,1.0,0.0,2.85673475217826e-05,-2.85673475217826e-05,Hypothyroidism Management
0.0,1.0,0.0,2.85673475217826e-05,-2.85673475217826e-05,Hypothyroidism management
0.0,1.0,0.0,2.85673475217826e-05,-2.85673475217826e-05,Hypoxia
0.0,1.0,0.0,2.85673475217826e-05,-2.85673475217826e-05,Hysterectomy Indications
0.0,1.0,0.0,2.85673475217826e-05,-2.85673475217826e-05,Hysterectomy indications
0.0,1.0,0.0,2.85673475217826e-05,-2.85673475217826e-05,ICU
0.0,1.0,0.0,2.85673475217826e-05,-2.85673475217826e-05,IL-2 inhibitors
0.0,1.0,0.0,2.85673475217826e-05,-2.85673475217826e-05,IL-6 inhibitors
0.0,1.0,0.0,2.85673475217826e-05,-2.85673475217826e-05,ITBN Programme
0.0,1.0,0.0,2.85673475217826e-05,-2.85673475217826e-05,ITP
0.0,1.0,0.0,2.85673475217826e-05,-2.85673475217826e-05,IUCD
0.0,1.0,0.0,2.85673475217826e-05,-2.85673475217826e-05,Hyperuricemia
0.0,1.0,0.0,2.85673475217826e-05,-2.85673475217826e-05,Hyperthermia postmortem
0.0,1.0,0.0,2.85673475217826e-05,-2.85673475217826e-05,Hyperthermia Postmortem
0.0,1.0,0.0,2.85673475217826e-05,-2.85673475217826e-05,Hydatid Cyst
0.0,1.0,0.0,2.85673475217826e-05,-2.85673475217826e-05,Housing and Health
0.0,1.0,0.0,2.85673475217826e-05,-2.85673475217826e-05,Hox Genes
0.0,1.0,0.0,2.85673475217826e-05,-2.85673475217826e-05,Hpv
0.0,1.0,0.0,2.85673475217826e-05,-2.85673475217826e-05,Human Herpesviruses
0.0,1.0,0.0,2.85673475217826e-05,-2.85673475217826e-05,Human Papillomavirus (HPV)
0.0,1.0,0.0,2.85673475217826e-05,-2.85673475217826e-05,Human Papillomavirus (Hpv)
0.0,1.0,0.0,2.85673475217826e-05,-2.85673475217826e-05,Human Placental Lactogen
0.0,1.0,0.0,2.85673475217826e-05,-2.85673475217826e-05,Humerus Anatomy
0.0,1.0,0.0,2.85673475217826e-05,-2.85673475217826e-05,Humoral immunity
0.0,1.0,0.0,2.85673475217826e-05,-2.85673475217826e-05,Huntington disease
0.0,1.0,0.0,2.85673475217826e-05,-2.85673475217826e-05,Hyaline change
0.0,1.0,0.0,2.85673475217826e-05,-2.85673475217826e-05,Hybridoma Technology
0.0,1.0,0.0,2.85673475217826e-05,-2.85673475217826e-05,Hydatidiform mole
0.0,1.0,0.0,2.85673475217826e-05,-2.85673475217826e-05,Hypertensive disorders
0.0,1.0,0.0,2.85673475217826e-05,-2.85673475217826e-05,Hyper IgE syndrome
0.0,1.0,0.0,2.85673475217826e-05,-2.85673475217826e-05,Hyperaldosteronism
0.0,1.0,0.0,2.85673475217826e-05,-2.85673475217826e-05,Hyperandrogenism
0.0,1.0,0.0,2.85673475217826e-05,-2.85673475217826e-05,Hyperbaric Oxygen Therapy
0.0,1.0,0.0,2.85673475217826e-05,-2.85673475217826e-05,Hyperbilirubinemia
0.0,1.0,0.0,2.85673475217826e-05,-2.85673475217826e-05,Hypercoagulable States
0.0,1.0,0.0,2.85673475217826e-05,-2.85673475217826e-05,Hypercoagulable states
0.0,1.0,0.0,2.85673475217826e-05,-2.85673475217826e-05,Hyperpigmentation
0.0,1.0,0.0,2.85673475217826e-05,-2.85673475217826e-05,Hyperprolactinemia
0.0,1.0,0.0,2.85673475217826e-05,-2.85673475217826e-05,Hypersensitivity Reactions
0.0,1.0,0.0,2.85673475217826e-05,-2.85673475217826e-05,Hypersensitivity pneumonitis
0.0,1.0,0.0,2.85673475217826e-05,-2.85673475217826e-05,Hypertensive crisis
0.0,1.0,0.0,2.85673475217826e-05,-2.85673475217826e-05,IUDs
0.0,1.0,0.0,2.85673475217826e-05,-2.85673475217826e-05,IVC thrombus
0.0,1.0,0.0,2.85673475217826e-05,-2.85673475217826e-05,Hospital Statistics
0.0,1.0,0.0,2.85673475217826e-05,-2.85673475217826e-05,IVF
0.0,1.0,0.0,2.85673475217826e-05,-2.85673475217826e-05,Incomplete Question
0.0,1.0,0.0,2.85673475217826e-05,-2.85673475217826e-05,Incontinentia Pigmenti
0.0,1.0,0.0,2.85673475217826e-05,-2.85673475217826e-05,Incontinentia pigmenti
0.0,1.0,0.0,2.85673475217826e-05,-2.85673475217826e-05,India
0.0,1.0,0.0,2.85673475217826e-05,-2.85673475217826e-05,Indian Constitution
0.0,1.0,0.0,2.85673475217826e-05,-2.85673475217826e-05,Indian Law
0.0,1.0,0.0,2.85673475217826e-05,-2.85673475217826e-05,Indicator media
0.0,1.0,0.0,2.85673475217826e-05,-2.85673475217826e-05,Indoor Air Pollution
0.0,1.0,0.0,2.85673475217826e-05,-2.85673475217826e-05,Industrial Health
0.0,1.0,0.0,2.85673475217826e-05,-2.85673475217826e-05,Infant Health
0.0,1.0,0.0,2.85673475217826e-05,-2.85673475217826e-05,Infant health
0.0,1.0,0.0,2.85673475217826e-05,-2.85673475217826e-05,Infant mortality
0.0,1.0,0.0,2.85673475217826e-05,-2.85673475217826e-05,Infant mortality rate
0.0,1.0,0.0,2.85673475217826e-05,-2.85673475217826e-05,Infectious Esophagitis
0.0,1.0,0.0,2.85673475217826e-05,-2.85673475217826e-05,Infectious Eye Disease
0.0,1.0,0.0,2.85673475217826e-05,-2.85673475217826e-05,Inferior Pancreaticoduodenal Artery
0.0,1.0,0.0,2.85673475217826e-05,-2.85673475217826e-05,Inferior epigastric vein
0.0,1.0,0.0,2.85673475217826e-05,-2.85673475217826e-05,Inferior frontal gyrus
0.0,1.0,0.0,2.85673475217826e-05,-2.85673475217826e-05,Inferior pancreaticoduodenal artery
0.0,1.0,0.0,2.85673475217826e-05,-2.85673475217826e-05,Infestations
0.0,1.0,0.0,2.85673475217826e-05,-2.85673475217826e-05,Infiltration anaesthesia
0.0,1.0,0.0,2.85673475217826e-05,-2.85673475217826e-05,Inflammatory Disorders
0.0,1.0,0.0,2.85673475217826e-05,-2.85673475217826e-05,Inflammatory Eye Disease
0.0,1.0,0.0,2.85673475217826e-05,-2.85673475217826e-05,Inflammatory Eye Diseases
0.0,1.0,0.0,2.85673475217826e-05,-2.85673475217826e-05,Inflammatory Lesions
0.0,1.0,0.0,2.85673475217826e-05,-2.85673475217826e-05,Inflammatory Markers
0.0,1.0,0.0,2.85673475217826e-05,-2.85673475217826e-05,Inflammatory Myopathies
0.0,1.0,0.0,2.85673475217826e-05,-2.85673475217826e-05,Incised wound
0.0,1.0,0.0,2.85673475217826e-05,-2.85673475217826e-05,Incised Wound
0.0,1.0,0.0,2.85673475217826e-05,-2.85673475217826e-05,Inborn Errors
0.0,1.0,0.0,2.85673475217826e-05,-2.85673475217826e-05,Immunocompromised hosts
0.0,1.0,0.0,2.85673475217826e-05,-2.85673475217826e-05,Iatrogenic Perforation
0.0,1.0,0.0,2.85673475217826e-05,-2.85673475217826e-05,IgA Nephropathy
0.0,1.0,0.0,2.85673475217826e-05,-2.85673475217826e-05,Iga Nephropathy
0.0,1.0,0.0,2.85673475217826e-05,-2.85673475217826e-05,Imaging Interpretation
0.0,1.0,0.0,2.85673475217826e-05,-2.85673475217826e-05,Imaging Of Cystic Brain Lesions
0.0,1.0,0.0,2.85673475217826e-05,-2.85673475217826e-05,Imaging Techniques
0.0,1.0,0.0,2.85673475217826e-05,-2.85673475217826e-05,Imaging of cystic brain lesions
0.0,1.0,0.0,2.85673475217826e-05,-2.85673475217826e-05,Immobilization
0.0,1.0,0.0,2.85673475217826e-05,-2.85673475217826e-05,Immune Response
0.0,1.0,0.0,2.85673475217826e-05,-2.85673475217826e-05,Immunoassays
0.0,1.0,0.0,2.85673475217826e-05,-2.85673475217826e-05,Immunobullous Diseases
0.0,1.0,0.0,2.85673475217826e-05,-2.85673475217826e-05,Immunobullous diseases
0.0,1.0,0.0,2.85673475217826e-05,-2.85673475217826e-05,Immunoglobulin
0.0,1.0,0.0,2.85673475217826e-05,-2.85673475217826e-05,Impulse control disorders
0.0,1.0,0.0,2.85673475217826e-05,-2.85673475217826e-05,Immunoglobulin Class Switching
0.0,1.0,0.0,2.85673475217826e-05,-2.85673475217826e-05,Immunoglobulin class switching
0.0,1.0,0.0,2.85673475217826e-05,-2.85673475217826e-05,Immunoglobulin therapy
0.0,1.0,0.0,2.85673475217826e-05,-2.85673475217826e-05,Immunomodulatory Agents
0.0,1.0,0.0,2.85673475217826e-05,-2.85673475217826e-05,Immunomodulatory Drugs
0.0,1.0,0.0,2.85673475217826e-05,-2.85673475217826e-05,Immunomodulatory drugs
0.0,1.0,0.0,2.85673475217826e-05,-2.85673475217826e-05,Immunosuppressive Agents
0.0,1.0,0.0,2.85673475217826e-05,-2.85673475217826e-05,Immunosuppressive Drugs
0.0,1.0,0.0,2.85673475217826e-05,-2.85673475217826e-05,Immunosuppressive agents
0.0,1.0,0.0,2.85673475217826e-05,-2.85673475217826e-05,Impairment
0.0,1.0,0.0,2.85673475217826e-05,-2.85673475217826e-05,Impingement Syndrome
0.0,1.0,0.0,2.85673475217826e-05,-2.85673475217826e-05,Impotence
0.0,1.0,0.0,2.85673475217826e-05,-2.85673475217826e-05,Hospital Waste
0.0,1.0,0.0,2.85673475217826e-05,-2.85673475217826e-05,Hormone synthesis
0.0,1.0,0.0,2.85673475217826e-05,-2.85673475217826e-05,Head and neck oncology
0.0,1.0,0.0,2.85673475217826e-05,-2.85673475217826e-05,Hepatitis B Markers
0.0,1.0,0.0,2.85673475217826e-05,-2.85673475217826e-05,Heavy Chain Disease
0.0,1.0,0.0,2.85673475217826e-05,-2.85673475217826e-05,Heavy metal toxicity
0.0,1.0,0.0,2.85673475217826e-05,-2.85673475217826e-05,Helicobacter Pylori
0.0,1.0,0.0,2.85673475217826e-05,-2.85673475217826e-05,Helicobacter pylori
0.0,1.0,0.0,2.85673475217826e-05,-2.85673475217826e-05,Helminthic Diseases
0.0,1.0,0.0,2.85673475217826e-05,-2.85673475217826e-05,Helminthic diseases
0.0,1.0,0.0,2.85673475217826e-05,-2.85673475217826e-05,Hematinics
0.0,1.0,0.0,2.85673475217826e-05,-2.85673475217826e-05,Hematologic Neoplasms
0.0,1.0,0.0,2.85673475217826e-05,-2.85673475217826e-05,Hematologic neoplasms
0.0,1.0,0.0,2.85673475217826e-05,-2.85673475217826e-05,Hematological Disorders
0.0,1.0,0.0,2.85673475217826e-05,-2.85673475217826e-05,Hematopoietic Drugs
0.0,1.0,0.0,2.85673475217826e-05,-2.85673475217826e-05,Hematuria
0.0,1.0,0.0,2.85673475217826e-05,-2.85673475217826e-05,Hemiplegia
0.0,1.0,0.0,2.85673475217826e-05,-2.85673475217826e-05,Hemochromatosis
0.0,1.0,0.0,2.85673475217826e-05,-2.85673475217826e-05,Hemoglobin Metabolism
0.0,1.0,0.0,2.85673475217826e-05,-2.85673475217826e-05,Hemoglobin metabolism
0.0,1.0,0.0,2.85673475217826e-05,-2.85673475217826e-05,Hemoglobin variants
0.0,1.0,0.0,2.85673475217826e-05,-2.85673475217826e-05,Hemolytic disorders
0.0,1.0,0.0,2.85673475217826e-05,-2.85673475217826e-05,Hemorrhagic Fevers
0.0,1.0,0.0,2.85673475217826e-05,-2.85673475217826e-05,Hemorrhagic Lesions
0.0,1.0,0.0,2.85673475217826e-05,-2.85673475217826e-05,Hemorrhagic fevers
0.0,1.0,0.0,2.85673475217826e-05,-2.85673475217826e-05,Hemorrhagic shock
0.0,1.0,0.0,2.85673475217826e-05,-2.85673475217826e-05,Hennebert sign
0.0,1.0,0.0,2.85673475217826e-05,-2.85673475217826e-05,Henoch-Schönlein purpura
0.0,1.0,0.0,2.85673475217826e-05,-2.85673475217826e-05,Heparin
0.0,1.0,0.0,2.85673475217826e-05,-2.85673475217826e-05,Hepatic Encephalopathy
0.0,1.0,0.0,2.85673475217826e-05,-2.85673475217826e-05,Hepatic Pathology
0.0,1.0,0.0,2.85673475217826e-05,-2.85673475217826e-05,Heat illness
0.0,1.0,0.0,2.85673475217826e-05,-2.85673475217826e-05,Heat cramps
0.0,1.0,0.0,2.85673475217826e-05,-2.85673475217826e-05,Heat Cramps
0.0,1.0,0.0,2.85673475217826e-05,-2.85673475217826e-05,Health economics
0.0,1.0,0.0,2.85673475217826e-05,-2.85673475217826e-05,Head and neck surgery
0.0,1.0,0.0,2.85673475217826e-05,-2.85673475217826e-05,Head injuries
0.0,1.0,0.0,2.85673475217826e-05,-2.85673475217826e-05,Health Behavior Models
0.0,1.0,0.0,2.85673475217826e-05,-2.85673475217826e-05,Health Definitions
0.0,1.0,0.0,2.85673475217826e-05,-2.85673475217826e-05,Health For All
0.0,1.0,0.0,2.85673475217826e-05,-2.85673475217826e-05,Health Manpower
0.0,1.0,0.0,2.85673475217826e-05,-2.85673475217826e-05,Health Organizations
0.0,1.0,0.0,2.85673475217826e-05,-2.85673475217826e-05,Health Psychology
0.0,1.0,0.0,2.85673475217826e-05,-2.85673475217826e-05,Health Screening
0.0,1.0,0.0,2.85673475217826e-05,-2.85673475217826e-05,Health administration
0.0,1.0,0.0,2.85673475217826e-05,-2.85673475217826e-05,Health agencies
0.0,1.0,0.0,2.85673475217826e-05,-2.85673475217826e-05,Health care management
0.0,1.0,0.0,2.85673475217826e-05,-2.85673475217826e-05,Health for All
0.0,1.0,0.0,2.85673475217826e-05,-2.85673475217826e-05,Heart tube formation
0.0,1.0,0.0,2.85673475217826e-05,-2.85673475217826e-05,Health manpower
0.0,1.0,0.0,2.85673475217826e-05,-2.85673475217826e-05,Health psychology
0.0,1.0,0.0,2.85673475217826e-05,-2.85673475217826e-05,Healthcare Administration
0.0,1.0,0.0,2.85673475217826e-05,-2.85673475217826e-05,Healthcare administration
0.0,1.0,0.0,2.85673475217826e-05,-2.85673475217826e-05,Healthcare delivery system
0.0,1.0,0.0,2.85673475217826e-05,-2.85673475217826e-05,Healthcare-Associated Pneumonia
0.0,1.0,0.0,2.85673475217826e-05,-2.85673475217826e-05,Healthcare-associated pneumonia
0.0,1.0,0.0,2.85673475217826e-05,-2.85673475217826e-05,Hearing Loss Classification
0.0,1.0,0.0,2.85673475217826e-05,-2.85673475217826e-05,Hearing Mechanisms
0.0,1.0,0.0,2.85673475217826e-05,-2.85673475217826e-05,Hearing physiology
0.0,1.0,0.0,2.85673475217826e-05,-2.85673475217826e-05,Heart Rate Assessment
0.0,1.0,0.0,2.85673475217826e-05,-2.85673475217826e-05,Heart block
0.0,1.0,0.0,2.85673475217826e-05,-2.85673475217826e-05,Hepatitis B Diagnosis
0.0,1.0,0.0,2.85673475217826e-05,-2.85673475217826e-05,Hepatitis B diagnosis
0.0,1.0,0.0,2.85673475217826e-05,-2.85673475217826e-05,Hormone replacement therapy
0.0,1.0,0.0,2.85673475217826e-05,-2.85673475217826e-05,Hepatitis C
0.0,1.0,0.0,2.85673475217826e-05,-2.85673475217826e-05,Histamine Release
0.0,1.0,0.0,2.85673475217826e-05,-2.85673475217826e-05,Histamine receptors
0.0,1.0,0.0,2.85673475217826e-05,-2.85673475217826e-05,Histocompatibility
0.0,1.0,0.0,2.85673475217826e-05,-2.85673475217826e-05,Histopathology Stains
0.0,1.0,0.0,2.85673475217826e-05,-2.85673475217826e-05,History Of Surgery
0.0,1.0,0.0,2.85673475217826e-05,-2.85673475217826e-05,History of Anesthesia
0.0,1.0,0.0,2.85673475217826e-05,-2.85673475217826e-05,History of Psychiatry
0.0,1.0,0.0,2.85673475217826e-05,-2.85673475217826e-05,History of anaesthesia
0.0,1.0,0.0,2.85673475217826e-05,-2.85673475217826e-05,History of surgery
0.0,1.0,0.0,2.85673475217826e-05,-2.85673475217826e-05,Hiv Diagnostics
0.0,1.0,0.0,2.85673475217826e-05,-2.85673475217826e-05,Hiv Life Cycle
0.0,1.0,0.0,2.85673475217826e-05,-2.85673475217826e-05,Hiv-Associated Dermatoses
0.0,1.0,0.0,2.85673475217826e-05,-2.85673475217826e-05,Hiv-Associated Ocular Disease
0.0,1.0,0.0,2.85673475217826e-05,-2.85673475217826e-05,Hiv/Aids Control
0.0,1.0,0.0,2.85673475217826e-05,-2.85673475217826e-05,Hiv/Aids Surveillance
0.0,1.0,0.0,2.85673475217826e-05,-2.85673475217826e-05,Hla Matching
0.0,1.0,0.0,2.85673475217826e-05,-2.85673475217826e-05,Homonymous hemianopia
0.0,1.0,0.0,2.85673475217826e-05,-2.85673475217826e-05,Hormonal Assays
0.0,1.0,0.0,2.85673475217826e-05,-2.85673475217826e-05,Hormonal contraceptives
0.0,1.0,0.0,2.85673475217826e-05,-2.85673475217826e-05,Hormonal regulation
0.0,1.0,0.0,2.85673475217826e-05,-2.85673475217826e-05,Hormone Action
0.0,1.0,0.0,2.85673475217826e-05,-2.85673475217826e-05,Hormone Levels
0.0,1.0,0.0,2.85673475217826e-05,-2.85673475217826e-05,Hormone Regulation
0.0,1.0,0.0,2.85673475217826e-05,-2.85673475217826e-05,Hormone Replacement Therapy
0.0,1.0,0.0,2.85673475217826e-05,-2.85673475217826e-05,Hormone Synthesis
0.0,1.0,0.0,2.85673475217826e-05,-2.85673475217826e-05,Hormone action
0.0,1.0,0.0,2.85673475217826e-05,-2.85673475217826e-05,Hormone physiology
0.0,1.0,0.0,2.85673475217826e-05,-2.85673475217826e-05,Hirsutism
0.0,1.0,0.0,2.85673475217826e-05,-2.85673475217826e-05,Hirschsprung disease
0.0,1.0,0.0,2.85673475217826e-05,-2.85673475217826e-05,Hirschsprung Disease
0.0,1.0,0.0,2.85673475217826e-05,-2.85673475217826e-05,Herpes Zoster Ophthalmicus
0.0,1.0,0.0,2.85673475217826e-05,-2.85673475217826e-05,Hepatitis viruses
0.0,1.0,0.0,2.85673475217826e-05,-2.85673475217826e-05,Hepatobiliary Imaging
0.0,1.0,0.0,2.85673475217826e-05,-2.85673475217826e-05,Hepatobiliary Radiology
0.0,1.0,0.0,2.85673475217826e-05,-2.85673475217826e-05,Hepatobiliary radiology
0.0,1.0,0.0,2.85673475217826e-05,-2.85673475217826e-05,Hepatocyte transport
0.0,1.0,0.0,2.85673475217826e-05,-2.85673475217826e-05,Hepatolenticular degeneration
0.0,1.0,0.0,2.85673475217826e-05,-2.85673475217826e-05,Hepatopathology
0.0,1.0,0.0,2.85673475217826e-05,-2.85673475217826e-05,Hereditary Angioedema
0.0,1.0,0.0,2.85673475217826e-05,-2.85673475217826e-05,Hereditary Spherocytosis
0.0,1.0,0.0,2.85673475217826e-05,-2.85673475217826e-05,Herpes Simplex
0.0,1.0,0.0,2.85673475217826e-05,-2.85673475217826e-05,Herpes Viruses
0.0,1.0,0.0,2.85673475217826e-05,-2.85673475217826e-05,Herpes Zoster
0.0,1.0,0.0,2.85673475217826e-05,-2.85673475217826e-05,Heterophile Antibody Test
0.0,1.0,0.0,2.85673475217826e-05,-2.85673475217826e-05,Hip injuries
0.0,1.0,0.0,2.85673475217826e-05,-2.85673475217826e-05,Heterophile antibodies
0.0,1.0,0.0,2.85673475217826e-05,-2.85673475217826e-05,Heterophile antibody test
0.0,1.0,0.0,2.85673475217826e-05,-2.85673475217826e-05,Heterosexual
0.0,1.0,0.0,2.85673475217826e-05,-2.85673475217826e-05,High Altitude Illness
0.0,1.0,0.0,2.85673475217826e-05,-2.85673475217826e-05,High Spinal Anaesthesia
0.0,1.0,0.0,2.85673475217826e-05,-2.85673475217826e-05,High altitude illness
0.0,1.0,0.0,2.85673475217826e-05,-2.85673475217826e-05,Hilum of lung
0.0,1.0,0.0,2.85673475217826e-05,-2.85673475217826e-05,Hip Dislocation
0.0,1.0,0.0,2.85673475217826e-05,-2.85673475217826e-05,Hip Dislocations
0.0,1.0,0.0,2.85673475217826e-05,-2.85673475217826e-05,Hip Radiography
0.0,1.0,0.0,2.85673475217826e-05,-2.85673475217826e-05,Hip arthroplasty
0.0,1.0,0.0,2.85673475217826e-05,-2.85673475217826e-05,Hip dislocations
0.0,1.0,0.0,2.85673475217826e-05,-2.85673475217826e-05,Fluorosis Imaging
0.0,1.0,0.0,2.85673475217826e-05,-2.85673475217826e-05,vitamin B6
0.0,1.0,0.0,2.85673475217826e-05,-2.85673475217826e-05,Family Planning Methods
0.0,1.0,0.0,2.85673475217826e-05,-2.85673475217826e-05,Factories Act
0.0,1.0,0.0,2.85673475217826e-05,-2.85673475217826e-05,Fibrinolytic agents
0.0,1.0,0.0,2.85673475217826e-05,-2.85673475217826e-05,Fibrinolytic Agents
0.0,1.0,0.0,2.85673475217826e-05,-2.85673475217826e-05,Fallopian Tube Anatomy
0.0,1.0,0.0,2.85673475217826e-05,-2.85673475217826e-05,Fertility And Reproduction
0.0,1.0,0.0,2.85673475217826e-05,-2.85673475217826e-05,First rib
0.0,1.0,0.0,2.85673475217826e-05,-2.85673475217826e-05,Fertility Awareness
0.0,1.0,0.0,2.85673475217826e-05,-2.85673475217826e-05,Flow cytometry
0.0,1.0,0.0,2.85673475217826e-05,-2.85673475217826e-05,Fetal Hydronephrosis
0.0,1.0,0.0,2.85673475217826e-05,-2.85673475217826e-05,Fetal Heart Sounds
0.0,1.0,0.0,2.85673475217826e-05,-2.85673475217826e-05,Fertility Indicators
0.0,1.0,0.0,2.85673475217826e-05,-2.85673475217826e-05,Familial adenomatous polyposis
0.0,1.0,0.0,2.85673475217826e-05,-2.85673475217826e-05,Fetal Disorders
0.0,1.0,0.0,2.85673475217826e-05,-2.85673475217826e-05,Fatty Acid Synthase
0.0,1.0,0.0,2.85673475217826e-05,-2.85673475217826e-05,First-Order Kinetics
0.0,1.0,0.0,2.85673475217826e-05,-2.85673475217826e-05,Family Health
0.0,1.0,0.0,2.85673475217826e-05,-2.85673475217826e-05,Fetal Imaging
0.0,1.0,0.0,2.85673475217826e-05,-2.85673475217826e-05,Fatty acid metabolism
0.0,1.0,0.0,2.85673475217826e-05,-2.85673475217826e-05,Fluid Dynamics
0.0,1.0,0.0,2.85673475217826e-05,-2.85673475217826e-05,Factor V Leiden
0.0,1.0,0.0,2.85673475217826e-05,-2.85673475217826e-05,Fibromatosis
0.0,1.0,0.0,2.85673475217826e-05,-2.85673475217826e-05,Fetal Position
0.0,1.0,0.0,2.85673475217826e-05,-2.85673475217826e-05,Facial nerve paralysis
0.0,1.0,0.0,2.85673475217826e-05,-2.85673475217826e-05,Facial pain
0.0,1.0,0.0,2.85673475217826e-05,-2.85673475217826e-05,Fecal Calprotectin
0.0,1.0,0.0,2.85673475217826e-05,-2.85673475217826e-05,Fetal Organogenesis
0.0,1.0,0.0,2.85673475217826e-05,-2.85673475217826e-05,Febrile seizures
0.0,1.0,0.0,2.85673475217826e-05,-2.85673475217826e-05,First aid
0.0,1.0,0.0,2.85673475217826e-05,-2.85673475217826e-05,Febrile Seizure
0.0,1.0,0.0,2.85673475217826e-05,-2.85673475217826e-05,Facial region
0.0,1.0,0.0,2.85673475217826e-05,-2.85673475217826e-05,Facilitated Diffusion
0.0,1.0,0.0,2.85673475217826e-05,-2.85673475217826e-05,Fetal heart sounds
0.0,1.0,0.0,2.85673475217826e-05,-2.85673475217826e-05,Femoral triangle
0.0,1.0,0.0,2.85673475217826e-05,-2.85673475217826e-05,Femur
0.0,1.0,0.0,2.85673475217826e-05,-2.85673475217826e-05,Fetal Malpresentation
0.0,1.0,0.0,2.85673475217826e-05,-2.85673475217826e-05,Fetal Conditions
0.0,1.0,0.0,2.85673475217826e-05,-2.85673475217826e-05,Fetomaternal Hemorrhage
0.0,1.0,0.0,2.85673475217826e-05,-2.85673475217826e-05,First-order kinetics
0.0,1.0,0.0,2.85673475217826e-05,-2.85673475217826e-05,Fertility Rates
0.0,1.0,0.0,2.85673475217826e-05,-2.85673475217826e-05,Fasting hypoglycemia
0.0,1.0,0.0,2.85673475217826e-05,-2.85673475217826e-05,Flow Cytometry
0.0,1.0,0.0,2.85673475217826e-05,-2.85673475217826e-05,Flavivirus
0.0,1.0,0.0,2.85673475217826e-05,-2.85673475217826e-05,Flaps
0.0,1.0,0.0,2.85673475217826e-05,-2.85673475217826e-05,Fetal movements
0.0,1.0,0.0,2.85673475217826e-05,-2.85673475217826e-05,Fetal presentation
0.0,1.0,0.0,2.85673475217826e-05,-2.85673475217826e-05,Fitz-Hugh-Curtis syndrome
0.0,1.0,0.0,2.85673475217826e-05,-2.85673475217826e-05,Fetal Anatomy
0.0,1.0,0.0,2.85673475217826e-05,-2.85673475217826e-05,Family history
0.0,1.0,0.0,2.85673475217826e-05,-2.85673475217826e-05,Fertility-sparing surgery
0.0,1.0,0.0,2.85673475217826e-05,-2.85673475217826e-05,Fetal Age Estimation
0.0,1.0,0.0,2.85673475217826e-05,-2.85673475217826e-05,Fetal physiology
0.0,1.0,0.0,2.85673475217826e-05,-2.85673475217826e-05,Fetal position
0.0,1.0,0.0,2.85673475217826e-05,-2.85673475217826e-05,Fasciotomy
0.0,1.0,0.0,2.85673475217826e-05,-2.85673475217826e-05,Fasting
0.0,1.0,0.0,2.85673475217826e-05,-2.85673475217826e-05,Fasting plasma glucose
0.0,1.0,0.0,2.85673475217826e-05,-2.85673475217826e-05,Family Studies
0.0,1.0,0.0,2.85673475217826e-05,-2.85673475217826e-05,Female Pelvic Anatomy
0.0,1.0,0.0,2.85673475217826e-05,-2.85673475217826e-05,Fistula-in-ano
0.0,1.0,0.0,2.85673475217826e-05,-2.85673475217826e-05,Fertility and Reproduction
0.0,1.0,0.0,2.85673475217826e-05,-2.85673475217826e-05,Fertility indicators
0.0,1.0,0.0,2.85673475217826e-05,-2.85673475217826e-05,Fertility rates
0.0,1.0,0.0,2.85673475217826e-05,-2.85673475217826e-05,Fistula-In-Ano
0.0,1.0,0.0,2.85673475217826e-05,-2.85673475217826e-05,Fetal-Maternal Hemorrhage
0.0,1.0,0.0,2.85673475217826e-05,-2.85673475217826e-05,Fetal well-being
0.0,1.0,0.0,2.85673475217826e-05,-2.85673475217826e-05,Fetal monitoring
0.0,1.0,0.0,2.85673475217826e-05,-2.85673475217826e-05,Family Life Cycle
0.0,1.0,0.0,2.85673475217826e-05,-2.85673475217826e-05,Fetal weight estimation
0.0,1.0,0.0,2.85673475217826e-05,-2.85673475217826e-05,Fetal Anemia
0.0,1.0,0.0,2.85673475217826e-05,-2.85673475217826e-05,Fitz-Hugh-Curtis Syndrome
0.0,1.0,0.0,2.85673475217826e-05,-2.85673475217826e-05,Fetal viability
0.0,1.0,0.0,2.85673475217826e-05,-2.85673475217826e-05,Fat malabsorption
0.0,1.0,0.0,2.85673475217826e-05,-2.85673475217826e-05,Fetal movement
0.0,1.0,0.0,2.85673475217826e-05,-2.85673475217826e-05,Fibrous Dysplasia
0.0,1.0,0.0,2.85673475217826e-05,-2.85673475217826e-05,Fermentation
0.0,1.0,0.0,2.85673475217826e-05,-2.85673475217826e-05,Fertilization Concepts
0.0,1.0,0.0,2.85673475217826e-05,-2.85673475217826e-05,Fetal anemia
0.0,1.0,0.0,2.85673475217826e-05,-2.85673475217826e-05,Facial bones
0.0,1.0,0.0,2.85673475217826e-05,-2.85673475217826e-05,Fluid balance
0.0,1.0,0.0,2.85673475217826e-05,-2.85673475217826e-05,Fingerprinting
0.0,1.0,0.0,2.85673475217826e-05,-2.85673475217826e-05,Facial Pain Syndromes
0.0,1.0,0.0,2.85673475217826e-05,-2.85673475217826e-05,Fetal Sex Determination Ethics
0.0,1.0,0.0,2.85673475217826e-05,-2.85673475217826e-05,Facial Pain
0.0,1.0,0.0,2.85673475217826e-05,-2.85673475217826e-05,Fingerprint
0.0,1.0,0.0,2.85673475217826e-05,-2.85673475217826e-05,Fluorescein test
0.0,1.0,0.0,2.85673475217826e-05,-2.85673475217826e-05,Fetal circulation
0.0,1.0,0.0,2.85673475217826e-05,-2.85673475217826e-05,Eyelids
0.0,1.0,0.0,2.85673475217826e-05,-2.85673475217826e-05,Fetal age estimation
0.0,1.0,0.0,2.85673475217826e-05,-2.85673475217826e-05,Fabry disease
0.0,1.0,0.0,2.85673475217826e-05,-2.85673475217826e-05,Feedback mechanisms
0.0,1.0,0.0,2.85673475217826e-05,-2.85673475217826e-05,Fetal disorders
0.0,1.0,0.0,2.85673475217826e-05,-2.85673475217826e-05,FIGO staging
0.0,1.0,0.0,2.85673475217826e-05,-2.85673475217826e-05,Fetal Ultrasonography
0.0,1.0,0.0,2.85673475217826e-05,-2.85673475217826e-05,Firearms
0.0,1.0,0.0,2.85673475217826e-05,-2.85673475217826e-05,Finger injuries
0.0,1.0,0.0,2.85673475217826e-05,-2.85673475217826e-05,Fetal biometry
0.0,1.0,0.0,2.85673475217826e-05,-2.85673475217826e-05,Facial Nerve Paralysis
0.0,1.0,0.0,2.85673475217826e-05,-2.85673475217826e-05,FSH/LH regulation
0.0,1.0,0.0,2.85673475217826e-05,-2.85673475217826e-05,Eyelid muscles
0.0,1.0,0.0,2.85673475217826e-05,-2.85673475217826e-05,Facial Muscles
0.0,1.0,0.0,2.85673475217826e-05,-2.85673475217826e-05,Firearms Injuries
0.0,1.0,0.0,2.85673475217826e-05,-2.85673475217826e-05,Feeding and eating disorders
0.0,1.0,0.0,2.85673475217826e-05,-2.85673475217826e-05,Fetal abnormalities
0.0,1.0,0.0,2.85673475217826e-05,-2.85673475217826e-05,Fluoridation
0.0,1.0,0.0,2.85673475217826e-05,-2.85673475217826e-05,Feeding and Eating Disorders
0.0,1.0,0.0,2.85673475217826e-05,-2.85673475217826e-05,Fetal Weight Estimation
0.0,1.0,0.0,2.85673475217826e-05,-2.85673475217826e-05,Fingerprints
0.0,1.0,0.0,2.85673475217826e-05,-2.85673475217826e-05,Fluid homeostasis
0.0,1.0,0.0,2.85673475217826e-05,-2.85673475217826e-05,First Rib
0.0,1.0,0.0,2.85673475217826e-05,-2.85673475217826e-05,Fetal assessment
0.0,1.0,0.0,2.85673475217826e-05,-2.85673475217826e-05,Fluorescein Angiography
0.0,1.0,0.0,2.85673475217826e-05,-2.85673475217826e-05,Fluorescein angiography
5.0,32.0,0.0008585164835164835,0.0009141551206970432,-5.5638637180559724e-05,Psychopharmacology
4.0,26.0,0.0006868131868131869,0.0007427510355663477,-5.593784875316079e-05,Diuretics
3.0,20.0,0.0005151098901098901,0.0005713469504356521,-5.623706032576196e-05,Immunodeficiency
3.0,20.0,0.0005151098901098901,0.0005713469504356521,-5.623706032576196e-05,Biomedical Waste Management
3.0,20.0,0.0005151098901098901,0.0005713469504356521,-5.623706032576196e-05,Pelvic Anatomy
2.0,14.0,0.00034340659340659343,0.00039994286530495646,-5.6536271898363025e-05,Hearing loss
2.0,14.0,0.00034340659340659343,0.00039994286530495646,-5.6536271898363025e-05,Purine Metabolism
2.0,14.0,0.00034340659340659343,0.00039994286530495646,-5.6536271898363025e-05,Nucleotide Metabolism
2.0,14.0,0.00034340659340659343,0.00039994286530495646,-5.6536271898363025e-05,Substance Use
1.0,8.0,0.00017170329670329672,0.0002285387801742608,-5.683548347096409e-05,Jaundice
1.0,8.0,0.00017170329670329672,0.0002285387801742608,-5.683548347096409e-05,Amyloidosis
1.0,8.0,0.00017170329670329672,0.0002285387801742608,-5.683548347096409e-05,Hand Anatomy
1.0,8.0,0.00017170329670329672,0.0002285387801742608,-5.683548347096409e-05,Cardiac Cycle
1.0,8.0,0.00017170329670329672,0.0002285387801742608,-5.683548347096409e-05,Malabsorption
1.0,8.0,0.00017170329670329672,0.0002285387801742608,-5.683548347096409e-05,Asphyxial deaths
1.0,8.0,0.00017170329670329672,0.0002285387801742608,-5.683548347096409e-05,Brainstem Syndromes
1.0,8.0,0.00017170329670329672,0.0002285387801742608,-5.683548347096409e-05,Hemolytic Anemia
1.0,8.0,0.00017170329670329672,0.0002285387801742608,-5.683548347096409e-05,Intestinal Obstruction
1.0,8.0,0.00017170329670329672,0.0002285387801742608,-5.683548347096409e-05,COPD
1.0,8.0,0.00017170329670329672,0.0002285387801742608,-5.683548347096409e-05,Health Promotion
1.0,8.0,0.00017170329670329672,0.0002285387801742608,-5.683548347096409e-05,Plague
1.0,8.0,0.00017170329670329672,0.0002285387801742608,-5.683548347096409e-05,Antihypertensive Drugs
1.0,8.0,0.00017170329670329672,0.0002285387801742608,-5.683548347096409e-05,CNS pharmacology
1.0,8.0,0.00017170329670329672,0.0002285387801742608,-5.683548347096409e-05,Autoimmune Disorders
0.0,2.0,0.0,5.71346950435652e-05,-5.71346950435652e-05,Breathing circuits
0.0,2.0,0.0,5.71346950435652e-05,-5.71346950435652e-05,Burn Management
0.0,2.0,0.0,5.71346950435652e-05,-5.71346950435652e-05,Strabismus Diagnosis
0.0,2.0,0.0,5.71346950435652e-05,-5.71346950435652e-05,Breech Delivery
0.0,2.0,0.0,5.71346950435652e-05,-5.71346950435652e-05,Nerve Conduction
0.0,2.0,0.0,5.71346950435652e-05,-5.71346950435652e-05,Skin pathology
0.0,2.0,0.0,5.71346950435652e-05,-5.71346950435652e-05,Skull base
0.0,2.0,0.0,5.71346950435652e-05,-5.71346950435652e-05,Beta-blockers
0.0,2.0,0.0,5.71346950435652e-05,-5.71346950435652e-05,Opioid receptors
0.0,2.0,0.0,5.71346950435652e-05,-5.71346950435652e-05,Skull Anatomy
0.0,2.0,0.0,5.71346950435652e-05,-5.71346950435652e-05,Sinus Surgery
0.0,2.0,0.0,5.71346950435652e-05,-5.71346950435652e-05,Biliary System
0.0,2.0,0.0,5.71346950435652e-05,-5.71346950435652e-05,Strychnine Poisoning
0.0,2.0,0.0,5.71346950435652e-05,-5.71346950435652e-05,Brainstem syndromes
0.0,2.0,0.0,5.71346950435652e-05,-5.71346950435652e-05,Skull Imaging
0.0,2.0,0.0,5.71346950435652e-05,-5.71346950435652e-05,Biliary System Diseases
0.0,2.0,0.0,5.71346950435652e-05,-5.71346950435652e-05,Stroke syndromes
0.0,2.0,0.0,5.71346950435652e-05,-5.71346950435652e-05,Oncogenic viruses
0.0,2.0,0.0,5.71346950435652e-05,-5.71346950435652e-05,Biliary Disease
0.0,2.0,0.0,5.71346950435652e-05,-5.71346950435652e-05,Bronchoscopy
0.0,2.0,0.0,5.71346950435652e-05,-5.71346950435652e-05,Health legislation
0.0,2.0,0.0,5.71346950435652e-05,-5.71346950435652e-05,Bronchiolitis
0.0,2.0,0.0,5.71346950435652e-05,-5.71346950435652e-05,Lupus Vulgaris
0.0,2.0,0.0,5.71346950435652e-05,-5.71346950435652e-05,Streptococci
0.0,2.0,0.0,5.71346950435652e-05,-5.71346950435652e-05,Oncology Drugs
0.0,2.0,0.0,5.71346950435652e-05,-5.71346950435652e-05,Skin Pathology
0.0,2.0,0.0,5.71346950435652e-05,-5.71346950435652e-05,Hemorrhagic Shock
0.0,2.0,0.0,5.71346950435652e-05,-5.71346950435652e-05,Skin Signs
0.0,2.0,0.0,5.71346950435652e-05,-5.71346950435652e-05,Skin Cancer
0.0,2.0,0.0,5.71346950435652e-05,-5.71346950435652e-05,Skeletal system
0.0,2.0,0.0,5.71346950435652e-05,-5.71346950435652e-05,Bile secretion
0.0,2.0,0.0,5.71346950435652e-05,-5.71346950435652e-05,Lymph Node Pathology
0.0,2.0,0.0,5.71346950435652e-05,-5.71346950435652e-05,Lymph node
0.0,2.0,0.0,5.71346950435652e-05,-5.71346950435652e-05,Health policy
0.0,2.0,0.0,5.71346950435652e-05,-5.71346950435652e-05,Bullous diseases
0.0,2.0,0.0,5.71346950435652e-05,-5.71346950435652e-05,Skin cancer
0.0,2.0,0.0,5.71346950435652e-05,-5.71346950435652e-05,Femoral Triangle
0.0,2.0,0.0,5.71346950435652e-05,-5.71346950435652e-05,Skeletal Imaging
0.0,2.0,0.0,5.71346950435652e-05,-5.71346950435652e-05,Skeletal Dysplasias
0.0,2.0,0.0,5.71346950435652e-05,-5.71346950435652e-05,Biliary Surgery
0.0,2.0,0.0,5.71346950435652e-05,-5.71346950435652e-05,Skin Neoplasms
0.0,2.0,0.0,5.71346950435652e-05,-5.71346950435652e-05,Splenic Injury
0.0,2.0,0.0,5.71346950435652e-05,-5.71346950435652e-05,Brainstem Nuclei
0.0,2.0,0.0,5.71346950435652e-05,-5.71346950435652e-05,Liver failure
0.0,2.0,0.0,5.71346950435652e-05,-5.71346950435652e-05,Bone Metastasis
0.0,2.0,0.0,5.71346950435652e-05,-5.71346950435652e-05,Staphylococci
0.0,2.0,0.0,5.71346950435652e-05,-5.71346950435652e-05,Standardization
0.0,2.0,0.0,5.71346950435652e-05,-5.71346950435652e-05,Spinal Canal Stenosis
0.0,2.0,0.0,5.71346950435652e-05,-5.71346950435652e-05,Energy metabolism
0.0,2.0,0.0,5.71346950435652e-05,-5.71346950435652e-05,Local Anaesthesia
0.0,2.0,0.0,5.71346950435652e-05,-5.71346950435652e-05,Biological drugs
0.0,2.0,0.0,5.71346950435652e-05,-5.71346950435652e-05,Spinal Imaging
0.0,2.0,0.0,5.71346950435652e-05,-5.71346950435652e-05,Bohr Effect
0.0,2.0,0.0,5.71346950435652e-05,-5.71346950435652e-05,Body Surface Area
0.0,2.0,0.0,5.71346950435652e-05,-5.71346950435652e-05,Body Fluid Balance
0.0,2.0,0.0,5.71346950435652e-05,-5.71346950435652e-05,Spinal anesthesia
0.0,2.0,0.0,5.71346950435652e-05,-5.71346950435652e-05,Liver function tests
0.0,2.0,0.0,5.71346950435652e-05,-5.71346950435652e-05,Liver Metabolism
0.0,2.0,0.0,5.71346950435652e-05,-5.71346950435652e-05,Blinding
0.0,2.0,0.0,5.71346950435652e-05,-5.71346950435652e-05,Steroid biosynthesis
0.0,2.0,0.0,5.71346950435652e-05,-5.71346950435652e-05,Bleeding Disorders
0.0,2.0,0.0,5.71346950435652e-05,-5.71346950435652e-05,Spinal imaging
0.0,2.0,0.0,5.71346950435652e-05,-5.71346950435652e-05,Nerve injuries
0.0,2.0,0.0,5.71346950435652e-05,-5.71346950435652e-05,Enterobacteriaceae
0.0,2.0,0.0,5.71346950435652e-05,-5.71346950435652e-05,Biomarkers
0.0,2.0,0.0,5.71346950435652e-05,-5.71346950435652e-05,Spirochetes
0.0,2.0,0.0,5.71346950435652e-05,-5.71346950435652e-05,Biomedical Waste
0.0,2.0,0.0,5.71346950435652e-05,-5.71346950435652e-05,Liver anatomy
0.0,2.0,0.0,5.71346950435652e-05,-5.71346950435652e-05,Spleen pathology
0.0,2.0,0.0,5.71346950435652e-05,-5.71346950435652e-05,Splenectomy
0.0,2.0,0.0,5.71346950435652e-05,-5.71346950435652e-05,Spondylolisthesis
0.0,2.0,0.0,5.71346950435652e-05,-5.71346950435652e-05,Liver Physiology
0.0,2.0,0.0,5.71346950435652e-05,-5.71346950435652e-05,Hemolytic Uremic Syndrome
0.0,2.0,0.0,5.71346950435652e-05,-5.71346950435652e-05,Birth injuries
0.0,2.0,0.0,5.71346950435652e-05,-5.71346950435652e-05,Spermatogenesis
0.0,2.0,0.0,5.71346950435652e-05,-5.71346950435652e-05,Spectroscopy
0.0,2.0,0.0,5.71346950435652e-05,-5.71346950435652e-05,Specimen collection
0.0,2.0,0.0,5.71346950435652e-05,-5.71346950435652e-05,Nerve Supply
0.0,2.0,0.0,5.71346950435652e-05,-5.71346950435652e-05,Hearing
0.0,2.0,0.0,5.71346950435652e-05,-5.71346950435652e-05,Slipped Capital Femoral Epiphysis
0.0,2.0,0.0,5.71346950435652e-05,-5.71346950435652e-05,Lung Mechanics
0.0,2.0,0.0,5.71346950435652e-05,-5.71346950435652e-05,Hearing disorders
0.0,2.0,0.0,5.71346950435652e-05,-5.71346950435652e-05,Brain Malformations
0.0,2.0,0.0,5.71346950435652e-05,-5.71346950435652e-05,Brain
0.0,2.0,0.0,5.71346950435652e-05,-5.71346950435652e-05,Smoking cessation
0.0,2.0,0.0,5.71346950435652e-05,-5.71346950435652e-05,Snake Envenomation
0.0,2.0,0.0,5.71346950435652e-05,-5.71346950435652e-05,Social Determinants
0.0,2.0,0.0,5.71346950435652e-05,-5.71346950435652e-05,Biliary disease
0.0,2.0,0.0,5.71346950435652e-05,-5.71346950435652e-05,Brachial Plexus Injuries
0.0,2.0,0.0,5.71346950435652e-05,-5.71346950435652e-05,Lung Abscess
0.0,2.0,0.0,5.71346950435652e-05,-5.71346950435652e-05,Steroid Biosynthesis
0.0,2.0,0.0,5.71346950435652e-05,-5.71346950435652e-05,Heart failure pharmacotherapy
0.0,2.0,0.0,5.71346950435652e-05,-5.71346950435652e-05,Lumbar canal stenosis
0.0,2.0,0.0,5.71346950435652e-05,-5.71346950435652e-05,Bones
0.0,2.0,0.0,5.71346950435652e-05,-5.71346950435652e-05,Biliary surgery
0.0,2.0,0.0,5.71346950435652e-05,-5.71346950435652e-05,Ophthalmic biomaterials
0.0,2.0,0.0,5.71346950435652e-05,-5.71346950435652e-05,Hemophilia
0.0,2.0,0.0,5.71346950435652e-05,-5.71346950435652e-05,Ophthalmic Surgery
0.0,2.0,0.0,5.71346950435652e-05,-5.71346950435652e-05,Liver Disease
0.0,2.0,0.0,5.71346950435652e-05,-5.71346950435652e-05,Lumbar Canal Stenosis
0.0,2.0,0.0,5.71346950435652e-05,-5.71346950435652e-05,Somatoform Disorders
0.0,2.0,0.0,5.71346950435652e-05,-5.71346950435652e-05,Bone imaging
0.0,2.0,0.0,5.71346950435652e-05,-5.71346950435652e-05,Biochemical Techniques
0.0,2.0,0.0,5.71346950435652e-05,-5.71346950435652e-05,Statins
0.0,2.0,0.0,5.71346950435652e-05,-5.71346950435652e-05,Bone Neoplasms
0.0,2.0,0.0,5.71346950435652e-05,-5.71346950435652e-05,Specific Signs
0.0,2.0,0.0,5.71346950435652e-05,-5.71346950435652e-05,Starvation metabolism
0.0,2.0,0.0,5.71346950435652e-05,-5.71346950435652e-05,Steroid Metabolism
0.0,2.0,0.0,5.71346950435652e-05,-5.71346950435652e-05,Parapharyngeal abscess
0.0,2.0,0.0,5.71346950435652e-05,-5.71346950435652e-05,Sickle Cell Disease Complications
0.0,2.0,0.0,5.71346950435652e-05,-5.71346950435652e-05,HIV-associated dermatoses
0.0,2.0,0.0,5.71346950435652e-05,-5.71346950435652e-05,Oral hypoglycemic agents
0.0,2.0,0.0,5.71346950435652e-05,-5.71346950435652e-05,Cellular physiology
0.0,2.0,0.0,5.71346950435652e-05,-5.71346950435652e-05,Retinopathy of prematurity
0.0,2.0,0.0,5.71346950435652e-05,-5.71346950435652e-05,Retinopathy Of Prematurity
0.0,2.0,0.0,5.71346950435652e-05,-5.71346950435652e-05,Cephalosporins
0.0,2.0,0.0,5.71346950435652e-05,-5.71346950435652e-05,Elbow disorders
0.0,2.0,0.0,5.71346950435652e-05,-5.71346950435652e-05,Measures Of Association
0.0,2.0,0.0,5.71346950435652e-05,-5.71346950435652e-05,Elbow Injuries
0.0,2.0,0.0,5.71346950435652e-05,-5.71346950435652e-05,Measures of Association
0.0,2.0,0.0,5.71346950435652e-05,-5.71346950435652e-05,Gynecologic imaging
0.0,2.0,0.0,5.71346950435652e-05,-5.71346950435652e-05,Renin-angiotensin system
0.0,2.0,0.0,5.71346950435652e-05,-5.71346950435652e-05,Gynaecological surgery
0.0,2.0,0.0,5.71346950435652e-05,-5.71346950435652e-05,Regression Analysis
0.0,2.0,0.0,5.71346950435652e-05,-5.71346950435652e-05,Regional anesthesia
0.0,2.0,0.0,5.71346950435652e-05,-5.71346950435652e-05,Regional Anesthesia
0.0,2.0,0.0,5.71346950435652e-05,-5.71346950435652e-05,Regional Anatomy
0.0,2.0,0.0,5.71346950435652e-05,-5.71346950435652e-05,Refractive surgery
0.0,2.0,0.0,5.71346950435652e-05,-5.71346950435652e-05,Cell-mediated immunity
0.0,2.0,0.0,5.71346950435652e-05,-5.71346950435652e-05,Oral anticoagulants
0.0,2.0,0.0,5.71346950435652e-05,-5.71346950435652e-05,Gynaecological procedures
0.0,2.0,0.0,5.71346950435652e-05,-5.71346950435652e-05,Maternal physiology
0.0,2.0,0.0,5.71346950435652e-05,-5.71346950435652e-05,Cause of Death
0.0,2.0,0.0,5.71346950435652e-05,-5.71346950435652e-05,Electrophoresis
0.0,2.0,0.0,5.71346950435652e-05,-5.71346950435652e-05,Rickettsiology
0.0,2.0,0.0,5.71346950435652e-05,-5.71346950435652e-05,HPV
0.0,2.0,0.0,5.71346950435652e-05,-5.71346950435652e-05,Cell Adhesion
0.0,2.0,0.0,5.71346950435652e-05,-5.71346950435652e-05,Cell Adhesion Molecules
0.0,2.0,0.0,5.71346950435652e-05,-5.71346950435652e-05,Rib notching
0.0,2.0,0.0,5.71346950435652e-05,-5.71346950435652e-05,Rib Notching
0.0,2.0,0.0,5.71346950435652e-05,-5.71346950435652e-05,Electromyography
0.0,2.0,0.0,5.71346950435652e-05,-5.71346950435652e-05,Rhinoscleroma
0.0,2.0,0.0,5.71346950435652e-05,-5.71346950435652e-05,Cell Cycle
0.0,2.0,0.0,5.71346950435652e-05,-5.71346950435652e-05,Maternal Physiology
0.0,2.0,0.0,5.71346950435652e-05,-5.71346950435652e-05,Electrolytes
0.0,2.0,0.0,5.71346950435652e-05,-5.71346950435652e-05,Electrolyte disturbances
0.0,2.0,0.0,5.71346950435652e-05,-5.71346950435652e-05,Cell adhesion molecules
0.0,2.0,0.0,5.71346950435652e-05,-5.71346950435652e-05,Oral and Maxillofacial Surgery
0.0,2.0,0.0,5.71346950435652e-05,-5.71346950435652e-05,Rhabdomyolysis
0.0,2.0,0.0,5.71346950435652e-05,-5.71346950435652e-05,Refractive index
0.0,2.0,0.0,5.71346950435652e-05,-5.71346950435652e-05,Elbow
0.0,2.0,0.0,5.71346950435652e-05,-5.71346950435652e-05,Optic Disc
0.0,2.0,0.0,5.71346950435652e-05,-5.71346950435652e-05,Neonatal skin disorders
0.0,2.0,0.0,5.71346950435652e-05,-5.71346950435652e-05,Chest imaging
0.0,2.0,0.0,5.71346950435652e-05,-5.71346950435652e-05,Fetal Viability
0.0,2.0,0.0,5.71346950435652e-05,-5.71346950435652e-05,Chest radiology
0.0,2.0,0.0,5.71346950435652e-05,-5.71346950435652e-05,RNTCP
0.0,2.0,0.0,5.71346950435652e-05,-5.71346950435652e-05,RNA viruses
0.0,2.0,0.0,5.71346950435652e-05,-5.71346950435652e-05,Child And Adolescent Psychiatry
0.0,2.0,0.0,5.71346950435652e-05,-5.71346950435652e-05,Gram positive cocci
0.0,2.0,0.0,5.71346950435652e-05,-5.71346950435652e-05,Megaloblastic Anemia
0.0,2.0,0.0,5.71346950435652e-05,-5.71346950435652e-05,Child and Adolescent Psychiatry
0.0,2.0,0.0,5.71346950435652e-05,-5.71346950435652e-05,Oropharyngeal carcinoma
0.0,2.0,0.0,5.71346950435652e-05,-5.71346950435652e-05,Meiosis
0.0,2.0,0.0,5.71346950435652e-05,-5.71346950435652e-05,Neonatal jaundice
0.0,2.0,0.0,5.71346950435652e-05,-5.71346950435652e-05,Neonatal intestinal obstruction
0.0,2.0,0.0,5.71346950435652e-05,-5.71346950435652e-05,Neonatal examination
0.0,2.0,0.0,5.71346950435652e-05,-5.71346950435652e-05,Putrefaction
0.0,2.0,0.0,5.71346950435652e-05,-5.71346950435652e-05,Neonatal diagnosis
0.0,2.0,0.0,5.71346950435652e-05,-5.71346950435652e-05,Membrane Potential
0.0,2.0,0.0,5.71346950435652e-05,-5.71346950435652e-05,Chest
0.0,2.0,0.0,5.71346950435652e-05,-5.71346950435652e-05,Medical gases
0.0,2.0,0.0,5.71346950435652e-05,-5.71346950435652e-05,Cervical Cancer Screening
0.0,2.0,0.0,5.71346950435652e-05,-5.71346950435652e-05,Medical ethics
0.0,2.0,0.0,5.71346950435652e-05,-5.71346950435652e-05,Gynaecological Cancers
0.0,2.0,0.0,5.71346950435652e-05,-5.71346950435652e-05,Cervical pathology
0.0,2.0,0.0,5.71346950435652e-05,-5.71346950435652e-05,Edema
0.0,2.0,0.0,5.71346950435652e-05,-5.71346950435652e-05,Cervical vertebrae
0.0,2.0,0.0,5.71346950435652e-05,-5.71346950435652e-05,Medical Devices
0.0,2.0,0.0,5.71346950435652e-05,-5.71346950435652e-05,Raised Intracranial Pressure
0.0,2.0,0.0,5.71346950435652e-05,-5.71346950435652e-05,Eczema
0.0,2.0,0.0,5.71346950435652e-05,-5.71346950435652e-05,Radiological Signs
0.0,2.0,0.0,5.71346950435652e-05,-5.71346950435652e-05,Radiological Lines
0.0,2.0,0.0,5.71346950435652e-05,-5.71346950435652e-05,Chelating Agents
0.0,2.0,0.0,5.71346950435652e-05,-5.71346950435652e-05,Chemical Bonds
0.0,2.0,0.0,5.71346950435652e-05,-5.71346950435652e-05,Ectopia Lentis
0.0,2.0,0.0,5.71346950435652e-05,-5.71346950435652e-05,Medical Law
0.0,2.0,0.0,5.71346950435652e-05,-5.71346950435652e-05,Medical Management
0.0,2.0,0.0,5.71346950435652e-05,-5.71346950435652e-05,Chemotherapy Agents
0.0,2.0,0.0,5.71346950435652e-05,-5.71346950435652e-05,Medical entomology
0.0,2.0,0.0,5.71346950435652e-05,-5.71346950435652e-05,Chemotherapy agents
0.0,2.0,0.0,5.71346950435652e-05,-5.71346950435652e-05,Risk groups
0.0,2.0,0.0,5.71346950435652e-05,-5.71346950435652e-05,Mastoidectomy
0.0,2.0,0.0,5.71346950435652e-05,-5.71346950435652e-05,Mastoid Surgery
0.0,2.0,0.0,5.71346950435652e-05,-5.71346950435652e-05,Calcium metabolism
0.0,2.0,0.0,5.71346950435652e-05,-5.71346950435652e-05,Caldwell-Luc
0.0,2.0,0.0,5.71346950435652e-05,-5.71346950435652e-05,Caldwell-Luc Surgery
0.0,2.0,0.0,5.71346950435652e-05,-5.71346950435652e-05,Caldwell-Luc surgery
0.0,2.0,0.0,5.71346950435652e-05,-5.71346950435652e-05,Macrocytic Anemia
0.0,2.0,0.0,5.71346950435652e-05,-5.71346950435652e-05,Campylobacter jejuni
0.0,2.0,0.0,5.71346950435652e-05,-5.71346950435652e-05,Macrolides
0.0,2.0,0.0,5.71346950435652e-05,-5.71346950435652e-05,Head and Neck Radiology
0.0,2.0,0.0,5.71346950435652e-05,-5.71346950435652e-05,Sensory Pathways
0.0,2.0,0.0,5.71346950435652e-05,-5.71346950435652e-05,Macular Degeneration
0.0,2.0,0.0,5.71346950435652e-05,-5.71346950435652e-05,Cannabis
0.0,2.0,0.0,5.71346950435652e-05,-5.71346950435652e-05,Macular Diseases
0.0,2.0,0.0,5.71346950435652e-05,-5.71346950435652e-05,Macular Disorders
0.0,2.0,0.0,5.71346950435652e-05,-5.71346950435652e-05,Macular degeneration
0.0,2.0,0.0,5.71346950435652e-05,-5.71346950435652e-05,Selection Bias
0.0,2.0,0.0,5.71346950435652e-05,-5.71346950435652e-05,Carbon Monoxide Poisoning
0.0,2.0,0.0,5.71346950435652e-05,-5.71346950435652e-05,Macular disorders
0.0,2.0,0.0,5.71346950435652e-05,-5.71346950435652e-05,Cardiac Anatomy
0.0,2.0,0.0,5.71346950435652e-05,-5.71346950435652e-05,MRSA
0.0,2.0,0.0,5.71346950435652e-05,-5.71346950435652e-05,Head and neck lymphatics
0.0,2.0,0.0,5.71346950435652e-05,-5.71346950435652e-05,Mastectomy
0.0,2.0,0.0,5.71346950435652e-05,-5.71346950435652e-05,Calcium channel blockers
0.0,2.0,0.0,5.71346950435652e-05,-5.71346950435652e-05,CNS Stimulants
0.0,2.0,0.0,5.71346950435652e-05,-5.71346950435652e-05,Shoulder injuries
0.0,2.0,0.0,5.71346950435652e-05,-5.71346950435652e-05,Endometrial carcinoma
0.0,2.0,0.0,5.71346950435652e-05,-5.71346950435652e-05,CSOM
0.0,2.0,0.0,5.71346950435652e-05,-5.71346950435652e-05,CT Physics
0.0,2.0,0.0,5.71346950435652e-05,-5.71346950435652e-05,Short Bowel Syndrome
0.0,2.0,0.0,5.71346950435652e-05,-5.71346950435652e-05,Headache disorders
0.0,2.0,0.0,5.71346950435652e-05,-5.71346950435652e-05,CT scan
0.0,2.0,0.0,5.71346950435652e-05,-5.71346950435652e-05,Headache Disorders
0.0,2.0,0.0,5.71346950435652e-05,-5.71346950435652e-05,Headache
0.0,2.0,0.0,5.71346950435652e-05,-5.71346950435652e-05,Endometrial Hyperplasia
0.0,2.0,0.0,5.71346950435652e-05,-5.71346950435652e-05,Optic Neuropathy
0.0,2.0,0.0,5.71346950435652e-05,-5.71346950435652e-05,Endometrial Carcinoma
0.0,2.0,0.0,5.71346950435652e-05,-5.71346950435652e-05,Head and neck neoplasms
0.0,2.0,0.0,5.71346950435652e-05,-5.71346950435652e-05,Calcium Homeostasis
0.0,2.0,0.0,5.71346950435652e-05,-5.71346950435652e-05,MRI Safety
0.0,2.0,0.0,5.71346950435652e-05,-5.71346950435652e-05,Sexual Assault Examination
0.0,2.0,0.0,5.71346950435652e-05,-5.71346950435652e-05,Head Injuries
0.0,2.0,0.0,5.71346950435652e-05,-5.71346950435652e-05,Cardiac Devices
0.0,2.0,0.0,5.71346950435652e-05,-5.71346950435652e-05,Cardiac Glycosides
0.0,2.0,0.0,5.71346950435652e-05,-5.71346950435652e-05,Head And Neck Neoplasms
0.0,2.0,0.0,5.71346950435652e-05,-5.71346950435652e-05,Emergency surgery
0.0,2.0,0.0,5.71346950435652e-05,-5.71346950435652e-05,Salivary gland imaging
0.0,2.0,0.0,5.71346950435652e-05,-5.71346950435652e-05,Fetal Head Diameters
0.0,2.0,0.0,5.71346950435652e-05,-5.71346950435652e-05,Emergency Psychiatry
0.0,2.0,0.0,5.71346950435652e-05,-5.71346950435652e-05,Salivary Gland Imaging
0.0,2.0,0.0,5.71346950435652e-05,-5.71346950435652e-05,Carpal Tunnel Syndrome
0.0,2.0,0.0,5.71346950435652e-05,-5.71346950435652e-05,Carrier State
0.0,2.0,0.0,5.71346950435652e-05,-5.71346950435652e-05,STDs
0.0,2.0,0.0,5.71346950435652e-05,-5.71346950435652e-05,Manner Of Death
0.0,2.0,0.0,5.71346950435652e-05,-5.71346950435652e-05,Manner of death
0.0,2.0,0.0,5.71346950435652e-05,-5.71346950435652e-05,Halothane
0.0,2.0,0.0,5.71346950435652e-05,-5.71346950435652e-05,Oral Cavity Cancer
0.0,2.0,0.0,5.71346950435652e-05,-5.71346950435652e-05,Rural Health
0.0,2.0,0.0,5.71346950435652e-05,-5.71346950435652e-05,Rubella
0.0,2.0,0.0,5.71346950435652e-05,-5.71346950435652e-05,Routes Of Administration
0.0,2.0,0.0,5.71346950435652e-05,-5.71346950435652e-05,Hallux Valgus
0.0,2.0,0.0,5.71346950435652e-05,-5.71346950435652e-05,Hair disorders
0.0,2.0,0.0,5.71346950435652e-05,-5.71346950435652e-05,Salivary glands
0.0,2.0,0.0,5.71346950435652e-05,-5.71346950435652e-05,Salmonella
0.0,2.0,0.0,5.71346950435652e-05,-5.71346950435652e-05,Hand Injuries
0.0,2.0,0.0,5.71346950435652e-05,-5.71346950435652e-05,Fetal Biometry
0.0,2.0,0.0,5.71346950435652e-05,-5.71346950435652e-05,Cardiac Imaging Findings
0.0,2.0,0.0,5.71346950435652e-05,-5.71346950435652e-05,Scrotal swelling
0.0,2.0,0.0,5.71346950435652e-05,-5.71346950435652e-05,Scrotal Swelling
0.0,2.0,0.0,5.71346950435652e-05,-5.71346950435652e-05,Scrotal Disorders
0.0,2.0,0.0,5.71346950435652e-05,-5.71346950435652e-05,Cardiac Radiology
0.0,2.0,0.0,5.71346950435652e-05,-5.71346950435652e-05,Screening Tests
0.0,2.0,0.0,5.71346950435652e-05,-5.71346950435652e-05,Cardiac Tamponade
0.0,2.0,0.0,5.71346950435652e-05,-5.71346950435652e-05,Scoring Systems
0.0,2.0,0.0,5.71346950435652e-05,-5.71346950435652e-05,Sampling methods
0.0,2.0,0.0,5.71346950435652e-05,-5.71346950435652e-05,Cardiac arrest
0.0,2.0,0.0,5.71346950435652e-05,-5.71346950435652e-05,Enchondroma
0.0,2.0,0.0,5.71346950435652e-05,-5.71346950435652e-05,Male Sexual Dysfunction
0.0,2.0,0.0,5.71346950435652e-05,-5.71346950435652e-05,Scarring
0.0,2.0,0.0,5.71346950435652e-05,-5.71346950435652e-05,Hand Surgery
0.0,2.0,0.0,5.71346950435652e-05,-5.71346950435652e-05,Malignant Hyperthermia
0.0,2.0,0.0,5.71346950435652e-05,-5.71346950435652e-05,Hand Spaces
0.0,2.0,0.0,5.71346950435652e-05,-5.71346950435652e-05,Strychnine poisoning
0.0,2.0,0.0,5.71346950435652e-05,-5.71346950435652e-05,Hepatobiliary pathology
0.0,2.0,0.0,5.71346950435652e-05,-5.71346950435652e-05,Beta-2 agonists
0.0,2.0,0.0,5.71346950435652e-05,-5.71346950435652e-05,Anaesthesia equipment
0.0,2.0,0.0,5.71346950435652e-05,-5.71346950435652e-05,Validity of Screening Tests
0.0,2.0,0.0,5.71346950435652e-05,-5.71346950435652e-05,Validity Of Screening Tests
0.0,2.0,0.0,5.71346950435652e-05,-5.71346950435652e-05,Vagus nerve
0.0,2.0,0.0,5.71346950435652e-05,-5.71346950435652e-05,Neurological disorders
0.0,2.0,0.0,5.71346950435652e-05,-5.71346950435652e-05,Fallopian tube anatomy
0.0,2.0,0.0,5.71346950435652e-05,-5.71346950435652e-05,Vaginal discharge
0.0,2.0,0.0,5.71346950435652e-05,-5.71346950435652e-05,Familial Adenomatous Polyposis
0.0,2.0,0.0,5.71346950435652e-05,-5.71346950435652e-05,Anaesthesia depth
0.0,2.0,0.0,5.71346950435652e-05,-5.71346950435652e-05,Iron metabolism
0.0,2.0,0.0,5.71346950435652e-05,-5.71346950435652e-05,Alzheimer disease
0.0,2.0,0.0,5.71346950435652e-05,-5.71346950435652e-05,Anaesthesia monitoring
0.0,2.0,0.0,5.71346950435652e-05,-5.71346950435652e-05,Anaesthetic Drugs
0.0,2.0,0.0,5.71346950435652e-05,-5.71346950435652e-05,Anaesthetic Monitoring
0.0,2.0,0.0,5.71346950435652e-05,-5.71346950435652e-05,Anal Canal
0.0,2.0,0.0,5.71346950435652e-05,-5.71346950435652e-05,Uvea
0.0,2.0,0.0,5.71346950435652e-05,-5.71346950435652e-05,Anal Fissure
0.0,2.0,0.0,5.71346950435652e-05,-5.71346950435652e-05,Obstetric Pelvis
0.0,2.0,0.0,5.71346950435652e-05,-5.71346950435652e-05,Hypertrophy
0.0,2.0,0.0,5.71346950435652e-05,-5.71346950435652e-05,Esophageal Perforation
0.0,2.0,0.0,5.71346950435652e-05,-5.71346950435652e-05,Esophageal Ulcers
0.0,2.0,0.0,5.71346950435652e-05,-5.71346950435652e-05,Amoebiasis
0.0,2.0,0.0,5.71346950435652e-05,-5.71346950435652e-05,Varicella
0.0,2.0,0.0,5.71346950435652e-05,-5.71346950435652e-05,Vertebral levels
0.0,2.0,0.0,5.71346950435652e-05,-5.71346950435652e-05,Vertebral column
0.0,2.0,0.0,5.71346950435652e-05,-5.71346950435652e-05,Vertebral anomalies
0.0,2.0,0.0,5.71346950435652e-05,-5.71346950435652e-05,Vertebral Anomalies
0.0,2.0,0.0,5.71346950435652e-05,-5.71346950435652e-05,Introduction To Pathology
0.0,2.0,0.0,5.71346950435652e-05,-5.71346950435652e-05,Introduction to Pathology
0.0,2.0,0.0,5.71346950435652e-05,-5.71346950435652e-05,Ventilation-Perfusion
0.0,2.0,0.0,5.71346950435652e-05,-5.71346950435652e-05,Amino Acid Metabolism Disorders
0.0,2.0,0.0,5.71346950435652e-05,-5.71346950435652e-05,Venous disorders
0.0,2.0,0.0,5.71346950435652e-05,-5.71346950435652e-05,Amino acid chemistry
0.0,2.0,0.0,5.71346950435652e-05,-5.71346950435652e-05,Inverted Papilloma
0.0,2.0,0.0,5.71346950435652e-05,-5.71346950435652e-05,Obsessive compulsive disorder
0.0,2.0,0.0,5.71346950435652e-05,-5.71346950435652e-05,Vasomotor rhinitis
0.0,2.0,0.0,5.71346950435652e-05,-5.71346950435652e-05,Vasomotor Rhinitis
0.0,2.0,0.0,5.71346950435652e-05,-5.71346950435652e-05,Ion channels
0.0,2.0,0.0,5.71346950435652e-05,-5.71346950435652e-05,Varicella zoster virus
0.0,2.0,0.0,5.71346950435652e-05,-5.71346950435652e-05,Varicella Zoster Virus
0.0,2.0,0.0,5.71346950435652e-05,-5.71346950435652e-05,Anal fissure
0.0,2.0,0.0,5.71346950435652e-05,-5.71346950435652e-05,Analgesics
0.0,2.0,0.0,5.71346950435652e-05,-5.71346950435652e-05,Hypertensive retinopathy
0.0,2.0,0.0,5.71346950435652e-05,-5.71346950435652e-05,Urological Oncology
0.0,2.0,0.0,5.71346950435652e-05,-5.71346950435652e-05,Kayser-Fleischer ring
0.0,2.0,0.0,5.71346950435652e-05,-5.71346950435652e-05,Ankylosing Spondylitis
0.0,2.0,0.0,5.71346950435652e-05,-5.71346950435652e-05,Erectile dysfunction
0.0,2.0,0.0,5.71346950435652e-05,-5.71346950435652e-05,Anorectal Surgery
0.0,2.0,0.0,5.71346950435652e-05,-5.71346950435652e-05,Anorectal disorders
0.0,2.0,0.0,5.71346950435652e-05,-5.71346950435652e-05,Urogynecology
0.0,2.0,0.0,5.71346950435652e-05,-5.71346950435652e-05,Neuroleptic malignant syndrome
0.0,2.0,0.0,5.71346950435652e-05,-5.71346950435652e-05,Keratoconus
0.0,2.0,0.0,5.71346950435652e-05,-5.71346950435652e-05,Keratoderma
0.0,2.0,0.0,5.71346950435652e-05,-5.71346950435652e-05,Ketamine
0.0,2.0,0.0,5.71346950435652e-05,-5.71346950435652e-05,Urogenital Imaging
0.0,2.0,0.0,5.71346950435652e-05,-5.71346950435652e-05,Kidney Function Tests
0.0,2.0,0.0,5.71346950435652e-05,-5.71346950435652e-05,Hyperlipoproteinemia
0.0,2.0,0.0,5.71346950435652e-05,-5.71346950435652e-05,Urinary tract pathology
0.0,2.0,0.0,5.71346950435652e-05,-5.71346950435652e-05,Anterior chamber angle
0.0,2.0,0.0,5.71346950435652e-05,-5.71346950435652e-05,Erectile Dysfunction
0.0,2.0,0.0,5.71346950435652e-05,-5.71346950435652e-05,Anthrax
0.0,2.0,0.0,5.71346950435652e-05,-5.71346950435652e-05,Ankle
0.0,2.0,0.0,5.71346950435652e-05,-5.71346950435652e-05,Urological Surgery
0.0,2.0,0.0,5.71346950435652e-05,-5.71346950435652e-05,Uterine artery
0.0,2.0,0.0,5.71346950435652e-05,-5.71346950435652e-05,Kawasaki Disease
0.0,2.0,0.0,5.71346950435652e-05,-5.71346950435652e-05,Uterine adhesions
0.0,2.0,0.0,5.71346950435652e-05,-5.71346950435652e-05,Erythema Nodosum
0.0,2.0,0.0,5.71346950435652e-05,-5.71346950435652e-05,Uterine Imaging
0.0,2.0,0.0,5.71346950435652e-05,-5.71346950435652e-05,Hypertensive Retinopathy
0.0,2.0,0.0,5.71346950435652e-05,-5.71346950435652e-05,Jugular Venous Pulse
0.0,2.0,0.0,5.71346950435652e-05,-5.71346950435652e-05,Anesthesia
0.0,2.0,0.0,5.71346950435652e-05,-5.71346950435652e-05,Anesthesia Circuits
0.0,2.0,0.0,5.71346950435652e-05,-5.71346950435652e-05,Anesthesia Equipment
0.0,2.0,0.0,5.71346950435652e-05,-5.71346950435652e-05,Uterine Adhesions
0.0,2.0,0.0,5.71346950435652e-05,-5.71346950435652e-05,Anesthetic Agents
0.0,2.0,0.0,5.71346950435652e-05,-5.71346950435652e-05,Juvenile Justice
0.0,2.0,0.0,5.71346950435652e-05,-5.71346950435652e-05,Kallmann Syndrome
0.0,2.0,0.0,5.71346950435652e-05,-5.71346950435652e-05,Neurological Assessment
0.0,2.0,0.0,5.71346950435652e-05,-5.71346950435652e-05,Aneurysms
0.0,2.0,0.0,5.71346950435652e-05,-5.71346950435652e-05,Kaposi Sarcoma
0.0,2.0,0.0,5.71346950435652e-05,-5.71346950435652e-05,Karyotype
0.0,2.0,0.0,5.71346950435652e-05,-5.71346950435652e-05,Karyotyping
0.0,2.0,0.0,5.71346950435652e-05,-5.71346950435652e-05,Esophageal motility disorders
0.0,2.0,0.0,5.71346950435652e-05,-5.71346950435652e-05,Alveolar Gas Equation
0.0,2.0,0.0,5.71346950435652e-05,-5.71346950435652e-05,Subarachnoid hemorrhage
0.0,2.0,0.0,5.71346950435652e-05,-5.71346950435652e-05,External cephalic version
0.0,2.0,0.0,5.71346950435652e-05,-5.71346950435652e-05,Infant Mortality Rate
0.0,2.0,0.0,5.71346950435652e-05,-5.71346950435652e-05,Extracellular matrix
0.0,2.0,0.0,5.71346950435652e-05,-5.71346950435652e-05,Acne Vulgaris
0.0,2.0,0.0,5.71346950435652e-05,-5.71346950435652e-05,Insanity defense
0.0,2.0,0.0,5.71346950435652e-05,-5.71346950435652e-05,Induction Agents
0.0,2.0,0.0,5.71346950435652e-05,-5.71346950435652e-05,Acromegaly
0.0,2.0,0.0,5.71346950435652e-05,-5.71346950435652e-05,Insulin Resistance
0.0,2.0,0.0,5.71346950435652e-05,-5.71346950435652e-05,Action potentials
0.0,2.0,0.0,5.71346950435652e-05,-5.71346950435652e-05,Acute Leukemias
0.0,2.0,0.0,5.71346950435652e-05,-5.71346950435652e-05,Vestibular Physiology
0.0,2.0,0.0,5.71346950435652e-05,-5.71346950435652e-05,Insulin Therapy
0.0,2.0,0.0,5.71346950435652e-05,-5.71346950435652e-05,Weight Gain
0.0,2.0,0.0,5.71346950435652e-05,-5.71346950435652e-05,Facial Nerve Palsy
0.0,2.0,0.0,5.71346950435652e-05,-5.71346950435652e-05,Insulin secretion
0.0,2.0,0.0,5.71346950435652e-05,-5.71346950435652e-05,Waterborne diseases
0.0,2.0,0.0,5.71346950435652e-05,-5.71346950435652e-05,Waterborne Diseases
0.0,2.0,0.0,5.71346950435652e-05,-5.71346950435652e-05,Acute Suppurative Otitis Media
0.0,2.0,0.0,5.71346950435652e-05,-5.71346950435652e-05,Integrated Metabolism
0.0,2.0,0.0,5.71346950435652e-05,-5.71346950435652e-05,Wrist Dislocations
0.0,2.0,0.0,5.71346950435652e-05,-5.71346950435652e-05,Ace Inhibitors
0.0,2.0,0.0,5.71346950435652e-05,-5.71346950435652e-05,Inorganic poisoning
0.0,2.0,0.0,5.71346950435652e-05,-5.71346950435652e-05,Inner ear fluids
0.0,2.0,0.0,5.71346950435652e-05,-5.71346950435652e-05,ACE inhibitors
0.0,2.0,0.0,5.71346950435652e-05,-5.71346950435652e-05,Eye anatomy
0.0,2.0,0.0,5.71346950435652e-05,-5.71346950435652e-05,Inguinal canal
0.0,2.0,0.0,5.71346950435652e-05,-5.71346950435652e-05,ANCA vasculitis
0.0,2.0,0.0,5.71346950435652e-05,-5.71346950435652e-05,Eyelid anatomy
0.0,2.0,0.0,5.71346950435652e-05,-5.71346950435652e-05,Nevi
0.0,2.0,0.0,5.71346950435652e-05,-5.71346950435652e-05,Inflammatory Arthritis
0.0,2.0,0.0,5.71346950435652e-05,-5.71346950435652e-05,Extrapyramidal symptoms
0.0,2.0,0.0,5.71346950435652e-05,-5.71346950435652e-05,Infective endocarditis
0.0,2.0,0.0,5.71346950435652e-05,-5.71346950435652e-05,Infectious eye diseases
0.0,2.0,0.0,5.71346950435652e-05,-5.71346950435652e-05,Yellow fever
0.0,2.0,0.0,5.71346950435652e-05,-5.71346950435652e-05,Yellow Fever
0.0,2.0,0.0,5.71346950435652e-05,-5.71346950435652e-05,Xerophthalmia
0.0,2.0,0.0,5.71346950435652e-05,-5.71346950435652e-05,Infantile spasm
0.0,2.0,0.0,5.71346950435652e-05,-5.71346950435652e-05,Infantile Spasm
0.0,2.0,0.0,5.71346950435652e-05,-5.71346950435652e-05,Infanticide
0.0,2.0,0.0,5.71346950435652e-05,-5.71346950435652e-05,Absorption
0.0,2.0,0.0,5.71346950435652e-05,-5.71346950435652e-05,Exhumation
0.0,2.0,0.0,5.71346950435652e-05,-5.71346950435652e-05,Acute leukemias
0.0,2.0,0.0,5.71346950435652e-05,-5.71346950435652e-05,Intellectual disability
0.0,2.0,0.0,5.71346950435652e-05,-5.71346950435652e-05,Airway foreign bodies
0.0,2.0,0.0,5.71346950435652e-05,-5.71346950435652e-05,Visual Acuity
0.0,2.0,0.0,5.71346950435652e-05,-5.71346950435652e-05,Vision loss
0.0,2.0,0.0,5.71346950435652e-05,-5.71346950435652e-05,Vision 2020
0.0,2.0,0.0,5.71346950435652e-05,-5.71346950435652e-05,Viscosity
0.0,2.0,0.0,5.71346950435652e-05,-5.71346950435652e-05,Nucleotides
0.0,2.0,0.0,5.71346950435652e-05,-5.71346950435652e-05,Neuromuscular Junction Disorders
0.0,2.0,0.0,5.71346950435652e-05,-5.71346950435652e-05,IV Fluids
0.0,2.0,0.0,5.71346950435652e-05,-5.71346950435652e-05,Alcoholic liver disease
0.0,2.0,0.0,5.71346950435652e-05,-5.71346950435652e-05,Aldosterone Regulation
0.0,2.0,0.0,5.71346950435652e-05,-5.71346950435652e-05,Nutrient absorption
0.0,2.0,0.0,5.71346950435652e-05,-5.71346950435652e-05,Allergic Bronchopulmonary Aspergillosis
0.0,2.0,0.0,5.71346950435652e-05,-5.71346950435652e-05,IQ classification
0.0,2.0,0.0,5.71346950435652e-05,-5.71346950435652e-05,Alopecia areata
0.0,2.0,0.0,5.71346950435652e-05,-5.71346950435652e-05,Vibrio cholerae
0.0,2.0,0.0,5.71346950435652e-05,-5.71346950435652e-05,Vibrio Cholerae
0.0,2.0,0.0,5.71346950435652e-05,-5.71346950435652e-05,Intraoperative Monitoring
0.0,2.0,0.0,5.71346950435652e-05,-5.71346950435652e-05,Hysterosalpingography
0.0,2.0,0.0,5.71346950435652e-05,-5.71346950435652e-05,Neuromuscular Monitoring
0.0,2.0,0.0,5.71346950435652e-05,-5.71346950435652e-05,Visual acuity
0.0,2.0,0.0,5.71346950435652e-05,-5.71346950435652e-05,Water Balance
0.0,2.0,0.0,5.71346950435652e-05,-5.71346950435652e-05,Air pollution
0.0,2.0,0.0,5.71346950435652e-05,-5.71346950435652e-05,Waste disposal
0.0,2.0,0.0,5.71346950435652e-05,-5.71346950435652e-05,Intermediate Filaments
0.0,2.0,0.0,5.71346950435652e-05,-5.71346950435652e-05,Acute scrotum
0.0,2.0,0.0,5.71346950435652e-05,-5.71346950435652e-05,Immunosuppressive drugs
0.0,2.0,0.0,5.71346950435652e-05,-5.71346950435652e-05,Vulvar disorders
0.0,2.0,0.0,5.71346950435652e-05,-5.71346950435652e-05,Adenoid
0.0,2.0,0.0,5.71346950435652e-05,-5.71346950435652e-05,Normal Distribution
0.0,2.0,0.0,5.71346950435652e-05,-5.71346950435652e-05,Adrenergic Agonists
0.0,2.0,0.0,5.71346950435652e-05,-5.71346950435652e-05,Adrenergic Blockers
0.0,2.0,0.0,5.71346950435652e-05,-5.71346950435652e-05,Adrenergic Drugs
0.0,2.0,0.0,5.71346950435652e-05,-5.71346950435652e-05,Adrenergic Pharmacology
0.0,2.0,0.0,5.71346950435652e-05,-5.71346950435652e-05,Vitreous disorders
0.0,2.0,0.0,5.71346950435652e-05,-5.71346950435652e-05,Adrenergic pharmacology
0.0,2.0,0.0,5.71346950435652e-05,-5.71346950435652e-05,Adverse Drug Effects
0.0,2.0,0.0,5.71346950435652e-05,-5.71346950435652e-05,Vitamin deficiencies
0.0,2.0,0.0,5.71346950435652e-05,-5.71346950435652e-05,Vitamin B12
0.0,2.0,0.0,5.71346950435652e-05,-5.71346950435652e-05,Vitamin A
0.0,2.0,0.0,5.71346950435652e-05,-5.71346950435652e-05,Urinary Tract Pathology
0.0,2.0,0.0,5.71346950435652e-05,-5.71346950435652e-05,Neuroleptic Malignant Syndrome
0.0,2.0,0.0,5.71346950435652e-05,-5.71346950435652e-05,Urinary Incontinence
0.0,2.0,0.0,5.71346950435652e-05,-5.71346950435652e-05,Systemic associations
0.0,2.0,0.0,5.71346950435652e-05,-5.71346950435652e-05,Tamoxifen
0.0,2.0,0.0,5.71346950435652e-05,-5.71346950435652e-05,Autism Spectrum Disorders
0.0,2.0,0.0,5.71346950435652e-05,-5.71346950435652e-05,Autoantibodies
0.0,2.0,0.0,5.71346950435652e-05,-5.71346950435652e-05,Enzyme Regulation
0.0,2.0,0.0,5.71346950435652e-05,-5.71346950435652e-05,Hip Arthroplasty
0.0,2.0,0.0,5.71346950435652e-05,-5.71346950435652e-05,Autoimmunity
0.0,2.0,0.0,5.71346950435652e-05,-5.71346950435652e-05,Systemic vasculitis
0.0,2.0,0.0,5.71346950435652e-05,-5.71346950435652e-05,Autopsy technique
0.0,2.0,0.0,5.71346950435652e-05,-5.71346950435652e-05,B Cell Activation
0.0,2.0,0.0,5.71346950435652e-05,-5.71346950435652e-05,Anti-tubercular drugs
0.0,2.0,0.0,5.71346950435652e-05,-5.71346950435652e-05,Babesiosis
0.0,2.0,0.0,5.71346950435652e-05,-5.71346950435652e-05,Bacillus anthracis
0.0,2.0,0.0,5.71346950435652e-05,-5.71346950435652e-05,Syndromes
0.0,2.0,0.0,5.71346950435652e-05,-5.71346950435652e-05,Herpes zoster
0.0,2.0,0.0,5.71346950435652e-05,-5.71346950435652e-05,Bacterial Characteristics
0.0,2.0,0.0,5.71346950435652e-05,-5.71346950435652e-05,Ocular surface lesions
0.0,2.0,0.0,5.71346950435652e-05,-5.71346950435652e-05,Bacterial Morphology
0.0,2.0,0.0,5.71346950435652e-05,-5.71346950435652e-05,Bacterial Pathogenesis
0.0,2.0,0.0,5.71346950435652e-05,-5.71346950435652e-05,Targeted Therapy
0.0,2.0,0.0,5.71346950435652e-05,-5.71346950435652e-05,Enzyme classification
0.0,2.0,0.0,5.71346950435652e-05,-5.71346950435652e-05,Ocular manifestations
0.0,2.0,0.0,5.71346950435652e-05,-5.71346950435652e-05,Ocular examination
0.0,2.0,0.0,5.71346950435652e-05,-5.71346950435652e-05,Aspiration Pneumonia
0.0,2.0,0.0,5.71346950435652e-05,-5.71346950435652e-05,Aspiration Prophylaxis
0.0,2.0,0.0,5.71346950435652e-05,-5.71346950435652e-05,Thermal Injuries
0.0,2.0,0.0,5.71346950435652e-05,-5.71346950435652e-05,Epidemic Investigation
0.0,2.0,0.0,5.71346950435652e-05,-5.71346950435652e-05,Larynx Anatomy
0.0,2.0,0.0,5.71346950435652e-05,-5.71346950435652e-05,Neuro-otology
0.0,2.0,0.0,5.71346950435652e-05,-5.71346950435652e-05,Thalamus
0.0,2.0,0.0,5.71346950435652e-05,-5.71346950435652e-05,Tetanus
0.0,2.0,0.0,5.71346950435652e-05,-5.71346950435652e-05,Ldh Isoenzymes
0.0,2.0,0.0,5.71346950435652e-05,-5.71346950435652e-05,History
0.0,2.0,0.0,5.71346950435652e-05,-5.71346950435652e-05,Tenosynovitis
0.0,2.0,0.0,5.71346950435652e-05,-5.71346950435652e-05,Auditory Implants
0.0,2.0,0.0,5.71346950435652e-05,-5.71346950435652e-05,Auditory Physiology
0.0,2.0,0.0,5.71346950435652e-05,-5.71346950435652e-05,Tendons
0.0,2.0,0.0,5.71346950435652e-05,-5.71346950435652e-05,Auditory System
0.0,2.0,0.0,5.71346950435652e-05,-5.71346950435652e-05,Enzyme inhibitors
0.0,2.0,0.0,5.71346950435652e-05,-5.71346950435652e-05,Fatty Acids
0.0,2.0,0.0,5.71346950435652e-05,-5.71346950435652e-05,Enzyme Classification
0.0,2.0,0.0,5.71346950435652e-05,-5.71346950435652e-05,Bacterial Vaginosis
0.0,2.0,0.0,5.71346950435652e-05,-5.71346950435652e-05,Hereditary Polyposis Syndromes
0.0,2.0,0.0,5.71346950435652e-05,-5.71346950435652e-05,Hepatobiliary
0.0,2.0,0.0,5.71346950435652e-05,-5.71346950435652e-05,Supraventricular Tachycardia
0.0,2.0,0.0,5.71346950435652e-05,-5.71346950435652e-05,Behavioral therapy
0.0,2.0,0.0,5.71346950435652e-05,-5.71346950435652e-05,Hepatitis Viruses
0.0,2.0,0.0,5.71346950435652e-05,-5.71346950435652e-05,Sulfonylureas
0.0,2.0,0.0,5.71346950435652e-05,-5.71346950435652e-05,Lipid Transport
0.0,2.0,0.0,5.71346950435652e-05,-5.71346950435652e-05,Behçet'S Syndrome
0.0,2.0,0.0,5.71346950435652e-05,-5.71346950435652e-05,Behçet's disease
0.0,2.0,0.0,5.71346950435652e-05,-5.71346950435652e-05,Behçet's syndrome
0.0,2.0,0.0,5.71346950435652e-05,-5.71346950435652e-05,Benign Bone Lesions
0.0,2.0,0.0,5.71346950435652e-05,-5.71346950435652e-05,Benign Uterine Disorders
0.0,2.0,0.0,5.71346950435652e-05,-5.71346950435652e-05,Benign bone lesions
0.0,2.0,0.0,5.71346950435652e-05,-5.71346950435652e-05,Benign uterine disorders
0.0,2.0,0.0,5.71346950435652e-05,-5.71346950435652e-05,Lipids
0.0,2.0,0.0,5.71346950435652e-05,-5.71346950435652e-05,Heparin-induced thrombocytopenia
0.0,2.0,0.0,5.71346950435652e-05,-5.71346950435652e-05,Subcutaneous Mycoses
0.0,2.0,0.0,5.71346950435652e-05,-5.71346950435652e-05,Beta hCG
0.0,2.0,0.0,5.71346950435652e-05,-5.71346950435652e-05,Heparin-Induced Thrombocytopenia
0.0,2.0,0.0,5.71346950435652e-05,-5.71346950435652e-05,Lighting
0.0,2.0,0.0,5.71346950435652e-05,-5.71346950435652e-05,Feeding And Eating Disorders
0.0,2.0,0.0,5.71346950435652e-05,-5.71346950435652e-05,Hepcidin
0.0,2.0,0.0,5.71346950435652e-05,-5.71346950435652e-05,Basic life support
0.0,2.0,0.0,5.71346950435652e-05,-5.71346950435652e-05,Surgical techniques
0.0,2.0,0.0,5.71346950435652e-05,-5.71346950435652e-05,Hepatotoxicity
0.0,2.0,0.0,5.71346950435652e-05,-5.71346950435652e-05,Surgical prophylaxis
0.0,2.0,0.0,5.71346950435652e-05,-5.71346950435652e-05,Bacterial diseases
0.0,2.0,0.0,5.71346950435652e-05,-5.71346950435652e-05,Surgical materials
0.0,2.0,0.0,5.71346950435652e-05,-5.71346950435652e-05,Surgical management
0.0,2.0,0.0,5.71346950435652e-05,-5.71346950435652e-05,Surgical knots
0.0,2.0,0.0,5.71346950435652e-05,-5.71346950435652e-05,Bacterial pathogenesis
0.0,2.0,0.0,5.71346950435652e-05,-5.71346950435652e-05,Levels of prevention
0.0,2.0,0.0,5.71346950435652e-05,-5.71346950435652e-05,Neural crest
0.0,2.0,0.0,5.71346950435652e-05,-5.71346950435652e-05,Balanced Anaesthesia
0.0,2.0,0.0,5.71346950435652e-05,-5.71346950435652e-05,Hepatobiliary imaging
0.0,2.0,0.0,5.71346950435652e-05,-5.71346950435652e-05,Hepatobiliary anatomy
0.0,2.0,0.0,5.71346950435652e-05,-5.71346950435652e-05,Surgical Knots
0.0,2.0,0.0,5.71346950435652e-05,-5.71346950435652e-05,Hepatobiliary Pathology
0.0,2.0,0.0,5.71346950435652e-05,-5.71346950435652e-05,Surgical Incisions
0.0,2.0,0.0,5.71346950435652e-05,-5.71346950435652e-05,Basic Surgical Skills
0.0,2.0,0.0,5.71346950435652e-05,-5.71346950435652e-05,History of psychiatry
0.0,2.0,0.0,5.71346950435652e-05,-5.71346950435652e-05,Epidemiological Indicators
0.0,2.0,0.0,5.71346950435652e-05,-5.71346950435652e-05,Aseptic meningitis
0.0,2.0,0.0,5.71346950435652e-05,-5.71346950435652e-05,Obstructive Sleep Apnea
0.0,2.0,0.0,5.71346950435652e-05,-5.71346950435652e-05,Obstructive lung disease
0.0,2.0,0.0,5.71346950435652e-05,-5.71346950435652e-05,Ulcerative colitis
0.0,2.0,0.0,5.71346950435652e-05,-5.71346950435652e-05,Tyrosine Kinase Inhibitors
0.0,2.0,0.0,5.71346950435652e-05,-5.71346950435652e-05,Humoral Immunity
0.0,2.0,0.0,5.71346950435652e-05,-5.71346950435652e-05,Typhoid fever
0.0,2.0,0.0,5.71346950435652e-05,-5.71346950435652e-05,Fascial Spaces
0.0,2.0,0.0,5.71346950435652e-05,-5.71346950435652e-05,Tuberous Sclerosis
0.0,2.0,0.0,5.71346950435652e-05,-5.71346950435652e-05,Tuberculosis control
0.0,2.0,0.0,5.71346950435652e-05,-5.71346950435652e-05,Housing
0.0,2.0,0.0,5.71346950435652e-05,-5.71346950435652e-05,Antihypertensive agents
0.0,2.0,0.0,5.71346950435652e-05,-5.71346950435652e-05,Trigeminal Neuralgia
0.0,2.0,0.0,5.71346950435652e-05,-5.71346950435652e-05,Horner Syndrome
0.0,2.0,0.0,5.71346950435652e-05,-5.71346950435652e-05,Travel Medicine
0.0,2.0,0.0,5.71346950435652e-05,-5.71346950435652e-05,Antimicrobial susceptibility testing
0.0,2.0,0.0,5.71346950435652e-05,-5.71346950435652e-05,Transplant Surgery
0.0,2.0,0.0,5.71346950435652e-05,-5.71346950435652e-05,Transplant Rejection
0.0,2.0,0.0,5.71346950435652e-05,-5.71346950435652e-05,Hormone therapy
0.0,2.0,0.0,5.71346950435652e-05,-5.71346950435652e-05,Ultrasonography
0.0,2.0,0.0,5.71346950435652e-05,-5.71346950435652e-05,Anticoagulant therapy
0.0,2.0,0.0,5.71346950435652e-05,-5.71346950435652e-05,Antiparkinson drugs
0.0,2.0,0.0,5.71346950435652e-05,-5.71346950435652e-05,Umbilical cord
0.0,2.0,0.0,5.71346950435652e-05,-5.71346950435652e-05,Urethral Injuries
0.0,2.0,0.0,5.71346950435652e-05,-5.71346950435652e-05,Antibiotic Classification
0.0,2.0,0.0,5.71346950435652e-05,-5.71346950435652e-05,Hydatidiform Mole
0.0,2.0,0.0,5.71346950435652e-05,-5.71346950435652e-05,Antibiotic sources
0.0,2.0,0.0,5.71346950435652e-05,-5.71346950435652e-05,Antibiotic therapy
0.0,2.0,0.0,5.71346950435652e-05,-5.71346950435652e-05,Urea cycle
0.0,2.0,0.0,5.71346950435652e-05,-5.71346950435652e-05,Koch postulates
0.0,2.0,0.0,5.71346950435652e-05,-5.71346950435652e-05,Koebner Phenomenon
0.0,2.0,0.0,5.71346950435652e-05,-5.71346950435652e-05,Hydatid disease
0.0,2.0,0.0,5.71346950435652e-05,-5.71346950435652e-05,Upper GI Surgery
0.0,2.0,0.0,5.71346950435652e-05,-5.71346950435652e-05,Anticholinergic Drugs
0.0,2.0,0.0,5.71346950435652e-05,-5.71346950435652e-05,Hydatid cyst
0.0,2.0,0.0,5.71346950435652e-05,-5.71346950435652e-05,Anticholinergic drugs
0.0,2.0,0.0,5.71346950435652e-05,-5.71346950435652e-05,Korsakoff Syndrome
0.0,2.0,0.0,5.71346950435652e-05,-5.71346950435652e-05,Universal Precautions
0.0,2.0,0.0,5.71346950435652e-05,-5.71346950435652e-05,Undescended Testis
0.0,2.0,0.0,5.71346950435652e-05,-5.71346950435652e-05,Kyphosis
0.0,2.0,0.0,5.71346950435652e-05,-5.71346950435652e-05,Transfusion reactions
0.0,2.0,0.0,5.71346950435652e-05,-5.71346950435652e-05,Occupational lung disease
0.0,2.0,0.0,5.71346950435652e-05,-5.71346950435652e-05,Arthroplasty
0.0,2.0,0.0,5.71346950435652e-05,-5.71346950435652e-05,Ocular Manifestations
0.0,2.0,0.0,5.71346950435652e-05,-5.71346950435652e-05,Hormonal Regulation
0.0,2.0,0.0,5.71346950435652e-05,-5.71346950435652e-05,Hormonal Contraceptives
0.0,2.0,0.0,5.71346950435652e-05,-5.71346950435652e-05,Neurocutaneous Disorders
0.0,2.0,0.0,5.71346950435652e-05,-5.71346950435652e-05,Horizontal Gene Transfer
0.0,2.0,0.0,5.71346950435652e-05,-5.71346950435652e-05,Thymus
0.0,2.0,0.0,5.71346950435652e-05,-5.71346950435652e-05,Neurocognitive disorders
0.0,2.0,0.0,5.71346950435652e-05,-5.71346950435652e-05,Apolipoproteins
0.0,2.0,0.0,5.71346950435652e-05,-5.71346950435652e-05,Homicide
0.0,2.0,0.0,5.71346950435652e-05,-5.71346950435652e-05,Homeostasis
0.0,2.0,0.0,5.71346950435652e-05,-5.71346950435652e-05,Laryngeal Nerve Palsy
0.0,2.0,0.0,5.71346950435652e-05,-5.71346950435652e-05,Hodgkin lymphoma
0.0,2.0,0.0,5.71346950435652e-05,-5.71346950435652e-05,Laryngeal Pathology
0.0,2.0,0.0,5.71346950435652e-05,-5.71346950435652e-05,Ocular Motility Disorders
0.0,2.0,0.0,5.71346950435652e-05,-5.71346950435652e-05,Thoracic anatomy
0.0,2.0,0.0,5.71346950435652e-05,-5.71346950435652e-05,Laryngeal cancer
0.0,2.0,0.0,5.71346950435652e-05,-5.71346950435652e-05,Thoracic Outlet Syndrome
0.0,2.0,0.0,5.71346950435652e-05,-5.71346950435652e-05,Laryngeal mask airway
0.0,2.0,0.0,5.71346950435652e-05,-5.71346950435652e-05,Aortic pathology
0.0,2.0,0.0,5.71346950435652e-05,-5.71346950435652e-05,Aortic Dissection
0.0,2.0,0.0,5.71346950435652e-05,-5.71346950435652e-05,Traction
0.0,2.0,0.0,5.71346950435652e-05,-5.71346950435652e-05,Aortic Diseases
0.0,2.0,0.0,5.71346950435652e-05,-5.71346950435652e-05,Trachoma
0.0,2.0,0.0,5.71346950435652e-05,-5.71346950435652e-05,Occupational poisoning
0.0,2.0,0.0,5.71346950435652e-05,-5.71346950435652e-05,Toxoplasmosis
0.0,2.0,0.0,5.71346950435652e-05,-5.71346950435652e-05,Antiprotozoal Drugs
0.0,2.0,0.0,5.71346950435652e-05,-5.71346950435652e-05,Lacrimal system
0.0,2.0,0.0,5.71346950435652e-05,-5.71346950435652e-05,Lacrimal system disorders
0.0,2.0,0.0,5.71346950435652e-05,-5.71346950435652e-05,Antiretroviral Therapy
0.0,2.0,0.0,5.71346950435652e-05,-5.71346950435652e-05,Antiseptics and Disinfectants
0.0,2.0,0.0,5.71346950435652e-05,-5.71346950435652e-05,Hormone Therapy
0.0,2.0,0.0,5.71346950435652e-05,-5.71346950435652e-05,Laparoscopic Complications
0.0,2.0,0.0,5.71346950435652e-05,-5.71346950435652e-05,Tongue
0.0,2.0,0.0,5.71346950435652e-05,-5.71346950435652e-05,Ocular Examination
0.0,2.0,0.0,5.71346950435652e-05,-5.71346950435652e-05,Tinnitus
0.0,2.0,0.0,5.71346950435652e-05,-5.71346950435652e-05,Antiviral drugs
0.0,2.0,0.0,5.71346950435652e-05,-5.71346950435652e-05,Antivirals
0.0,2.0,0.0,5.71346950435652e-05,-5.71346950435652e-05,Tic disorders
0.0,2.0,0.0,5.71346950435652e-05,-5.71346950435652e-05,Tibialis anterior
0.0,2.0,0.0,5.71346950435652e-05,-5.71346950435652e-05,EEG monitoring
0.0,2.0,0.0,5.71346950435652e-05,-5.71346950435652e-05,Health Statistics
0.0,2.0,0.0,5.71346950435652e-05,-5.71346950435652e-05,Neurotransmitter Biochemistry
0.0,2.0,0.0,5.71346950435652e-05,-5.71346950435652e-05,Conduction abnormalities
0.0,2.0,0.0,5.71346950435652e-05,-5.71346950435652e-05,Complex Regional Pain Syndrome
0.0,2.0,0.0,5.71346950435652e-05,-5.71346950435652e-05,Ovarian reserve
0.0,2.0,0.0,5.71346950435652e-05,-5.71346950435652e-05,Methemoglobinemia
0.0,2.0,0.0,5.71346950435652e-05,-5.71346950435652e-05,Compartment syndrome
0.0,2.0,0.0,5.71346950435652e-05,-5.71346950435652e-05,Drug Absorption
0.0,2.0,0.0,5.71346950435652e-05,-5.71346950435652e-05,Depth of Anaesthesia
0.0,2.0,0.0,5.71346950435652e-05,-5.71346950435652e-05,Preoperative Evaluation
0.0,2.0,0.0,5.71346950435652e-05,-5.71346950435652e-05,Ovarian Reserve Assessment
0.0,2.0,0.0,5.71346950435652e-05,-5.71346950435652e-05,Perception Disorders
0.0,2.0,0.0,5.71346950435652e-05,-5.71346950435652e-05,Dream Analysis
0.0,2.0,0.0,5.71346950435652e-05,-5.71346950435652e-05,Colposcopy
0.0,2.0,0.0,5.71346950435652e-05,-5.71346950435652e-05,Mycobacteria
0.0,2.0,0.0,5.71346950435652e-05,-5.71346950435652e-05,Dermatitis Herpetiformis
0.0,2.0,0.0,5.71346950435652e-05,-5.71346950435652e-05,Colorectal Polyps
0.0,2.0,0.0,5.71346950435652e-05,-5.71346950435652e-05,Dermatitis herpetiformis
0.0,2.0,0.0,5.71346950435652e-05,-5.71346950435652e-05,Gestational age assessment
0.0,2.0,0.0,5.71346950435652e-05,-5.71346950435652e-05,Dowry death
0.0,2.0,0.0,5.71346950435652e-05,-5.71346950435652e-05,Primary Survey
0.0,2.0,0.0,5.71346950435652e-05,-5.71346950435652e-05,Primary health centre
0.0,2.0,0.0,5.71346950435652e-05,-5.71346950435652e-05,Dermatological Pharmacology
0.0,2.0,0.0,5.71346950435652e-05,-5.71346950435652e-05,Pemphigus Vulgaris
0.0,2.0,0.0,5.71346950435652e-05,-5.71346950435652e-05,Primary immunodeficiency
0.0,2.0,0.0,5.71346950435652e-05,-5.71346950435652e-05,Primordial Prevention
0.0,2.0,0.0,5.71346950435652e-05,-5.71346950435652e-05,Perineal Tear
0.0,2.0,0.0,5.71346950435652e-05,-5.71346950435652e-05,Perineal tear
0.0,2.0,0.0,5.71346950435652e-05,-5.71346950435652e-05,Coloboma
0.0,2.0,0.0,5.71346950435652e-05,-5.71346950435652e-05,Neonatal Gi Disorders
0.0,2.0,0.0,5.71346950435652e-05,-5.71346950435652e-05,Congenital ocular anomalies
0.0,2.0,0.0,5.71346950435652e-05,-5.71346950435652e-05,Muscles Of The Head And Neck
0.0,2.0,0.0,5.71346950435652e-05,-5.71346950435652e-05,Dehydration Management
0.0,2.0,0.0,5.71346950435652e-05,-5.71346950435652e-05,Muscles of the head and neck
0.0,2.0,0.0,5.71346950435652e-05,-5.71346950435652e-05,Microscopic polyangiitis
0.0,2.0,0.0,5.71346950435652e-05,-5.71346950435652e-05,Congenital eye disorders
0.0,2.0,0.0,5.71346950435652e-05,-5.71346950435652e-05,Congenital disorders
0.0,2.0,0.0,5.71346950435652e-05,-5.71346950435652e-05,Congenital brain malformations
0.0,2.0,0.0,5.71346950435652e-05,-5.71346950435652e-05,Postpartum haemorrhage
0.0,2.0,0.0,5.71346950435652e-05,-5.71346950435652e-05,Muscular Dystrophies
0.0,2.0,0.0,5.71346950435652e-05,-5.71346950435652e-05,Musculoskeletal
0.0,2.0,0.0,5.71346950435652e-05,-5.71346950435652e-05,Micronutrient deficiency
0.0,2.0,0.0,5.71346950435652e-05,-5.71346950435652e-05,Congenital Ocular Anomalies
0.0,2.0,0.0,5.71346950435652e-05,-5.71346950435652e-05,Micronutrient Deficiency
0.0,2.0,0.0,5.71346950435652e-05,-5.71346950435652e-05,Delusional Disorder
0.0,2.0,0.0,5.71346950435652e-05,-5.71346950435652e-05,Peripheral Nerve Entrapment
0.0,2.0,0.0,5.71346950435652e-05,-5.71346950435652e-05,Microcytic anemia
0.0,2.0,0.0,5.71346950435652e-05,-5.71346950435652e-05,Peripheral Arterial Disease
0.0,2.0,0.0,5.71346950435652e-05,-5.71346950435652e-05,Functional Bowel Disorders
0.0,2.0,0.0,5.71346950435652e-05,-5.71346950435652e-05,Congenital CNS malformations
0.0,2.0,0.0,5.71346950435652e-05,-5.71346950435652e-05,Pre-eclampsia Management
0.0,2.0,0.0,5.71346950435652e-05,-5.71346950435652e-05,Demyelinating Diseases
0.0,2.0,0.0,5.71346950435652e-05,-5.71346950435652e-05,Precancerous Lesions
0.0,2.0,0.0,5.71346950435652e-05,-5.71346950435652e-05,Colon
0.0,2.0,0.0,5.71346950435652e-05,-5.71346950435652e-05,Ototoxicity
0.0,2.0,0.0,5.71346950435652e-05,-5.71346950435652e-05,Psychiatric Terminology
0.0,2.0,0.0,5.71346950435652e-05,-5.71346950435652e-05,Coarctation of aorta
0.0,2.0,0.0,5.71346950435652e-05,-5.71346950435652e-05,Neonatal Seizures
0.0,2.0,0.0,5.71346950435652e-05,-5.71346950435652e-05,Fluid & Electrolyte Balance
0.0,2.0,0.0,5.71346950435652e-05,-5.71346950435652e-05,Fragile X Syndrome
0.0,2.0,0.0,5.71346950435652e-05,-5.71346950435652e-05,Myositis Ossificans
0.0,2.0,0.0,5.71346950435652e-05,-5.71346950435652e-05,Coagulation cascade
0.0,2.0,0.0,5.71346950435652e-05,-5.71346950435652e-05,Protein digestion
0.0,2.0,0.0,5.71346950435652e-05,-5.71346950435652e-05,Coagulation Cascade
0.0,2.0,0.0,5.71346950435652e-05,-5.71346950435652e-05,Diagnostic Test Evaluation
0.0,2.0,0.0,5.71346950435652e-05,-5.71346950435652e-05,Protein structure
0.0,2.0,0.0,5.71346950435652e-05,-5.71346950435652e-05,Protein synthesis
0.0,2.0,0.0,5.71346950435652e-05,-5.71346950435652e-05,Protein synthesis inhibitors
0.0,2.0,0.0,5.71346950435652e-05,-5.71346950435652e-05,Mental State Examination
0.0,2.0,0.0,5.71346950435652e-05,-5.71346950435652e-05,Glucose transport
0.0,2.0,0.0,5.71346950435652e-05,-5.71346950435652e-05,Clinical signs
0.0,2.0,0.0,5.71346950435652e-05,-5.71346950435652e-05,Mental Healthcare Act
0.0,2.0,0.0,5.71346950435652e-05,-5.71346950435652e-05,Dysfunctional uterine bleeding
0.0,2.0,0.0,5.71346950435652e-05,-5.71346950435652e-05,Fetal lung maturity
0.0,2.0,0.0,5.71346950435652e-05,-5.71346950435652e-05,Diagnostic criteria
0.0,2.0,0.0,5.71346950435652e-05,-5.71346950435652e-05,Prozone phenomenon
0.0,2.0,0.0,5.71346950435652e-05,-5.71346950435652e-05,Pseudo-obstruction
0.0,2.0,0.0,5.71346950435652e-05,-5.71346950435652e-05,Mental Health Act
0.0,2.0,0.0,5.71346950435652e-05,-5.71346950435652e-05,Clinical Tests
0.0,2.0,0.0,5.71346950435652e-05,-5.71346950435652e-05,Clinical Specimen Collection
0.0,2.0,0.0,5.71346950435652e-05,-5.71346950435652e-05,Pelvic Floor Disorders
0.0,2.0,0.0,5.71346950435652e-05,-5.71346950435652e-05,Pelvic Girdle
0.0,2.0,0.0,5.71346950435652e-05,-5.71346950435652e-05,Prioritization
0.0,2.0,0.0,5.71346950435652e-05,-5.71346950435652e-05,Pelvic Inflammatory Disease Complications
0.0,2.0,0.0,5.71346950435652e-05,-5.71346950435652e-05,Proctology
0.0,2.0,0.0,5.71346950435652e-05,-5.71346950435652e-05,Dermatological pharmacology
0.0,2.0,0.0,5.71346950435652e-05,-5.71346950435652e-05,Myelodysplastic syndromes
0.0,2.0,0.0,5.71346950435652e-05,-5.71346950435652e-05,Pelvic inflammatory disease
0.0,2.0,0.0,5.71346950435652e-05,-5.71346950435652e-05,Prognostic Factors
0.0,2.0,0.0,5.71346950435652e-05,-5.71346950435652e-05,Duct ectasia
0.0,2.0,0.0,5.71346950435652e-05,-5.71346950435652e-05,Dermatomes
0.0,2.0,0.0,5.71346950435652e-05,-5.71346950435652e-05,Prokinetic agents
0.0,2.0,0.0,5.71346950435652e-05,-5.71346950435652e-05,Prolactin
0.0,2.0,0.0,5.71346950435652e-05,-5.71346950435652e-05,Prophylaxis
0.0,2.0,0.0,5.71346950435652e-05,-5.71346950435652e-05,Cognitive Therapy
0.0,2.0,0.0,5.71346950435652e-05,-5.71346950435652e-05,Descriptive Statistics
0.0,2.0,0.0,5.71346950435652e-05,-5.71346950435652e-05,Pelvic Vasculature
0.0,2.0,0.0,5.71346950435652e-05,-5.71346950435652e-05,Coeliac Trunk
0.0,2.0,0.0,5.71346950435652e-05,-5.71346950435652e-05,Pelvic Surgery
0.0,2.0,0.0,5.71346950435652e-05,-5.71346950435652e-05,Fetal medicine
0.0,2.0,0.0,5.71346950435652e-05,-5.71346950435652e-05,Cochlear implant
0.0,2.0,0.0,5.71346950435652e-05,-5.71346950435652e-05,Mesothelioma
0.0,2.0,0.0,5.71346950435652e-05,-5.71346950435652e-05,Pelvic Pain
0.0,2.0,0.0,5.71346950435652e-05,-5.71346950435652e-05,Mesenteries
0.0,2.0,0.0,5.71346950435652e-05,-5.71346950435652e-05,Diabetes insipidus
0.0,2.0,0.0,5.71346950435652e-05,-5.71346950435652e-05,Diabetic Ketoacidosis (DKA)
0.0,2.0,0.0,5.71346950435652e-05,-5.71346950435652e-05,Diabetic Ketoacidosis (Dka)
0.0,2.0,0.0,5.71346950435652e-05,-5.71346950435652e-05,Fibrinolytics
0.0,2.0,0.0,5.71346950435652e-05,-5.71346950435652e-05,Deformities
0.0,2.0,0.0,5.71346950435652e-05,-5.71346950435652e-05,Postoperative care
0.0,2.0,0.0,5.71346950435652e-05,-5.71346950435652e-05,Movement disorders
0.0,2.0,0.0,5.71346950435652e-05,-5.71346950435652e-05,Gangliosidoses
0.0,2.0,0.0,5.71346950435652e-05,-5.71346950435652e-05,Mri Safety
0.0,2.0,0.0,5.71346950435652e-05,-5.71346950435652e-05,Necrosis
0.0,2.0,0.0,5.71346950435652e-05,-5.71346950435652e-05,Cranial nerve anatomy
0.0,2.0,0.0,5.71346950435652e-05,-5.71346950435652e-05,Gametogenesis
0.0,2.0,0.0,5.71346950435652e-05,-5.71346950435652e-05,Mucocutaneous disorders
0.0,2.0,0.0,5.71346950435652e-05,-5.71346950435652e-05,Cranial Nerve Nuclei
0.0,2.0,0.0,5.71346950435652e-05,-5.71346950435652e-05,Fistula in ano
0.0,2.0,0.0,5.71346950435652e-05,-5.71346950435652e-05,Paget Disease
0.0,2.0,0.0,5.71346950435652e-05,-5.71346950435652e-05,Molecular targeted therapy
0.0,2.0,0.0,5.71346950435652e-05,-5.71346950435652e-05,Pharyngeal Muscles
0.0,2.0,0.0,5.71346950435652e-05,-5.71346950435652e-05,Drug Monitoring
0.0,2.0,0.0,5.71346950435652e-05,-5.71346950435652e-05,Cyclothymia
0.0,2.0,0.0,5.71346950435652e-05,-5.71346950435652e-05,Cranial Nerve Disorders
0.0,2.0,0.0,5.71346950435652e-05,-5.71346950435652e-05,Pleural Diseases
0.0,2.0,0.0,5.71346950435652e-05,-5.71346950435652e-05,PQLI
0.0,2.0,0.0,5.71346950435652e-05,-5.71346950435652e-05,Pleural effusion
0.0,2.0,0.0,5.71346950435652e-05,-5.71346950435652e-05,Molecular chaperones
0.0,2.0,0.0,5.71346950435652e-05,-5.71346950435652e-05,Pneumocystis Pneumonia
0.0,2.0,0.0,5.71346950435652e-05,-5.71346950435652e-05,Pneumocystis pneumonia
0.0,2.0,0.0,5.71346950435652e-05,-5.71346950435652e-05,Corynebacterium diphtheriae
0.0,2.0,0.0,5.71346950435652e-05,-5.71346950435652e-05,Pain Medicine
0.0,2.0,0.0,5.71346950435652e-05,-5.71346950435652e-05,Corynebacterium Diphtheriae
0.0,2.0,0.0,5.71346950435652e-05,-5.71346950435652e-05,Fistula In Ano
0.0,2.0,0.0,5.71346950435652e-05,-5.71346950435652e-05,Gas Laws
0.0,2.0,0.0,5.71346950435652e-05,-5.71346950435652e-05,Definitions
0.0,2.0,0.0,5.71346950435652e-05,-5.71346950435652e-05,Purine Biosynthesis
0.0,2.0,0.0,5.71346950435652e-05,-5.71346950435652e-05,Cryoglobulinemia
0.0,2.0,0.0,5.71346950435652e-05,-5.71346950435652e-05,Croup
0.0,2.0,0.0,5.71346950435652e-05,-5.71346950435652e-05,Pituitary Adenoma
0.0,2.0,0.0,5.71346950435652e-05,-5.71346950435652e-05,Motility Disorders
0.0,2.0,0.0,5.71346950435652e-05,-5.71346950435652e-05,Gastric cancer
0.0,2.0,0.0,5.71346950435652e-05,-5.71346950435652e-05,Mortality measures
0.0,2.0,0.0,5.71346950435652e-05,-5.71346950435652e-05,Gastric Secretion
0.0,2.0,0.0,5.71346950435652e-05,-5.71346950435652e-05,Csf Leak
0.0,2.0,0.0,5.71346950435652e-05,-5.71346950435652e-05,Drug administration
0.0,2.0,0.0,5.71346950435652e-05,-5.71346950435652e-05,Pityriasis Rosea
0.0,2.0,0.0,5.71346950435652e-05,-5.71346950435652e-05,Pica
0.0,2.0,0.0,5.71346950435652e-05,-5.71346950435652e-05,Pityriasis rosea
0.0,2.0,0.0,5.71346950435652e-05,-5.71346950435652e-05,First trimester
0.0,2.0,0.0,5.71346950435652e-05,-5.71346950435652e-05,Ct Physics
0.0,2.0,0.0,5.71346950435652e-05,-5.71346950435652e-05,Physical examination
0.0,2.0,0.0,5.71346950435652e-05,-5.71346950435652e-05,Criminal law
0.0,2.0,0.0,5.71346950435652e-05,-5.71346950435652e-05,Cubital Fossa
0.0,2.0,0.0,5.71346950435652e-05,-5.71346950435652e-05,Gastric Disorders
0.0,2.0,0.0,5.71346950435652e-05,-5.71346950435652e-05,Motor pathways
0.0,2.0,0.0,5.71346950435652e-05,-5.71346950435652e-05,Placental Hormones
0.0,2.0,0.0,5.71346950435652e-05,-5.71346950435652e-05,First Trimester
0.0,2.0,0.0,5.71346950435652e-05,-5.71346950435652e-05,Placental disorders
0.0,2.0,0.0,5.71346950435652e-05,-5.71346950435652e-05,Gas exchange
0.0,2.0,0.0,5.71346950435652e-05,-5.71346950435652e-05,Corrosive poisoning
0.0,2.0,0.0,5.71346950435652e-05,-5.71346950435652e-05,Cysts
0.0,2.0,0.0,5.71346950435652e-05,-5.71346950435652e-05,Molecular Chaperones
0.0,2.0,0.0,5.71346950435652e-05,-5.71346950435652e-05,Mumps
0.0,2.0,0.0,5.71346950435652e-05,-5.71346950435652e-05,DVT risk factors
0.0,2.0,0.0,5.71346950435652e-05,-5.71346950435652e-05,Pesticide poisoning
0.0,2.0,0.0,5.71346950435652e-05,-5.71346950435652e-05,Pessary
0.0,2.0,0.0,5.71346950435652e-05,-5.71346950435652e-05,Dactylitis
0.0,2.0,0.0,5.71346950435652e-05,-5.71346950435652e-05,Oxygen therapy
0.0,2.0,0.0,5.71346950435652e-05,-5.71346950435652e-05,Posterior segment
0.0,2.0,0.0,5.71346950435652e-05,-5.71346950435652e-05,Posterior staphyloma
0.0,2.0,0.0,5.71346950435652e-05,-5.71346950435652e-05,Pertussis
0.0,2.0,0.0,5.71346950435652e-05,-5.71346950435652e-05,Damage Control Surgery
0.0,2.0,0.0,5.71346950435652e-05,-5.71346950435652e-05,Consanguinity
0.0,2.0,0.0,5.71346950435652e-05,-5.71346950435652e-05,Connective tissue diseases
0.0,2.0,0.0,5.71346950435652e-05,-5.71346950435652e-05,Drug Elimination
0.0,2.0,0.0,5.71346950435652e-05,-5.71346950435652e-05,Neonatal Dermatology
0.0,2.0,0.0,5.71346950435652e-05,-5.71346950435652e-05,Data Analysis
0.0,2.0,0.0,5.71346950435652e-05,-5.71346950435652e-05,Palate
0.0,2.0,0.0,5.71346950435652e-05,-5.71346950435652e-05,Postmortem Findings
0.0,2.0,0.0,5.71346950435652e-05,-5.71346950435652e-05,Muscle function
0.0,2.0,0.0,5.71346950435652e-05,-5.71346950435652e-05,Decomposition
0.0,2.0,0.0,5.71346950435652e-05,-5.71346950435652e-05,National Tuberculosis Control
0.0,2.0,0.0,5.71346950435652e-05,-5.71346950435652e-05,Oxygen Toxicity
0.0,2.0,0.0,5.71346950435652e-05,-5.71346950435652e-05,Muscle relaxants
0.0,2.0,0.0,5.71346950435652e-05,-5.71346950435652e-05,Congenital uterine anomalies
0.0,2.0,0.0,5.71346950435652e-05,-5.71346950435652e-05,Postoperative Care
0.0,2.0,0.0,5.71346950435652e-05,-5.71346950435652e-05,Contact Dermatitis
0.0,2.0,0.0,5.71346950435652e-05,-5.71346950435652e-05,Milestones
0.0,2.0,0.0,5.71346950435652e-05,-5.71346950435652e-05,Drug Eruptions
0.0,2.0,0.0,5.71346950435652e-05,-5.71346950435652e-05,Polycystic Ovary Syndrome
0.0,2.0,0.0,5.71346950435652e-05,-5.71346950435652e-05,Muscarinic Antagonists
0.0,2.0,0.0,5.71346950435652e-05,-5.71346950435652e-05,Cytoskeleton
0.0,2.0,0.0,5.71346950435652e-05,-5.71346950435652e-05,Coronary arteries
0.0,2.0,0.0,5.71346950435652e-05,-5.71346950435652e-05,Gait biomechanics
0.0,2.0,0.0,5.71346950435652e-05,-5.71346950435652e-05,Gait abnormalities
0.0,2.0,0.0,5.71346950435652e-05,-5.71346950435652e-05,Drug side effects
0.0,2.0,0.0,5.71346950435652e-05,-5.71346950435652e-05,Muscarinic antagonists
0.0,2.0,0.0,5.71346950435652e-05,-5.71346950435652e-05,Polio Eradication
0.0,2.0,0.0,5.71346950435652e-05,-5.71346950435652e-05,Polycystic Ovarian Syndrome
0.0,2.0,0.0,5.71346950435652e-05,-5.71346950435652e-05,Pharmacokinetics principles
0.0,2.0,0.0,5.71346950435652e-05,-5.71346950435652e-05,PCR
0.0,2.0,0.0,5.71346950435652e-05,-5.71346950435652e-05,Pain medicine
0.0,2.0,0.0,5.71346950435652e-05,-5.71346950435652e-05,Pharmacokinetics Principles
0.0,2.0,0.0,5.71346950435652e-05,-5.71346950435652e-05,Polypharmacy
0.0,2.0,0.0,5.71346950435652e-05,-5.71346950435652e-05,Gene Transfer
0.0,2.0,0.0,5.71346950435652e-05,-5.71346950435652e-05,PCOS
0.0,2.0,0.0,5.71346950435652e-05,-5.71346950435652e-05,Contrast Studies
0.0,2.0,0.0,5.71346950435652e-05,-5.71346950435652e-05,Pain Syndromes
0.0,2.0,0.0,5.71346950435652e-05,-5.71346950435652e-05,Phagocytosis
0.0,2.0,0.0,5.71346950435652e-05,-5.71346950435652e-05,DNA structure
0.0,2.0,0.0,5.71346950435652e-05,-5.71346950435652e-05,DNA viruses
0.0,2.0,0.0,5.71346950435652e-05,-5.71346950435652e-05,Contraceptive Methods
0.0,2.0,0.0,5.71346950435652e-05,-5.71346950435652e-05,Diagnostics
0.0,2.0,0.0,5.71346950435652e-05,-5.71346950435652e-05,Pigmented Purpuric Dermatoses
0.0,2.0,0.0,5.71346950435652e-05,-5.71346950435652e-05,Pulmonary hypertension
0.0,2.0,0.0,5.71346950435652e-05,-5.71346950435652e-05,Glycosylation
0.0,2.0,0.0,5.71346950435652e-05,-5.71346950435652e-05,Neonatal Skin Disorders
0.0,2.0,0.0,5.71346950435652e-05,-5.71346950435652e-05,Pupil Disorders
0.0,2.0,0.0,5.71346950435652e-05,-5.71346950435652e-05,Public health
0.0,2.0,0.0,5.71346950435652e-05,-5.71346950435652e-05,Neonatal care
0.0,2.0,0.0,5.71346950435652e-05,-5.71346950435652e-05,Dopamine antagonists
0.0,2.0,0.0,5.71346950435652e-05,-5.71346950435652e-05,Cleft Palate
0.0,2.0,0.0,5.71346950435652e-05,-5.71346950435652e-05,Pectoral region
0.0,2.0,0.0,5.71346950435652e-05,-5.71346950435652e-05,Foodborne illnesses
0.0,2.0,0.0,5.71346950435652e-05,-5.71346950435652e-05,Pathophysiology
0.0,2.0,0.0,5.71346950435652e-05,-5.71346950435652e-05,Psychomotor symptoms
0.0,2.0,0.0,5.71346950435652e-05,-5.71346950435652e-05,Diarrhea
0.0,2.0,0.0,5.71346950435652e-05,-5.71346950435652e-05,Psychology
0.0,2.0,0.0,5.71346950435652e-05,-5.71346950435652e-05,Claudication
0.0,2.0,0.0,5.71346950435652e-05,-5.71346950435652e-05,Cleft lip and palate
0.0,2.0,0.0,5.71346950435652e-05,-5.71346950435652e-05,Pde5 Inhibitors
0.0,2.0,0.0,5.71346950435652e-05,-5.71346950435652e-05,Menorrhagia
0.0,2.0,0.0,5.71346950435652e-05,-5.71346950435652e-05,NADPH Production
0.0,2.0,0.0,5.71346950435652e-05,-5.71346950435652e-05,Patent Ductus Arteriosus
0.0,2.0,0.0,5.71346950435652e-05,-5.71346950435652e-05,Cholinesterase inhibitors
0.0,2.0,0.0,5.71346950435652e-05,-5.71346950435652e-05,Pulmonary manifestations
0.0,2.0,0.0,5.71346950435652e-05,-5.71346950435652e-05,Public Health Administration
0.0,2.0,0.0,5.71346950435652e-05,-5.71346950435652e-05,Parotid Gland
0.0,2.0,0.0,5.71346950435652e-05,-5.71346950435652e-05,Fluid Management
0.0,2.0,0.0,5.71346950435652e-05,-5.71346950435652e-05,Dysmorphic Syndromes
0.0,2.0,0.0,5.71346950435652e-05,-5.71346950435652e-05,Meniere'S Disease
0.0,2.0,0.0,5.71346950435652e-05,-5.71346950435652e-05,Diplopia
0.0,2.0,0.0,5.71346950435652e-05,-5.71346950435652e-05,Meningococcal vaccine
0.0,2.0,0.0,5.71346950435652e-05,-5.71346950435652e-05,Chronic Obstructive Pulmonary Disease
0.0,2.0,0.0,5.71346950435652e-05,-5.71346950435652e-05,Pediatric Emergency
0.0,2.0,0.0,5.71346950435652e-05,-5.71346950435652e-05,Fluid Electrolyte Balance
0.0,2.0,0.0,5.71346950435652e-05,-5.71346950435652e-05,NMDA receptors
0.0,2.0,0.0,5.71346950435652e-05,-5.71346950435652e-05,Meniere's disease
0.0,2.0,0.0,5.71346950435652e-05,-5.71346950435652e-05,Foot drop
0.0,2.0,0.0,5.71346950435652e-05,-5.71346950435652e-05,Chronic Otitis Media
0.0,2.0,0.0,5.71346950435652e-05,-5.71346950435652e-05,Foot And Ankle
0.0,2.0,0.0,5.71346950435652e-05,-5.71346950435652e-05,Dysphagia
0.0,2.0,0.0,5.71346950435652e-05,-5.71346950435652e-05,Cleft Lip and Palate
0.0,2.0,0.0,5.71346950435652e-05,-5.71346950435652e-05,Nasal Polyposis
0.0,2.0,0.0,5.71346950435652e-05,-5.71346950435652e-05,Forearm Muscles
0.0,2.0,0.0,5.71346950435652e-05,-5.71346950435652e-05,Nail disease
0.0,2.0,0.0,5.71346950435652e-05,-5.71346950435652e-05,Diffusion
0.0,2.0,0.0,5.71346950435652e-05,-5.71346950435652e-05,Cirrhosis
0.0,2.0,0.0,5.71346950435652e-05,-5.71346950435652e-05,Pupillary Reflex
0.0,2.0,0.0,5.71346950435652e-05,-5.71346950435652e-05,Classification
0.0,2.0,0.0,5.71346950435652e-05,-5.71346950435652e-05,Folic acid supplementation
0.0,2.0,0.0,5.71346950435652e-05,-5.71346950435652e-05,Dialysis Complications
0.0,2.0,0.0,5.71346950435652e-05,-5.71346950435652e-05,Glycemic Control
0.0,2.0,0.0,5.71346950435652e-05,-5.71346950435652e-05,Dyslipidemia Management
0.0,2.0,0.0,5.71346950435652e-05,-5.71346950435652e-05,Dopamine agonists
0.0,2.0,0.0,5.71346950435652e-05,-5.71346950435652e-05,Food Microbiology
0.0,2.0,0.0,5.71346950435652e-05,-5.71346950435652e-05,Parasomnias
0.0,2.0,0.0,5.71346950435652e-05,-5.71346950435652e-05,Membrane biology
0.0,2.0,0.0,5.71346950435652e-05,-5.71346950435652e-05,Dopamine receptors
0.0,2.0,0.0,5.71346950435652e-05,-5.71346950435652e-05,Cholinergic Agonists
0.0,2.0,0.0,5.71346950435652e-05,-5.71346950435652e-05,Patient Safety
0.0,2.0,0.0,5.71346950435652e-05,-5.71346950435652e-05,Folate metabolism
0.0,2.0,0.0,5.71346950435652e-05,-5.71346950435652e-05,Psychodynamic Theories
0.0,2.0,0.0,5.71346950435652e-05,-5.71346950435652e-05,Dialysis complications
0.0,2.0,0.0,5.71346950435652e-05,-5.71346950435652e-05,Goitre
0.0,2.0,0.0,5.71346950435652e-05,-5.71346950435652e-05,Nasal Septum Surgery
0.0,2.0,0.0,5.71346950435652e-05,-5.71346950435652e-05,Foot anatomy
0.0,2.0,0.0,5.71346950435652e-05,-5.71346950435652e-05,Dysmorphic syndromes
0.0,2.0,0.0,5.71346950435652e-05,-5.71346950435652e-05,Psychiatric history
0.0,2.0,0.0,5.71346950435652e-05,-5.71346950435652e-05,Digestion and Absorption
0.0,2.0,0.0,5.71346950435652e-05,-5.71346950435652e-05,Pulmonary function tests
0.0,2.0,0.0,5.71346950435652e-05,-5.71346950435652e-05,Psychiatric management
10.0,63.0,0.001717032967032967,0.0017997428938723039,-8.270992683933687e-05,Airway Management
7.0,45.0,0.001201923076923077,0.001285530638480217,-8.360756155714006e-05,Throat & Larynx
2.0,15.0,0.00034340659340659343,0.00042851021282673904,-8.51036194201456e-05,Pelvic anatomy
2.0,15.0,0.00034340659340659343,0.00042851021282673904,-8.51036194201456e-05,Ballistics
2.0,15.0,0.00034340659340659343,0.00042851021282673904,-8.51036194201456e-05,Health Education
2.0,15.0,0.00034340659340659343,0.00042851021282673904,-8.51036194201456e-05,Membrane Transport
2.0,15.0,0.00034340659340659343,0.00042851021282673904,-8.51036194201456e-05,Metabolic disorders
2.0,15.0,0.00034340659340659343,0.00042851021282673904,-8.51036194201456e-05,Brachial Plexus
1.0,9.0,0.00017170329670329672,0.0002571061276960434,-8.54028309927467e-05,Skin Lesions
1.0,9.0,0.00017170329670329672,0.0002571061276960434,-8.54028309927467e-05,Musculoskeletal Radiology
1.0,9.0,0.00017170329670329672,0.0002571061276960434,-8.54028309927467e-05,Medical Negligence
1.0,9.0,0.00017170329670329672,0.0002571061276960434,-8.54028309927467e-05,Cellular Physiology
1.0,9.0,0.00017170329670329672,0.0002571061276960434,-8.54028309927467e-05,Tonsillectomy
1.0,9.0,0.00017170329670329672,0.0002571061276960434,-8.54028309927467e-05,Cardiac electrophysiology
1.0,9.0,0.00017170329670329672,0.0002571061276960434,-8.54028309927467e-05,Thyroid Neoplasms
1.0,9.0,0.00017170329670329672,0.0002571061276960434,-8.54028309927467e-05,Head and neck anatomy
1.0,9.0,0.00017170329670329672,0.0002571061276960434,-8.54028309927467e-05,CNS Pharmacology
1.0,9.0,0.00017170329670329672,0.0002571061276960434,-8.54028309927467e-05,Nail Disorders
1.0,9.0,0.00017170329670329672,0.0002571061276960434,-8.54028309927467e-05,Hepatitis B
1.0,9.0,0.00017170329670329672,0.0002571061276960434,-8.54028309927467e-05,Conjunctivitis
1.0,9.0,0.00017170329670329672,0.0002571061276960434,-8.54028309927467e-05,Substance Abuse
0.0,3.0,0.0,8.570204256534781e-05,-8.570204256534781e-05,Trigeminal Nerve
0.0,3.0,0.0,8.570204256534781e-05,-8.570204256534781e-05,Occupational Lung Diseases
0.0,3.0,0.0,8.570204256534781e-05,-8.570204256534781e-05,Biologic agents
0.0,3.0,0.0,8.570204256534781e-05,-8.570204256534781e-05,Neurodegenerative disorders
0.0,3.0,0.0,8.570204256534781e-05,-8.570204256534781e-05,Liver Function Tests
0.0,3.0,0.0,8.570204256534781e-05,-8.570204256534781e-05,Control of Breathing
0.0,3.0,0.0,8.570204256534781e-05,-8.570204256534781e-05,Bio-Medical Waste Management
0.0,3.0,0.0,8.570204256534781e-05,-8.570204256534781e-05,Enterococcus
0.0,3.0,0.0,8.570204256534781e-05,-8.570204256534781e-05,Antihelminthic drugs
0.0,3.0,0.0,8.570204256534781e-05,-8.570204256534781e-05,Tympanic Membrane
0.0,3.0,0.0,8.570204256534781e-05,-8.570204256534781e-05,Strangulation
0.0,3.0,0.0,8.570204256534781e-05,-8.570204256534781e-05,Neisseria gonorrhoeae
0.0,3.0,0.0,8.570204256534781e-05,-8.570204256534781e-05,Hospital Waste Management
0.0,3.0,0.0,8.570204256534781e-05,-8.570204256534781e-05,Control Of Breathing
0.0,3.0,0.0,8.570204256534781e-05,-8.570204256534781e-05,E. Coli
0.0,3.0,0.0,8.570204256534781e-05,-8.570204256534781e-05,Biliary system
0.0,3.0,0.0,8.570204256534781e-05,-8.570204256534781e-05,Porphyria
0.0,3.0,0.0,8.570204256534781e-05,-8.570204256534781e-05,Biologic Agents
0.0,3.0,0.0,8.570204256534781e-05,-8.570204256534781e-05,Steroidogenesis
0.0,3.0,0.0,8.570204256534781e-05,-8.570204256534781e-05,Liver Abscess
0.0,3.0,0.0,8.570204256534781e-05,-8.570204256534781e-05,Portal hypertension
0.0,3.0,0.0,8.570204256534781e-05,-8.570204256534781e-05,Antigout drugs
0.0,3.0,0.0,8.570204256534781e-05,-8.570204256534781e-05,Biliary Tract Neoplasms
0.0,3.0,0.0,8.570204256534781e-05,-8.570204256534781e-05,DNA Structure
0.0,3.0,0.0,8.570204256534781e-05,-8.570204256534781e-05,Liver Diseases
0.0,3.0,0.0,8.570204256534781e-05,-8.570204256534781e-05,Stomach
0.0,3.0,0.0,8.570204256534781e-05,-8.570204256534781e-05,Starvation Metabolism
0.0,3.0,0.0,8.570204256534781e-05,-8.570204256534781e-05,Contrast agents
0.0,3.0,0.0,8.570204256534781e-05,-8.570204256534781e-05,Medical Legislation
0.0,3.0,0.0,8.570204256534781e-05,-8.570204256534781e-05,Bilirubin metabolism
0.0,3.0,0.0,8.570204256534781e-05,-8.570204256534781e-05,Triptans
0.0,3.0,0.0,8.570204256534781e-05,-8.570204256534781e-05,Minerals
0.0,3.0,0.0,8.570204256534781e-05,-8.570204256534781e-05,Hemorrhage
0.0,3.0,0.0,8.570204256534781e-05,-8.570204256534781e-05,Radiographic Views
0.0,3.0,0.0,8.570204256534781e-05,-8.570204256534781e-05,Biogenic Amines
0.0,3.0,0.0,8.570204256534781e-05,-8.570204256534781e-05,Antihelminthic Drugs
0.0,3.0,0.0,8.570204256534781e-05,-8.570204256534781e-05,Antidepressant Drugs
0.0,3.0,0.0,8.570204256534781e-05,-8.570204256534781e-05,Insecticides
0.0,3.0,0.0,8.570204256534781e-05,-8.570204256534781e-05,Antiemetic drugs
0.0,3.0,0.0,8.570204256534781e-05,-8.570204256534781e-05,Genetic counseling
0.0,3.0,0.0,8.570204256534781e-05,-8.570204256534781e-05,Mediastinal Compartments
0.0,3.0,0.0,8.570204256534781e-05,-8.570204256534781e-05,Liver transplantation
0.0,3.0,0.0,8.570204256534781e-05,-8.570204256534781e-05,Active Transport
0.0,3.0,0.0,8.570204256534781e-05,-8.570204256534781e-05,Obstructive Lung Disease
0.0,3.0,0.0,8.570204256534781e-05,-8.570204256534781e-05,Receptor Pharmacology
0.0,3.0,0.0,8.570204256534781e-05,-8.570204256534781e-05,Hematopoiesis
0.0,3.0,0.0,8.570204256534781e-05,-8.570204256534781e-05,Bone Diseases
0.0,3.0,0.0,8.570204256534781e-05,-8.570204256534781e-05,Postnatal care
0.0,3.0,0.0,8.570204256534781e-05,-8.570204256534781e-05,Urethral injuries
0.0,3.0,0.0,8.570204256534781e-05,-8.570204256534781e-05,Fluid and electrolyte balance
0.0,3.0,0.0,8.570204256534781e-05,-8.570204256534781e-05,Menopause Management
0.0,3.0,0.0,8.570204256534781e-05,-8.570204256534781e-05,Spermatic cord
0.0,3.0,0.0,8.570204256534781e-05,-8.570204256534781e-05,Spermatic Cord
0.0,3.0,0.0,8.570204256534781e-05,-8.570204256534781e-05,Epiphyses
0.0,3.0,0.0,8.570204256534781e-05,-8.570204256534781e-05,Cervical Incompetence
0.0,3.0,0.0,8.570204256534781e-05,-8.570204256534781e-05,Neoplasms
0.0,3.0,0.0,8.570204256534781e-05,-8.570204256534781e-05,Peripheral nerve injury
0.0,3.0,0.0,8.570204256534781e-05,-8.570204256534781e-05,Knee Disorders
0.0,3.0,0.0,8.570204256534781e-05,-8.570204256534781e-05,Helminth morphology
0.0,3.0,0.0,8.570204256534781e-05,-8.570204256534781e-05,Helminth Morphology
0.0,3.0,0.0,8.570204256534781e-05,-8.570204256534781e-05,Bone disorders
0.0,3.0,0.0,8.570204256534781e-05,-8.570204256534781e-05,Microscopy
0.0,3.0,0.0,8.570204256534781e-05,-8.570204256534781e-05,Anti-Tubercular Drugs
0.0,3.0,0.0,8.570204256534781e-05,-8.570204256534781e-05,Somatization disorder
0.0,3.0,0.0,8.570204256534781e-05,-8.570204256534781e-05,Somatization Disorder
0.0,3.0,0.0,8.570204256534781e-05,-8.570204256534781e-05,Nocturnal Enuresis
0.0,3.0,0.0,8.570204256534781e-05,-8.570204256534781e-05,Neonatal Skin Conditions
0.0,3.0,0.0,8.570204256534781e-05,-8.570204256534781e-05,Ophthalmic Optics
0.0,3.0,0.0,8.570204256534781e-05,-8.570204256534781e-05,Fetal Surveillance
0.0,3.0,0.0,8.570204256534781e-05,-8.570204256534781e-05,Organ Donation
0.0,3.0,0.0,8.570204256534781e-05,-8.570204256534781e-05,Death Certificate
0.0,3.0,0.0,8.570204256534781e-05,-8.570204256534781e-05,Radiological signs
0.0,3.0,0.0,8.570204256534781e-05,-8.570204256534781e-05,Medical Ethics and Law
0.0,3.0,0.0,8.570204256534781e-05,-8.570204256534781e-05,Sports injuries
0.0,3.0,0.0,8.570204256534781e-05,-8.570204256534781e-05,Nitric Oxide
0.0,3.0,0.0,8.570204256534781e-05,-8.570204256534781e-05,Occupational Deafness
0.0,3.0,0.0,8.570204256534781e-05,-8.570204256534781e-05,Bioterrorism Agents
0.0,3.0,0.0,8.570204256534781e-05,-8.570204256534781e-05,Pulmonary Hypertension
0.0,3.0,0.0,8.570204256534781e-05,-8.570204256534781e-05,Liver Transplant
0.0,3.0,0.0,8.570204256534781e-05,-8.570204256534781e-05,Nitrogen Metabolism
0.0,3.0,0.0,8.570204256534781e-05,-8.570204256534781e-05,Antidepressant drugs
0.0,3.0,0.0,8.570204256534781e-05,-8.570204256534781e-05,Liver Transplantation
0.0,3.0,0.0,8.570204256534781e-05,-8.570204256534781e-05,Constitution
0.0,3.0,0.0,8.570204256534781e-05,-8.570204256534781e-05,Trichotillomania
0.0,3.0,0.0,8.570204256534781e-05,-8.570204256534781e-05,Anticonvulsants
0.0,3.0,0.0,8.570204256534781e-05,-8.570204256534781e-05,Radiopharmaceuticals
0.0,3.0,0.0,8.570204256534781e-05,-8.570204256534781e-05,Enteric nervous system
0.0,3.0,0.0,8.570204256534781e-05,-8.570204256534781e-05,Perthes Disease
0.0,3.0,0.0,8.570204256534781e-05,-8.570204256534781e-05,Dactylography
0.0,3.0,0.0,8.570204256534781e-05,-8.570204256534781e-05,One Carbon Metabolism
0.0,3.0,0.0,8.570204256534781e-05,-8.570204256534781e-05,Cesarean section
0.0,3.0,0.0,8.570204256534781e-05,-8.570204256534781e-05,Hydatid Disease
0.0,3.0,0.0,8.570204256534781e-05,-8.570204256534781e-05,Anticholinesterase agents
0.0,3.0,0.0,8.570204256534781e-05,-8.570204256534781e-05,Hemodialysis
0.0,3.0,0.0,8.570204256534781e-05,-8.570204256534781e-05,Chronic pancreatitis
0.0,3.0,0.0,8.570204256534781e-05,-8.570204256534781e-05,Pulmonary
0.0,3.0,0.0,8.570204256534781e-05,-8.570204256534781e-05,Conjunctival disorders
0.0,3.0,0.0,8.570204256534781e-05,-8.570204256534781e-05,Anticholinesterase Agents
0.0,3.0,0.0,8.570204256534781e-05,-8.570204256534781e-05,Muscle Relaxants
0.0,3.0,0.0,8.570204256534781e-05,-8.570204256534781e-05,Muscle anatomy
0.0,3.0,0.0,8.570204256534781e-05,-8.570204256534781e-05,Ponseti Method
0.0,3.0,0.0,8.570204256534781e-05,-8.570204256534781e-05,Notochord
0.0,3.0,0.0,8.570204256534781e-05,-8.570204256534781e-05,Occupational deafness
0.0,3.0,0.0,8.570204256534781e-05,-8.570204256534781e-05,Thrombocytopenia
0.0,3.0,0.0,8.570204256534781e-05,-8.570204256534781e-05,Appetite Regulation
0.0,3.0,0.0,8.570204256534781e-05,-8.570204256534781e-05,Laryngeal Neoplasms
0.0,3.0,0.0,8.570204256534781e-05,-8.570204256534781e-05,Gastric secretions
0.0,3.0,0.0,8.570204256534781e-05,-8.570204256534781e-05,Syndromic Surveillance
0.0,3.0,0.0,8.570204256534781e-05,-8.570204256534781e-05,Febrile Seizures
0.0,3.0,0.0,8.570204256534781e-05,-8.570204256534781e-05,Syndromic surveillance
0.0,3.0,0.0,8.570204256534781e-05,-8.570204256534781e-05,Legislation
0.0,3.0,0.0,8.570204256534781e-05,-8.570204256534781e-05,Levels of Prevention
0.0,3.0,0.0,8.570204256534781e-05,-8.570204256534781e-05,Child health
0.0,3.0,0.0,8.570204256534781e-05,-8.570204256534781e-05,Ocular surface
0.0,3.0,0.0,8.570204256534781e-05,-8.570204256534781e-05,Neck muscles
0.0,3.0,0.0,8.570204256534781e-05,-8.570204256534781e-05,Systemic Lupus Erythematosus
0.0,3.0,0.0,8.570204256534781e-05,-8.570204256534781e-05,Arterial Anastomoses
0.0,3.0,0.0,8.570204256534781e-05,-8.570204256534781e-05,Mortality
0.0,3.0,0.0,8.570204256534781e-05,-8.570204256534781e-05,Abdominal Wall Anatomy
0.0,3.0,0.0,8.570204256534781e-05,-8.570204256534781e-05,Craniovertebral Junction
0.0,3.0,0.0,8.570204256534781e-05,-8.570204256534781e-05,Pupil disorders
0.0,3.0,0.0,8.570204256534781e-05,-8.570204256534781e-05,Abdominal regions
0.0,3.0,0.0,8.570204256534781e-05,-8.570204256534781e-05,Ear pathology
0.0,3.0,0.0,8.570204256534781e-05,-8.570204256534781e-05,Thyroid Gland
0.0,3.0,0.0,8.570204256534781e-05,-8.570204256534781e-05,Hereditary polyposis syndromes
0.0,3.0,0.0,8.570204256534781e-05,-8.570204256534781e-05,Cranial nerve palsies
0.0,3.0,0.0,8.570204256534781e-05,-8.570204256534781e-05,Cranial nerve disorders
0.0,3.0,0.0,8.570204256534781e-05,-8.570204256534781e-05,Food adulteration
0.0,3.0,0.0,8.570204256534781e-05,-8.570204256534781e-05,Plasma Cell Neoplasms
0.0,3.0,0.0,8.570204256534781e-05,-8.570204256534781e-05,Plasma Expanders
0.0,3.0,0.0,8.570204256534781e-05,-8.570204256534781e-05,Chickenpox
0.0,3.0,0.0,8.570204256534781e-05,-8.570204256534781e-05,Aortic dissection
0.0,3.0,0.0,8.570204256534781e-05,-8.570204256534781e-05,Surgical procedures
0.0,3.0,0.0,8.570204256534781e-05,-8.570204256534781e-05,Aortic arch
0.0,3.0,0.0,8.570204256534781e-05,-8.570204256534781e-05,Gallstones
0.0,3.0,0.0,8.570204256534781e-05,-8.570204256534781e-05,Legal medicine
0.0,3.0,0.0,8.570204256534781e-05,-8.570204256534781e-05,Arterial anastomoses
0.0,3.0,0.0,8.570204256534781e-05,-8.570204256534781e-05,Thoracic imaging
0.0,3.0,0.0,8.570204256534781e-05,-8.570204256534781e-05,Pityriasis Rubra Pilaris
0.0,3.0,0.0,8.570204256534781e-05,-8.570204256534781e-05,History Of Psychiatry
0.0,3.0,0.0,8.570204256534781e-05,-8.570204256534781e-05,Attention Deficit Hyperactivity Disorder
0.0,3.0,0.0,8.570204256534781e-05,-8.570204256534781e-05,History Of Microbiology
0.0,3.0,0.0,8.570204256534781e-05,-8.570204256534781e-05,Neuro-oncology
0.0,3.0,0.0,8.570204256534781e-05,-8.570204256534781e-05,Gastric Secretions
0.0,3.0,0.0,8.570204256534781e-05,-8.570204256534781e-05,Nasolacrimal obstruction
0.0,3.0,0.0,8.570204256534781e-05,-8.570204256534781e-05,Cruciate ligament
0.0,3.0,0.0,8.570204256534781e-05,-8.570204256534781e-05,Fatty Liver
0.0,3.0,0.0,8.570204256534781e-05,-8.570204256534781e-05,Criminal procedure
0.0,3.0,0.0,8.570204256534781e-05,-8.570204256534781e-05,Pituitary disorders
0.0,3.0,0.0,8.570204256534781e-05,-8.570204256534781e-05,Cryptorchidism
0.0,3.0,0.0,8.570204256534781e-05,-8.570204256534781e-05,Ocular motility disorders
0.0,3.0,0.0,8.570204256534781e-05,-8.570204256534781e-05,Legal Definitions
0.0,3.0,0.0,8.570204256534781e-05,-8.570204256534781e-05,Eye
0.0,3.0,0.0,8.570204256534781e-05,-8.570204256534781e-05,Takayasu arteritis
0.0,3.0,0.0,8.570204256534781e-05,-8.570204256534781e-05,Laryngeal anatomy
0.0,3.0,0.0,8.570204256534781e-05,-8.570204256534781e-05,Tachypnea
0.0,3.0,0.0,8.570204256534781e-05,-8.570204256534781e-05,Pityriasis rubra pilaris
0.0,3.0,0.0,8.570204256534781e-05,-8.570204256534781e-05,Pupillary Reflexes
0.0,3.0,0.0,8.570204256534781e-05,-8.570204256534781e-05,Physical Examination
0.0,3.0,0.0,8.570204256534781e-05,-8.570204256534781e-05,Inferential Statistics
0.0,3.0,0.0,8.570204256534781e-05,-8.570204256534781e-05,Autoimmune blistering diseases
0.0,3.0,0.0,8.570204256534781e-05,-8.570204256534781e-05,Thiopentone
0.0,3.0,0.0,8.570204256534781e-05,-8.570204256534781e-05,Hip
0.0,3.0,0.0,8.570204256534781e-05,-8.570204256534781e-05,Placenta Praevia
0.0,3.0,0.0,8.570204256534781e-05,-8.570204256534781e-05,Neuroblastoma
0.0,3.0,0.0,8.570204256534781e-05,-8.570204256534781e-05,Abdominal Regions
0.0,3.0,0.0,8.570204256534781e-05,-8.570204256534781e-05,Arteriosclerosis
0.0,3.0,0.0,8.570204256534781e-05,-8.570204256534781e-05,Fatty liver
0.0,3.0,0.0,8.570204256534781e-05,-8.570204256534781e-05,Cholinergic Drugs
0.0,3.0,0.0,8.570204256534781e-05,-8.570204256534781e-05,Laparoscopy
0.0,3.0,0.0,8.570204256534781e-05,-8.570204256534781e-05,Plasma expanders
0.0,3.0,0.0,8.570204256534781e-05,-8.570204256534781e-05,Patellofemoral disorders
0.0,3.0,0.0,8.570204256534781e-05,-8.570204256534781e-05,Medical qualifications
0.0,3.0,0.0,8.570204256534781e-05,-8.570204256534781e-05,Lacrimal System
0.0,3.0,0.0,8.570204256534781e-05,-8.570204256534781e-05,Antiparasitic Drugs
0.0,3.0,0.0,8.570204256534781e-05,-8.570204256534781e-05,Muscle Anatomy
0.0,3.0,0.0,8.570204256534781e-05,-8.570204256534781e-05,Polio
0.0,3.0,0.0,8.570204256534781e-05,-8.570204256534781e-05,Medical legislation
0.0,3.0,0.0,8.570204256534781e-05,-8.570204256534781e-05,Transfusion Reactions
0.0,3.0,0.0,8.570204256534781e-05,-8.570204256534781e-05,Radiation safety
0.0,3.0,0.0,8.570204256534781e-05,-8.570204256534781e-05,Aortic Imaging
0.0,3.0,0.0,8.570204256534781e-05,-8.570204256534781e-05,Disability
0.0,3.0,0.0,8.570204256534781e-05,-8.570204256534781e-05,Extrapyramidal Side Effects
0.0,3.0,0.0,8.570204256534781e-05,-8.570204256534781e-05,Nerves
0.0,3.0,0.0,8.570204256534781e-05,-8.570204256534781e-05,Gender Dysphoria
0.0,3.0,0.0,8.570204256534781e-05,-8.570204256534781e-05,Cytochrome P450
0.0,3.0,0.0,8.570204256534781e-05,-8.570204256534781e-05,Galactose Metabolism
0.0,3.0,0.0,8.570204256534781e-05,-8.570204256534781e-05,Subclavian artery
0.0,3.0,0.0,8.570204256534781e-05,-8.570204256534781e-05,Subclavian Artery
0.0,3.0,0.0,8.570204256534781e-05,-8.570204256534781e-05,Coronary Circulation
0.0,3.0,0.0,8.570204256534781e-05,-8.570204256534781e-05,Neck Injuries
0.0,3.0,0.0,8.570204256534781e-05,-8.570204256534781e-05,Study design
0.0,3.0,0.0,8.570204256534781e-05,-8.570204256534781e-05,Antimuscarinic drugs
0.0,3.0,0.0,8.570204256534781e-05,-8.570204256534781e-05,Neisseria Gonorrhoeae
0.0,3.0,0.0,8.570204256534781e-05,-8.570204256534781e-05,Gene Expression
0.0,3.0,0.0,8.570204256534781e-05,-8.570204256534781e-05,Hormones
0.0,3.0,0.0,8.570204256534781e-05,-8.570204256534781e-05,Infant Mortality
0.0,3.0,0.0,8.570204256534781e-05,-8.570204256534781e-05,Stroke Syndromes
0.0,3.0,0.0,8.570204256534781e-05,-8.570204256534781e-05,Copper metabolism
0.0,3.0,0.0,8.570204256534781e-05,-8.570204256534781e-05,Stroke
0.0,3.0,0.0,8.570204256534781e-05,-8.570204256534781e-05,Lipoprotein Disorders
0.0,3.0,0.0,8.570204256534781e-05,-8.570204256534781e-05,Enuresis
0.0,3.0,0.0,8.570204256534781e-05,-8.570204256534781e-05,Antimicrobial Susceptibility Testing
0.0,3.0,0.0,8.570204256534781e-05,-8.570204256534781e-05,Organ donation
0.0,3.0,0.0,8.570204256534781e-05,-8.570204256534781e-05,Tourette syndrome
0.0,3.0,0.0,8.570204256534781e-05,-8.570204256534781e-05,Sulfonamides
0.0,3.0,0.0,8.570204256534781e-05,-8.570204256534781e-05,Tourette Syndrome
0.0,3.0,0.0,8.570204256534781e-05,-8.570204256534781e-05,Xenobiotic Metabolism
0.0,3.0,0.0,8.570204256534781e-05,-8.570204256534781e-05,Surgical instruments
0.0,3.0,0.0,8.570204256534781e-05,-8.570204256534781e-05,Nasal cavity
0.0,3.0,0.0,8.570204256534781e-05,-8.570204256534781e-05,Cranial Nerve Palsies
0.0,3.0,0.0,8.570204256534781e-05,-8.570204256534781e-05,Granulomatous Diseases
0.0,3.0,0.0,8.570204256534781e-05,-8.570204256534781e-05,Aortic Arch
0.0,3.0,0.0,8.570204256534781e-05,-8.570204256534781e-05,Laparoscopic surgery
0.0,3.0,0.0,8.570204256534781e-05,-8.570204256534781e-05,Aortic Aneurysm
0.0,3.0,0.0,8.570204256534781e-05,-8.570204256534781e-05,Anxiolytics
0.0,3.0,0.0,8.570204256534781e-05,-8.570204256534781e-05,Chorda tympani
0.0,3.0,0.0,8.570204256534781e-05,-8.570204256534781e-05,Pharyngology
0.0,3.0,0.0,8.570204256534781e-05,-8.570204256534781e-05,Antiulcer Drugs
0.0,3.0,0.0,8.570204256534781e-05,-8.570204256534781e-05,Medicolegal Autopsy
0.0,3.0,0.0,8.570204256534781e-05,-8.570204256534781e-05,Radial nerve
0.0,3.0,0.0,8.570204256534781e-05,-8.570204256534781e-05,Graves Disease
0.0,3.0,0.0,8.570204256534781e-05,-8.570204256534781e-05,Neurocutaneous syndromes
0.0,3.0,0.0,8.570204256534781e-05,-8.570204256534781e-05,Sulfur Metabolism
0.0,3.0,0.0,8.570204256534781e-05,-8.570204256534781e-05,Parkinson'S Disease
0.0,3.0,0.0,8.570204256534781e-05,-8.570204256534781e-05,Tonsil Disorders
0.0,3.0,0.0,8.570204256534781e-05,-8.570204256534781e-05,Radiation Effects
0.0,3.0,0.0,8.570204256534781e-05,-8.570204256534781e-05,Cystic Fibrosis
0.0,3.0,0.0,8.570204256534781e-05,-8.570204256534781e-05,Parkinson's disease
0.0,3.0,0.0,8.570204256534781e-05,-8.570204256534781e-05,Radiation Hazards
0.0,3.0,0.0,8.570204256534781e-05,-8.570204256534781e-05,Behavioral Science
0.0,3.0,0.0,8.570204256534781e-05,-8.570204256534781e-05,Pharmacovigilance
0.0,3.0,0.0,8.570204256534781e-05,-8.570204256534781e-05,Antiseptics And Disinfectants
0.0,3.0,0.0,8.570204256534781e-05,-8.570204256534781e-05,Behavioral Therapy
0.0,3.0,0.0,8.570204256534781e-05,-8.570204256534781e-05,Antiretroviral drugs
0.0,3.0,0.0,8.570204256534781e-05,-8.570204256534781e-05,Parkinsonism
0.0,3.0,0.0,8.570204256534781e-05,-8.570204256534781e-05,Limbic System
0.0,3.0,0.0,8.570204256534781e-05,-8.570204256534781e-05,Sulfur metabolism
0.0,3.0,0.0,8.570204256534781e-05,-8.570204256534781e-05,Nerve Physiology
0.0,3.0,0.0,8.570204256534781e-05,-8.570204256534781e-05,Ophthalmic Investigations
0.0,3.0,0.0,8.570204256534781e-05,-8.570204256534781e-05,Amniotic fluid
0.0,3.0,0.0,8.570204256534781e-05,-8.570204256534781e-05,Oral contraceptives
0.0,3.0,0.0,8.570204256534781e-05,-8.570204256534781e-05,Head and Neck Neoplasms
0.0,3.0,0.0,8.570204256534781e-05,-8.570204256534781e-05,Glasgow Coma Scale
0.0,3.0,0.0,8.570204256534781e-05,-8.570204256534781e-05,Pelvic floor
0.0,3.0,0.0,8.570204256534781e-05,-8.570204256534781e-05,Oral hypoglycemics
0.0,3.0,0.0,8.570204256534781e-05,-8.570204256534781e-05,Prolactinoma
0.0,3.0,0.0,8.570204256534781e-05,-8.570204256534781e-05,Head and Neck Lymphatics
0.0,3.0,0.0,8.570204256534781e-05,-8.570204256534781e-05,Semen Detection
0.0,3.0,0.0,8.570204256534781e-05,-8.570204256534781e-05,Venous drainage
0.0,3.0,0.0,8.570204256534781e-05,-8.570204256534781e-05,Head and Neck Cancer
0.0,3.0,0.0,8.570204256534781e-05,-8.570204256534781e-05,Obsessive Compulsive Disorder
0.0,3.0,0.0,8.570204256534781e-05,-8.570204256534781e-05,Selective estrogen receptor modulators
0.0,3.0,0.0,8.570204256534781e-05,-8.570204256534781e-05,Selective Estrogen Receptor Modulators
0.0,3.0,0.0,8.570204256534781e-05,-8.570204256534781e-05,Selection bias
0.0,3.0,0.0,8.570204256534781e-05,-8.570204256534781e-05,Seizures
0.0,3.0,0.0,8.570204256534781e-05,-8.570204256534781e-05,Prognostic Scores
0.0,3.0,0.0,8.570204256534781e-05,-8.570204256534781e-05,Pelvic fascia
0.0,3.0,0.0,8.570204256534781e-05,-8.570204256534781e-05,Ventilation Perfusion Matching
0.0,3.0,0.0,8.570204256534781e-05,-8.570204256534781e-05,Optic nerve disorders
0.0,3.0,0.0,8.570204256534781e-05,-8.570204256534781e-05,Proptosis
0.0,3.0,0.0,8.570204256534781e-05,-8.570204256534781e-05,Amino Acid Chemistry
0.0,3.0,0.0,8.570204256534781e-05,-8.570204256534781e-05,Head Injury Assessment
0.0,3.0,0.0,8.570204256534781e-05,-8.570204256534781e-05,Cellular Pathology
0.0,3.0,0.0,8.570204256534781e-05,-8.570204256534781e-05,Maxillary sinus
0.0,3.0,0.0,8.570204256534781e-05,-8.570204256534781e-05,Cellular Immunity
0.0,3.0,0.0,8.570204256534781e-05,-8.570204256534781e-05,Fetal Monitoring
0.0,3.0,0.0,8.570204256534781e-05,-8.570204256534781e-05,Intravenous fluids
0.0,3.0,0.0,8.570204256534781e-05,-8.570204256534781e-05,Scrotum
0.0,3.0,0.0,8.570204256534781e-05,-8.570204256534781e-05,Alzheimer's Disease
0.0,3.0,0.0,8.570204256534781e-05,-8.570204256534781e-05,Cancer Staging
0.0,3.0,0.0,8.570204256534781e-05,-8.570204256534781e-05,Clavicle
0.0,3.0,0.0,8.570204256534781e-05,-8.570204256534781e-05,Measures of Disease Frequency
0.0,3.0,0.0,8.570204256534781e-05,-8.570204256534781e-05,Measures Of Disease Frequency
0.0,3.0,0.0,8.570204256534781e-05,-8.570204256534781e-05,CSF Leak
0.0,3.0,0.0,8.570204256534781e-05,-8.570204256534781e-05,CSF leak
0.0,3.0,0.0,8.570204256534781e-05,-8.570204256534781e-05,Anaesthesia Equipment
0.0,3.0,0.0,8.570204256534781e-05,-8.570204256534781e-05,Anaesthesia Circuits
0.0,3.0,0.0,8.570204256534781e-05,-8.570204256534781e-05,Health Economics
0.0,3.0,0.0,8.570204256534781e-05,-8.570204256534781e-05,Vulvar carcinoma
0.0,3.0,0.0,8.570204256534781e-05,-8.570204256534781e-05,Gestational diabetes
0.0,3.0,0.0,8.570204256534781e-05,-8.570204256534781e-05,Penile Cancer
0.0,3.0,0.0,8.570204256534781e-05,-8.570204256534781e-05,Vulvar Pathology
0.0,3.0,0.0,8.570204256534781e-05,-8.570204256534781e-05,Shigella
0.0,3.0,0.0,8.570204256534781e-05,-8.570204256534781e-05,Fallopian tube
0.0,3.0,0.0,8.570204256534781e-05,-8.570204256534781e-05,Orbital Diseases
0.0,3.0,0.0,8.570204256534781e-05,-8.570204256534781e-05,Caesarean Section
0.0,3.0,0.0,8.570204256534781e-05,-8.570204256534781e-05,Pemphigus vulgaris
0.0,3.0,0.0,8.570204256534781e-05,-8.570204256534781e-05,Venous Disorders
0.0,3.0,0.0,8.570204256534781e-05,-8.570204256534781e-05,Elbow dislocation
0.0,3.0,0.0,8.570204256534781e-05,-8.570204256534781e-05,Ovarian Cysts
0.0,3.0,0.0,8.570204256534781e-05,-8.570204256534781e-05,Calcium Channel Blockers
0.0,3.0,0.0,8.570204256534781e-05,-8.570204256534781e-05,Pemphigus
0.0,3.0,0.0,8.570204256534781e-05,-8.570204256534781e-05,Myelodysplastic Syndromes
0.0,3.0,0.0,8.570204256534781e-05,-8.570204256534781e-05,Adenoids
0.0,3.0,0.0,8.570204256534781e-05,-8.570204256534781e-05,Neonatal Jaundice
0.0,3.0,0.0,8.570204256534781e-05,-8.570204256534781e-05,Adenomyosis
0.0,3.0,0.0,8.570204256534781e-05,-8.570204256534781e-05,Facial nerve palsy
0.0,3.0,0.0,8.570204256534781e-05,-8.570204256534781e-05,Calcium homeostasis
0.0,3.0,0.0,8.570204256534781e-05,-8.570204256534781e-05,Serotonin Metabolism
0.0,3.0,0.0,8.570204256534781e-05,-8.570204256534781e-05,Bone pathology
0.0,3.0,0.0,8.570204256534781e-05,-8.570204256534781e-05,Progestins
0.0,3.0,0.0,8.570204256534781e-05,-8.570204256534781e-05,Vitreous hemorrhage
0.0,3.0,0.0,8.570204256534781e-05,-8.570204256534781e-05,Endocarditis
0.0,3.0,0.0,8.570204256534781e-05,-8.570204256534781e-05,Vesiculobullous Diseases
0.0,3.0,0.0,8.570204256534781e-05,-8.570204256534781e-05,Maternal Mortality Ratio
0.0,3.0,0.0,8.570204256534781e-05,-8.570204256534781e-05,Estrogens
0.0,3.0,0.0,8.570204256534781e-05,-8.570204256534781e-05,Clostridium
0.0,3.0,0.0,8.570204256534781e-05,-8.570204256534781e-05,Mental Status Examination
0.0,3.0,0.0,8.570204256534781e-05,-8.570204256534781e-05,SLE
0.0,3.0,0.0,8.570204256534781e-05,-8.570204256534781e-05,Vitamin K Metabolism
0.0,3.0,0.0,8.570204256534781e-05,-8.570204256534781e-05,Carrier state
0.0,3.0,0.0,8.570204256534781e-05,-8.570204256534781e-05,Imaging Physics
0.0,3.0,0.0,8.570204256534781e-05,-8.570204256534781e-05,Vitamin K
0.0,3.0,0.0,8.570204256534781e-05,-8.570204256534781e-05,Protozoa
0.0,3.0,0.0,8.570204256534781e-05,-8.570204256534781e-05,Routes of Administration
0.0,3.0,0.0,8.570204256534781e-05,-8.570204256534781e-05,Neuromuscular Pharmacology
0.0,3.0,0.0,8.570204256534781e-05,-8.570204256534781e-05,Catecholamine Metabolism
0.0,3.0,0.0,8.570204256534781e-05,-8.570204256534781e-05,Psychiatric syndromes
0.0,3.0,0.0,8.570204256534781e-05,-8.570204256534781e-05,Rotator Cuff
0.0,3.0,0.0,8.570204256534781e-05,-8.570204256534781e-05,Cardiac Output
0.0,3.0,0.0,8.570204256534781e-05,-8.570204256534781e-05,Embolism
0.0,3.0,0.0,8.570204256534781e-05,-8.570204256534781e-05,Mental Health
0.0,3.0,0.0,8.570204256534781e-05,-8.570204256534781e-05,Mastoid surgery
0.0,3.0,0.0,8.570204256534781e-05,-8.570204256534781e-05,Airway Obstruction
0.0,3.0,0.0,8.570204256534781e-05,-8.570204256534781e-05,Risk factors
0.0,3.0,0.0,8.570204256534781e-05,-8.570204256534781e-05,Diagnostic microbiology
0.0,3.0,0.0,8.570204256534781e-05,-8.570204256534781e-05,Vital Signs
0.0,3.0,0.0,8.570204256534781e-05,-8.570204256534781e-05,Oral Contraceptives
0.0,3.0,0.0,8.570204256534781e-05,-8.570204256534781e-05,Vital Statistics
0.0,3.0,0.0,8.570204256534781e-05,-8.570204256534781e-05,Oral Hypoglycemics
0.0,3.0,0.0,8.570204256534781e-05,-8.570204256534781e-05,HRCT
0.0,3.0,0.0,8.570204256534781e-05,-8.570204256534781e-05,Fluid And Electrolytes
0.0,3.0,0.0,8.570204256534781e-05,-8.570204256534781e-05,Rickettsial Diseases
0.0,3.0,0.0,8.570204256534781e-05,-8.570204256534781e-05,Alcohol
0.0,3.0,0.0,8.570204256534781e-05,-8.570204256534781e-05,Proteoglycans
0.0,3.0,0.0,8.570204256534781e-05,-8.570204256534781e-05,Nucleic acids
0.0,3.0,0.0,8.570204256534781e-05,-8.570204256534781e-05,Salivary Gland Disorders
0.0,3.0,0.0,8.570204256534781e-05,-8.570204256534781e-05,Vesiculobullous diseases
0.0,3.0,0.0,8.570204256534781e-05,-8.570204256534781e-05,Vestibular System
0.0,3.0,0.0,8.570204256534781e-05,-8.570204256534781e-05,Pelvic Ligaments
0.0,3.0,0.0,8.570204256534781e-05,-8.570204256534781e-05,Intrauterine Fetal Death
0.0,3.0,0.0,8.570204256534781e-05,-8.570204256534781e-05,Hanging
0.0,3.0,0.0,8.570204256534781e-05,-8.570204256534781e-05,Diabetic Neuropathy
0.0,3.0,0.0,8.570204256534781e-05,-8.570204256534781e-05,IPC
0.0,3.0,0.0,8.570204256534781e-05,-8.570204256534781e-05,Adrenergic blockers
0.0,3.0,0.0,8.570204256534781e-05,-8.570204256534781e-05,Hand injuries
0.0,3.0,0.0,8.570204256534781e-05,-8.570204256534781e-05,Myocardial Infarction
0.0,3.0,0.0,8.570204256534781e-05,-8.570204256534781e-05,Cardiac muscle
0.0,3.0,0.0,8.570204256534781e-05,-8.570204256534781e-05,Hand anatomy
0.0,3.0,0.0,8.570204256534781e-05,-8.570204256534781e-05,Alopecia
0.0,3.0,0.0,8.570204256534781e-05,-8.570204256534781e-05,Cardiogenic Shock
0.0,3.0,0.0,8.570204256534781e-05,-8.570204256534781e-05,Electrolyte Disturbances
0.0,3.0,0.0,8.570204256534781e-05,-8.570204256534781e-05,Alcoholic Liver Disease
0.0,3.0,0.0,8.570204256534781e-05,-8.570204256534781e-05,Adrenergic drugs
0.0,3.0,0.0,8.570204256534781e-05,-8.570204256534781e-05,Diagnostic Criteria
0.0,3.0,0.0,8.570204256534781e-05,-8.570204256534781e-05,Malpresentation
0.0,3.0,0.0,8.570204256534781e-05,-8.570204256534781e-05,Emphysema
0.0,3.0,0.0,8.570204256534781e-05,-8.570204256534781e-05,Estrogen
0.0,3.0,0.0,8.570204256534781e-05,-8.570204256534781e-05,Cell biology
0.0,3.0,0.0,8.570204256534781e-05,-8.570204256534781e-05,Cell adhesion
0.0,3.0,0.0,8.570204256534781e-05,-8.570204256534781e-05,Salivary gland disorders
0.0,3.0,0.0,8.570204256534781e-05,-8.570204256534781e-05,Diagnostic Techniques
0.0,3.0,0.0,8.570204256534781e-05,-8.570204256534781e-05,Electrolyte imbalance
0.0,3.0,0.0,8.570204256534781e-05,-8.570204256534781e-05,Eustachian Tube
0.0,3.0,0.0,8.570204256534781e-05,-8.570204256534781e-05,Iron Preparations
0.0,3.0,0.0,8.570204256534781e-05,-8.570204256534781e-05,Perceptual disorders
0.0,3.0,0.0,8.570204256534781e-05,-8.570204256534781e-05,Genital tuberculosis
0.0,3.0,0.0,8.570204256534781e-05,-8.570204256534781e-05,Prenatal screening
0.0,3.0,0.0,8.570204256534781e-05,-8.570204256534781e-05,Perioperative assessment
0.0,3.0,0.0,8.570204256534781e-05,-8.570204256534781e-05,Difficult Airway
0.0,3.0,0.0,8.570204256534781e-05,-8.570204256534781e-05,Water quality
0.0,3.0,0.0,8.570204256534781e-05,-8.570204256534781e-05,Delusion
0.0,3.0,0.0,8.570204256534781e-05,-8.570204256534781e-05,Skeletal System
0.0,3.0,0.0,8.570204256534781e-05,-8.570204256534781e-05,Sleep Hygiene
0.0,3.0,0.0,8.570204256534781e-05,-8.570204256534781e-05,Sleep hygiene
0.0,3.0,0.0,8.570204256534781e-05,-8.570204256534781e-05,Hyperparathyroidism
0.0,3.0,0.0,8.570204256534781e-05,-8.570204256534781e-05,Ankle injuries
0.0,3.0,0.0,8.570204256534781e-05,-8.570204256534781e-05,Community Health Workers
0.0,3.0,0.0,8.570204256534781e-05,-8.570204256534781e-05,Cerebrospinal fluid
0.0,3.0,0.0,8.570204256534781e-05,-8.570204256534781e-05,Acute Scrotum
0.0,3.0,0.0,8.570204256534781e-05,-8.570204256534781e-05,Smooth Muscle
0.0,3.0,0.0,8.570204256534781e-05,-8.570204256534781e-05,Lung Cancer
0.0,3.0,0.0,8.570204256534781e-05,-8.570204256534781e-05,Ophthalmic optics
0.0,3.0,0.0,8.570204256534781e-05,-8.570204256534781e-05,Insulin therapy
0.0,3.0,0.0,8.570204256534781e-05,-8.570204256534781e-05,Breathing Circuits
0.0,3.0,0.0,8.570204256534781e-05,-8.570204256534781e-05,Anterior Cerebral Artery
0.0,3.0,0.0,8.570204256534781e-05,-8.570204256534781e-05,Urine Formation
0.0,3.0,0.0,8.570204256534781e-05,-8.570204256534781e-05,Foot deformities
0.0,3.0,0.0,8.570204256534781e-05,-8.570204256534781e-05,Microangiopathic Hemolytic Anemia
0.0,3.0,0.0,8.570204256534781e-05,-8.570204256534781e-05,Anatomical Planes
0.0,3.0,0.0,8.570204256534781e-05,-8.570204256534781e-05,Iv Fluids
0.0,3.0,0.0,8.570204256534781e-05,-8.570204256534781e-05,Anatomical planes
0.0,3.0,0.0,8.570204256534781e-05,-8.570204256534781e-05,Nerve Injuries
0.0,3.0,0.0,8.570204256534781e-05,-8.570204256534781e-05,Waste Disposal
0.0,3.0,0.0,8.570204256534781e-05,-8.570204256534781e-05,Cerebral cortex
0.0,3.0,0.0,8.570204256534781e-05,-8.570204256534781e-05,Peripartum Cardiomyopathy
0.0,3.0,0.0,8.570204256534781e-05,-8.570204256534781e-05,Dental Eruption
0.0,3.0,0.0,8.570204256534781e-05,-8.570204256534781e-05,Genitourinary tuberculosis
0.0,3.0,0.0,8.570204256534781e-05,-8.570204256534781e-05,Juvenile Idiopathic Arthritis
0.0,3.0,0.0,8.570204256534781e-05,-8.570204256534781e-05,Frostbite
0.0,3.0,0.0,8.570204256534781e-05,-8.570204256534781e-05,Dental eruption
0.0,3.0,0.0,8.570204256534781e-05,-8.570204256534781e-05,Exercise Physiology
0.0,3.0,0.0,8.570204256534781e-05,-8.570204256534781e-05,Uterine Disorders
0.0,3.0,0.0,8.570204256534781e-05,-8.570204256534781e-05,Dentition
0.0,3.0,0.0,8.570204256534781e-05,-8.570204256534781e-05,Pediatric Anaesthesia
0.0,3.0,0.0,8.570204256534781e-05,-8.570204256534781e-05,Gerd
0.0,3.0,0.0,8.570204256534781e-05,-8.570204256534781e-05,Pericardium
0.0,3.0,0.0,8.570204256534781e-05,-8.570204256534781e-05,Genitourinary Anatomy
0.0,3.0,0.0,8.570204256534781e-05,-8.570204256534781e-05,Pericardial diseases
0.0,3.0,0.0,8.570204256534781e-05,-8.570204256534781e-05,Oxidative Stress
0.0,3.0,0.0,8.570204256534781e-05,-8.570204256534781e-05,Japanese Encephalitis
0.0,3.0,0.0,8.570204256534781e-05,-8.570204256534781e-05,Erythroderma
0.0,3.0,0.0,8.570204256534781e-05,-8.570204256534781e-05,Perineal tears
0.0,3.0,0.0,8.570204256534781e-05,-8.570204256534781e-05,Mechanical Ventilation
0.0,3.0,0.0,8.570204256534781e-05,-8.570204256534781e-05,C fibers
0.0,3.0,0.0,8.570204256534781e-05,-8.570204256534781e-05,Foot and Ankle
0.0,3.0,0.0,8.570204256534781e-05,-8.570204256534781e-05,Obstetric examination
0.0,3.0,0.0,8.570204256534781e-05,-8.570204256534781e-05,Ataxia
0.0,3.0,0.0,8.570204256534781e-05,-8.570204256534781e-05,Irritable Bowel Syndrome
0.0,3.0,0.0,8.570204256534781e-05,-8.570204256534781e-05,Kawasaki disease
0.0,3.0,0.0,8.570204256534781e-05,-8.570204256534781e-05,Metal poisoning
0.0,3.0,0.0,8.570204256534781e-05,-8.570204256534781e-05,Mechanism of action
0.0,3.0,0.0,8.570204256534781e-05,-8.570204256534781e-05,Iron preparations
0.0,3.0,0.0,8.570204256534781e-05,-8.570204256534781e-05,Sleep Apnea
0.0,3.0,0.0,8.570204256534781e-05,-8.570204256534781e-05,Genetic mutations
0.0,3.0,0.0,8.570204256534781e-05,-8.570204256534781e-05,CNS Drugs
0.0,3.0,0.0,8.570204256534781e-05,-8.570204256534781e-05,Citric acid cycle
0.0,3.0,0.0,8.570204256534781e-05,-8.570204256534781e-05,Acute kidney injury
0.0,3.0,0.0,8.570204256534781e-05,-8.570204256534781e-05,Sleep apnea
0.0,3.0,0.0,8.570204256534781e-05,-8.570204256534781e-05,Mechanoreceptors
0.0,3.0,0.0,8.570204256534781e-05,-8.570204256534781e-05,External Cephalic Version
0.0,3.0,0.0,8.570204256534781e-05,-8.570204256534781e-05,Prevention
0.0,3.0,0.0,8.570204256534781e-05,-8.570204256534781e-05,Vaccine schedule
0.0,3.0,0.0,8.570204256534781e-05,-8.570204256534781e-05,Digestion
0.0,3.0,0.0,8.570204256534781e-05,-8.570204256534781e-05,Health System
0.0,3.0,0.0,8.570204256534781e-05,-8.570204256534781e-05,Presbyopia
0.0,3.0,0.0,8.570204256534781e-05,-8.570204256534781e-05,Pancreatic Carcinoma
0.0,3.0,0.0,8.570204256534781e-05,-8.570204256534781e-05,Ophthalmic investigations
0.0,3.0,0.0,8.570204256534781e-05,-8.570204256534781e-05,Opioid withdrawal
0.0,3.0,0.0,8.570204256534781e-05,-8.570204256534781e-05,Musculoskeletal Pharmacology
0.0,3.0,0.0,8.570204256534781e-05,-8.570204256534781e-05,Social Medicine
0.0,3.0,0.0,8.570204256534781e-05,-8.570204256534781e-05,Perceptual Disorders
0.0,3.0,0.0,8.570204256534781e-05,-8.570204256534781e-05,Heart Sounds
0.0,3.0,0.0,8.570204256534781e-05,-8.570204256534781e-05,Anterior cerebral artery
3.0,22.0,0.0005151098901098901,0.0006284816454792172,-0.00011337175536932712,Health Indicators
1.0,10.0,0.00017170329670329672,0.00028567347521782604,-0.00011397017851452933,Knee Injuries
1.0,10.0,0.00017170329670329672,0.00028567347521782604,-0.00011397017851452933,Sexual Assault
1.0,10.0,0.00017170329670329672,0.00028567347521782604,-0.00011397017851452933,Vector Control
1.0,10.0,0.00017170329670329672,0.00028567347521782604,-0.00011397017851452933,Musculoskeletal System
1.0,10.0,0.00017170329670329672,0.00028567347521782604,-0.00011397017851452933,Psychotic disorders
1.0,10.0,0.00017170329670329672,0.00028567347521782604,-0.00011397017851452933,Urinary system
1.0,10.0,0.00017170329670329672,0.00028567347521782604,-0.00011397017851452933,Viral Hepatitis
1.0,10.0,0.00017170329670329672,0.00028567347521782604,-0.00011397017851452933,Wound Management
1.0,10.0,0.00017170329670329672,0.00028567347521782604,-0.00011397017851452933,Energy Metabolism
1.0,10.0,0.00017170329670329672,0.00028567347521782604,-0.00011397017851452933,Cell physiology
1.0,10.0,0.00017170329670329672,0.00028567347521782604,-0.00011397017851452933,Postpartum hemorrhage
1.0,10.0,0.00017170329670329672,0.00028567347521782604,-0.00011397017851452933,Antimicrobial resistance
0.0,4.0,0.0,0.0001142693900871304,-0.0001142693900871304,Phobias
0.0,4.0,0.0,0.0001142693900871304,-0.0001142693900871304,Drug Dependence
0.0,4.0,0.0,0.0001142693900871304,-0.0001142693900871304,Allergic Eye Disease
0.0,4.0,0.0,0.0001142693900871304,-0.0001142693900871304,Ankylosing spondylitis
0.0,4.0,0.0,0.0001142693900871304,-0.0001142693900871304,Infectious mononucleosis
0.0,4.0,0.0,0.0001142693900871304,-0.0001142693900871304,Diagnosis
0.0,4.0,0.0,0.0001142693900871304,-0.0001142693900871304,Laryngeal Mask Airway
0.0,4.0,0.0,0.0001142693900871304,-0.0001142693900871304,Arboviruses
0.0,4.0,0.0,0.0001142693900871304,-0.0001142693900871304,Abdominal Vessels
0.0,4.0,0.0,0.0001142693900871304,-0.0001142693900871304,Myocardial infarction
0.0,4.0,0.0,0.0001142693900871304,-0.0001142693900871304,IUD
0.0,4.0,0.0,0.0001142693900871304,-0.0001142693900871304,Pentose Phosphate Pathway
0.0,4.0,0.0,0.0001142693900871304,-0.0001142693900871304,Ichthyosis
0.0,4.0,0.0,0.0001142693900871304,-0.0001142693900871304,Phonosurgery
0.0,4.0,0.0,0.0001142693900871304,-0.0001142693900871304,Inhalational anesthetics
0.0,4.0,0.0,0.0001142693900871304,-0.0001142693900871304,Inhalational Anesthetics
0.0,4.0,0.0,0.0001142693900871304,-0.0001142693900871304,Airway assessment
0.0,4.0,0.0,0.0001142693900871304,-0.0001142693900871304,Drug Administration
0.0,4.0,0.0,0.0001142693900871304,-0.0001142693900871304,History of Microbiology
0.0,4.0,0.0,0.0001142693900871304,-0.0001142693900871304,Parasomnia
0.0,4.0,0.0,0.0001142693900871304,-0.0001142693900871304,History of Medicine
0.0,4.0,0.0,0.0001142693900871304,-0.0001142693900871304,AIDS
0.0,4.0,0.0,0.0001142693900871304,-0.0001142693900871304,Visual pathway
0.0,4.0,0.0,0.0001142693900871304,-0.0001142693900871304,Klebsiella
0.0,4.0,0.0,0.0001142693900871304,-0.0001142693900871304,Hypercalcemia
0.0,4.0,0.0,0.0001142693900871304,-0.0001142693900871304,Tetralogy of Fallot
0.0,4.0,0.0,0.0001142693900871304,-0.0001142693900871304,Tetralogy Of Fallot
0.0,4.0,0.0,0.0001142693900871304,-0.0001142693900871304,History of Anaesthesia
0.0,4.0,0.0,0.0001142693900871304,-0.0001142693900871304,Astigmatism
0.0,4.0,0.0,0.0001142693900871304,-0.0001142693900871304,Adverse effects
0.0,4.0,0.0,0.0001142693900871304,-0.0001142693900871304,Food Hygiene
0.0,4.0,0.0,0.0001142693900871304,-0.0001142693900871304,Adverse Effects
0.0,4.0,0.0,0.0001142693900871304,-0.0001142693900871304,Pediatric oncology
0.0,4.0,0.0,0.0001142693900871304,-0.0001142693900871304,Knee disorders
0.0,4.0,0.0,0.0001142693900871304,-0.0001142693900871304,Neuropsychiatry
0.0,4.0,0.0,0.0001142693900871304,-0.0001142693900871304,Gastric Cancer
0.0,4.0,0.0,0.0001142693900871304,-0.0001142693900871304,Urogenital Radiology
0.0,4.0,0.0,0.0001142693900871304,-0.0001142693900871304,Antianginal drugs
0.0,4.0,0.0,0.0001142693900871304,-0.0001142693900871304,Alcohol Withdrawal
0.0,4.0,0.0,0.0001142693900871304,-0.0001142693900871304,Phospholipids
0.0,4.0,0.0,0.0001142693900871304,-0.0001142693900871304,Phototherapy
0.0,4.0,0.0,0.0001142693900871304,-0.0001142693900871304,Down syndrome
0.0,4.0,0.0,0.0001142693900871304,-0.0001142693900871304,Pediatric dosing
0.0,4.0,0.0,0.0001142693900871304,-0.0001142693900871304,Epidemiological Studies
0.0,4.0,0.0,0.0001142693900871304,-0.0001142693900871304,Antianginal Drugs
0.0,4.0,0.0,0.0001142693900871304,-0.0001142693900871304,Hydrocele
0.0,4.0,0.0,0.0001142693900871304,-0.0001142693900871304,Fluid Resuscitation
0.0,4.0,0.0,0.0001142693900871304,-0.0001142693900871304,Neurocognitive Disorders
0.0,4.0,0.0,0.0001142693900871304,-0.0001142693900871304,Drug Side Effects
0.0,4.0,0.0,0.0001142693900871304,-0.0001142693900871304,Laryngeal Disorders
0.0,4.0,0.0,0.0001142693900871304,-0.0001142693900871304,Vasa Previa
0.0,4.0,0.0,0.0001142693900871304,-0.0001142693900871304,Pediatric Dosing
0.0,4.0,0.0,0.0001142693900871304,-0.0001142693900871304,Epidermolysis Bullosa
0.0,4.0,0.0,0.0001142693900871304,-0.0001142693900871304,Uterus
0.0,4.0,0.0,0.0001142693900871304,-0.0001142693900871304,Impetigo
0.0,4.0,0.0,0.0001142693900871304,-0.0001142693900871304,Transmission
0.0,4.0,0.0,0.0001142693900871304,-0.0001142693900871304,Eustachian tube
0.0,4.0,0.0,0.0001142693900871304,-0.0001142693900871304,Obstetric Anaesthesia
0.0,4.0,0.0,0.0001142693900871304,-0.0001142693900871304,Transfusion medicine
0.0,4.0,0.0,0.0001142693900871304,-0.0001142693900871304,International health
0.0,4.0,0.0,0.0001142693900871304,-0.0001142693900871304,Intraocular pressure
0.0,4.0,0.0,0.0001142693900871304,-0.0001142693900871304,Acid Base Balance
0.0,4.0,0.0,0.0001142693900871304,-0.0001142693900871304,Free Radicals and Antioxidants
0.0,4.0,0.0,0.0001142693900871304,-0.0001142693900871304,Achalasia
0.0,4.0,0.0,0.0001142693900871304,-0.0001142693900871304,Parvovirus B19
0.0,4.0,0.0,0.0001142693900871304,-0.0001142693900871304,Vector control
0.0,4.0,0.0,0.0001142693900871304,-0.0001142693900871304,Free Radicals And Antioxidants
0.0,4.0,0.0,0.0001142693900871304,-0.0001142693900871304,Turner syndrome
0.0,4.0,0.0,0.0001142693900871304,-0.0001142693900871304,Trace Elements
0.0,4.0,0.0,0.0001142693900871304,-0.0001142693900871304,Perception
0.0,4.0,0.0,0.0001142693900871304,-0.0001142693900871304,Neck Dissection
0.0,4.0,0.0,0.0001142693900871304,-0.0001142693900871304,Antimycobacterial drugs
0.0,4.0,0.0,0.0001142693900871304,-0.0001142693900871304,Antimycobacterial Drugs
0.0,4.0,0.0,0.0001142693900871304,-0.0001142693900871304,Anaesthesia Monitoring
0.0,4.0,0.0,0.0001142693900871304,-0.0001142693900871304,Antihypertensives
0.0,4.0,0.0,0.0001142693900871304,-0.0001142693900871304,Anaesthetic Agents
0.0,4.0,0.0,0.0001142693900871304,-0.0001142693900871304,Pancreatic carcinoma
0.0,4.0,0.0,0.0001142693900871304,-0.0001142693900871304,Peptic ulcer disease
0.0,4.0,0.0,0.0001142693900871304,-0.0001142693900871304,Antimalarials
0.0,4.0,0.0,0.0001142693900871304,-0.0001142693900871304,Hypoglycemia
0.0,4.0,0.0,0.0001142693900871304,-0.0001142693900871304,Dermatologic Signs
0.0,4.0,0.0,0.0001142693900871304,-0.0001142693900871304,Vaccination Schedule
0.0,4.0,0.0,0.0001142693900871304,-0.0001142693900871304,Trematodes
0.0,4.0,0.0,0.0001142693900871304,-0.0001142693900871304,Anaerobic Bacteria
0.0,4.0,0.0,0.0001142693900871304,-0.0001142693900871304,Pancreatic Surgery
0.0,4.0,0.0,0.0001142693900871304,-0.0001142693900871304,Patellofemoral Disorders
0.0,4.0,0.0,0.0001142693900871304,-0.0001142693900871304,Vulvar Disorders
0.0,4.0,0.0,0.0001142693900871304,-0.0001142693900871304,Neurological Disorders
0.0,4.0,0.0,0.0001142693900871304,-0.0001142693900871304,Tuberculosis Control
0.0,4.0,0.0,0.0001142693900871304,-0.0001142693900871304,Dermatological Signs
0.0,4.0,0.0,0.0001142693900871304,-0.0001142693900871304,Immunoglobulins
0.0,4.0,0.0,0.0001142693900871304,-0.0001142693900871304,Typhoid
0.0,4.0,0.0,0.0001142693900871304,-0.0001142693900871304,Typhoid Fever
0.0,4.0,0.0,0.0001142693900871304,-0.0001142693900871304,Paediatric ophthalmology
0.0,4.0,0.0,0.0001142693900871304,-0.0001142693900871304,Pancreatic Diseases
0.0,4.0,0.0,0.0001142693900871304,-0.0001142693900871304,Amblyopia
0.0,4.0,0.0,0.0001142693900871304,-0.0001142693900871304,Krebs Cycle
0.0,4.0,0.0,0.0001142693900871304,-0.0001142693900871304,Iron deficiency anemia
0.0,4.0,0.0,0.0001142693900871304,-0.0001142693900871304,Thyroid gland
0.0,4.0,0.0,0.0001142693900871304,-0.0001142693900871304,Alzheimer'S Disease
0.0,4.0,0.0,0.0001142693900871304,-0.0001142693900871304,Actinomycosis
0.0,4.0,0.0,0.0001142693900871304,-0.0001142693900871304,Vitreous Hemorrhage
0.0,4.0,0.0,0.0001142693900871304,-0.0001142693900871304,Impulse Control Disorders
0.0,4.0,0.0,0.0001142693900871304,-0.0001142693900871304,ICDS
0.0,4.0,0.0,0.0001142693900871304,-0.0001142693900871304,Angiogenesis
0.0,4.0,0.0,0.0001142693900871304,-0.0001142693900871304,Adrenergic agonists
0.0,4.0,0.0,0.0001142693900871304,-0.0001142693900871304,Intraoperative Complications
0.0,4.0,0.0,0.0001142693900871304,-0.0001142693900871304,IPC sections
0.0,4.0,0.0,0.0001142693900871304,-0.0001142693900871304,Thyroid Hormones
0.0,4.0,0.0,0.0001142693900871304,-0.0001142693900871304,Vitreous
0.0,4.0,0.0,0.0001142693900871304,-0.0001142693900871304,Abdominal vessels
0.0,4.0,0.0,0.0001142693900871304,-0.0001142693900871304,Dental Anatomy
0.0,4.0,0.0,0.0001142693900871304,-0.0001142693900871304,Infectious Eye Diseases
0.0,4.0,0.0,0.0001142693900871304,-0.0001142693900871304,Investigation
0.0,4.0,0.0,0.0001142693900871304,-0.0001142693900871304,Cycloplegia
0.0,4.0,0.0,0.0001142693900871304,-0.0001142693900871304,Neuromuscular junction
0.0,4.0,0.0,0.0001142693900871304,-0.0001142693900871304,Ischemic Heart Disease
0.0,4.0,0.0,0.0001142693900871304,-0.0001142693900871304,Uterine pathology
0.0,4.0,0.0,0.0001142693900871304,-0.0001142693900871304,Multiple sclerosis
0.0,4.0,0.0,0.0001142693900871304,-0.0001142693900871304,Food poisoning
0.0,4.0,0.0,0.0001142693900871304,-0.0001142693900871304,Parotid gland
0.0,4.0,0.0,0.0001142693900871304,-0.0001142693900871304,Erythema multiforme
0.0,4.0,0.0,0.0001142693900871304,-0.0001142693900871304,Depressive Disorders
0.0,4.0,0.0,0.0001142693900871304,-0.0001142693900871304,Antiemetic Drugs
0.0,4.0,0.0,0.0001142693900871304,-0.0001142693900871304,Intubation Equipment
0.0,4.0,0.0,0.0001142693900871304,-0.0001142693900871304,Acute phase response
0.0,4.0,0.0,0.0001142693900871304,-0.0001142693900871304,Androgens
0.0,4.0,0.0,0.0001142693900871304,-0.0001142693900871304,Antithyroid drugs
0.0,4.0,0.0,0.0001142693900871304,-0.0001142693900871304,Pharyngeal Arches
0.0,4.0,0.0,0.0001142693900871304,-0.0001142693900871304,Extrapyramidal side effects
0.0,4.0,0.0,0.0001142693900871304,-0.0001142693900871304,Hysterectomy
0.0,4.0,0.0,0.0001142693900871304,-0.0001142693900871304,Diabetes Insipidus
0.0,4.0,0.0,0.0001142693900871304,-0.0001142693900871304,Pcod
0.0,4.0,0.0,0.0001142693900871304,-0.0001142693900871304,Oculocardiac Reflex
0.0,4.0,0.0,0.0001142693900871304,-0.0001142693900871304,Lymph Node
0.0,4.0,0.0,0.0001142693900871304,-0.0001142693900871304,Drug toxicity
0.0,4.0,0.0,0.0001142693900871304,-0.0001142693900871304,Otitis externa
0.0,4.0,0.0,0.0001142693900871304,-0.0001142693900871304,Head And Neck Lymphatics
0.0,4.0,0.0,0.0001142693900871304,-0.0001142693900871304,Corynebacterium
0.0,4.0,0.0,0.0001142693900871304,-0.0001142693900871304,Head And Neck Oncology
0.0,4.0,0.0,0.0001142693900871304,-0.0001142693900871304,Optic neuritis
0.0,4.0,0.0,0.0001142693900871304,-0.0001142693900871304,Metabolic Acidosis
0.0,4.0,0.0,0.0001142693900871304,-0.0001142693900871304,Cancer chemotherapy
0.0,4.0,0.0,0.0001142693900871304,-0.0001142693900871304,Poisons
0.0,4.0,0.0,0.0001142693900871304,-0.0001142693900871304,Cancer Chemotherapy
0.0,4.0,0.0,0.0001142693900871304,-0.0001142693900871304,Septic arthritis
0.0,4.0,0.0,0.0001142693900871304,-0.0001142693900871304,Professional Ethics
0.0,4.0,0.0,0.0001142693900871304,-0.0001142693900871304,Sexual dysfunction
0.0,4.0,0.0,0.0001142693900871304,-0.0001142693900871304,Calcification
0.0,4.0,0.0,0.0001142693900871304,-0.0001142693900871304,Primary health care
0.0,4.0,0.0,0.0001142693900871304,-0.0001142693900871304,Metabolic Syndrome
0.0,4.0,0.0,0.0001142693900871304,-0.0001142693900871304,Optic Neuritis
0.0,4.0,0.0,0.0001142693900871304,-0.0001142693900871304,Colorectal Cancer
0.0,4.0,0.0,0.0001142693900871304,-0.0001142693900871304,Protein Degradation
0.0,4.0,0.0,0.0001142693900871304,-0.0001142693900871304,Scoliosis
0.0,4.0,0.0,0.0001142693900871304,-0.0001142693900871304,Sarcomas
0.0,4.0,0.0,0.0001142693900871304,-0.0001142693900871304,Hepatobiliary surgery
0.0,4.0,0.0,0.0001142693900871304,-0.0001142693900871304,Rheumatic fever
0.0,4.0,0.0,0.0001142693900871304,-0.0001142693900871304,Plasma proteins
0.0,4.0,0.0,0.0001142693900871304,-0.0001142693900871304,Bacterial toxins
0.0,4.0,0.0,0.0001142693900871304,-0.0001142693900871304,Cell Membrane Transport
0.0,4.0,0.0,0.0001142693900871304,-0.0001142693900871304,Barbiturates
0.0,4.0,0.0,0.0001142693900871304,-0.0001142693900871304,Surgical Prophylaxis
0.0,4.0,0.0,0.0001142693900871304,-0.0001142693900871304,Hepatobiliary system
0.0,4.0,0.0,0.0001142693900871304,-0.0001142693900871304,Habit Disorders
0.0,4.0,0.0,0.0001142693900871304,-0.0001142693900871304,Pneumoconiosis
0.0,4.0,0.0,0.0001142693900871304,-0.0001142693900871304,Fetal Lung Maturity
0.0,4.0,0.0,0.0001142693900871304,-0.0001142693900871304,Plastic surgery
0.0,4.0,0.0,0.0001142693900871304,-0.0001142693900871304,Pleural Effusion
0.0,4.0,0.0,0.0001142693900871304,-0.0001142693900871304,Carpal Bones
0.0,4.0,0.0,0.0001142693900871304,-0.0001142693900871304,Hand And Wrist
0.0,4.0,0.0,0.0001142693900871304,-0.0001142693900871304,Sanitation
0.0,4.0,0.0,0.0001142693900871304,-0.0001142693900871304,Coxa Vara
0.0,4.0,0.0,0.0001142693900871304,-0.0001142693900871304,CSF rhinorrhea
0.0,4.0,0.0,0.0001142693900871304,-0.0001142693900871304,Lipoproteins
0.0,4.0,0.0,0.0001142693900871304,-0.0001142693900871304,Maternal mortality
0.0,4.0,0.0,0.0001142693900871304,-0.0001142693900871304,Listeria
0.0,4.0,0.0,0.0001142693900871304,-0.0001142693900871304,Pre-eclampsia
0.0,4.0,0.0,0.0001142693900871304,-0.0001142693900871304,Brainstem
0.0,4.0,0.0,0.0001142693900871304,-0.0001142693900871304,Contraceptives
0.0,4.0,0.0,0.0001142693900871304,-0.0001142693900871304,Brain Anatomy
0.0,4.0,0.0,0.0001142693900871304,-0.0001142693900871304,Social Sciences
0.0,4.0,0.0,0.0001142693900871304,-0.0001142693900871304,Genetic syndromes
0.0,4.0,0.0,0.0001142693900871304,-0.0001142693900871304,Miliaria
0.0,4.0,0.0,0.0001142693900871304,-0.0001142693900871304,Bone lesions
0.0,4.0,0.0,0.0001142693900871304,-0.0001142693900871304,Biotechnology
0.0,4.0,0.0,0.0001142693900871304,-0.0001142693900871304,Bone Lesions
0.0,4.0,0.0,0.0001142693900871304,-0.0001142693900871304,Bone Imaging
0.0,4.0,0.0,0.0001142693900871304,-0.0001142693900871304,Spinal Cord Lesions
0.0,4.0,0.0,0.0001142693900871304,-0.0001142693900871304,Spinal Cord Syndromes
0.0,4.0,0.0,0.0001142693900871304,-0.0001142693900871304,Post-operative complications
0.0,4.0,0.0,0.0001142693900871304,-0.0001142693900871304,Neonatal Care
0.0,4.0,0.0,0.0001142693900871304,-0.0001142693900871304,Femoral nerve
0.0,4.0,0.0,0.0001142693900871304,-0.0001142693900871304,Genetic Counseling
0.0,4.0,0.0,0.0001142693900871304,-0.0001142693900871304,Liver Disorders
0.0,4.0,0.0,0.0001142693900871304,-0.0001142693900871304,Mineral Metabolism
0.0,4.0,0.0,0.0001142693900871304,-0.0001142693900871304,Microbial pathogenesis
0.0,4.0,0.0,0.0001142693900871304,-0.0001142693900871304,Bruises
0.0,4.0,0.0,0.0001142693900871304,-0.0001142693900871304,Colorectal surgery
0.0,4.0,0.0,0.0001142693900871304,-0.0001142693900871304,Femoral Nerve
0.0,4.0,0.0,0.0001142693900871304,-0.0001142693900871304,Lithium
0.0,4.0,0.0,0.0001142693900871304,-0.0001142693900871304,Prenatal diagnosis
0.0,4.0,0.0,0.0001142693900871304,-0.0001142693900871304,Fetal surveillance
0.0,4.0,0.0,0.0001142693900871304,-0.0001142693900871304,Health education
0.0,4.0,0.0,0.0001142693900871304,-0.0001142693900871304,Compartment Syndrome
0.0,4.0,0.0,0.0001142693900871304,-0.0001142693900871304,Lupus vulgaris
0.0,4.0,0.0,0.0001142693900871304,-0.0001142693900871304,Opioid Dependence
0.0,4.0,0.0,0.0001142693900871304,-0.0001142693900871304,Liver Anatomy
0.0,4.0,0.0,0.0001142693900871304,-0.0001142693900871304,Health indicators
0.0,4.0,0.0,0.0001142693900871304,-0.0001142693900871304,PCOD
0.0,4.0,0.0,0.0001142693900871304,-0.0001142693900871304,Enterococci
0.0,4.0,0.0,0.0001142693900871304,-0.0001142693900871304,Skin lesions
0.0,4.0,0.0,0.0001142693900871304,-0.0001142693900871304,Microbial Pathogenesis
0.0,4.0,0.0,0.0001142693900871304,-0.0001142693900871304,Precocious Puberty
0.0,4.0,0.0,0.0001142693900871304,-0.0001142693900871304,Bacterial morphology
0.0,4.0,0.0,0.0001142693900871304,-0.0001142693900871304,Onychomycosis
0.0,4.0,0.0,0.0001142693900871304,-0.0001142693900871304,Gynaecologic oncology
0.0,4.0,0.0,0.0001142693900871304,-0.0001142693900871304,Ocular pharmacology
0.0,4.0,0.0,0.0001142693900871304,-0.0001142693900871304,Craniovertebral junction
0.0,4.0,0.0,0.0001142693900871304,-0.0001142693900871304,Public Health Legislation
0.0,4.0,0.0,0.0001142693900871304,-0.0001142693900871304,Osteonecrosis
0.0,4.0,0.0,0.0001142693900871304,-0.0001142693900871304,E. coli
0.0,4.0,0.0,0.0001142693900871304,-0.0001142693900871304,Chemoreceptors
0.0,4.0,0.0,0.0001142693900871304,-0.0001142693900871304,Pulmonary Mechanics
0.0,4.0,0.0,0.0001142693900871304,-0.0001142693900871304,Radiographic signs
0.0,4.0,0.0,0.0001142693900871304,-0.0001142693900871304,Pulmonary Function Tests
0.0,4.0,0.0,0.0001142693900871304,-0.0001142693900871304,Criminal Law
0.0,4.0,0.0,0.0001142693900871304,-0.0001142693900871304,Bacterial Cell Wall
0.0,4.0,0.0,0.0001142693900871304,-0.0001142693900871304,Autopsy techniques
0.0,4.0,0.0,0.0001142693900871304,-0.0001142693900871304,Regeneration
0.0,4.0,0.0,0.0001142693900871304,-0.0001142693900871304,Mechanical asphyxia
0.0,4.0,0.0,0.0001142693900871304,-0.0001142693900871304,Cerebral Arteries
0.0,4.0,0.0,0.0001142693900871304,-0.0001142693900871304,Axilla
0.0,4.0,0.0,0.0001142693900871304,-0.0001142693900871304,Cervical Vertebrae
0.0,4.0,0.0,0.0001142693900871304,-0.0001142693900871304,Placenta previa
0.0,4.0,0.0,0.0001142693900871304,-0.0001142693900871304,Ocular surface disease
0.0,4.0,0.0,0.0001142693900871304,-0.0001142693900871304,Paediatric Dermatology
0.0,4.0,0.0,0.0001142693900871304,-0.0001142693900871304,Reconstructive Surgery
0.0,4.0,0.0,0.0001142693900871304,-0.0001142693900871304,Cervical Dysplasia
0.0,4.0,0.0,0.0001142693900871304,-0.0001142693900871304,Rectal Prolapse
0.0,4.0,0.0,0.0001142693900871304,-0.0001142693900871304,Eicosanoids
0.0,4.0,0.0,0.0001142693900871304,-0.0001142693900871304,Legg-Calvé-Perthes disease
0.0,4.0,0.0,0.0001142693900871304,-0.0001142693900871304,Rectum
0.0,4.0,0.0,0.0001142693900871304,-0.0001142693900871304,Gynaecological Surgery
0.0,4.0,0.0,0.0001142693900871304,-0.0001142693900871304,Cerebrospinal Fluid
0.0,4.0,0.0,0.0001142693900871304,-0.0001142693900871304,Radiation Dose
0.0,4.0,0.0,0.0001142693900871304,-0.0001142693900871304,Pupillary reflexes
0.0,4.0,0.0,0.0001142693900871304,-0.0001142693900871304,Nephritic syndrome
0.0,4.0,0.0,0.0001142693900871304,-0.0001142693900871304,Cleft Lip And Palate
0.0,4.0,0.0,0.0001142693900871304,-0.0001142693900871304,Levels Of Prevention
0.0,4.0,0.0,0.0001142693900871304,-0.0001142693900871304,Atopic dermatitis
0.0,4.0,0.0,0.0001142693900871304,-0.0001142693900871304,Cholelithiasis
0.0,4.0,0.0,0.0001142693900871304,-0.0001142693900871304,Sutures
0.0,4.0,0.0,0.0001142693900871304,-0.0001142693900871304,History Of Anaesthesia
0.0,4.0,0.0,0.0001142693900871304,-0.0001142693900871304,Fetal Medicine
0.0,4.0,0.0,0.0001142693900871304,-0.0001142693900871304,Choking
0.0,4.0,0.0,0.0001142693900871304,-0.0001142693900871304,Drug adverse effects
0.0,4.0,0.0,0.0001142693900871304,-0.0001142693900871304,Pigmented lesions
0.0,4.0,0.0,0.0001142693900871304,-0.0001142693900871304,Osmotic Diuretics
0.0,4.0,0.0,0.0001142693900871304,-0.0001142693900871304,Meniere Disease
0.0,4.0,0.0,0.0001142693900871304,-0.0001142693900871304,Legg-Calvé-Perthes Disease
0.0,4.0,0.0,0.0001142693900871304,-0.0001142693900871304,Osteoarthritis
0.0,4.0,0.0,0.0001142693900871304,-0.0001142693900871304,Autism Spectrum Disorder
0.0,4.0,0.0,0.0001142693900871304,-0.0001142693900871304,Ecg Interpretation
0.0,4.0,0.0,0.0001142693900871304,-0.0001142693900871304,Mortality indicators
0.0,4.0,0.0,0.0001142693900871304,-0.0001142693900871304,Sweat Gland Disorders
0.0,4.0,0.0,0.0001142693900871304,-0.0001142693900871304,Pituitary gland
0.0,4.0,0.0,0.0001142693900871304,-0.0001142693900871304,Sweat gland disorders
0.0,4.0,0.0,0.0001142693900871304,-0.0001142693900871304,Mechanical Asphyxia
0.0,4.0,0.0,0.0001142693900871304,-0.0001142693900871304,Fetal anomalies
0.0,4.0,0.0,0.0001142693900871304,-0.0001142693900871304,Membrane transport
0.0,4.0,0.0,0.0001142693900871304,-0.0001142693900871304,Megaloblastic anemia
59.0,359.0,0.010130494505494506,0.010255677760319954,-0.00012518325482544813,General Medicine
3.0,23.0,0.0005151098901098901,0.0006570489930009998,-0.0001419391028911097,Maternal and Child Health
2.0,17.0,0.00034340659340659343,0.00048564490787030424,-0.0001422383144637108,Leukemia
1.0,11.0,0.00017170329670329672,0.0003142408227396086,-0.0001425375260363119,Meningitis
1.0,11.0,0.00017170329670329672,0.0003142408227396086,-0.0001425375260363119,Head and neck
1.0,11.0,0.00017170329670329672,0.0003142408227396086,-0.0001425375260363119,Gestational Trophoblastic Disease
1.0,11.0,0.00017170329670329672,0.0003142408227396086,-0.0001425375260363119,Psychotherapy
1.0,11.0,0.00017170329670329672,0.0003142408227396086,-0.0001425375260363119,Cerebral Circulation
1.0,11.0,0.00017170329670329672,0.0003142408227396086,-0.0001425375260363119,Neuropharmacology
1.0,11.0,0.00017170329670329672,0.0003142408227396086,-0.0001425375260363119,Electrolyte Disorders
1.0,11.0,0.00017170329670329672,0.0003142408227396086,-0.0001425375260363119,Cardiac Arrhythmias
1.0,11.0,0.00017170329670329672,0.0003142408227396086,-0.0001425375260363119,Pancreatitis
0.0,5.0,0.0,0.00014283673760891302,-0.00014283673760891302,Iodine Deficiency Disorders
0.0,5.0,0.0,0.00014283673760891302,-0.00014283673760891302,Airway Assessment
0.0,5.0,0.0,0.00014283673760891302,-0.00014283673760891302,Rickettsial diseases
0.0,5.0,0.0,0.00014283673760891302,-0.00014283673760891302,Pyrimidine metabolism
0.0,5.0,0.0,0.00014283673760891302,-0.00014283673760891302,Pancreatic Cancer
0.0,5.0,0.0,0.00014283673760891302,-0.00014283673760891302,Hypernatremia
0.0,5.0,0.0,0.00014283673760891302,-0.00014283673760891302,Air Pollution
0.0,5.0,0.0,0.00014283673760891302,-0.00014283673760891302,Nerve Injury
0.0,5.0,0.0,0.00014283673760891302,-0.00014283673760891302,Urogenital system
0.0,5.0,0.0,0.00014283673760891302,-0.00014283673760891302,Peripheral Artery Disease
0.0,5.0,0.0,0.00014283673760891302,-0.00014283673760891302,Clinical biochemistry
0.0,5.0,0.0,0.00014283673760891302,-0.00014283673760891302,Dna Structure
0.0,5.0,0.0,0.00014283673760891302,-0.00014283673760891302,Congenital Uterine Anomalies
0.0,5.0,0.0,0.00014283673760891302,-0.00014283673760891302,Psoriatic Arthritis
0.0,5.0,0.0,0.00014283673760891302,-0.00014283673760891302,Down Syndrome
0.0,5.0,0.0,0.00014283673760891302,-0.00014283673760891302,Abdominal imaging
0.0,5.0,0.0,0.00014283673760891302,-0.00014283673760891302,Clubfoot
0.0,5.0,0.0,0.00014283673760891302,-0.00014283673760891302,Skull
0.0,5.0,0.0,0.00014283673760891302,-0.00014283673760891302,Uronic Acid Pathway
0.0,5.0,0.0,0.00014283673760891302,-0.00014283673760891302,Proteins
0.0,5.0,0.0,0.00014283673760891302,-0.00014283673760891302,Breech presentation
0.0,5.0,0.0,0.00014283673760891302,-0.00014283673760891302,Glycogen Metabolism
0.0,5.0,0.0,0.00014283673760891302,-0.00014283673760891302,Sociology
0.0,5.0,0.0,0.00014283673760891302,-0.00014283673760891302,Eye Anatomy
0.0,5.0,0.0,0.00014283673760891302,-0.00014283673760891302,Antibiotic Resistance
0.0,5.0,0.0,0.00014283673760891302,-0.00014283673760891302,Postmortem Examination
0.0,5.0,0.0,0.00014283673760891302,-0.00014283673760891302,Paraneoplastic Syndromes
0.0,5.0,0.0,0.00014283673760891302,-0.00014283673760891302,Inguinal Region
0.0,5.0,0.0,0.00014283673760891302,-0.00014283673760891302,GERD
0.0,5.0,0.0,0.00014283673760891302,-0.00014283673760891302,Peritoneum
0.0,5.0,0.0,0.00014283673760891302,-0.00014283673760891302,Spinal Deformities
0.0,5.0,0.0,0.00014283673760891302,-0.00014283673760891302,Normal flora
0.0,5.0,0.0,0.00014283673760891302,-0.00014283673760891302,Rheumatoid arthritis
0.0,5.0,0.0,0.00014283673760891302,-0.00014283673760891302,Neuromuscular blocking agents
0.0,5.0,0.0,0.00014283673760891302,-0.00014283673760891302,Pediatric Emergencies
0.0,5.0,0.0,0.00014283673760891302,-0.00014283673760891302,Opioid Withdrawal
0.0,5.0,0.0,0.00014283673760891302,-0.00014283673760891302,Vitamin A deficiency
0.0,5.0,0.0,0.00014283673760891302,-0.00014283673760891302,Hydrocephalus
0.0,5.0,0.0,0.00014283673760891302,-0.00014283673760891302,Postoperative complications
0.0,5.0,0.0,0.00014283673760891302,-0.00014283673760891302,Urinary Bladder
0.0,5.0,0.0,0.00014283673760891302,-0.00014283673760891302,Noncommunicable Diseases
0.0,5.0,0.0,0.00014283673760891302,-0.00014283673760891302,Congenital talipes equinovarus
0.0,5.0,0.0,0.00014283673760891302,-0.00014283673760891302,Nsaids
0.0,5.0,0.0,0.00014283673760891302,-0.00014283673760891302,Bone metabolism
0.0,5.0,0.0,0.00014283673760891302,-0.00014283673760891302,Endoscopy
0.0,5.0,0.0,0.00014283673760891302,-0.00014283673760891302,Wrist Injuries
0.0,5.0,0.0,0.00014283673760891302,-0.00014283673760891302,Inquest
0.0,5.0,0.0,0.00014283673760891302,-0.00014283673760891302,Nephrotoxicity
0.0,5.0,0.0,0.00014283673760891302,-0.00014283673760891302,Erythema Multiforme
0.0,5.0,0.0,0.00014283673760891302,-0.00014283673760891302,Intravenous anesthetics
0.0,5.0,0.0,0.00014283673760891302,-0.00014283673760891302,Cardiac Imaging
0.0,5.0,0.0,0.00014283673760891302,-0.00014283673760891302,Paranasal Sinus
0.0,5.0,0.0,0.00014283673760891302,-0.00014283673760891302,Health Management
0.0,5.0,0.0,0.00014283673760891302,-0.00014283673760891302,Elbow Dislocation
0.0,5.0,0.0,0.00014283673760891302,-0.00014283673760891302,Coenzymes
0.0,5.0,0.0,0.00014283673760891302,-0.00014283673760891302,Primary Health Care
0.0,5.0,0.0,0.00014283673760891302,-0.00014283673760891302,Mycoplasma
0.0,5.0,0.0,0.00014283673760891302,-0.00014283673760891302,Acute Kidney Injury
0.0,5.0,0.0,0.00014283673760891302,-0.00014283673760891302,Esophageal Imaging
0.0,5.0,0.0,0.00014283673760891302,-0.00014283673760891302,Receptor pharmacology
0.0,5.0,0.0,0.00014283673760891302,-0.00014283673760891302,Ventricular system
0.0,5.0,0.0,0.00014283673760891302,-0.00014283673760891302,Intubation
0.0,5.0,0.0,0.00014283673760891302,-0.00014283673760891302,Ovarian Neoplasms
0.0,5.0,0.0,0.00014283673760891302,-0.00014283673760891302,Free Radicals
0.0,5.0,0.0,0.00014283673760891302,-0.00014283673760891302,Pelvimetry
0.0,5.0,0.0,0.00014283673760891302,-0.00014283673760891302,Collagen
0.0,5.0,0.0,0.00014283673760891302,-0.00014283673760891302,Carbohydrate Chemistry
0.0,5.0,0.0,0.00014283673760891302,-0.00014283673760891302,Septic Arthritis
0.0,5.0,0.0,0.00014283673760891302,-0.00014283673760891302,Vector-borne Diseases
0.0,5.0,0.0,0.00014283673760891302,-0.00014283673760891302,Venous system
0.0,5.0,0.0,0.00014283673760891302,-0.00014283673760891302,Gestational Diabetes
0.0,5.0,0.0,0.00014283673760891302,-0.00014283673760891302,Exercise physiology
0.0,5.0,0.0,0.00014283673760891302,-0.00014283673760891302,Lymphoid Organs
0.0,5.0,0.0,0.00014283673760891302,-0.00014283673760891302,Endophthalmitis
0.0,5.0,0.0,0.00014283673760891302,-0.00014283673760891302,Health planning
0.0,5.0,0.0,0.00014283673760891302,-0.00014283673760891302,Opioid analgesics
0.0,5.0,0.0,0.00014283673760891302,-0.00014283673760891302,Acid-base disorders
0.0,5.0,0.0,0.00014283673760891302,-0.00014283673760891302,Bronchiectasis
0.0,5.0,0.0,0.00014283673760891302,-0.00014283673760891302,Musculoskeletal radiology
0.0,5.0,0.0,0.00014283673760891302,-0.00014283673760891302,Implantation
0.0,5.0,0.0,0.00014283673760891302,-0.00014283673760891302,Pelvic Fascia
0.0,5.0,0.0,0.00014283673760891302,-0.00014283673760891302,Glucocorticoids
0.0,5.0,0.0,0.00014283673760891302,-0.00014283673760891302,Hand and Wrist
0.0,5.0,0.0,0.00014283673760891302,-0.00014283673760891302,Atherosclerosis
0.0,5.0,0.0,0.00014283673760891302,-0.00014283673760891302,Health Policy
0.0,5.0,0.0,0.00014283673760891302,-0.00014283673760891302,Vibrio
0.0,5.0,0.0,0.00014283673760891302,-0.00014283673760891302,Oxygen Transport
0.0,5.0,0.0,0.00014283673760891302,-0.00014283673760891302,Uterine fibroids
0.0,5.0,0.0,0.00014283673760891302,-0.00014283673760891302,Chronic Pancreatitis
0.0,5.0,0.0,0.00014283673760891302,-0.00014283673760891302,Hyperthyroidism
0.0,5.0,0.0,0.00014283673760891302,-0.00014283673760891302,Scleritis
0.0,5.0,0.0,0.00014283673760891302,-0.00014283673760891302,Metastasis
0.0,5.0,0.0,0.00014283673760891302,-0.00014283673760891302,Myasthenia Gravis
0.0,5.0,0.0,0.00014283673760891302,-0.00014283673760891302,Protein Folding
0.0,5.0,0.0,0.00014283673760891302,-0.00014283673760891302,Cardiac arrhythmias
0.0,5.0,0.0,0.00014283673760891302,-0.00014283673760891302,Atopic Dermatitis
0.0,5.0,0.0,0.00014283673760891302,-0.00014283673760891302,Antiretroviral Drugs
0.0,5.0,0.0,0.00014283673760891302,-0.00014283673760891302,Arsenic Poisoning
0.0,5.0,0.0,0.00014283673760891302,-0.00014283673760891302,Thoracic surgery
0.0,5.0,0.0,0.00014283673760891302,-0.00014283673760891302,Enzyme Kinetics
0.0,5.0,0.0,0.00014283673760891302,-0.00014283673760891302,Ocular physiology
0.0,5.0,0.0,0.00014283673760891302,-0.00014283673760891302,Trigeminal nerve
0.0,5.0,0.0,0.00014283673760891302,-0.00014283673760891302,Porphyrias
0.0,5.0,0.0,0.00014283673760891302,-0.00014283673760891302,Gastric Carcinoma
0.0,5.0,0.0,0.00014283673760891302,-0.00014283673760891302,Pharmacognosy
0.0,5.0,0.0,0.00014283673760891302,-0.00014283673760891302,Legal aspects
0.0,5.0,0.0,0.00014283673760891302,-0.00014283673760891302,Sternocleidomastoid
0.0,5.0,0.0,0.00014283673760891302,-0.00014283673760891302,Antihyperlipidemic drugs
0.0,5.0,0.0,0.00014283673760891302,-0.00014283673760891302,Antihistamines
0.0,5.0,0.0,0.00014283673760891302,-0.00014283673760891302,TCA Cycle
0.0,5.0,0.0,0.00014283673760891302,-0.00014283673760891302,Staging
0.0,5.0,0.0,0.00014283673760891302,-0.00014283673760891302,Autism spectrum disorder
0.0,5.0,0.0,0.00014283673760891302,-0.00014283673760891302,Antidotes
0.0,5.0,0.0,0.00014283673760891302,-0.00014283673760891302,Arsenic poisoning
0.0,5.0,0.0,0.00014283673760891302,-0.00014283673760891302,Hodgkin Lymphoma
0.0,5.0,0.0,0.00014283673760891302,-0.00014283673760891302,Fascia
0.0,5.0,0.0,0.00014283673760891302,-0.00014283673760891302,Systemic Mycoses
0.0,5.0,0.0,0.00014283673760891302,-0.00014283673760891302,Ligament injuries
0.0,5.0,0.0,0.00014283673760891302,-0.00014283673760891302,Antiretroviral therapy
0.0,5.0,0.0,0.00014283673760891302,-0.00014283673760891302,Drug metabolism
0.0,5.0,0.0,0.00014283673760891302,-0.00014283673760891302,Platelet disorders
0.0,5.0,0.0,0.00014283673760891302,-0.00014283673760891302,Antiulcer drugs
0.0,5.0,0.0,0.00014283673760891302,-0.00014283673760891302,Antiviral Drugs
0.0,5.0,0.0,0.00014283673760891302,-0.00014283673760891302,Laparoscopic Surgery
0.0,5.0,0.0,0.00014283673760891302,-0.00014283673760891302,Antiprotozoal drugs
0.0,5.0,0.0,0.00014283673760891302,-0.00014283673760891302,Antiplatelet agents
0.0,5.0,0.0,0.00014283673760891302,-0.00014283673760891302,Oncogenes
0.0,5.0,0.0,0.00014283673760891302,-0.00014283673760891302,Poliomyelitis
0.0,5.0,0.0,0.00014283673760891302,-0.00014283673760891302,Subarachnoid Hemorrhage
0.0,5.0,0.0,0.00014283673760891302,-0.00014283673760891302,Antineoplastic agents
0.0,5.0,0.0,0.00014283673760891302,-0.00014283673760891302,Thrombosis
0.0,5.0,0.0,0.00014283673760891302,-0.00014283673760891302,Neurodegenerative Disorders
0.0,5.0,0.0,0.00014283673760891302,-0.00014283673760891302,Tca Cycle
0.0,5.0,0.0,0.00014283673760891302,-0.00014283673760891302,Aqueous humor
0.0,5.0,0.0,0.00014283673760891302,-0.00014283673760891302,Pigmented Lesions
0.0,5.0,0.0,0.00014283673760891302,-0.00014283673760891302,Post-operative Complications
0.0,5.0,0.0,0.00014283673760891302,-0.00014283673760891302,Hemoglobin
0.0,5.0,0.0,0.00014283673760891302,-0.00014283673760891302,Genetic Code
0.0,5.0,0.0,0.00014283673760891302,-0.00014283673760891302,Bioterrorism
0.0,5.0,0.0,0.00014283673760891302,-0.00014283673760891302,Laxatives
7.0,48.0,0.001201923076923077,0.001371232681045565,-0.000169309604122488,Spine
3.0,24.0,0.0005151098901098901,0.0006856163405227825,-0.00017050645041289238,Identification
2.0,18.0,0.00034340659340659343,0.0005142122553920868,-0.0001708056619854934,Arteries
2.0,18.0,0.00034340659340659343,0.0005142122553920868,-0.0001708056619854934,Sexual Offences
1.0,12.0,0.00017170329670329672,0.00034280817026139125,-0.00017110487355809453,Diagnostic Tests
1.0,12.0,0.00017170329670329672,0.00034280817026139125,-0.00017110487355809453,Inflammatory Bowel Disease
1.0,12.0,0.00017170329670329672,0.00034280817026139125,-0.00017110487355809453,Nucleic Acids
0.0,6.0,0.0,0.00017140408513069563,-0.00017140408513069563,Lymphatic Drainage
0.0,6.0,0.0,0.00017140408513069563,-0.00017140408513069563,Iron Metabolism
0.0,6.0,0.0,0.00017140408513069563,-0.00017140408513069563,Herpes Keratitis
0.0,6.0,0.0,0.00017140408513069563,-0.00017140408513069563,Electroconvulsive therapy
0.0,6.0,0.0,0.00017140408513069563,-0.00017140408513069563,Pterygium
0.0,6.0,0.0,0.00017140408513069563,-0.00017140408513069563,Benzodiazepines
0.0,6.0,0.0,0.00017140408513069563,-0.00017140408513069563,Resuscitation
0.0,6.0,0.0,0.00017140408513069563,-0.00017140408513069563,Pelvis and Perineum
0.0,6.0,0.0,0.00017140408513069563,-0.00017140408513069563,Puberty
0.0,6.0,0.0,0.00017140408513069563,-0.00017140408513069563,Dna Replication
0.0,6.0,0.0,0.00017140408513069563,-0.00017140408513069563,Gynecological Oncology
0.0,6.0,0.0,0.00017140408513069563,-0.00017140408513069563,Gender Identity Disorders
0.0,6.0,0.0,0.00017140408513069563,-0.00017140408513069563,Uterine Rupture
0.0,6.0,0.0,0.00017140408513069563,-0.00017140408513069563,Shoulder Dislocation
0.0,6.0,0.0,0.00017140408513069563,-0.00017140408513069563,Conversion disorder
0.0,6.0,0.0,0.00017140408513069563,-0.00017140408513069563,Thalassemia
0.0,6.0,0.0,0.00017140408513069563,-0.00017140408513069563,Abdominal Vasculature
0.0,6.0,0.0,0.00017140408513069563,-0.00017140408513069563,Study Design
0.0,6.0,0.0,0.00017140408513069563,-0.00017140408513069563,Appendicitis
0.0,6.0,0.0,0.00017140408513069563,-0.00017140408513069563,Herpes keratitis
0.0,6.0,0.0,0.00017140408513069563,-0.00017140408513069563,Oculoplasty
0.0,6.0,0.0,0.00017140408513069563,-0.00017140408513069563,Drug dependence
0.0,6.0,0.0,0.00017140408513069563,-0.00017140408513069563,Drug Toxicity
0.0,6.0,0.0,0.00017140408513069563,-0.00017140408513069563,Systemic Vasculitis
0.0,6.0,0.0,0.00017140408513069563,-0.00017140408513069563,Influenza
0.0,6.0,0.0,0.00017140408513069563,-0.00017140408513069563,Prenatal Screening
0.0,6.0,0.0,0.00017140408513069563,-0.00017140408513069563,NSAIDs
0.0,6.0,0.0,0.00017140408513069563,-0.00017140408513069563,Pyrimidine Metabolism
0.0,6.0,0.0,0.00017140408513069563,-0.00017140408513069563,Substance abuse
0.0,6.0,0.0,0.00017140408513069563,-0.00017140408513069563,Protein Biochemistry
0.0,6.0,0.0,0.00017140408513069563,-0.00017140408513069563,Coagulation disorders
0.0,6.0,0.0,0.00017140408513069563,-0.00017140408513069563,Optics and Refraction
0.0,6.0,0.0,0.00017140408513069563,-0.00017140408513069563,Lactation
0.0,6.0,0.0,0.00017140408513069563,-0.00017140408513069563,Blast Injuries
0.0,6.0,0.0,0.00017140408513069563,-0.00017140408513069563,Hepatobiliary Surgery
0.0,6.0,0.0,0.00017140408513069563,-0.00017140408513069563,Otitis Externa
0.0,6.0,0.0,0.00017140408513069563,-0.00017140408513069563,Optics And Refraction
0.0,6.0,0.0,0.00017140408513069563,-0.00017140408513069563,Nephrotic syndrome
0.0,6.0,0.0,0.00017140408513069563,-0.00017140408513069563,Neck Anatomy
0.0,6.0,0.0,0.00017140408513069563,-0.00017140408513069563,Hepatobiliary System
0.0,6.0,0.0,0.00017140408513069563,-0.00017140408513069563,Oligohydramnios
0.0,6.0,0.0,0.00017140408513069563,-0.00017140408513069563,Platelet Disorders
0.0,6.0,0.0,0.00017140408513069563,-0.00017140408513069563,Lichen planus
0.0,6.0,0.0,0.00017140408513069563,-0.00017140408513069563,Intravenous Anesthetics
0.0,6.0,0.0,0.00017140408513069563,-0.00017140408513069563,Torture
0.0,6.0,0.0,0.00017140408513069563,-0.00017140408513069563,Plasma Proteins
0.0,6.0,0.0,0.00017140408513069563,-0.00017140408513069563,Myeloproliferative neoplasms
0.0,6.0,0.0,0.00017140408513069563,-0.00017140408513069563,Neuromuscular disorders
0.0,6.0,0.0,0.00017140408513069563,-0.00017140408513069563,Cardiac Arrest Management
0.0,6.0,0.0,0.00017140408513069563,-0.00017140408513069563,Cognitive Disorders
0.0,6.0,0.0,0.00017140408513069563,-0.00017140408513069563,Suicide
0.0,6.0,0.0,0.00017140408513069563,-0.00017140408513069563,Esophageal disorders
0.0,6.0,0.0,0.00017140408513069563,-0.00017140408513069563,Antiplatelet Agents
0.0,6.0,0.0,0.00017140408513069563,-0.00017140408513069563,Hypothalamus
0.0,6.0,0.0,0.00017140408513069563,-0.00017140408513069563,Neural tube defects
0.0,6.0,0.0,0.00017140408513069563,-0.00017140408513069563,Dermatomyositis
0.0,6.0,0.0,0.00017140408513069563,-0.00017140408513069563,Trace elements
0.0,6.0,0.0,0.00017140408513069563,-0.00017140408513069563,Thyroid disorders
0.0,6.0,0.0,0.00017140408513069563,-0.00017140408513069563,Lipid-Lowering Drugs
0.0,6.0,0.0,0.00017140408513069563,-0.00017140408513069563,Melanoma
0.0,6.0,0.0,0.00017140408513069563,-0.00017140408513069563,Prognosis
0.0,6.0,0.0,0.00017140408513069563,-0.00017140408513069563,Purine metabolism
0.0,6.0,0.0,0.00017140408513069563,-0.00017140408513069563,Radiation Safety
0.0,6.0,0.0,0.00017140408513069563,-0.00017140408513069563,Urogenital System
0.0,6.0,0.0,0.00017140408513069563,-0.00017140408513069563,Thoracic Anatomy
0.0,6.0,0.0,0.00017140408513069563,-0.00017140408513069563,Extraocular muscles
0.0,6.0,0.0,0.00017140408513069563,-0.00017140408513069563,Grievous hurt
0.0,6.0,0.0,0.00017140408513069563,-0.00017140408513069563,Genital Tuberculosis
0.0,6.0,0.0,0.00017140408513069563,-0.00017140408513069563,Organic mental disorders
0.0,6.0,0.0,0.00017140408513069563,-0.00017140408513069563,Chest radiography
0.0,6.0,0.0,0.00017140408513069563,-0.00017140408513069563,Radiation Oncology
0.0,6.0,0.0,0.00017140408513069563,-0.00017140408513069563,Poxviruses
0.0,6.0,0.0,0.00017140408513069563,-0.00017140408513069563,Grievous Hurt
0.0,6.0,0.0,0.00017140408513069563,-0.00017140408513069563,Fever
0.0,6.0,0.0,0.00017140408513069563,-0.00017140408513069563,Abnormal uterine bleeding
0.0,6.0,0.0,0.00017140408513069563,-0.00017140408513069563,Perineal Tears
0.0,6.0,0.0,0.00017140408513069563,-0.00017140408513069563,Staining techniques
0.0,6.0,0.0,0.00017140408513069563,-0.00017140408513069563,Disease Surveillance
0.0,6.0,0.0,0.00017140408513069563,-0.00017140408513069563,Micronutrients
0.0,6.0,0.0,0.00017140408513069563,-0.00017140408513069563,ECG
0.0,6.0,0.0,0.00017140408513069563,-0.00017140408513069563,Social Security
0.0,6.0,0.0,0.00017140408513069563,-0.00017140408513069563,Ocular oncology
0.0,6.0,0.0,0.00017140408513069563,-0.00017140408513069563,Abdominal anatomy
0.0,6.0,0.0,0.00017140408513069563,-0.00017140408513069563,Fatty Acid Synthesis
0.0,6.0,0.0,0.00017140408513069563,-0.00017140408513069563,Somatic Symptom Disorders
0.0,6.0,0.0,0.00017140408513069563,-0.00017140408513069563,Somatic symptom disorders
0.0,6.0,0.0,0.00017140408513069563,-0.00017140408513069563,Epidermis
0.0,6.0,0.0,0.00017140408513069563,-0.00017140408513069563,Protein chemistry
0.0,6.0,0.0,0.00017140408513069563,-0.00017140408513069563,Pancreatic Disorders
0.0,6.0,0.0,0.00017140408513069563,-0.00017140408513069563,Chromosomal disorders
0.0,6.0,0.0,0.00017140408513069563,-0.00017140408513069563,Consumer Protection
3.0,25.0,0.0005151098901098901,0.0007141836880445651,-0.00019907379793467495,Adverse drug reactions
2.0,19.0,0.00034340659340659343,0.0005427796029138694,-0.00019937300950727597,Hip Disorders
1.0,13.0,0.00017170329670329672,0.00037137551778317383,-0.0001996722210798771,Electrolyte disorders
1.0,13.0,0.00017170329670329672,0.00037137551778317383,-0.0001996722210798771,Culture media
1.0,13.0,0.00017170329670329672,0.00037137551778317383,-0.0001996722210798771,Waste Management
1.0,13.0,0.00017170329670329672,0.00037137551778317383,-0.0001996722210798771,Anticancer drugs
1.0,13.0,0.00017170329670329672,0.00037137551778317383,-0.0001996722210798771,Gout
1.0,13.0,0.00017170329670329672,0.00037137551778317383,-0.0001996722210798771,Sarcoidosis
1.0,13.0,0.00017170329670329672,0.00037137551778317383,-0.0001996722210798771,Chest Radiology
0.0,7.0,0.0,0.00019997143265247823,-0.00019997143265247823,Rabies
0.0,7.0,0.0,0.00019997143265247823,-0.00019997143265247823,Nematodes
0.0,7.0,0.0,0.00019997143265247823,-0.00019997143265247823,Bariatric Surgery
0.0,7.0,0.0,0.00019997143265247823,-0.00019997143265247823,Teratogenicity
0.0,7.0,0.0,0.00019997143265247823,-0.00019997143265247823,Duodenum
0.0,7.0,0.0,0.00019997143265247823,-0.00019997143265247823,Parathyroid Disorders
0.0,7.0,0.0,0.00019997143265247823,-0.00019997143265247823,Lichen Planus
0.0,7.0,0.0,0.00019997143265247823,-0.00019997143265247823,Neisseria
0.0,7.0,0.0,0.00019997143265247823,-0.00019997143265247823,Antiplatelet drugs
0.0,7.0,0.0,0.00019997143265247823,-0.00019997143265247823,Ureter
0.0,7.0,0.0,0.00019997143265247823,-0.00019997143265247823,Kidney
0.0,7.0,0.0,0.00019997143265247823,-0.00019997143265247823,Carbohydrates
0.0,7.0,0.0,0.00019997143265247823,-0.00019997143265247823,Rhinitis
0.0,7.0,0.0,0.00019997143265247823,-0.00019997143265247823,Neural Tube Defects
0.0,7.0,0.0,0.00019997143265247823,-0.00019997143265247823,Uterine prolapse
0.0,7.0,0.0,0.00019997143265247823,-0.00019997143265247823,Paranasal sinuses
0.0,7.0,0.0,0.00019997143265247823,-0.00019997143265247823,Chromosomal abnormalities
0.0,7.0,0.0,0.00019997143265247823,-0.00019997143265247823,Blindness
0.0,7.0,0.0,0.00019997143265247823,-0.00019997143265247823,Mortality Indicators
0.0,7.0,0.0,0.00019997143265247823,-0.00019997143265247823,Cardiovascular Drugs
0.0,7.0,0.0,0.00019997143265247823,-0.00019997143265247823,Myopia
0.0,7.0,0.0,0.00019997143265247823,-0.00019997143265247823,Congenital nasolacrimal duct obstruction
0.0,7.0,0.0,0.00019997143265247823,-0.00019997143265247823,Neuromuscular Junction
0.0,7.0,0.0,0.00019997143265247823,-0.00019997143265247823,Tonsil disorders
0.0,7.0,0.0,0.00019997143265247823,-0.00019997143265247823,Neuromuscular Disorders
0.0,7.0,0.0,0.00019997143265247823,-0.00019997143265247823,Peripheral nerve injuries
0.0,7.0,0.0,0.00019997143265247823,-0.00019997143265247823,Antiarrhythmic drugs
0.0,7.0,0.0,0.00019997143265247823,-0.00019997143265247823,Alcohol Use Disorder
0.0,7.0,0.0,0.00019997143265247823,-0.00019997143265247823,Hand
0.0,7.0,0.0,0.00019997143265247823,-0.00019997143265247823,Surface Anatomy
0.0,7.0,0.0,0.00019997143265247823,-0.00019997143265247823,EEG
0.0,7.0,0.0,0.00019997143265247823,-0.00019997143265247823,Urinary bladder
0.0,7.0,0.0,0.00019997143265247823,-0.00019997143265247823,Population pyramid
0.0,7.0,0.0,0.00019997143265247823,-0.00019997143265247823,Helminths
0.0,7.0,0.0,0.00019997143265247823,-0.00019997143265247823,Disease surveillance
0.0,7.0,0.0,0.00019997143265247823,-0.00019997143265247823,Catatonia
0.0,7.0,0.0,0.00019997143265247823,-0.00019997143265247823,Infectious keratitis
0.0,7.0,0.0,0.00019997143265247823,-0.00019997143265247823,Psoriatic arthritis
0.0,7.0,0.0,0.00019997143265247823,-0.00019997143265247823,Multiple Sclerosis
0.0,7.0,0.0,0.00019997143265247823,-0.00019997143265247823,Substance-related disorders
0.0,7.0,0.0,0.00019997143265247823,-0.00019997143265247823,Inguinal region
0.0,7.0,0.0,0.00019997143265247823,-0.00019997143265247823,Postoperative Complications
0.0,7.0,0.0,0.00019997143265247823,-0.00019997143265247823,MRI
0.0,7.0,0.0,0.00019997143265247823,-0.00019997143265247823,Extraocular Muscles
0.0,7.0,0.0,0.00019997143265247823,-0.00019997143265247823,Spinal tuberculosis
0.0,7.0,0.0,0.00019997143265247823,-0.00019997143265247823,Gastric carcinoma
0.0,7.0,0.0,0.00019997143265247823,-0.00019997143265247823,Antibodies
0.0,7.0,0.0,0.00019997143265247823,-0.00019997143265247823,Autopsy
0.0,7.0,0.0,0.00019997143265247823,-0.00019997143265247823,Antineoplastic Agents
0.0,7.0,0.0,0.00019997143265247823,-0.00019997143265247823,Lymphatic drainage
0.0,7.0,0.0,0.00019997143265247823,-0.00019997143265247823,Contrast Media
0.0,7.0,0.0,0.00019997143265247823,-0.00019997143265247823,Cerebral Cortex
0.0,7.0,0.0,0.00019997143265247823,-0.00019997143265247823,Health Legislation
0.0,7.0,0.0,0.00019997143265247823,-0.00019997143265247823,Bronchial Asthma
0.0,7.0,0.0,0.00019997143265247823,-0.00019997143265247823,Colorectal cancer
0.0,7.0,0.0,0.00019997143265247823,-0.00019997143265247823,Antimicrobial drugs
0.0,7.0,0.0,0.00019997143265247823,-0.00019997143265247823,Menstrual Cycle
0.0,7.0,0.0,0.00019997143265247823,-0.00019997143265247823,Lipid-lowering drugs
0.0,7.0,0.0,0.00019997143265247823,-0.00019997143265247823,Mediastinum
0.0,7.0,0.0,0.00019997143265247823,-0.00019997143265247823,Amniotic Fluid
4.0,32.0,0.0006868131868131869,0.0009141551206970432,-0.00022734193388385636,Rhinology
4.0,32.0,0.0006868131868131869,0.0009141551206970432,-0.00022734193388385636,Cranial nerves
2.0,20.0,0.00034340659340659343,0.0005713469504356521,-0.00022794035702905865,Glomerular Diseases
1.0,14.0,0.00017170329670329672,0.00039994286530495646,-0.00022823956860165974,Psychopathology
1.0,14.0,0.00017170329670329672,0.00039994286530495646,-0.00022823956860165974,Serology
1.0,14.0,0.00017170329670329672,0.00039994286530495646,-0.00022823956860165974,Head Injury
0.0,8.0,0.0,0.0002285387801742608,-0.0002285387801742608,Obsessive-compulsive disorder
0.0,8.0,0.0,0.0002285387801742608,-0.0002285387801742608,Anterior segment
0.0,8.0,0.0,0.0002285387801742608,-0.0002285387801742608,Inflammatory bowel disease
0.0,8.0,0.0,0.0002285387801742608,-0.0002285387801742608,Vector Borne Diseases
0.0,8.0,0.0,0.0002285387801742608,-0.0002285387801742608,Eyelid disorders
0.0,8.0,0.0,0.0002285387801742608,-0.0002285387801742608,Postmortem changes
0.0,8.0,0.0,0.0002285387801742608,-0.0002285387801742608,Cartilage
0.0,8.0,0.0,0.0002285387801742608,-0.0002285387801742608,Contraindications
0.0,8.0,0.0,0.0002285387801742608,-0.0002285387801742608,Antimicrobial Agents
0.0,8.0,0.0,0.0002285387801742608,-0.0002285387801742608,Acute Pancreatitis
0.0,8.0,0.0,0.0002285387801742608,-0.0002285387801742608,Antihyperlipidemic Drugs
0.0,8.0,0.0,0.0002285387801742608,-0.0002285387801742608,Nail disorders
0.0,8.0,0.0,0.0002285387801742608,-0.0002285387801742608,Stature estimation
0.0,8.0,0.0,0.0002285387801742608,-0.0002285387801742608,General Anaesthetics
0.0,8.0,0.0,0.0002285387801742608,-0.0002285387801742608,Environmental health
0.0,8.0,0.0,0.0002285387801742608,-0.0002285387801742608,Arthroscopy
0.0,8.0,0.0,0.0002285387801742608,-0.0002285387801742608,Epidemiological Study Designs
0.0,8.0,0.0,0.0002285387801742608,-0.0002285387801742608,Antifungal agents
0.0,8.0,0.0,0.0002285387801742608,-0.0002285387801742608,Salivary Glands
0.0,8.0,0.0,0.0002285387801742608,-0.0002285387801742608,Health Planning
0.0,8.0,0.0,0.0002285387801742608,-0.0002285387801742608,Metal Poisoning
0.0,8.0,0.0,0.0002285387801742608,-0.0002285387801742608,Gas Exchange
0.0,8.0,0.0,0.0002285387801742608,-0.0002285387801742608,Radial Nerve
0.0,8.0,0.0,0.0002285387801742608,-0.0002285387801742608,Organic Mental Disorders
0.0,8.0,0.0,0.0002285387801742608,-0.0002285387801742608,Neurocutaneous Syndromes
0.0,8.0,0.0,0.0002285387801742608,-0.0002285387801742608,Ketone Bodies
0.0,8.0,0.0,0.0002285387801742608,-0.0002285387801742608,Antiplatelet Drugs
0.0,8.0,0.0,0.0002285387801742608,-0.0002285387801742608,Mechanical injuries
0.0,8.0,0.0,0.0002285387801742608,-0.0002285387801742608,Chest Radiography
0.0,8.0,0.0,0.0002285387801742608,-0.0002285387801742608,Measles
0.0,8.0,0.0,0.0002285387801742608,-0.0002285387801742608,Musculoskeletal Anatomy
0.0,8.0,0.0,0.0002285387801742608,-0.0002285387801742608,Sinusitis
0.0,8.0,0.0,0.0002285387801742608,-0.0002285387801742608,Corticosteroids
0.0,8.0,0.0,0.0002285387801742608,-0.0002285387801742608,Spinal Anaesthesia
0.0,8.0,0.0,0.0002285387801742608,-0.0002285387801742608,Psychoanalysis
0.0,8.0,0.0,0.0002285387801742608,-0.0002285387801742608,Skeletal Radiology
0.0,8.0,0.0,0.0002285387801742608,-0.0002285387801742608,Radiation physics
0.0,8.0,0.0,0.0002285387801742608,-0.0002285387801742608,Vector-Borne Diseases
0.0,8.0,0.0,0.0002285387801742608,-0.0002285387801742608,Opioid Analgesics
0.0,8.0,0.0,0.0002285387801742608,-0.0002285387801742608,Liver pathology
5.0,39.0,0.0008585164835164835,0.0011141265533495216,-0.0002556100698330381,Public Health
4.0,33.0,0.0006868131868131869,0.0009427224682188259,-0.00025590928140563904,Audiology
3.0,27.0,0.0005151098901098901,0.0007713183830881302,-0.0002562084929782401,Otitis Media
2.0,21.0,0.00034340659340659343,0.0005999142979574347,-0.00025650770455084123,Refractive errors
1.0,15.0,0.00017170329670329672,0.00042851021282673904,-0.00025680691612344235,Amenorrhea
1.0,15.0,0.00017170329670329672,0.00042851021282673904,-0.00025680691612344235,Vaccination
1.0,15.0,0.00017170329670329672,0.00042851021282673904,-0.00025680691612344235,Autoimmune Diseases
1.0,15.0,0.00017170329670329672,0.00042851021282673904,-0.00025680691612344235,Placenta
1.0,15.0,0.00017170329670329672,0.00042851021282673904,-0.00025680691612344235,Drug Interactions
0.0,9.0,0.0,0.0002571061276960434,-0.0002571061276960434,Clinical Signs
0.0,9.0,0.0,0.0002571061276960434,-0.0002571061276960434,Ptosis
0.0,9.0,0.0,0.0002571061276960434,-0.0002571061276960434,Cranial venous sinuses
0.0,9.0,0.0,0.0002571061276960434,-0.0002571061276960434,Adverse drug effects
0.0,9.0,0.0,0.0002571061276960434,-0.0002571061276960434,Interstitial Lung Disease
0.0,9.0,0.0,0.0002571061276960434,-0.0002571061276960434,Ocular motility
0.0,9.0,0.0,0.0002571061276960434,-0.0002571061276960434,Electroconvulsive Therapy
0.0,9.0,0.0,0.0002571061276960434,-0.0002571061276960434,Antitubercular drugs
0.0,9.0,0.0,0.0002571061276960434,-0.0002571061276960434,Cranial Venous Sinuses
0.0,9.0,0.0,0.0002571061276960434,-0.0002571061276960434,Electrophysiology
0.0,9.0,0.0,0.0002571061276960434,-0.0002571061276960434,Diphtheria
0.0,9.0,0.0,0.0002571061276960434,-0.0002571061276960434,Cholera
0.0,9.0,0.0,0.0002571061276960434,-0.0002571061276960434,Hypersensitivity
0.0,9.0,0.0,0.0002571061276960434,-0.0002571061276960434,Neurofibromatosis
0.0,9.0,0.0,0.0002571061276960434,-0.0002571061276960434,Antifungal Agents
0.0,9.0,0.0,0.0002571061276960434,-0.0002571061276960434,Antifungal drugs
0.0,9.0,0.0,0.0002571061276960434,-0.0002571061276960434,Myeloproliferative Neoplasms
0.0,9.0,0.0,0.0002571061276960434,-0.0002571061276960434,Genodermatoses
0.0,9.0,0.0,0.0002571061276960434,-0.0002571061276960434,Uterine Fibroids
0.0,9.0,0.0,0.0002571061276960434,-0.0002571061276960434,Intravenous Anaesthetics
0.0,9.0,0.0,0.0002571061276960434,-0.0002571061276960434,Antipsychotic Drugs
0.0,9.0,0.0,0.0002571061276960434,-0.0002571061276960434,Prenatal Diagnosis
0.0,9.0,0.0,0.0002571061276960434,-0.0002571061276960434,Pericardial Diseases
0.0,9.0,0.0,0.0002571061276960434,-0.0002571061276960434,Congenital Talipes Equinovarus
0.0,9.0,0.0,0.0002571061276960434,-0.0002571061276960434,Uterine anomalies
0.0,9.0,0.0,0.0002571061276960434,-0.0002571061276960434,Biomedical waste management
0.0,9.0,0.0,0.0002571061276960434,-0.0002571061276960434,Dementia
0.0,9.0,0.0,0.0002571061276960434,-0.0002571061276960434,Bone Pathology
0.0,9.0,0.0,0.0002571061276960434,-0.0002571061276960434,Geriatrics
0.0,9.0,0.0,0.0002571061276960434,-0.0002571061276960434,Venous Thromboembolism
0.0,9.0,0.0,0.0002571061276960434,-0.0002571061276960434,Lymphoid organs
0.0,9.0,0.0,0.0002571061276960434,-0.0002571061276960434,Septoplasty
0.0,9.0,0.0,0.0002571061276960434,-0.0002571061276960434,Factory Act
0.0,9.0,0.0,0.0002571061276960434,-0.0002571061276960434,Spleen
0.0,9.0,0.0,0.0002571061276960434,-0.0002571061276960434,Hemodynamics
0.0,9.0,0.0,0.0002571061276960434,-0.0002571061276960434,Surface anatomy
0.0,9.0,0.0,0.0002571061276960434,-0.0002571061276960434,Head injury
0.0,9.0,0.0,0.0002571061276960434,-0.0002571061276960434,Valvular heart disease
7.0,52.0,0.001201923076923077,0.0014855020711326953,-0.0002835789942096183,Protein Metabolism
1.0,16.0,0.00017170329670329672,0.0004570775603485216,-0.0002853742636452249,Metabolic Bone Disease
1.0,16.0,0.00017170329670329672,0.0004570775603485216,-0.0002853742636452249,Menopause
1.0,16.0,0.00017170329670329672,0.0004570775603485216,-0.0002853742636452249,Coagulation Disorders
1.0,16.0,0.00017170329670329672,0.0004570775603485216,-0.0002853742636452249,Antidepressants
0.0,10.0,0.0,0.00028567347521782604,-0.00028567347521782604,Substance-Related Disorders
0.0,10.0,0.0,0.00028567347521782604,-0.00028567347521782604,Conversion Disorder
0.0,10.0,0.0,0.00028567347521782604,-0.00028567347521782604,Shoulder
0.0,10.0,0.0,0.00028567347521782604,-0.00028567347521782604,Knee injuries
0.0,10.0,0.0,0.00028567347521782604,-0.00028567347521782604,Hemostasis
0.0,10.0,0.0,0.00028567347521782604,-0.00028567347521782604,Water Quality
0.0,10.0,0.0,0.00028567347521782604,-0.00028567347521782604,Large Intestine
0.0,10.0,0.0,0.00028567347521782604,-0.00028567347521782604,Intellectual Disability
0.0,10.0,0.0,0.00028567347521782604,-0.00028567347521782604,Cell signaling
0.0,10.0,0.0,0.00028567347521782604,-0.00028567347521782604,Hepatitis
0.0,10.0,0.0,0.00028567347521782604,-0.00028567347521782604,Antioxidants
0.0,10.0,0.0,0.00028567347521782604,-0.00028567347521782604,Middle ear
0.0,10.0,0.0,0.00028567347521782604,-0.00028567347521782604,Ossification
0.0,10.0,0.0,0.00028567347521782604,-0.00028567347521782604,Inhalational anaesthetics
0.0,10.0,0.0,0.00028567347521782604,-0.00028567347521782604,Liver Pathology
0.0,10.0,0.0,0.00028567347521782604,-0.00028567347521782604,Beta blockers
0.0,10.0,0.0,0.00028567347521782604,-0.00028567347521782604,Paranasal Sinuses
0.0,10.0,0.0,0.00028567347521782604,-0.00028567347521782604,Keratitis
0.0,10.0,0.0,0.00028567347521782604,-0.00028567347521782604,Hearing tests
0.0,10.0,0.0,0.00028567347521782604,-0.00028567347521782604,Heart
0.0,10.0,0.0,0.00028567347521782604,-0.00028567347521782604,Facial nerve
0.0,10.0,0.0,0.00028567347521782604,-0.00028567347521782604,Tympanic membrane
0.0,10.0,0.0,0.00028567347521782604,-0.00028567347521782604,Abnormal Uterine Bleeding
0.0,10.0,0.0,0.00028567347521782604,-0.00028567347521782604,Indian Penal Code
0.0,10.0,0.0,0.00028567347521782604,-0.00028567347521782604,Cestodes
0.0,10.0,0.0,0.00028567347521782604,-0.00028567347521782604,Nystagmus
0.0,10.0,0.0,0.00028567347521782604,-0.00028567347521782604,Transplantation
9.0,65.0,0.0015453296703296703,0.0018568775889158692,-0.000311547918586199,Contraception
1.0,17.0,0.00017170329670329672,0.00048564490787030424,-0.0003139416111670075,Glomerular diseases
1.0,17.0,0.00017170329670329672,0.00048564490787030424,-0.0003139416111670075,Antimicrobial Drugs
1.0,17.0,0.00017170329670329672,0.00048564490787030424,-0.0003139416111670075,Study Designs
0.0,11.0,0.0,0.0003142408227396086,-0.0003142408227396086,Beta Blockers
0.0,11.0,0.0,0.0003142408227396086,-0.0003142408227396086,Spinal Tuberculosis
0.0,11.0,0.0,0.0003142408227396086,-0.0003142408227396086,Antifungal Drugs
0.0,11.0,0.0,0.0003142408227396086,-0.0003142408227396086,DNA Replication
0.0,11.0,0.0,0.0003142408227396086,-0.0003142408227396086,Reflexes
0.0,11.0,0.0,0.0003142408227396086,-0.0003142408227396086,Delusions
0.0,11.0,0.0,0.0003142408227396086,-0.0003142408227396086,Congenital heart disease
0.0,11.0,0.0,0.0003142408227396086,-0.0003142408227396086,Brachial plexus
0.0,11.0,0.0,0.0003142408227396086,-0.0003142408227396086,Sleep Disorders
0.0,11.0,0.0,0.0003142408227396086,-0.0003142408227396086,Large intestine
0.0,11.0,0.0,0.0003142408227396086,-0.0003142408227396086,Blast injuries
0.0,11.0,0.0,0.0003142408227396086,-0.0003142408227396086,Drug Metabolism
0.0,11.0,0.0,0.0003142408227396086,-0.0003142408227396086,Hallucinations
0.0,11.0,0.0,0.0003142408227396086,-0.0003142408227396086,Neonatal Resuscitation
0.0,11.0,0.0,0.0003142408227396086,-0.0003142408227396086,Drug interactions
0.0,11.0,0.0,0.0003142408227396086,-0.0003142408227396086,Protein Synthesis
0.0,11.0,0.0,0.0003142408227396086,-0.0003142408227396086,Obsessive-Compulsive Disorder
36.0,228.0,0.006181318681318681,0.006513355234966434,-0.0003320365536477526,Immunology
6.0,48.0,0.0010302197802197802,0.001371232681045565,-0.00034101290082578476,Neuro-ophthalmology
3.0,30.0,0.0005151098901098901,0.0008570204256534781,-0.00034191053554358795,Malaria
1.0,18.0,0.00017170329670329672,0.0005142122553920868,-0.0003425089586887901,Drowning
0.0,12.0,0.0,0.00034280817026139125,-0.00034280817026139125,Obesity
0.0,12.0,0.0,0.00034280817026139125,-0.00034280817026139125,Complement system
0.0,12.0,0.0,0.00034280817026139125,-0.00034280817026139125,Mechanical Injuries
0.0,12.0,0.0,0.00034280817026139125,-0.00034280817026139125,Sterilization & Hospital Infection
0.0,12.0,0.0,0.00034280817026139125,-0.00034280817026139125,Vestibular system
0.0,12.0,0.0,0.00034280817026139125,-0.00034280817026139125,Middle Ear
4.0,37.0,0.0006868131868131869,0.0010569918583059562,-0.00037017867149276935,Vasculitis
2.0,25.0,0.00034340659340659343,0.0007141836880445651,-0.00037077709463797164,Muscle Physiology
0.0,13.0,0.0,0.00037137551778317383,-0.00037137551778317383,Facial Nerve
0.0,13.0,0.0,0.00037137551778317383,-0.00037137551778317383,Complement System
0.0,13.0,0.0,0.00037137551778317383,-0.00037137551778317383,Cervical Cancer
0.0,13.0,0.0,0.00037137551778317383,-0.00037137551778317383,Clinical Pharmacology
0.0,13.0,0.0,0.00037137551778317383,-0.00037137551778317383,Diabetic retinopathy
0.0,13.0,0.0,0.00037137551778317383,-0.00037137551778317383,Nuclear Medicine
0.0,13.0,0.0,0.00037137551778317383,-0.00037137551778317383,Antiepileptic drugs
0.0,13.0,0.0,0.00037137551778317383,-0.00037137551778317383,Electrocardiography
12.0,86.0,0.0020604395604395605,0.002456791886873304,-0.0003963523264337433,Immunization
2.0,26.0,0.00034340659340659343,0.0007427510355663477,-0.0003993444421597542,Local Anaesthetics
1.0,20.0,0.00017170329670329672,0.0005713469504356521,-0.00039964365373235534,Endometriosis
1.0,20.0,0.00017170329670329672,0.0005713469504356521,-0.00039964365373235534,Delusional Disorders
0.0,14.0,0.0,0.00039994286530495646,-0.00039994286530495646,Prostaglandins
0.0,14.0,0.0,0.00039994286530495646,-0.00039994286530495646,Antipsychotic drugs
0.0,14.0,0.0,0.00039994286530495646,-0.00039994286530495646,Otitis media
0.0,14.0,0.0,0.00039994286530495646,-0.00039994286530495646,Antiepileptic Drugs
0.0,14.0,0.0,0.00039994286530495646,-0.00039994286530495646,Chromosomal Abnormalities
0.0,14.0,0.0,0.00039994286530495646,-0.00039994286530495646,Anthropometry
0.0,14.0,0.0,0.00039994286530495646,-0.00039994286530495646,Gluconeogenesis
0.0,14.0,0.0,0.00039994286530495646,-0.00039994286530495646,Otosclerosis
0.0,14.0,0.0,0.00039994286530495646,-0.00039994286530495646,Citric Acid Cycle
11.0,81.0,0.0018887362637362637,0.0023139551492643907,-0.00042521888552812695,Lens & Cataract
1.0,21.0,0.00017170329670329672,0.0005999142979574347,-0.0004282110012541379,Pancreas
0.0,15.0,0.0,0.00042851021282673904,-0.00042851021282673904,Sleep disorders
0.0,15.0,0.0,0.00042851021282673904,-0.00042851021282673904,Conjunctiva
0.0,15.0,0.0,0.00042851021282673904,-0.00042851021282673904,Radiation Physics
0.0,15.0,0.0,0.00042851021282673904,-0.00042851021282673904,Knee
0.0,15.0,0.0,0.00042851021282673904,-0.00042851021282673904,Lacrimal apparatus
0.0,15.0,0.0,0.00042851021282673904,-0.00042851021282673904,Lacrimal Apparatus
0.0,15.0,0.0,0.00042851021282673904,-0.00042851021282673904,Muscles
0.0,15.0,0.0,0.00042851021282673904,-0.00042851021282673904,Pelvic Inflammatory Disease
5.0,46.0,0.0008585164835164835,0.0013140979860019996,-0.00045558150248551613,Schizophrenia & Psychosis
1.0,22.0,0.00017170329670329672,0.0006284816454792172,-0.0004567783487759205,Anxiety & OCD
1.0,22.0,0.00017170329670329672,0.0006284816454792172,-0.0004567783487759205,HIV/AIDS
0.0,16.0,0.0,0.0004570775603485216,-0.0004570775603485216,Refraction
0.0,16.0,0.0,0.0004570775603485216,-0.0004570775603485216,Hiv/Aids
0.0,16.0,0.0,0.0004570775603485216,-0.0004570775603485216,Ocular anatomy
0.0,16.0,0.0,0.0004570775603485216,-0.0004570775603485216,Cerebral circulation
0.0,16.0,0.0,0.0004570775603485216,-0.0004570775603485216,Cholesteatoma
0.0,16.0,0.0,0.0004570775603485216,-0.0004570775603485216,Peptic Ulcer Disease
0.0,16.0,0.0,0.0004570775603485216,-0.0004570775603485216,Neurotransmitters
0.0,16.0,0.0,0.0004570775603485216,-0.0004570775603485216,Delusional disorders
0.0,16.0,0.0,0.0004570775603485216,-0.0004570775603485216,Pharmacodynamics
0.0,16.0,0.0,0.0004570775603485216,-0.0004570775603485216,Antimicrobial Resistance
0.0,16.0,0.0,0.0004570775603485216,-0.0004570775603485216,Thyroid Disorders
0.0,16.0,0.0,0.0004570775603485216,-0.0004570775603485216,Antimalarial Drugs
0.0,16.0,0.0,0.0004570775603485216,-0.0004570775603485216,Scabies
0.0,16.0,0.0,0.0004570775603485216,-0.0004570775603485216,Glycolysis
0.0,16.0,0.0,0.0004570775603485216,-0.0004570775603485216,Pediatric Oncology
15.0,107.0,0.0025755494505494505,0.0030567061848307386,-0.00048115673428128806,Otology
3.0,35.0,0.0005151098901098901,0.000999857163262391,-0.00048474727315250094,Adverse Drug Reactions
1.0,23.0,0.00017170329670329672,0.0006570489930009998,-0.00048534569629770307,Peripheral nerves
0.0,17.0,0.0,0.00048564490787030424,-0.00048564490787030424,Antidiabetic Drugs
0.0,17.0,0.0,0.00048564490787030424,-0.00048564490787030424,Amino Acids
0.0,17.0,0.0,0.00048564490787030424,-0.00048564490787030424,Chlamydia
0.0,17.0,0.0,0.00048564490787030424,-0.00048564490787030424,Antidiabetic drugs
0.0,17.0,0.0,0.00048564490787030424,-0.00048564490787030424,Antimalarial drugs
0.0,17.0,0.0,0.00048564490787030424,-0.00048564490787030424,Clinical Biochemistry
0.0,17.0,0.0,0.00048564490787030424,-0.00048564490787030424,Ocular Anatomy
4.0,42.0,0.0006868131868131869,0.0011998285959148693,-0.0005130154091016825,Mood Disorders
2.0,30.0,0.00034340659340659343,0.0008570204256534781,-0.0005136138322468847,Lymphoma
2.0,30.0,0.00034340659340659343,0.0008570204256534781,-0.0005136138322468847,Burns & Plastic
0.0,18.0,0.0,0.0005142122553920868,-0.0005142122553920868,Bioenergetics
0.0,18.0,0.0,0.0005142122553920868,-0.0005142122553920868,Protein Chemistry
0.0,18.0,0.0,0.0005142122553920868,-0.0005142122553920868,Urea Cycle
0.0,18.0,0.0,0.0005142122553920868,-0.0005142122553920868,Lymphatic system
0.0,18.0,0.0,0.0005142122553920868,-0.0005142122553920868,Histopathology
0.0,18.0,0.0,0.0005142122553920868,-0.0005142122553920868,Protein Structure
1.0,25.0,0.00017170329670329672,0.0007141836880445651,-0.0005424803913412683,Lymphatic System
1.0,25.0,0.00017170329670329672,0.0007141836880445651,-0.0005424803913412683,Cell Biology
1.0,25.0,0.00017170329670329672,0.0007141836880445651,-0.0005424803913412683,Congenital Heart Disease
0.0,19.0,0.0,0.0005427796029138694,-0.0005427796029138694,Mania
0.0,19.0,0.0,0.0005427796029138694,-0.0005427796029138694,Shock
2.0,32.0,0.00034340659340659343,0.0009141551206970432,-0.0005707485272904498,Orbit
0.0,20.0,0.0,0.0005713469504356521,-0.0005713469504356521,Neuromuscular Blocking Agents
0.0,20.0,0.0,0.0005713469504356521,-0.0005713469504356521,Osteology
1.0,27.0,0.00017170329670329672,0.0007713183830881302,-0.0005996150863848335,Screening
0.0,21.0,0.0,0.0005999142979574347,-0.0005999142979574347,Antipsychotics
0.0,21.0,0.0,0.0005999142979574347,-0.0005999142979574347,Transfusion Medicine
0.0,22.0,0.0,0.0006284816454792172,-0.0006284816454792172,Amino acid metabolism
1.0,29.0,0.00017170329670329672,0.0008284530781316955,-0.0006567497814283988,Refractive Errors
1.0,29.0,0.00017170329670329672,0.0008284530781316955,-0.0006567497814283988,Pneumonia
0.0,25.0,0.0,0.0007141836880445651,-0.0007141836880445651,Inhalational Anaesthetics
1.0,32.0,0.00017170329670329672,0.0009141551206970432,-0.0007424518239937465,Communicable Diseases
0.0,29.0,0.0,0.0008284530781316955,-0.0008284530781316955,Inborn errors of metabolism
16.0,126.0,0.0027472527472527475,0.0035994857877446077,-0.0008522330404918603,Cornea & Refractive
8.0,81.0,0.0013736263736263737,0.0023139551492643907,-0.000940328775638017,Tuberculosis
6.0,69.0,0.0010302197802197802,0.0019711469790029998,-0.0009409271987832195,Environmental Health
7.0,76.0,0.001201923076923077,0.0021711184116554776,-0.0009691953347324006,Amino Acid Metabolism
0.0,34.0,0.0,0.0009712898157406085,-0.0009712898157406085,Pelvis & Perineum
33.0,233.0,0.005666208791208791,0.006656191972575346,-0.0009899831813665553,Gastrointestinal
3.0,54.0,0.0005151098901098901,0.0015426367661762605,-0.0010275268760663704,Pharmacokinetics
8.0,91.0,0.0013736263736263737,0.002599628624482217,-0.0012260022508558432,Joints & Arthritis
4.0,68.0,0.0006868131868131869,0.001942579631481217,-0.00125576644466803,Demography & Family Planning
6.0,83.0,0.0010302197802197802,0.002371089844307956,-0.0013408700640881756,Autonomic
20.0,168.0,0.003434065934065934,0.004799314383659477,-0.0013652484495935433,Squint & Pediatric Ophthalmology
11.0,120.0,0.0018887362637362637,0.0034280817026139123,-0.0015393454388776485,Retina
12.0,128.0,0.0020604395604395605,0.003656620482788173,-0.0015961809223486124,Head and Neck
8.0,108.0,0.0013736263736263737,0.003085273532352521,-0.0017116471587261472,Regional Anaesthesia
33.0,259.0,0.005666208791208791,0.007398943008141694,-0.0017327342169329027,Interventional Radiology
7.0,113.0,0.001201923076923077,0.003228110269961434,-0.002026187193038357,Neurophysiology
15.0,173.0,0.0025755494505494505,0.00494215112126839,-0.0023666016707189395,CNS Physiology
34.0,289.0,0.005837912087912088,0.008255963433795172,-0.0024180513458830835,Dermatology
15.0,188.0,0.0025755494505494505,0.00537066133409513,-0.002795111883545679,Upper Limb
19.0,217.0,0.0032623626373626375,0.006199114412226825,-0.0029367517748641876,Embryology
18.0,211.0,0.0030906593406593405,0.006027710327096129,-0.0029370509864367887,Environment & Occupational Health
63.0,494.0,0.010817307692307692,0.014112269675760606,-0.0032949619834529136,Neuroanatomy
39.0,368.0,0.006696428571428571,0.010512783888015997,-0.003816355316587426,Systemic Pathology
15.0,224.0,0.0025755494505494505,0.006399085844879303,-0.003823536394329853,Growth & Development
31.0,330.0,0.005322802197802198,0.009427224682188259,-0.004104422484386061,Biochemistry
51.0,452.0,0.008756868131868132,0.012912441079845736,-0.004155572947977604,Microbiology
74.0,598.0,0.012706043956043956,0.017083273818025997,-0.004377229861982041,Epidemiology
66.0,563.0,0.011332417582417582,0.016083416654763604,-0.004750999072346022,Endocrine Pharmacology
14.0,263.0,0.002403846153846154,0.007513212398228824,-0.00510936624438267,Child Psychiatry
