topic,ask_type,count
"2,3-DPG",mechanism,1
ABPI Interpretation,other,1
ACE inhibitors,drug_of_choice,1
ACE inhibitors,mechanism,1
ACL injuries,other,1
ADH Action,mechanism,1
ADH Analogs,mechanism,1
ADH mechanism,mechanism,1
ADHD,drug_of_choice,2
ADHD,epidemiology,2
ADHD,diagnosis,1
ADHD,other,1
ADHD medications,drug_of_choice,1
AIDS,diagnosis,3
AIDS,investigation,1
AIDS control programme,other,1
AMH,investigation,1
ANCA vasculitis,diagnosis,2
APGAR Score,diagnosis,1
APGAR scoring,diagnosis,1
ARDS,image_identification,1
ARDS,management,1
ARDS,mechanism,1
ASHA,management,1
ASOM,diagnosis,1
ATLS,management,1
ATP,mechanism,1
AV fistula,mechanism,1
Abdomen,other,74
Abdomen,anatomy_structure,68
Abdomen,diagnosis,8
Abdomen,management,6
Abdomen,mechanism,1
Abdominal Abscesses,anatomy_structure,1
Abdominal Anatomy,anatomy_structure,21
Abdominal Anatomy,image_identification,1
Abdominal Aorta,anatomy_structure,1
Abdominal Aortic Aneurysm,management,4
Abdominal Aortic Aneurysm,epidemiology,1
Abdominal Arteries,anatomy_structure,1
Abdominal CT,anatomy_structure,1
Abdominal CT Interpretation,diagnosis,1
Abdominal Ct,anatomy_structure,1
Abdominal Ct Interpretation,diagnosis,1
Abdominal Emergencies,management,3
Abdominal Imaging,image_identification,11
Abdominal Imaging,diagnosis,2
Abdominal Imaging,investigation,2
Abdominal Imaging,anatomy_structure,1
Abdominal Muscles,anatomy_structure,1
Abdominal Pain,diagnosis,3
Abdominal Pain,management,1
Abdominal Plexuses,anatomy_structure,1
Abdominal Radiograph,image_identification,1
Abdominal Radiography,investigation,1
Abdominal Radiology,image_identification,4
Abdominal Regions,anatomy_structure,3
Abdominal Surgery,anatomy_structure,2
Abdominal Surgery,image_identification,1
Abdominal Vasculature,anatomy_structure,6
Abdominal Vessels,anatomy_structure,4
Abdominal Viscera,anatomy_structure,1
Abdominal Wall Anatomy,anatomy_structure,3
Abdominal Wall Defects,anatomy_structure,1
Abdominal Wall Defects,mechanism,1
Abdominal anatomy,anatomy_structure,6
Abdominal aorta,anatomy_structure,1
Abdominal aortic aneurysm,management,2
Abdominal imaging,image_identification,3
Abdominal imaging,diagnosis,1
Abdominal imaging,investigation,1
Abdominal radiography,investigation,1
Abdominal radiology,image_identification,2
Abdominal regions,anatomy_structure,3
Abdominal surgery,diagnosis,1
Abdominal surgery,image_identification,1
Abdominal vessels,anatomy_structure,4
Abnormal Behavior,other,1
Abnormal Uterine Bleeding,diagnosis,4
Abnormal Uterine Bleeding,management,3
Abnormal Uterine Bleeding,epidemiology,1
Abnormal Uterine Bleeding,investigation,1
Abnormal Uterine Bleeding,other,1
Abnormal uterine bleeding,diagnosis,3
Abnormal uterine bleeding,management,2
Abnormal uterine bleeding,epidemiology,1
Abortion,management,2
Abortion,drug_of_choice,1
Abortion Methods,drug_of_choice,1
Abpi Interpretation,other,1
Abrasion,other,1
Abreaction,other,1
Abruptio Placentae,diagnosis,1
Abruptio placentae,diagnosis,1
Absence Seizure,drug_of_choice,1
Absorption,anatomy_structure,1
Absorption,mechanism,1
Acanthosis Nigricans,diagnosis,1
Acanthosis nigricans,diagnosis,1
Accessory spleen,anatomy_structure,1
Ace Inhibitors,drug_of_choice,1
Ace Inhibitors,mechanism,1
Acetaminophen,management,1
Acetyl CoA Carboxylase,mechanism,1
Acetylcholine,mechanism,2
Achalasia,management,2
Achalasia,diagnosis,1
Achalasia,investigation,1
Acid Base Balance,mechanism,2
Acid Base Balance,other,2
Acid Base Disorders,diagnosis,1
Acid Peptic Disease,mechanism,1
Acid base disorders,diagnosis,1
Acid base disorders,management,1
Acid base disorders,other,1
Acid-Base Balance,diagnosis,15
Acid-Base Balance,mechanism,5
Acid-Base Balance,other,1
Acid-Base Disorders,diagnosis,8
Acid-Base Disorders,mechanism,3
Acid-Base Disorders,management,1
Acid-Base Disorders / Calcium Metabolism,other,1
Acid-base balance,mechanism,2
Acid-base balance,diagnosis,1
Acid-base balance,other,1
Acid-base disorders,diagnosis,3
Acid-base disorders,management,1
Acid-base disorders,mechanism,1
Acidosis,diagnosis,1
Acl Injuries,other,1
Acne,management,3
Acne,diagnosis,2
Acne,drug_of_choice,1
Acne,mechanism,1
Acne Management,drug_of_choice,1
Acne Vulgaris,drug_of_choice,1
Acne Vulgaris,mechanism,1
Acne vulgaris,drug_of_choice,1
Acneiform Disorders,management,1
Acneiform disorders,management,1
Acoustic Neuroma,anatomy_structure,1
Acquired Inflammatory Skin Rashes,diagnosis,1
Acquired inflammatory skin rashes,diagnosis,1
Acral lentiginous melanoma,epidemiology,1
Acrodermatitis Enteropathica,diagnosis,1
Acrodermatitis enteropathica,diagnosis,1
Acromegaly,drug_of_choice,1
Acromegaly,epidemiology,1
Acromegaly Management,drug_of_choice,1
Acromegaly management,drug_of_choice,1
Actinomycosis,diagnosis,2
Actinomycosis,image_identification,1
Actinomycosis,mechanism,1
Action potential,image_identification,1
Action potentials,mechanism,2
Active Transport,mechanism,2
Active Transport,other,1
Acute Chest Pain Evaluation,investigation,1
Acute Coronary Syndrome,management,1
Acute Cystitis,investigation,1
Acute HIV syndrome,diagnosis,1
Acute Heart Failure,management,1
Acute Kidney Injury,diagnosis,2
Acute Kidney Injury,investigation,2
Acute Kidney Injury,other,1
Acute Leukemia,mechanism,2
Acute Leukemia,diagnosis,1
Acute Leukemia,management,1
Acute Leukemia,other,1
Acute Leukemias,diagnosis,2
Acute Liver Failure,investigation,1
Acute Lung Injury,mechanism,1
Acute Lymphoblastic Leukemia,diagnosis,1
Acute Metabolic Emergencies,management,1
Acute Pancreatitis,diagnosis,4
Acute Pancreatitis,investigation,2
Acute Pancreatitis,image_identification,1
Acute Pancreatitis,management,1
Acute Parotitis,diagnosis,1
Acute Pelvic Pain,diagnosis,1
Acute Phase Reactants,other,1
Acute Phase Response,other,1
Acute Scrotum,diagnosis,1
Acute Scrotum,investigation,1
Acute Scrotum,management,1
Acute Stress Disorder,diagnosis,1
Acute Suppurative Otitis Media,diagnosis,2
Acute care,other,1
Acute coronary syndromes,management,1
Acute dystonia,drug_of_choice,1
Acute fatty liver,other,1
Acute kidney injury,diagnosis,1
Acute kidney injury,investigation,1
Acute kidney injury,management,1
Acute leukemia,mechanism,2
Acute leukemia,diagnosis,1
Acute leukemia,other,1
Acute leukemias,diagnosis,2
Acute liver failure,investigation,1
Acute lymphoblastic leukemia,other,1
Acute metabolic emergencies,management,1
Acute myocardial infarction,other,1
Acute pancreatitis,image_identification,1
Acute parotitis,diagnosis,1
Acute phase proteins,other,1
Acute phase response,other,4
Acute polymorphic psychotic disorder,diagnosis,1
Acute promyelocytic leukemia,investigation,1
Acute scrotum,diagnosis,1
Acute scrotum,investigation,1
Acute transient psychotic disorder,diagnosis,1
Adaptive Immunity,mechanism,1
Addiction,diagnosis,1
Addiction Psychiatry,diagnosis,1
Addiction pharmacology,drug_of_choice,1
Adenoid,anatomy_structure,1
Adenoid,diagnosis,1
Adenoid Hypertrophy,management,1
Adenoid hypertrophy,management,1
Adenoids,diagnosis,1
Adenoids,investigation,1
Adenoids,other,1
Adenomyosis,management,2
Adenomyosis,diagnosis,1
Adenosine,mechanism,1
Adenylyl cyclase,mechanism,1
Adh Action,mechanism,1
Adhd,epidemiology,1
Adhd Medications,drug_of_choice,1
Adipocere,other,1
Adipose Tissue,mechanism,1
Adnexal Masses,diagnosis,1
Adnexal masses,diagnosis,1
Adolescent Health,diagnosis,1
Adolescent Health,epidemiology,1
Adolescent Psychiatry,diagnosis,1
Adolescent health,diagnosis,1
Adrenergic Agents,other,1
Adrenergic Agonists,mechanism,2
Adrenergic Agonists,other,1
Adrenergic Blockers,drug_of_choice,1
Adrenergic Blockers,other,1
Adrenergic Drugs,drug_of_choice,2
Adrenergic Pharmacology,mechanism,2
Adrenergic agents,other,1
Adrenergic agonists,mechanism,2
Adrenergic agonists,drug_of_choice,1
Adrenergic agonists,other,1
Adrenergic blockers,drug_of_choice,2
Adrenergic blockers,other,1
Adrenergic drugs,mechanism,2
Adrenergic drugs,drug_of_choice,1
Adrenergic pharmacology,mechanism,2
Adrenergic receptors,mechanism,1
Adrenoleukodystrophy,diagnosis,1
Advanced cardiac life support,management,1
Adverse Drug Effects,mechanism,1
Adverse Drug Effects,other,1
Adverse Drug Reactions,other,18
Adverse Drug Reactions,mechanism,13
Adverse Drug Reactions,management,3
Adverse Drug Reactions,diagnosis,2
Adverse Drug Reactions,drug_of_choice,1
Adverse Drug Reactions,epidemiology,1
Adverse Drug Reactions,investigation,1
Adverse Effects,mechanism,2
Adverse Effects,other,2
Adverse drug effects,other,8
Adverse drug effects,mechanism,1
Adverse drug reactions,other,18
Adverse drug reactions,mechanism,5
Adverse drug reactions,drug_of_choice,2
Adverse drug reactions,epidemiology,2
Adverse drug reactions,investigation,1
Adverse effects,other,3
Adverse effects,mechanism,1
Afterload,mechanism,1
Age Determination,other,1
Age Estimation,other,9
Age Estimation,investigation,6
Age determination,other,1
Age estimation,other,3
Age estimation,investigation,2
Aging,other,3
Aging,mechanism,1
Aging physiology,other,1
Agoraphobia,diagnosis,1
Agranulocytosis,other,1
Aids Control Programme,other,1
Air Pollution,other,3
Air Pollution,epidemiology,1
Air Pollution,investigation,1
Air Pollution,mechanism,1
Air bronchogram,image_identification,1
Air pollution,mechanism,1
Air pollution,other,1
Airway Assessment,investigation,2
Airway Assessment,other,2
Airway Assessment,diagnosis,1
Airway Devices,anatomy_structure,2
Airway Devices,image_identification,2
Airway Devices,other,1
Airway Emergencies,management,1
Airway Equipment,anatomy_structure,1
Airway Management,management,37
Airway Management,other,13
Airway Management,anatomy_structure,8
Airway Management,image_identification,5
Airway Management,diagnosis,4
Airway Management,investigation,4
Airway Management,drug_of_choice,1
Airway Management,mechanism,1
Airway Obstruction,diagnosis,2
Airway Obstruction,management,1
Airway assessment,other,2
Airway assessment,diagnosis,1
Airway assessment,investigation,1
Airway devices,other,1
Airway emergencies,anatomy_structure,1
Airway foreign bodies,anatomy_structure,1
Airway foreign bodies,diagnosis,1
Airway obstruction,management,1
Airway surgery,management,1
Albendazole,management,1
Alcock's Canal,anatomy_structure,1
Alcohol,diagnosis,1
Alcohol,mechanism,1
Alcohol,other,1
Alcohol Dependence Treatment,management,1
Alcohol Effects,other,1
Alcohol Intoxication,management,1
Alcohol Intoxication,other,1
Alcohol Poisoning,mechanism,1
Alcohol Use Disorder,diagnosis,5
Alcohol Use Disorder,drug_of_choice,1
Alcohol Use Disorder,management,1
Alcohol Withdrawal,diagnosis,3
Alcohol Withdrawal,other,1
Alcohol Withdrawal Syndrome,diagnosis,1
Alcohol and industrial poisons,drug_of_choice,1
Alcohol dependence,diagnosis,1
Alcohol interaction,management,1
Alcohol intoxication,management,1
Alcohol intoxication,other,1
Alcohol metabolism,mechanism,1
Alcohol use disorder,management,1
Alcohol-Related Disorders,management,1
Alcohol-related emergencies,management,1
Alcoholic Cardiomyopathy,diagnosis,1
Alcoholic Liver Disease,diagnosis,1
Alcoholic Liver Disease,epidemiology,1
Alcoholic Liver Disease,other,1
Alcoholic liver disease,diagnosis,1
Alcoholic liver disease,epidemiology,1
Alcoholism,diagnosis,2
Alcohols and Glycols,mechanism,1
Aldose Reductase Inhibitors,drug_of_choice,1
Aldosterone Regulation,mechanism,2
Alkaloids,other,1
Alkaptonuria,other,2
Alkylating agents,other,1
Allergic Bronchopulmonary Aspergillosis,diagnosis,2
Allergic Eye Disease,other,2
Allergic Eye Disease,diagnosis,1
Allergic Eye Disease,management,1
Allergic Lung Diseases,diagnosis,1
Allergic airway disease,other,1
Allergy,diagnosis,1
Allergy,drug_of_choice,1
Allied Health Disciplines,other,2
Alopecia,diagnosis,2
Alopecia,image_identification,1
Alopecia Areata,diagnosis,1
Alopecia Areata,image_identification,1
Alopecia areata,diagnosis,1
Alopecia areata,image_identification,1
Alpha Blockers,drug_of_choice,1
Alpha agonist,mechanism,1
Alpha blockers,drug_of_choice,1
Alpha-1 antitrypsin deficiency,diagnosis,1
Alpha-2 Agonists,mechanism,1
Alpha-2 agonists,mechanism,1
Alpha-Fetoprotein,investigation,1
Alpha-Glucosidase Inhibitors,mechanism,1
Alpha-fetoprotein,investigation,1
Alpha-glucosidase inhibitors,mechanism,1
Altered consciousness,management,1
Alternative Medicine,mechanism,1
Alternative medicine,mechanism,1
Alveolar Gas Equation,other,2
Alzheimer disease,anatomy_structure,1
Alzheimer disease,mechanism,1
Alzheimer'S Disease,diagnosis,4
Alzheimer'S Disease Drugs,management,1
Alzheimer's Disease,diagnosis,3
Alzheimer's disease,diagnosis,2
Alzheimer's disease drugs,management,1
Ambivalence,other,1
Amblyopia,management,3
Amblyopia,diagnosis,1
Amblyopia prevention,management,1
Ambulatory Anesthesia,drug_of_choice,1
Ambulatory anesthesia,drug_of_choice,1
Amenorrhea,diagnosis,13
Amenorrhea,investigation,1
Amenorrhea,mechanism,1
Amenorrhea,other,1
Amenorrhoea,diagnosis,1
American Association of Mental Retardation,diagnosis,1
Amino Acid Chemistry,other,3
Amino Acid Metabolism,mechanism,52
Amino Acid Metabolism,other,21
Amino Acid Metabolism,diagnosis,4
Amino Acid Metabolism,management,3
Amino Acid Metabolism,investigation,2
Amino Acid Metabolism,drug_of_choice,1
Amino Acid Metabolism Disorders,diagnosis,1
Amino Acid Metabolism Disorders,mechanism,1
Amino Acid Properties,mechanism,1
Amino Acid Structure And Classification,other,1
Amino Acid Structure and Classification,other,1
Amino Acid Transport Defects,mechanism,1
Amino Acids,other,14
Amino Acids,mechanism,2
Amino Acids,investigation,1
Amino Acids And Proteins Chemistry,other,3
Amino Sugar Metabolism,mechanism,1
Amino acid chemistry,mechanism,1
Amino acid chemistry,other,1
Amino acid metabolism,mechanism,13
Amino acid metabolism,diagnosis,4
Amino acid metabolism,other,4
Amino acid metabolism,management,1
Amino acid substitution,other,1
Amino acids,other,1
Aminoacidopathies,management,1
Aminoglycosides,other,1
Aminosalicylate drugs,other,1
Aminosalicylates,other,1
Ammonia Metabolism,mechanism,1
Amniotic Band Syndrome,diagnosis,1
Amniotic Band Syndrome,management,1
Amniotic Fluid,other,7
Amniotic Fluid Disorders,diagnosis,1
Amniotic Fluid Dynamics,other,1
Amniotic fluid,other,3
Amniotic fluid disorders,diagnosis,1
Amoebiasis,investigation,1
Amoebiasis,other,1
Amoebic Liver Abscess,management,1
Amphetamine,mechanism,1
Amphetamine Abuse,diagnosis,1
Amputation,epidemiology,1
Amputation Levels,image_identification,1
Amputations,image_identification,2
Amygdala,anatomy_structure,1
Amyloidosis,other,6
Amyloidosis,diagnosis,1
Amyloidosis,image_identification,1
Amyloidosis,investigation,1
Anaerobes,other,1
Anaerobic Bacteria,mechanism,2
Anaerobic Bacteria,other,2
Anaerobic Culture,investigation,1
Anaerobic bacteria,other,1
Anaerobic culture,investigation,1
Anaesthesia Circuits,other,2
Anaesthesia Circuits,management,1
Anaesthesia Complications,management,1
Anaesthesia Equipment,other,2
Anaesthesia Equipment,anatomy_structure,1
Anaesthesia In Systemic Diseases,management,1
Anaesthesia Monitoring,investigation,4
Anaesthesia circuits,management,1
Anaesthesia depth,investigation,2
Anaesthesia equipment,other,2
Anaesthesia in Systemic Diseases,management,1
Anaesthesia monitoring,investigation,2
Anaesthetic Agents,mechanism,3
Anaesthetic Agents,drug_of_choice,1
Anaesthetic Choice,management,1
Anaesthetic Complications,diagnosis,1
Anaesthetic Complications,drug_of_choice,1
Anaesthetic Complications,management,1
Anaesthetic Drugs,diagnosis,1
Anaesthetic Drugs,drug_of_choice,1
Anaesthetic Monitoring,investigation,1
Anaesthetic Monitoring,other,1
Anaesthetic Pharmacology,other,1
Anaesthetic toxicity,mechanism,1
Anal Canal,anatomy_structure,2
Anal Canal Carcinoma,management,1
Anal Carcinoma,anatomy_structure,2
Anal Fissure,diagnosis,2
Anal canal,anatomy_structure,1
Anal canal carcinoma,management,1
Anal carcinoma,anatomy_structure,1
Anal fissure,diagnosis,2
Anal fistula,investigation,1
Analgesia,drug_of_choice,1
Analgesic agents,mechanism,1
Analgesics,drug_of_choice,1
Analgesics,management,1
Analytical Biochemistry,investigation,1
Anaphylaxis,mechanism,1
Anaplerotic Reactions,mechanism,1
Anatomical Planes,anatomy_structure,3
Anatomical Triangles,anatomy_structure,1
Anatomical planes,anatomy_structure,3
Anatomy of neck,anatomy_structure,1
Androgen Insensitivity Syndrome,diagnosis,1
Androgenetic Alopecia,management,1
Androgenetic alopecia,management,1
Androgens,mechanism,2
Androgens,other,2
Anemia,diagnosis,14
Anemia,investigation,4
Anemia,mechanism,3
Anemia,epidemiology,1
Anemia,other,1
Anemia Prevention,management,1
Anemias,diagnosis,2
Anemias,other,1
Anencephaly,epidemiology,1
Anesthesia,other,2
Anesthesia,drug_of_choice,1
Anesthesia,mechanism,1
Anesthesia Circuits,other,2
Anesthesia Equipment,mechanism,1
Anesthesia Equipment,other,1
Anesthesia equipment,mechanism,1
Anesthetic Agents,drug_of_choice,1
Anesthetic Agents,mechanism,1
Anesthetic Complications,management,1
Anesthetic Drugs,other,1
Anesthetic agents,drug_of_choice,1
Anesthetic pharmacology,mechanism,1
Aneurysm,investigation,1
Aneurysm,management,1
Aneurysms,diagnosis,1
Aneurysms,epidemiology,1
Angina pectoris,other,1
Angiodysplasia,other,1
Angioedema treatment,drug_of_choice,1
Angiogenesis,mechanism,4
Anhydramnios,diagnosis,1
Animal Bites,management,1
Animal bites,management,1
Anisometropia,diagnosis,1
Ankle,anatomy_structure,2
Ankle Anatomy,anatomy_structure,1
Ankle Injuries,diagnosis,5
Ankle Sprains,diagnosis,1
Ankle and foot,anatomy_structure,1
Ankle injuries,diagnosis,3
Ankylosing Spondylitis,other,3
Ankylosing Spondylitis,diagnosis,1
Ankylosing spondylitis,diagnosis,2
Ankylosing spondylitis,other,2
Anorectal Disease,mechanism,1
Anorectal Disorders,image_identification,1
Anorectal Disorders,mechanism,1
Anorectal Surgery,anatomy_structure,1
Anorectal Surgery,image_identification,1
Anorectal disorders,anatomy_structure,1
Anorectal disorders,management,1
Anorectal surgery,anatomy_structure,1
Anorexia Nervosa,other,1
Anovulation,mechanism,1
Anovulatory DUB,mechanism,1
Anovulatory Dub,mechanism,1
Ans Pharmacology,other,4
Antenatal Care,other,122
Antenatal Care,management,58
Antenatal Care,diagnosis,46
Antenatal Care,drug_of_choice,28
Antenatal Care,epidemiology,23
Antenatal Care,investigation,18
Antenatal Care,anatomy_structure,14
Antenatal Care,mechanism,14
Antenatal Care,image_identification,2
Antepartum Fetal Surveillance,investigation,1
Antepartum Hemorrhage,diagnosis,2
Antepartum Hemorrhage,image_identification,1
Antepartum Hemorrhage,other,1
Antepartum fetal surveillance,investigation,1
Antepartum hemorrhage,management,1
Anterior Abdominal Wall,anatomy_structure,1
Anterior Cerebral Artery,anatomy_structure,3
Anterior Chamber Angle,anatomy_structure,1
Anterior Segment,other,1
Anterior cerebral artery,anatomy_structure,3
Anterior chamber angle,anatomy_structure,2
Anterior horn,anatomy_structure,1
Anterior segment,anatomy_structure,6
Anterior segment,other,2
Anthelmintic Drugs,drug_of_choice,1
Anthelmintic drugs,drug_of_choice,1
Anthracyclines,other,1
Anthrax,diagnosis,1
Anthrax,mechanism,1
Anthropology,other,1
Anthropometry,other,12
Anthropometry,anatomy_structure,2
Anti-Craving Agents,other,1
Anti-Gout Drugs,management,1
Anti-Inflammatory Agents,mechanism,1
Anti-Inflammatory Drugs,mechanism,1
Anti-Obesity Drugs,drug_of_choice,1
Anti-Reflux Surgery,image_identification,1
Anti-Tubercular Drugs,management,2
Anti-Tubercular Drugs,other,1
Anti-craving agents,other,1
Anti-gout Drugs,mechanism,1
Anti-gout drugs,management,1
Anti-inflammatory Agents,mechanism,1
Anti-inflammatory Drugs,mechanism,1
Anti-obesity drugs,drug_of_choice,1
Anti-tubercular Drugs,other,1
Anti-tubercular drugs,management,2
Antiandrogens,drug_of_choice,1
Antianginal Drugs,mechanism,2
Antianginal Drugs,drug_of_choice,1
Antianginal Drugs,management,1
Antianginal drugs,mechanism,2
Antianginal drugs,drug_of_choice,1
Antianginal drugs,management,1
Antiarrhythmic Drugs,other,6
Antiarrhythmic Drugs,mechanism,3
Antiarrhythmic Drugs,drug_of_choice,2
Antiarrhythmic Drugs,management,1
Antiarrhythmic drugs,other,5
Antiarrhythmic drugs,drug_of_choice,1
Antiarrhythmic drugs,mechanism,1
Antiarrhythmics,mechanism,1
Antibacterial Drugs,drug_of_choice,1
Antibacterial drugs,mechanism,2
Antibacterial drugs,drug_of_choice,1
Antibiotic Classification,mechanism,1
Antibiotic Classification,other,1
Antibiotic Mechanisms,mechanism,1
Antibiotic Prophylaxis,drug_of_choice,1
Antibiotic Resistance,mechanism,5
Antibiotic Selection,drug_of_choice,1
Antibiotic Therapy,drug_of_choice,1
Antibiotic mechanisms,mechanism,1
Antibiotic prophylaxis,drug_of_choice,1
Antibiotic resistance,mechanism,1
Antibiotic selection,drug_of_choice,1
Antibiotic sources,other,2
Antibiotic therapy,drug_of_choice,1
Antibiotic therapy,management,1
Antibiotic-associated Diarrhea,investigation,1
Antibiotic-associated diarrhea,diagnosis,1
Antibodies,other,5
Antibodies,mechanism,2
Antibody structure,mechanism,1
Anticancer Drugs,other,8
Anticancer Drugs,mechanism,5
Anticancer Drugs D,other,1
Anticancer drugs,mechanism,6
Anticancer drugs,other,6
Anticancer drugs,drug_of_choice,2
Anticholinergic Agents,other,1
Anticholinergic Drugs,other,2
Anticholinergic agents,other,1
Anticholinergic drugs,other,2
Anticholinergics,other,1
Anticholinesterase Agents,drug_of_choice,2
Anticholinesterase Agents,mechanism,1
Anticholinesterase agents,drug_of_choice,2
Anticholinesterase agents,mechanism,1
Anticholinesterases,drug_of_choice,1
Anticoagulant Drugs,other,1
Anticoagulant Therapy,drug_of_choice,2
Anticoagulant Therapy,management,1
Anticoagulant drugs,other,1
Anticoagulant therapy,drug_of_choice,1
Anticoagulant therapy,management,1
Anticoagulants,drug_of_choice,6
Anticoagulants,other,6
Anticoagulants,mechanism,5
Anticoagulants,investigation,3
Anticoagulants,management,2
Anticoagulation,management,3
Anticoagulation,drug_of_choice,2
Anticonvulsants,drug_of_choice,1
Anticonvulsants,management,1
Anticonvulsants,other,1
Antidepressant Drugs,other,3
Antidepressant Side Effects,other,1
Antidepressant Toxicity,management,1
Antidepressant drugs,other,3
Antidepressant side effects,other,1
Antidepressant toxicity,management,1
Antidepressants,mechanism,7
Antidepressants,other,6
Antidepressants,drug_of_choice,3
Antidepressants,management,1
Antidiabetic Drugs,mechanism,7
Antidiabetic Drugs,other,7
Antidiabetic Drugs,drug_of_choice,3
Antidiabetic drugs,other,7
Antidiabetic drugs,mechanism,6
Antidiabetic drugs,drug_of_choice,3
Antidiabetic drugs,management,1
Antidiarrheal Agents,drug_of_choice,1
Antidiarrheal Drugs,other,2
Antidiarrheal agents,drug_of_choice,1
Antidiarrheal drugs,other,2
Antidiarrheal drugs,mechanism,1
Antidiuretic hormone antagonists,drug_of_choice,1
Antidotes,drug_of_choice,3
Antidotes,management,2
Antiemetic Drugs,drug_of_choice,3
Antiemetic Drugs,mechanism,1
Antiemetic Side Effects,drug_of_choice,1
Antiemetic Side Effects,mechanism,1
Antiemetic drugs,drug_of_choice,1
Antiemetic drugs,mechanism,1
Antiemetic drugs,other,1
Antiemetics,drug_of_choice,4
Antiemetics,mechanism,3
Antiepileptic Drug Contraindications,drug_of_choice,1
Antiepileptic Drugs,other,7
Antiepileptic Drugs,drug_of_choice,3
Antiepileptic Drugs,mechanism,3
Antiepileptic Drugs,investigation,1
Antiepileptic drugs,other,6
Antiepileptic drugs,mechanism,3
Antiepileptic drugs,management,2
Antiepileptic drugs,drug_of_choice,1
Antiepileptic drugs,investigation,1
Antiepileptics,drug_of_choice,1
Antiepileptics,other,1
Antifolates,mechanism,1
Antifungal Agents,other,4
Antifungal Agents,drug_of_choice,3
Antifungal Agents,mechanism,2
Antifungal Drugs,mechanism,4
Antifungal Drugs,drug_of_choice,3
Antifungal Drugs,other,3
Antifungal Drugs,management,2
Antifungal Pharmacology,other,1
Antifungal Therapy,drug_of_choice,2
Antifungal Therapy,mechanism,1
Antifungal agents,other,4
Antifungal agents,drug_of_choice,2
Antifungal agents,mechanism,2
Antifungal drugs,other,4
Antifungal drugs,drug_of_choice,3
Antifungal drugs,management,1
Antifungal drugs,mechanism,1
Antifungal therapy,drug_of_choice,2
Antifungal therapy,mechanism,1
Antigen Properties,other,1
Antigen presentation,mechanism,1
Antigen properties,other,1
Antigen-Antibody Reactions,other,1
Antigens,other,1
Antigout Agents,mechanism,1
Antigout Drugs,mechanism,2
Antigout agents,mechanism,1
Antigout drugs,mechanism,3
Antihelminthic Drugs,mechanism,2
Antihelminthic Drugs,other,1
Antihelminthic drugs,mechanism,2
Antihelminthic drugs,other,1
Antihistamines,other,4
Antihistamines,drug_of_choice,1
Antihyperlipidemic Drugs,mechanism,6
Antihyperlipidemic Drugs,drug_of_choice,1
Antihyperlipidemic Drugs,other,1
Antihyperlipidemic drugs,mechanism,3
Antihyperlipidemic drugs,drug_of_choice,1
Antihyperlipidemic drugs,other,1
Antihypertensive Agents,management,1
Antihypertensive Drugs,drug_of_choice,4
Antihypertensive Drugs,management,4
Antihypertensive Drugs,other,2
Antihypertensive Drugs,mechanism,1
Antihypertensive agents,management,1
Antihypertensive agents,mechanism,1
Antihypertensive drugs,drug_of_choice,3
Antihypertensive drugs,management,3
Antihypertensive drugs,other,2
Antihypertensives,drug_of_choice,3
Antihypertensives,management,1
Antimalarial Drugs,drug_of_choice,7
Antimalarial Drugs,other,5
Antimalarial Drugs,mechanism,3
Antimalarial Drugs,management,1
Antimalarial drugs,drug_of_choice,7
Antimalarial drugs,other,5
Antimalarial drugs,mechanism,3
Antimalarial drugs,management,2
Antimalarials,other,3
Antimalarials,drug_of_choice,1
Antimetabolites,mechanism,5
Antimetabolites,other,1
Antimicrobial Agents,other,5
Antimicrobial Agents,management,2
Antimicrobial Agents,mechanism,1
Antimicrobial Drugs,other,8
Antimicrobial Drugs,mechanism,6
Antimicrobial Drugs,drug_of_choice,4
Antimicrobial Pharmacology,drug_of_choice,2
Antimicrobial Prophylaxis,drug_of_choice,1
Antimicrobial Resistance,mechanism,12
Antimicrobial Resistance,other,3
Antimicrobial Resistance,drug_of_choice,1
Antimicrobial Resistance,management,1
Antimicrobial Sensitivity,investigation,1
Antimicrobial Susceptibility Testing,investigation,2
Antimicrobial Susceptibility Testing,other,1
Antimicrobial Therapy,drug_of_choice,6
Antimicrobial Therapy,management,1
Antimicrobial agents,other,1
Antimicrobial drugs,drug_of_choice,3
Antimicrobial drugs,other,3
Antimicrobial drugs,mechanism,1
Antimicrobial pharmacology,drug_of_choice,1
Antimicrobial prophylaxis,drug_of_choice,1
Antimicrobial resistance,mechanism,7
Antimicrobial resistance,management,2
Antimicrobial resistance,other,2
Antimicrobial susceptibility testing,investigation,2
Antimicrobial therapy,drug_of_choice,7
Antimicrobial therapy,management,1
Antimicrobials,other,43
Antimicrobials,drug_of_choice,19
Antimicrobials,mechanism,11
Antimicrobials,management,10
Antimicrobials,investigation,3
Antimigraine Drugs,drug_of_choice,4
Antimigraine Drugs,management,1
Antimigraine Drugs,other,1
Antimigraine drugs,drug_of_choice,4
Antimigraine drugs,management,1
Antimigraine drugs,other,1
Antimuscarinic Drugs,drug_of_choice,1
Antimuscarinic drugs,drug_of_choice,2
Antimuscarinic drugs,other,1
Antimycobacterial Drugs,mechanism,2
Antimycobacterial Drugs,drug_of_choice,1
Antimycobacterial Drugs,other,1
Antimycobacterial drugs,mechanism,2
Antimycobacterial drugs,drug_of_choice,1
Antimycobacterial drugs,other,1
Antineoplastic Agents,drug_of_choice,3
Antineoplastic Agents,mechanism,2
Antineoplastic Agents,other,2
Antineoplastic Drugs,drug_of_choice,2
Antineoplastic Drugs,mechanism,2
Antineoplastic Drugs,management,1
Antineoplastic Drugs,other,1
Antineoplastic agents,drug_of_choice,2
Antineoplastic agents,other,2
Antineoplastic agents,mechanism,1
Antineoplastic drugs,mechanism,2
Antineoplastic drugs,management,1
Antineoplastic drugs,other,1
Antioxidants,mechanism,6
Antioxidants,other,4
Antiparasitic Agents,drug_of_choice,1
Antiparasitic Drugs,drug_of_choice,3
Antiparasitic drugs,drug_of_choice,1
Antiparkinson Drugs,mechanism,1
Antiparkinson drugs,drug_of_choice,1
Antiparkinson drugs,mechanism,1
Antiparkinsonian Drugs,other,1
Antiparkinsonian drugs,other,1
Antiphospholipid Syndrome,management,1
Antiplatelet Agents,mechanism,3
Antiplatelet Agents,management,2
Antiplatelet Agents,other,1
Antiplatelet Drugs,mechanism,5
Antiplatelet Drugs,other,3
Antiplatelet agents,mechanism,3
Antiplatelet agents,management,1
Antiplatelet agents,other,1
Antiplatelet drugs,mechanism,5
Antiplatelet drugs,other,2
Antiprotozoal Drugs,drug_of_choice,3
Antiprotozoal drugs,drug_of_choice,3
Antiprotozoal drugs,other,2
Antipsychotic Drugs,other,7
Antipsychotic Drugs,drug_of_choice,1
Antipsychotic Drugs,mechanism,1
Antipsychotic Side Effects,management,1
Antipsychotic Side Effects,other,1
Antipsychotic drugs,other,9
Antipsychotic drugs,drug_of_choice,3
Antipsychotic drugs,management,1
Antipsychotic drugs,mechanism,1
Antipsychotic side effects,other,1
Antipsychotics,other,10
Antipsychotics,mechanism,5
Antipsychotics,drug_of_choice,4
Antipsychotics,diagnosis,1
Antipsychotics,management,1
Antiretroviral Drugs,other,3
Antiretroviral Drugs,drug_of_choice,1
Antiretroviral Drugs,management,1
Antiretroviral Therapy,epidemiology,1
Antiretroviral Therapy,management,1
Antiretroviral Therapy (ART),drug_of_choice,1
Antiretroviral Therapy (Art),drug_of_choice,1
Antiretroviral drugs,other,3
Antiretroviral therapy,management,2
Antiretroviral therapy,drug_of_choice,1
Antiretroviral therapy,epidemiology,1
Antiretroviral therapy,mechanism,1
Antiseptics And Disinfectants,mechanism,2
Antiseptics And Disinfectants,other,1
Antiseptics and Disinfectants,mechanism,2
Antiseptics and disinfectants,other,1
Antispasticity Agents,drug_of_choice,1
Antispasticity agents,drug_of_choice,1
Antithyroid Drugs,drug_of_choice,2
Antithyroid Drugs,other,2
Antithyroid Drugs,management,1
Antithyroid Drugs,mechanism,1
Antithyroid drugs,other,2
Antithyroid drugs,drug_of_choice,1
Antithyroid drugs,mechanism,1
Antitoxins,drug_of_choice,1
Antitubercular Drug Toxicity,mechanism,1
Antitubercular Drugs,mechanism,3
Antitubercular Drugs,other,3
Antitubercular Drugs,drug_of_choice,2
Antitubercular Drugs,management,2
Antitubercular Drugs And Oral Contraceptive Pills (Ocps) Interaction,other,1
Antitubercular Therapy,management,1
Antitubercular drug toxicity,mechanism,1
Antitubercular drugs,mechanism,4
Antitubercular drugs,other,3
Antitubercular drugs,drug_of_choice,1
Antitubercular drugs,management,1
Antitubercular therapy,mechanism,1
Antiulcer Drugs,drug_of_choice,2
Antiulcer Drugs,other,2
Antiulcer drugs,other,3
Antiulcer drugs,drug_of_choice,2
Antiviral Agents,other,4
Antiviral Agents,drug_of_choice,2
Antiviral Agents,management,1
Antiviral Agents,mechanism,1
Antiviral Drugs,drug_of_choice,3
Antiviral Drugs,mechanism,2
Antiviral Pharmacology,drug_of_choice,1
Antiviral Pharmacology,mechanism,1
Antiviral Therapy,drug_of_choice,1
Antiviral agents,drug_of_choice,2
Antiviral agents,other,2
Antiviral agents,management,1
Antiviral agents,mechanism,1
Antiviral drugs,drug_of_choice,2
Antiviral therapy,drug_of_choice,1
Antiviral therapy,management,1
Antivirals,drug_of_choice,1
Antivirals,management,1
Anxiety & OCD,diagnosis,14
Anxiety & OCD,drug_of_choice,4
Anxiety & OCD,other,4
Anxiety & OCD,epidemiology,1
Anxiolytics,mechanism,3
Aortic Aneurysm,diagnosis,1
Aortic Aneurysm,epidemiology,1
Aortic Aneurysm,other,1
Aortic Aneurysm Management,management,1
Aortic Aneurysms,management,1
Aortic Arch,anatomy_structure,3
Aortic Diseases,diagnosis,1
Aortic Diseases,epidemiology,1
Aortic Dissection,diagnosis,1
Aortic Dissection,image_identification,1
Aortic Dissection,other,1
Aortic Imaging,image_identification,3
Aortic Regurgitation,diagnosis,1
Aortic Stenosis,mechanism,1
Aortic aneurysm,other,1
Aortic arch,anatomy_structure,3
Aortic diseases,diagnosis,3
Aortic diseases,epidemiology,1
Aortic dissection,diagnosis,1
Aortic dissection,image_identification,1
Aortic dissection,other,1
Aortic pathology,image_identification,2
Aortic regurgitation,other,1
Aortic stenosis,diagnosis,1
Aortic valve,anatomy_structure,1
Apgar Score,diagnosis,1
Apgar Scoring,diagnosis,1
Aphakia,other,1
Aphasia,diagnosis,4
Aphasia,anatomy_structure,1
Aplastic Anemia,other,1
Apocrine Gland Disorders,diagnosis,1
Apocrine gland disorders,diagnosis,1
Apolipoproteins,mechanism,1
Apolipoproteins,other,1
Apoptosis,mechanism,7
Apoptosis,other,3
Apoptosis,diagnosis,1
Appendicitis,management,3
Appendicitis,diagnosis,2
Appendicitis,other,1
Appetite,other,1
Appetite Regulation,mechanism,2
Appetite Regulation,anatomy_structure,1
Appetite Suppressants,other,1
Appetite regulation,mechanism,1
Appetite suppressants,other,1
Aqueous Humor,mechanism,1
Aqueous humor,mechanism,3
Aqueous humor,other,2
Arboviruses,epidemiology,2
Arboviruses,other,2
Ards,image_identification,1
Ards,management,1
Arginine Metabolism,other,1
Arm Muscles,anatomy_structure,1
Arneth Count,diagnosis,1
Arrhythmia,diagnosis,2
Arrhythmia,drug_of_choice,1
Arrhythmia,management,1
Arrhythmia Management,management,1
Arrhythmias,diagnosis,7
Arrhythmias,management,7
Arrhythmias,other,2
Arrhythmias,anatomy_structure,1
Arrhythmias,drug_of_choice,1
Arrhythmias,epidemiology,1
Arrhythmias,image_identification,1
Arrhythmias,investigation,1
Arrhythmias,mechanism,1
Arsenic Poisoning,diagnosis,4
Arsenic Poisoning,other,1
Arsenic poisoning,diagnosis,4
Arsenic poisoning,other,1
Arterial Anastomoses,anatomy_structure,3
Arterial Disorders,other,1
Arterial Supply Of Face,image_identification,1
Arterial Supply of Face,image_identification,1
Arterial anastomoses,anatomy_structure,3
Arterial supply,anatomy_structure,1
Arteries,anatomy_structure,20
Arteriolosclerosis,mechanism,1
Arteriosclerosis,diagnosis,2
Arteriosclerosis,mechanism,1
Arthritis Imaging,other,1
Arthrodesis,other,1
Arthropathies,diagnosis,1
Arthroplasty,management,1
Arthroplasty,other,1
Arthropod Transmission,mechanism,1
Arthroscopy,anatomy_structure,8
Articulations,image_identification,1
Ascites,diagnosis,2
Ascites Complications,diagnosis,1
Ascites complications,diagnosis,1
Aseptic meningitis,diagnosis,1
Aseptic meningitis,mechanism,1
Asha,management,1
Asherman syndrome,diagnosis,1
Aspergillosis,diagnosis,1
Aspergillus,diagnosis,1
Asphyxia,diagnosis,4
Asphyxia,other,3
Asphyxia,image_identification,1
Asphyxial Deaths,other,8
Asphyxial Deaths,diagnosis,3
Asphyxial Deaths,image_identification,2
Asphyxial Deaths,epidemiology,1
Asphyxial Deaths,mechanism,1
Asphyxial Injuries,diagnosis,1
Asphyxial deaths,other,4
Asphyxial deaths,mechanism,2
Asphyxial deaths,diagnosis,1
Asphyxial deaths,epidemiology,1
Asphyxial deaths,image_identification,1
Aspiration,anatomy_structure,1
Aspiration Pneumonia,other,2
Aspiration Prophylaxis,management,1
Aspiration Prophylaxis,mechanism,1
Aspiration pneumonia,other,1
Aspiration prophylaxis,management,1
Aspirin-sensitive asthma,diagnosis,1
Assisted Reproduction,diagnosis,1
Assisted reproduction,diagnosis,1
Asterixis,diagnosis,1
Asthma,diagnosis,7
Asthma,management,4
Asthma,other,2
Asthma,investigation,1
Asthma,mechanism,1
Asthma Classification,diagnosis,1
Asthma Management,diagnosis,1
Asthma Management,management,1
Astigmatism,diagnosis,2
Astigmatism,other,2
Ataxia,diagnosis,2
Ataxia,mechanism,1
Ataxia Telangiectasia,diagnosis,1
Ataxia telangiectasia,diagnosis,1
Atelectasis,other,1
Atherosclerosis,mechanism,3
Atherosclerosis,diagnosis,1
Atherosclerosis,epidemiology,1
Atopic Dermatitis,diagnosis,4
Atopic Dermatitis,other,1
Atopic dermatitis,diagnosis,3
Atopic dermatitis,other,1
Atrial Fibrillation,management,2
Atrial Fibrillation,diagnosis,1
Atrial Flutter/Fibrillation,drug_of_choice,1
Atrial myxoma,other,1
Atrophic Rhinitis,diagnosis,1
Atrophic rhinitis,diagnosis,1
Attack rates,epidemiology,1
Attention Deficit Hyperactivity Disorder,diagnosis,1
Attention Deficit Hyperactivity Disorder,management,1
Attention Deficit Hyperactivity Disorder,other,1
Attention deficit hyperactivity disorder,diagnosis,1
Atypical Antipsychotics,other,1
Atypical antipsychotics,other,1
Atypical bacteria,other,1
Audiology,investigation,18
Audiology,diagnosis,10
Audiology,other,6
Audiology,mechanism,2
Audiology,anatomy_structure,1
Auditory Implants,anatomy_structure,2
Auditory Ossicles,anatomy_structure,1
Auditory Physiology,mechanism,2
Auditory System,anatomy_structure,1
Auditory System,mechanism,1
Auditory brainstem response,other,1
Auditory ossicles,anatomy_structure,1
Auditory pathway,mechanism,1
Auditory system,anatomy_structure,1
Auditory tube,anatomy_structure,1
Auerbach'S Plexus,anatomy_structure,1
Auerbach's plexus,anatomy_structure,1
Auricular Hematoma,mechanism,1
Auricular hematoma,mechanism,1
Auscultation areas,anatomy_structure,1
Auscultation points,anatomy_structure,1
Austrian Syndrome,diagnosis,1
Austrian syndrome,diagnosis,1
Autacoids,other,5
Autacoids,mechanism,4
Autism,other,1
Autism Spectrum Disorder,diagnosis,3
Autism Spectrum Disorder,epidemiology,1
Autism Spectrum Disorders,diagnosis,2
Autism spectrum disorder,diagnosis,4
Autism spectrum disorder,epidemiology,1
Autism spectrum disorders,diagnosis,1
Autoantibodies,diagnosis,1
Autoantibodies,investigation,1
Autoimmune Arthritis,diagnosis,1
Autoimmune Blistering Diseases,diagnosis,3
Autoimmune Blistering Diseases,other,1
Autoimmune Blistering Disorders,image_identification,1
Autoimmune Diseases,diagnosis,7
Autoimmune Diseases,investigation,3
Autoimmune Diseases,management,2
Autoimmune Diseases,other,2
Autoimmune Diseases,image_identification,1
Autoimmune Diseases,mechanism,1
Autoimmune Disorders,diagnosis,2
Autoimmune Disorders,investigation,2
Autoimmune Disorders,management,2
Autoimmune Disorders,mechanism,2
Autoimmune Disorders,other,1
Autoimmune Liver Disease,diagnosis,1
Autoimmune Liver Disease,investigation,1
Autoimmune Skin Diseases,diagnosis,1
Autoimmune Skin Diseases,other,1
Autoimmune Skin Disorders,diagnosis,2
Autoimmune Thyroid Disease,other,1
Autoimmune blistering diseases,diagnosis,2
Autoimmune blistering diseases,mechanism,1
Autoimmune blistering disorders,diagnosis,1
Autoimmune diseases,other,6
Autoimmune diseases,diagnosis,2
Autoimmune diseases,investigation,1
Autoimmune disorders,diagnosis,3
Autoimmune disorders,investigation,1
Autoimmune disorders,other,1
Autoimmune thyroid disease,other,1
Autoimmunity,diagnosis,1
Autoimmunity,investigation,1
Autonomic,mechanism,41
Autonomic,other,20
Autonomic,anatomy_structure,16
Autonomic,drug_of_choice,7
Autonomic,diagnosis,4
Autonomic,image_identification,1
Autopsy,other,6
Autopsy,investigation,1
Autopsy Findings / Physiological Changes,other,1
Autopsy Technique,anatomy_structure,1
Autopsy Techniques,other,5
Autopsy findings,other,1
Autopsy technique,anatomy_structure,1
Autopsy technique,other,1
Autopsy techniques,other,4
Autoregulation,mechanism,1
Axial skeleton,anatomy_structure,1
Axilla,anatomy_structure,4
Axillary Lymph Nodes,anatomy_structure,1
Ayushman Bharat,other,1
Azole antifungals,other,1
Azoles,other,1
B Cell Activation,mechanism,2
B Cell Localization,other,1
B cell activation,mechanism,1
B cell disorders,mechanism,1
B cell localization,other,1
B-cell neoplasms,diagnosis,1
Babesiosis,diagnosis,1
Babesiosis,epidemiology,1
Baby-Friendly Hospital Initiative,management,1
Bacillus Anthracis,image_identification,1
Bacillus anthracis,image_identification,1
Bacillus anthracis,other,1
Back,anatomy_structure,1
Backwash ileitis,diagnosis,1
Bacterial Antigens,other,1
Bacterial Cell Wall,mechanism,4
Bacterial Characteristics,mechanism,1
Bacterial Characteristics,other,1
Bacterial Classification,other,1
Bacterial Culture,investigation,1
Bacterial Culture,mechanism,1
Bacterial Culture Characteristics,other,1
Bacterial Culture Media,investigation,1
Bacterial Food Poisoning,diagnosis,1
Bacterial Meningitis,diagnosis,4
Bacterial Meningitis,drug_of_choice,1
Bacterial Morphology,other,2
Bacterial Pathogenesis,mechanism,1
Bacterial Pathogenesis,other,1
Bacterial Resistance,mechanism,1
Bacterial Resistance Mechanisms,mechanism,1
Bacterial STIs,diagnosis,1
Bacterial Stis,diagnosis,1
Bacterial Structure And Virulence,mechanism,1
Bacterial Toxins,mechanism,7
Bacterial Toxins,other,2
Bacterial Typing,other,1
Bacterial Vaginosis,diagnosis,1
Bacterial Vaginosis,investigation,1
Bacterial Virulence,mechanism,1
Bacterial Virulence Factors,mechanism,1
Bacterial classification,other,1
Bacterial culture,mechanism,1
Bacterial culture characteristics,other,1
Bacterial diseases,other,2
Bacterial meningitis,diagnosis,2
Bacterial meningitis,drug_of_choice,1
Bacterial morphology,other,4
Bacterial motility,diagnosis,1
Bacterial pathogenesis,mechanism,1
Bacterial pathogenesis,other,1
Bacterial physiology,mechanism,1
Bacterial structure and virulence,mechanism,1
Bacterial toxins,mechanism,4
Bacterial virulence,mechanism,1
Bacteriological testing,other,1
Bacteriology,other,145
Bacteriology,diagnosis,103
Bacteriology,investigation,65
Bacteriology,mechanism,51
Bacteriology,epidemiology,23
Bacteriology,image_identification,6
Bacteriology,anatomy_structure,5
Bacteriology,drug_of_choice,5
Bacteriology,management,3
Bacteriophage typing,other,1
Bag-Mask Ventilation,management,1
Bainbridge reflex,mechanism,1
Balanced Anaesthesia,other,2
Ballistic Injuries,diagnosis,1
Ballistic Injuries,image_identification,1
Ballistic injuries,diagnosis,1
Ballistic injuries,image_identification,1
Ballistics,other,8
Ballistics,investigation,4
Ballistics,mechanism,3
Ballistics,diagnosis,1
Ballistics,image_identification,1
Barbiturates,mechanism,2
Barbiturates,management,1
Barbiturates,other,1
Bariatric Surgery,management,6
Bariatric Surgery,other,1
Barium Studies,image_identification,1
Barium Swallow,image_identification,2
Barium studies,investigation,1
Barium swallow,image_identification,1
Barlow test,diagnosis,1
Baroreceptor,anatomy_structure,1
Baroreceptor Reflex,mechanism,1
Bartholin Cyst,management,1
Bartholin cyst,management,1
Bartter syndrome,mechanism,1
Basal Cell Carcinoma,epidemiology,1
Basal Ganglia,mechanism,1
Basal Ganglia Disorders,mechanism,1
Basal ganglia,anatomy_structure,1
Basic Life Support,management,3
Basic Life Support,other,3
Basic Pathology,other,1
Basic Surgical Skills,image_identification,2
Basic life support,management,1
Basic life support,other,1
Basics Of Radiology,other,1
Behavior Therapy,other,1
Behavior therapy,other,1
Behavioral Disorders,other,1
Behavioral Science,other,3
Behavioral Sciences,other,1
Behavioral Therapy,management,2
Behavioral Therapy,other,1
Behavioral therapy,other,2
Behavioural Therapy,other,1
Behavioural therapy,other,1
Behcet'S Syndrome,diagnosis,1
Behcet's Syndrome,diagnosis,1
Behçet disease,diagnosis,1
Behçet'S Disease,investigation,1
Behçet'S Syndrome,diagnosis,1
Behçet'S Syndrome,investigation,1
Behçet's disease,diagnosis,1
Behçet's disease,investigation,1
Behçet's syndrome,diagnosis,1
Behçet's syndrome,investigation,1
Bell'S Palsy,anatomy_structure,1
Bell's palsy,anatomy_structure,1
Benign Bone Lesions,image_identification,2
Benign Skin Lesions,image_identification,1
Benign Uterine Conditions,diagnosis,1
Benign Uterine Conditions,image_identification,1
Benign Uterine Disease,other,1
Benign Uterine Disorders,diagnosis,1
Benign Uterine Disorders,image_identification,1
Benign Vulvar Disorders,management,1
Benign bone lesions,image_identification,2
Benign gynecologic conditions,diagnosis,1
Benign liver lesions,image_identification,1
Benign uterine conditions,diagnosis,1
Benign uterine disorders,diagnosis,1
Benign uterine disorders,image_identification,1
Benign vulvar disorders,management,1
Benzene Exposure And Associated Health Effects,other,1
Benzodiazepine Receptor,mechanism,1
Benzodiazepine receptor,mechanism,1
Benzodiazepines,mechanism,4
Benzodiazepines,other,2
Beta Agonists,other,1
Beta Blockers,other,6
Beta Blockers,mechanism,3
Beta Blockers,drug_of_choice,2
Beta Thalassemia,other,1
Beta agonists,other,1
Beta blockers,mechanism,4
Beta blockers,other,4
Beta blockers,drug_of_choice,2
Beta hCG,investigation,2
Beta-2 Agonists,other,1
Beta-2 agonists,mechanism,1
Beta-2 agonists,other,1
Beta-Blockers,management,1
Beta-blockers,management,1
Beta-blockers,mechanism,1
Bias,other,4
Bias,epidemiology,1
Bias In Screening,epidemiology,1
Bias In Screening,other,1
Bias In Studies,epidemiology,1
Bias in Screening,epidemiology,1
Bias in Screening,other,1
Bias in Studies,epidemiology,1
Biases,epidemiology,1
Bier's block,drug_of_choice,1
Bilateral occurrence,epidemiology,1
Bile Acid Synthesis,mechanism,1
Bile Secretion,mechanism,1
Bile salt metabolism,mechanism,1
Bile secretion,mechanism,2
Biliary Atresia,epidemiology,1
Biliary Disease,diagnosis,2
Biliary Diseases,image_identification,1
Biliary Disorders,diagnosis,1
Biliary Imaging,image_identification,1
Biliary Injuries,other,1
Biliary Pathology,diagnosis,1
Biliary Stones,diagnosis,1
Biliary Stones,other,1
Biliary Surgery,management,1
Biliary Surgery,other,1
Biliary System,anatomy_structure,2
Biliary System Diseases,epidemiology,1
Biliary System Diseases,management,1
Biliary Tract,diagnosis,2
Biliary Tract,management,2
Biliary Tract,anatomy_structure,1
Biliary Tract,epidemiology,1
Biliary Tract,other,1
Biliary Tract Anomalies,anatomy_structure,1
Biliary Tract Disease,management,1
Biliary Tract Neoplasms,epidemiology,2
Biliary Tract Neoplasms,management,1
Biliary Tract Surgery,diagnosis,1
Biliary disease,diagnosis,2
Biliary imaging,image_identification,1
Biliary stones,diagnosis,1
Biliary surgery,management,2
Biliary system,anatomy_structure,2
Biliary system,management,1
Biliary tract,anatomy_structure,1
Biliary tract disease,management,1
Biliary tract neoplasms,diagnosis,1
Bilirubin Metabolism,investigation,2
Bilirubin Metabolism,diagnosis,1
Bilirubin Metabolism,mechanism,1
Bilirubin Metabolism,other,1
Bilirubin metabolism,diagnosis,1
Bilirubin metabolism,investigation,1
Bilirubin metabolism,other,1
Billings Method,other,1
Binocular Vision,other,4
Binocular Vision,diagnosis,2
Binocular Vision,investigation,2
Binocular Vision,anatomy_structure,1
Binocular Vision,mechanism,1
Binocular Vision Assessment,diagnosis,1
Binocular vision,other,4
Binocular vision,investigation,2
Binocular vision,management,1
Bio-Medical Waste Management,management,3
Biochemical Pathways,mechanism,1
Biochemical Techniques,investigation,2
Biochemical tests,investigation,1
Biochemistry,mechanism,181
Biochemistry,other,87
Biochemistry,diagnosis,48
Biochemistry,investigation,31
Biochemistry,management,6
Biochemistry,anatomy_structure,2
Biochemistry,drug_of_choice,2
Biochemistry,epidemiology,2
Biochemistry,image_identification,2
Bioenergetics,mechanism,13
Bioenergetics,other,5
Biogenic Amines,image_identification,2
Biogenic Amines,other,1
Biologic Agents,mechanism,3
Biologic agents,mechanism,3
Biological Classification,other,1
Biological Drugs,mechanism,1
Biological drugs,mechanism,2
Biological stains,investigation,1
Biological therapies,mechanism,1
Biologics,mechanism,2
Biomarkers,investigation,2
Biomedical Waste,management,2
Biomedical Waste Management,management,15
Biomedical Waste Management,other,9
Biomedical Waste Management,epidemiology,1
Biomedical Waste Management (Color-Coded Disposal Bags),other,1
Biomedical waste management,other,6
Biomedical waste management,management,2
Biomedical waste management,epidemiology,1
Biomolecular Interactions,other,1
Biomolecules,other,1
Biopsy,investigation,1
Biostatistics,other,95
Biostatistics,epidemiology,18
Biostatistics,investigation,6
Biostatistics,image_identification,2
Biotechnology,mechanism,2
Biotechnology,other,2
Bioterrorism,other,3
Bioterrorism,epidemiology,2
Bioterrorism Agents,other,3
Biotransformation,mechanism,1
Birth Defects,epidemiology,1
Birth Injuries,diagnosis,2
Birth Injuries,anatomy_structure,1
Birth Injuries,epidemiology,1
Birth Injuries,other,1
Birth injuries,other,2
Bishop Score,other,1
Bisphosphonates,management,1
Bites And Stings Management,drug_of_choice,1
Bites and Stings Management,drug_of_choice,1
Bladder Cancer,management,1
Bladder injuries,anatomy_structure,1
Blaschko Lines,anatomy_structure,1
Blaschko lines,anatomy_structure,1
Blast Injuries,mechanism,4
Blast Injuries,anatomy_structure,1
Blast Injuries,other,1
Blast injuries,mechanism,7
Blast injuries,other,3
Blast injuries,anatomy_structure,1
Bleeding,diagnosis,1
Bleeding Disorders,diagnosis,2
Bleeding Disorders,other,1
Bleeding disorders,diagnosis,4
Bleeding disorders,other,2
Bleeding disorders,management,1
Blinding,epidemiology,2
Blindness,epidemiology,4
Blindness,diagnosis,1
Blindness,management,1
Blindness,other,1
Blistering Skin Diseases,diagnosis,1
Blount disease,diagnosis,1
Body Composition,mechanism,1
Body Dysmorphic Disorder,diagnosis,1
Body Fluid Balance,other,2
Body Fluids,other,6
Body Fluids,investigation,1
Body Fluids,mechanism,1
Body Preservation,mechanism,1
Body Surface Area,other,2
Body Temperature Regulation,mechanism,1
Body Water And Electrolytes,other,1
Body Water and Electrolytes,other,1
Body fluid compartments,diagnosis,1
Body fluid compartments,investigation,1
Body fluids,other,1
Bohr Effect,mechanism,2
Bohr effect,mechanism,1
Bone Age Assessment,investigation,1
Bone Classification,anatomy_structure,1
Bone Cysts,diagnosis,1
Bone Defects,management,1
Bone Deformities,diagnosis,1
Bone Densitometry,investigation,1
Bone Diseases,diagnosis,2
Bone Diseases,image_identification,1
Bone Disorders,diagnosis,2
Bone Disorders,image_identification,1
Bone Disorders,other,1
Bone Dysplasias,diagnosis,1
Bone Formation,mechanism,1
Bone Imaging,image_identification,1
Bone Imaging,investigation,1
Bone Imaging,mechanism,1
Bone Imaging,other,1
Bone Lesions,diagnosis,4
Bone Lesions,image_identification,1
Bone Lesions,other,1
Bone Marrow Examination,image_identification,1
Bone Marrow Failure Syndromes,diagnosis,1
Bone Metabolism,diagnosis,1
Bone Metabolism,drug_of_choice,1
Bone Metabolism,mechanism,1
Bone Metabolism Drugs,mechanism,1
Bone Metastases,investigation,1
Bone Metastasis,epidemiology,1
Bone Metastasis,other,1
Bone Mineral Density,investigation,1
Bone Morphology,anatomy_structure,1
Bone Neoplasms,diagnosis,1
Bone Neoplasms,other,1
Bone Pathology,diagnosis,5
Bone Pathology,mechanism,3
Bone Pathology,other,1
Bone Radiology,diagnosis,1
Bone age assessment,investigation,1
Bone disease,diagnosis,1
Bone diseases,diagnosis,2
Bone diseases,image_identification,1
Bone disorders,diagnosis,1
Bone disorders,image_identification,1
Bone disorders,other,1
Bone formation,other,1
Bone imaging,mechanism,1
Bone imaging,other,1
Bone lesions,other,2
Bone lesions,diagnosis,1
Bone lesions,image_identification,1
Bone metabolism,mechanism,2
Bone metabolism,diagnosis,1
Bone metabolism,drug_of_choice,1
Bone metabolism,other,1
Bone metabolism drugs,mechanism,1
Bone metastases,investigation,1
Bone metastasis,other,1
Bone neoplasms,diagnosis,1
Bone pathology,diagnosis,2
Bone pathology,mechanism,1
Bone physiology,mechanism,1
Bone radiology,diagnosis,1
Bone remodeling,mechanism,1
Bones,anatomy_structure,2
Bony Labyrinth,anatomy_structure,1
Botulism,other,1
Bowel Anastomosis,management,1
Bowel Obstruction,image_identification,1
Bowel injury,management,1
Bowel perforation,diagnosis,1
Bowen'S Disease,epidemiology,1
Bowen's disease,epidemiology,1
Brachial Plexus,anatomy_structure,15
Brachial Plexus,diagnosis,1
Brachial Plexus,mechanism,1
Brachial Plexus Injuries,diagnosis,2
Brachial plexus,anatomy_structure,11
Brachial plexus injuries,diagnosis,1
Bragg peak,mechanism,1
Brain,anatomy_structure,1
Brain,image_identification,1
Brain Abscess,diagnosis,2
Brain Anatomy,anatomy_structure,2
Brain Anatomy,diagnosis,2
Brain Death,diagnosis,1
Brain Imaging,image_identification,1
Brain MRI,image_identification,1
Brain Malformations,diagnosis,1
Brain Malformations,image_identification,1
Brain Mri,image_identification,1
Brain Pathology,other,1
Brain Vasculature,anatomy_structure,1
Brain Waves,other,1
Brain vasculature,anatomy_structure,1
Brainstem,anatomy_structure,2
Brainstem,diagnosis,2
Brainstem Death,diagnosis,1
Brainstem Lesions,other,1
Brainstem Nuclei,anatomy_structure,2
Brainstem Syndromes,diagnosis,9
Brainstem Syndromes,anatomy_structure,1
Brainstem death,diagnosis,1
Brainstem syndromes,diagnosis,1
Brainstem syndromes,other,1
Branches of aorta,anatomy_structure,1
Branchial Cyst,epidemiology,1
Branchial cyst,diagnosis,1
Breast & Endocrine Surgery,management,61
Breast & Endocrine Surgery,diagnosis,32
Breast & Endocrine Surgery,other,32
Breast & Endocrine Surgery,investigation,11
Breast & Endocrine Surgery,anatomy_structure,6
Breast & Endocrine Surgery,epidemiology,6
Breast & Endocrine Surgery,image_identification,5
Breast & Endocrine Surgery,mechanism,5
Breast & Endocrine Surgery,drug_of_choice,4
Breathing Circuits,management,2
Breathing Circuits,other,1
Breathing circuits,management,1
Breathing circuits,other,1
Breathlessness,management,1
Breech Delivery,management,2
Breech Presentation,management,6
Breech Presentation,epidemiology,3
Breech Presentation,image_identification,1
Breech delivery,image_identification,1
Breech presentation,management,2
Breech presentation,epidemiology,1
Breech presentation,image_identification,1
Breech presentation,other,1
Bromocriptine,drug_of_choice,1
Bronchial Asthma,mechanism,3
Bronchial Asthma,diagnosis,2
Bronchial Asthma,management,1
Bronchial Asthma,other,1
Bronchial Foreign Body,management,1
Bronchial Tree Anatomy,anatomy_structure,1
Bronchial asthma,diagnosis,1
Bronchial foreign body,management,1
Bronchial tree anatomy,anatomy_structure,1
Bronchiectasis,other,3
Bronchiectasis,diagnosis,2
Bronchiolitis,management,2
Bronchodilators,mechanism,3
Bronchodilators,other,2
Bronchodilators,drug_of_choice,1
Bronchodilators,management,1
Bronchopulmonary Dysplasia,diagnosis,1
Bronchoscopy,investigation,1
Bronchoscopy,management,1
Brucellosis,investigation,2
Bruise,diagnosis,1
Bruises,other,4
Buffer Solutions,other,1
Buffer Systems,other,1
Bulimia Nervosa,diagnosis,1
Bulimia nervosa,diagnosis,1
Bullet types,other,1
Bullous Diseases,diagnosis,2
Bullous Diseases,investigation,1
Bullous Disorders,diagnosis,4
Bullous Keratopathy,other,1
Bullous Skin Diseases,diagnosis,1
Bullous diseases,diagnosis,1
Bullous diseases,investigation,1
Bullous keratopathy,other,1
Burkholderia,diagnosis,1
Burn Assessment,other,1
Burn Management,management,2
Burn Resuscitation,management,1
Burn depth,diagnosis,1
Burn resuscitation,management,1
Burns & Plastic,other,14
Burns & Plastic,diagnosis,8
Burns & Plastic,management,7
Burns & Plastic,image_identification,3
Bursitis,diagnosis,1
C fibers,anatomy_structure,1
C fibers,mechanism,1
C fibers,other,1
C-Reactive Protein,other,1
C-reactive protein,other,1
C. difficile,diagnosis,1
CA-125,investigation,1
CB1 antagonist,drug_of_choice,1
CBD Stones,management,1
CEAP classification,diagnosis,1
CIN III,management,1
CKD anemia management,management,1
CMT disease,diagnosis,1
CNS Abnormalities,diagnosis,1
CNS Drugs,mechanism,2
CNS Drugs,other,1
CNS Effects,mechanism,1
CNS Pharmacology,other,5
CNS Pharmacology,drug_of_choice,2
CNS Pharmacology,mechanism,2
CNS Pharmacology,management,1
CNS Physiology,mechanism,94
CNS Physiology,other,53
CNS Physiology,diagnosis,20
CNS Physiology,anatomy_structure,14
CNS Physiology,investigation,6
CNS Physiology,drug_of_choice,1
CNS Physiology,image_identification,1
CNS Physiology,management,1
CNS Prophylaxis,management,1
CNS Stimulants,drug_of_choice,1
CNS Stimulants,mechanism,1
CNS involvement,diagnosis,1
CNS pharmacology,mechanism,5
CNS pharmacology,drug_of_choice,2
CNS pharmacology,management,1
CNS pharmacology,other,1
CNS stimulants,diagnosis,1
CNS stimulants,mechanism,1
CNS stimulants,other,1
COPD,diagnosis,6
COPD,epidemiology,1
COPD,management,1
COPD,other,1
COPD Classification,diagnosis,1
COPD Exacerbation,diagnosis,1
COPD Staging,other,1
COVID-19,epidemiology,1
COVID-19,image_identification,1
COVID-19,management,1
CSF,anatomy_structure,1
CSF Analysis,other,1
CSF Leak,other,2
CSF Leak,diagnosis,1
CSF analysis,diagnosis,1
CSF leak,investigation,3
CSF rhinorrhea,investigation,3
CSF rhinorrhea,diagnosis,1
CSF rhinorrhoea,diagnosis,1
CSOM,diagnosis,2
CT,investigation,1
CT & MRI,other,11
CT & MRI,image_identification,2
CT & MRI,management,1
CT Imaging,diagnosis,1
CT Physics,mechanism,2
CT Scan,image_identification,1
CT Scan Limitations,diagnosis,1
CT chest,diagnosis,1
CT scan,image_identification,1
CT scan,investigation,1
Cabergoline,drug_of_choice,1
Cadaveric Donation,other,1
Caesarean Section,management,3
Caffeine,mechanism,1
Calcific tendinitis,diagnosis,1
Calcification,other,2
Calcification,diagnosis,1
Calcification,mechanism,1
Calcified metastasis,diagnosis,1
Calcinosis Cutis,diagnosis,1
Calciphylaxis,epidemiology,1
Calcium,mechanism,1
Calcium Channel Blockers,other,2
Calcium Channel Blockers,mechanism,1
Calcium Disorders,diagnosis,1
Calcium Homeostasis,mechanism,2
Calcium Metabolism,mechanism,1
Calcium absorption,mechanism,1
Calcium channel blockers,mechanism,1
Calcium channel blockers,other,1
Calcium disorders,diagnosis,1
Calcium homeostasis,mechanism,2
Calcium homeostasis,diagnosis,1
Calcium metabolism,diagnosis,1
Calcium metabolism,mechanism,1
Calcium reabsorption,mechanism,1
Calcium signaling,mechanism,1
Caldwell-Luc,anatomy_structure,2
Caldwell-Luc Surgery,anatomy_structure,2
Caldwell-Luc surgery,anatomy_structure,2
Callus formation,mechanism,1
Campylobacter,other,1
Campylobacter jejuni,investigation,1
Campylobacter jejuni,other,1
Cancer Biology,mechanism,1
Cancer Chemotherapy,drug_of_choice,1
Cancer Chemotherapy,management,1
Cancer Chemotherapy,mechanism,1
Cancer Chemotherapy,other,1
Cancer Control,management,1
Cancer Presentation,diagnosis,1
Cancer Screening,epidemiology,1
Cancer Staging,other,2
Cancer Staging,diagnosis,1
Cancer chemotherapy,drug_of_choice,1
Cancer chemotherapy,management,1
Cancer chemotherapy,mechanism,1
Cancer chemotherapy,other,1
Cancer prevention,mechanism,1
Cancer therapy,mechanism,1
Cancers,epidemiology,1
Candidiasis,drug_of_choice,1
Cannabis,diagnosis,1
Cannabis,other,1
Canteen,other,1
Capnography,investigation,1
Caput Succedaneum,diagnosis,1
Caput succedaneum,diagnosis,1
Carbapenems,drug_of_choice,1
Carbohydrate Chemistry,other,5
Carbohydrate Metabolism,mechanism,137
Carbohydrate Metabolism,other,92
Carbohydrate Metabolism,diagnosis,23
Carbohydrate Metabolism,investigation,7
Carbohydrate Metabolism,image_identification,2
Carbohydrate Metabolism,anatomy_structure,1
Carbohydrate Metabolism,drug_of_choice,1
Carbohydrate Metabolism,management,1
Carbohydrates,other,7
Carbon Dioxide Transport,other,1
Carbon Monoxide Poisoning,investigation,1
Carbon Monoxide Poisoning,management,1
Carcinogenesis,mechanism,1
Carcinoid Syndrome,investigation,1
Carcinoma,diagnosis,1
Carcinoma,epidemiology,1
Carcinoma,other,1
Carcinoma Of Gallbladder,management,1
Carcinoma of gallbladder,management,1
Cardiac Action Potential,mechanism,1
Cardiac Anatomy,anatomy_structure,2
Cardiac Arrest,drug_of_choice,5
Cardiac Arrest,management,2
Cardiac Arrest,diagnosis,1
Cardiac Arrest Management,drug_of_choice,6
Cardiac Arrhythmia,other,1
Cardiac Arrhythmias,diagnosis,9
Cardiac Arrhythmias,management,2
Cardiac Arrhythmias,image_identification,1
Cardiac Arrhythmias,other,1
Cardiac Arrhythmias Management,management,1
Cardiac Biomarkers,investigation,1
Cardiac Conduction System,other,1
Cardiac Cycle,mechanism,6
Cardiac Cycle,other,3
Cardiac Defect,diagnosis,1
Cardiac Devices,management,2
Cardiac Electrophysiology,mechanism,5
Cardiac Electrophysiology,diagnosis,1
Cardiac Electrophysiology,other,1
Cardiac Emergencies,management,1
Cardiac Glycosides,mechanism,2
Cardiac Hypertrophy,mechanism,1
Cardiac Imaging,investigation,4
Cardiac Imaging,image_identification,1
Cardiac Imaging Findings,image_identification,1
Cardiac Imaging Findings,investigation,1
Cardiac Murmurs,diagnosis,1
Cardiac Muscle,anatomy_structure,1
Cardiac Muscle Physiology,image_identification,1
Cardiac Output,investigation,1
Cardiac Output,mechanism,1
Cardiac Output,other,1
Cardiac Pathology,diagnosis,1
Cardiac Radiology,image_identification,2
Cardiac Reflexes,mechanism,1
Cardiac Tamponade,management,1
Cardiac Tamponade,mechanism,1
Cardiac Veins,anatomy_structure,1
Cardiac anatomy,anatomy_structure,1
Cardiac arrest,drug_of_choice,2
Cardiac arrhythmias,diagnosis,4
Cardiac arrhythmias,management,1
Cardiac biomarkers,investigation,1
Cardiac conduction system,other,1
Cardiac cycle,mechanism,4
Cardiac cycle,other,1
Cardiac defect,diagnosis,1
Cardiac electrophysiology,mechanism,9
Cardiac electrophysiology,diagnosis,1
Cardiac glycosides,diagnosis,1
Cardiac imaging,investigation,1
Cardiac imaging findings,investigation,1
Cardiac murmur,diagnosis,1
Cardiac muscle,anatomy_structure,2
Cardiac muscle,mechanism,1
Cardiac muscle physiology,image_identification,1
Cardiac physiology,mechanism,1
Cardiac risk assessment,investigation,1
Cardiac surgery,drug_of_choice,1
Cardiogenic Shock,diagnosis,2
Cardiogenic Shock,other,1
Cardiology,other,211
Cardiology,diagnosis,150
Cardiology,mechanism,104
Cardiology,anatomy_structure,41
Cardiology,management,40
Cardiology,drug_of_choice,31
Cardiology,image_identification,16
Cardiology,investigation,16
Cardiology,epidemiology,10
Cardiomegaly,diagnosis,1
Cardiomyopathies,diagnosis,6
Cardiomyopathies,mechanism,1
Cardiomyopathies,other,1
Cardiomyopathy,diagnosis,4
Cardiomyopathy,image_identification,1
Cardiomyopathy,mechanism,1
Cardiomyopathy,other,1
Cardiopulmonary Baroreceptors,anatomy_structure,1
Cardiopulmonary Cerebral Resuscitation,other,5
Cardiopulmonary Resuscitation,diagnosis,1
Cardiopulmonary Resuscitation,other,1
Cardiopulmonary baroreceptors,anatomy_structure,1
Cardiothoracic,other,14
Cardiothoracic Ratio,other,1
Cardiothoracic Surgery,anatomy_structure,1
Cardiothoracic ratio,other,1
Cardiotoxicity,other,1
Cardiovascular Drugs,mechanism,3
Cardiovascular Drugs,management,2
Cardiovascular Drugs,other,2
Cardiovascular Drugs,drug_of_choice,1
Cardioversion,management,1
Carditis management,management,1
Carotid Artery Stenosis,investigation,1
Carotid Cavernous Sinus Fistula,image_identification,1
Carotid canal,anatomy_structure,1
Carotid stenosis,investigation,1
Carpal Bones,anatomy_structure,4
Carpal Injuries,diagnosis,1
Carpal Tunnel,anatomy_structure,1
Carpal Tunnel Syndrome,other,2
Carpal bones,anatomy_structure,1
Carpal tunnel syndrome,other,1
Carrier State,epidemiology,2
Carrier classification,epidemiology,1
Carrier detection,epidemiology,1
Carrier state,drug_of_choice,1
Carrier state,epidemiology,1
Carrier state,investigation,1
Cartilage,anatomy_structure,6
Cartilage,image_identification,1
Cartilage,other,1
Cartilage Physiology,other,1
Cartilage Types,anatomy_structure,1
Cartilage types,anatomy_structure,1
Catatonia,diagnosis,5
Catatonia,management,1
Catatonia,other,1
Catecholamine Metabolism,diagnosis,2
Catecholamine Metabolism,investigation,1
Catecholamine Synthesis,mechanism,2
Catecholamine Synthesis Inhibitors,mechanism,1
Catecholamine synthesis,mechanism,1
Catecholamine synthesis inhibitors,mechanism,1
Catecholamines,mechanism,2
Catecholamines,investigation,1
Categorical Data Analysis,other,1
Cauda equina syndrome,mechanism,1
Cauliflower ear,mechanism,1
Causal association,other,1
Causation,other,1
Cause Of Death,image_identification,1
Cause of Death,diagnosis,1
Cause of Death,image_identification,1
Causes Of Blindness,epidemiology,1
Causes of Blindness,epidemiology,1
Caustic Ingestion,management,1
Cavernous Sinus,anatomy_structure,1
Cavernous Sinus Thrombosis,diagnosis,1
Cavernous sinus thrombosis,diagnosis,1
Celiac Artery Compression Syndrome,diagnosis,1
Celiac artery,image_identification,1
Celiac disease,investigation,1
Cell Adhesion,mechanism,2
Cell Adhesion Molecules,mechanism,2
Cell Biology,mechanism,13
Cell Biology,other,10
Cell Biology,anatomy_structure,2
Cell Biology,image_identification,1
Cell Communication,other,1
Cell Culture,other,1
Cell Cycle,mechanism,2
Cell Death,mechanism,5
Cell Death,diagnosis,1
Cell Injury & Death,mechanism,39
Cell Injury & Death,other,29
Cell Injury & Death,diagnosis,15
Cell Lines,other,1
Cell Membrane Physiology,other,1
Cell Membrane Transport,mechanism,4
Cell Physiology,mechanism,7
Cell Physiology,other,4
Cell Physiology,anatomy_structure,1
Cell Physiology,image_identification,1
Cell Regeneration,other,1
Cell Signaling,mechanism,7
Cell Signaling,anatomy_structure,1
Cell Structure And Function,other,1
Cell Structure and Function,other,1
Cell adhesion,mechanism,2
Cell adhesion,other,1
Cell adhesion molecules,mechanism,2
Cell biology,investigation,1
Cell biology,mechanism,1
Cell biology,other,1
Cell culture,other,1
Cell cycle,mechanism,1
Cell cycle drugs,mechanism,1
Cell cycle inhibitors,mechanism,1
Cell death,mechanism,1
Cell division,other,1
Cell metabolism,mechanism,1
Cell physiology,mechanism,7
Cell physiology,other,4
Cell signaling,mechanism,10
Cell wall deficient organisms,other,1
Cell-mediated Immunity,mechanism,1
Cell-mediated immunity,mechanism,2
Cellular Adaptation And Injury,other,1
Cellular Adaptation and Injury,other,1
Cellular Adaptations,diagnosis,2
Cellular Adaptations,other,2
Cellular Aging,other,2
Cellular Biochemistry,mechanism,1
Cellular Immunity,mechanism,2
Cellular Immunity,other,1
Cellular Metabolism,mechanism,1
Cellular Movement,mechanism,1
Cellular Pathology,mechanism,2
Cellular Pathology,other,2
Cellular Physiology,mechanism,7
Cellular Physiology,anatomy_structure,2
Cellular Physiology,other,1
Cellular Respiration,other,1
Cellular components,other,1
Cellular immunity,mechanism,1
Cellular physiology,mechanism,2
Census,epidemiology,1
Census Methods,other,1
Central Venous Access,drug_of_choice,1
Central Venous Catheterization,management,1
Central venous access,drug_of_choice,1
Central venous catheterization,management,1
Cephalosporins,drug_of_choice,1
Cephalosporins,other,1
Cerclage,management,1
Cerebellar Agenesis,diagnosis,1
Cerebellar Anatomy,anatomy_structure,1
Cerebellar Functions,mechanism,1
Cerebellar Malformation,diagnosis,1
Cerebellar Peduncles,anatomy_structure,1
Cerebellar Physiology,other,1
Cerebellar Tracts,anatomy_structure,1
Cerebellar agenesis,diagnosis,1
Cerebellar anatomy,anatomy_structure,1
Cerebellar arteries,diagnosis,1
Cerebellar cortex,anatomy_structure,1
Cerebellar disorders,diagnosis,1
Cerebellar functions,mechanism,1
Cerebellar lesions,anatomy_structure,1
Cerebellar malformation,diagnosis,1
Cerebellar peduncles,anatomy_structure,1
Cerebellar physiology,other,1
Cerebellar tracts,anatomy_structure,1
Cerebellum,anatomy_structure,9
Cerebellum,mechanism,4
Cerebellum,diagnosis,1
Cerebral Arterial Circle,anatomy_structure,1
Cerebral Arteries,anatomy_structure,4
Cerebral Circulation,anatomy_structure,8
Cerebral Circulation,mechanism,2
Cerebral Circulation,other,2
Cerebral Cortex,anatomy_structure,4
Cerebral Cortex,diagnosis,2
Cerebral Cortex,mechanism,1
Cerebral Venous Sinus Thrombosis,diagnosis,1
Cerebral angiography,image_identification,1
Cerebral circulation,anatomy_structure,13
Cerebral circulation,mechanism,2
Cerebral circulation,other,1
Cerebral cortex,anatomy_structure,3
Cerebral infarction,anatomy_structure,1
Cerebral palsy,diagnosis,1
Cerebral thrombosis,diagnosis,1
Cerebral venous sinus thrombosis,diagnosis,1
Cerebrospinal Fluid,other,3
Cerebrospinal Fluid,mechanism,1
Cerebrospinal fluid,other,2
Cerebrospinal fluid,mechanism,1
Cerebrum,anatomy_structure,1
Ceruminous glands,anatomy_structure,1
Cervical Assessment,other,1
Cervical Cancer,management,7
Cervical Cancer,diagnosis,2
Cervical Cancer,anatomy_structure,1
Cervical Cancer,epidemiology,1
Cervical Cancer,investigation,1
Cervical Cancer,other,1
Cervical Cancer Radiotherapy,management,1
Cervical Cancer Screening,investigation,1
Cervical Cancer Screening,management,1
Cervical Cancer Staging,diagnosis,1
Cervical Carcinoma,management,1
Cervical Dysplasia,management,3
Cervical Dysplasia,diagnosis,1
Cervical Esophagus,epidemiology,1
Cervical Incompetence,diagnosis,3
Cervical Insufficiency,management,2
Cervical Insufficiency,diagnosis,1
Cervical Lymphatics,anatomy_structure,1
Cervical Pathology,investigation,3
Cervical Pathology,diagnosis,1
Cervical Pathology,other,1
Cervical Plexus,mechanism,1
Cervical Precancerous Lesions,management,1
Cervical Vertebrae,anatomy_structure,4
Cervical cancer,diagnosis,2
Cervical cancer,management,2
Cervical cancer radiotherapy,management,1
Cervical carcinoma,management,1
Cervical cord,anatomy_structure,1
Cervical fascia,anatomy_structure,1
Cervical insufficiency,diagnosis,1
Cervical pathology,investigation,1
Cervical pathology,management,1
Cervical rib,diagnosis,1
Cervical vertebrae,anatomy_structure,2
Cervix,anatomy_structure,1
Cesarean Section,management,3
Cesarean section,management,2
Cesarean section,other,1
Cestodes,diagnosis,6
Cestodes,other,4
Channelopathies,diagnosis,1
Chelating Agents,drug_of_choice,1
Chelating Agents,other,1
Chelating agents,drug_of_choice,1
Chelating agents,other,1
Chemical Bonds,mechanism,1
Chemical Bonds,other,1
Chemical Injuries,diagnosis,1
Chemical Mediators,mechanism,1
Chemical Poisons,other,1
Chemical emergency,management,1
Chemical injuries,diagnosis,1
Chemical poisons,other,1
Chemical warfare,other,1
Chemokines,other,1
Chemoprophylaxis,drug_of_choice,6
Chemoprophylaxis,management,1
Chemoreceptors,mechanism,4
Chemotherapy & Anticancer,other,17
Chemotherapy & Anticancer,drug_of_choice,6
Chemotherapy & Anticancer,mechanism,5
Chemotherapy & Anticancer,epidemiology,2
Chemotherapy & Anticancer,diagnosis,1
Chemotherapy & Anticancer,management,1
Chemotherapy Adverse Effects,management,1
Chemotherapy Agents,drug_of_choice,1
Chemotherapy Agents,mechanism,1
Chemotherapy Of Specific Microbial Diseases,other,2
Chemotherapy Side Effects,drug_of_choice,1
Chemotherapy administration,management,1
Chemotherapy agents,drug_of_choice,1
Chemotherapy agents,mechanism,1
Chemotherapy side effects,drug_of_choice,1
Cherry Red Spot,diagnosis,1
Cherry red spot,diagnosis,1
Chest,diagnosis,1
Chest,investigation,1
Chest CT Interpretation,image_identification,1
Chest Compression,management,1
Chest Ct Interpretation,image_identification,1
Chest Imaging,image_identification,3
Chest Imaging,diagnosis,1
Chest Imaging,investigation,1
Chest Lesions,management,1
Chest Pain,investigation,1
Chest Radiograph,image_identification,1
Chest Radiograph Signs,diagnosis,1
Chest Radiography,image_identification,4
Chest Radiography,investigation,2
Chest Radiography,anatomy_structure,1
Chest Radiography,diagnosis,1
Chest Radiology,image_identification,9
Chest Radiology,diagnosis,4
Chest Radiology,investigation,1
Chest Tube Management,management,1
Chest imaging,diagnosis,2
Chest radiograph signs,diagnosis,1
Chest radiography,image_identification,5
Chest radiography,investigation,1
Chest radiology,image_identification,2
Chest wall,anatomy_structure,1
Chest wall muscles,anatomy_structure,1
Chiari I,diagnosis,1
Chiari II,diagnosis,1
Chiari II malformation,diagnosis,1
Chiari Ii Malformation,diagnosis,1
Chiari Malformation,diagnosis,1
Chiari malformation,diagnosis,1
Chickenpox,epidemiology,2
Chickenpox,diagnosis,1
Child Abuse,diagnosis,3
Child Abuse,other,3
Child And Adolescent Psychiatry,diagnosis,1
Child And Adolescent Psychiatry,other,1
Child Health,other,10
Child Health,diagnosis,2
Child Health,epidemiology,1
Child Health Indicators,epidemiology,1
Child Mortality Determinants,other,1
Child Psychiatry,diagnosis,138
Child Psychiatry,other,87
Child Psychiatry,mechanism,15
Child Psychiatry,management,14
Child Psychiatry,drug_of_choice,12
Child Psychiatry,epidemiology,9
Child Psychiatry,investigation,2
Child Psychiatry,anatomy_structure,1
Child Rights,other,1
Child Rights Legislation,other,1
Child Sexual Abuse,other,1
Child Welfare,other,1
Child Welfare Legislation,other,1
Child and Adolescent Psychiatry,diagnosis,1
Child and Adolescent Psychiatry,other,1
Child health,epidemiology,1
Child health,management,1
Child health,other,1
Child sexual abuse,other,1
Child welfare,other,1
Child welfare legislation,other,1
Childhood Behavioral Disorders,other,1
Childhood Pneumonia,diagnosis,1
Childhood malignancies,other,1
Childhood pneumonia,diagnosis,1
Chlamydia,other,7
Chlamydia,diagnosis,6
Chlamydia,anatomy_structure,3
Chlamydia,investigation,1
Chlamydia Trachomatis,other,1
Chlamydia trachomatis,other,1
Chloride Channel Activators,mechanism,1
Chloride channel activators,mechanism,1
Choking,epidemiology,1
Choking,management,1
Choking,mechanism,1
Choking,other,1
Cholangiocarcinoma,other,1
Cholecystokinin,mechanism,1
Choledocholithiasis,management,2
Cholelithiasis,epidemiology,2
Cholelithiasis,management,2
Cholera,epidemiology,3
Cholera,investigation,3
Cholera,other,2
Cholera,management,1
Cholera Toxin Mechanism,mechanism,1
Cholera toxin mechanism,mechanism,1
Cholestasis,diagnosis,1
Cholestatic Liver Disease,diagnosis,1
Cholestatic Liver Diseases,diagnosis,1
Cholesteatoma,mechanism,9
Cholesteatoma,other,4
Cholesteatoma,anatomy_structure,1
Cholesteatoma,diagnosis,1
Cholesteatoma,management,1
Cholesterol Metabolism,other,1
Cholesterol Synthesis,mechanism,1
Cholinergic Agents,management,1
Cholinergic Agonists,drug_of_choice,1
Cholinergic Agonists,mechanism,1
Cholinergic Drugs,diagnosis,1
Cholinergic Drugs,drug_of_choice,1
Cholinergic Drugs,mechanism,1
Cholinergic agents,management,1
Cholinergic agonists,mechanism,1
Cholinergic drugs,drug_of_choice,1
Cholinergic receptors,mechanism,1
Cholinesterase Inhibitors,other,1
Cholinesterase inhibitors,diagnosis,1
Cholinesterase inhibitors,other,1
Chondrosarcoma,epidemiology,1
Chorda tympani,investigation,2
Chorda tympani,anatomy_structure,1
Choriocarcinoma,management,1
Chorionic Villus Sampling,diagnosis,1
Chorionic villus sampling,investigation,1
Choroid metastasis,diagnosis,1
Chromatography,other,1
Chromosomal Abnormalities,diagnosis,6
Chromosomal Abnormalities,other,4
Chromosomal Abnormalities,epidemiology,3
Chromosomal Abnormalities,investigation,1
Chromosomal Disorders,diagnosis,7
Chromosomal Disorders,other,3
Chromosomal Instability Syndromes,diagnosis,1
Chromosomal Translocation,investigation,1
Chromosomal abnormalities,diagnosis,3
Chromosomal abnormalities,epidemiology,2
Chromosomal abnormalities,mechanism,1
Chromosomal abnormalities,other,1
Chromosomal disorders,diagnosis,3
Chromosomal disorders,other,3
Chromosomal translocation,investigation,1
Chromosomal translocation,other,1
Chromosome abnormalities,diagnosis,1
Chromosome location,other,1
Chronic Kidney Disease,diagnosis,1
Chronic Kidney Disease,drug_of_choice,1
Chronic Liver Disease,investigation,1
Chronic Lung Disease,diagnosis,1
Chronic Obstructive Pulmonary Disease,diagnosis,2
Chronic Otitis Media,management,2
Chronic Otitis Media Complications,diagnosis,1
Chronic Pancreatitis,management,2
Chronic Pancreatitis,epidemiology,1
Chronic Pancreatitis,investigation,1
Chronic Pancreatitis,other,1
Chronic Suppurative Otitis Media,diagnosis,2
Chronic Suppurative Otitis Media,investigation,1
Chronic Suppurative Otitis Media,management,1
Chronic Venous Disease,other,1
Chronic Venous Disorders,diagnosis,1
Chronic Wounds,diagnosis,1
Chronic Wounds,other,1
Chronic bronchitis,diagnosis,1
Chronic pancreatitis,management,2
Chronic pancreatitis,investigation,1
Chronic venous disease,diagnosis,1
Chronic venous disorders,diagnosis,1
Chronic venous insufficiency,diagnosis,1
Chyluria,management,1
Cicatrising Alopecia,other,1
Ciliary Dysfunction,investigation,1
Ciliary Muscle,anatomy_structure,1
Ciliary body,anatomy_structure,1
Ciliary muscle,anatomy_structure,1
Circadian rhythm,other,1
Circulatory Physiology,other,1
Cirrhosis,management,1
Cirrhosis,mechanism,1
Cirrhosis Complications,other,1
Citric Acid Cycle,mechanism,9
Citric Acid Cycle,other,5
Citric acid cycle,other,3
Classification,other,2
Classifications,other,1
Claudication,diagnosis,2
Clavicle,anatomy_structure,3
Clearance,investigation,1
Cleft Lip And Palate,management,2
Cleft Lip And Palate,anatomy_structure,1
Cleft Lip And Palate,other,1
Cleft Lip and Palate,anatomy_structure,1
Cleft Lip and Palate,other,1
Cleft Palate,anatomy_structure,1
Cleft Palate,management,1
Cleft lip and palate,management,2
Cleft palate,management,1
Clinical Anatomy,anatomy_structure,3
Clinical Anatomy,image_identification,1
Clinical Assessment,other,1
Clinical Biochemistry,investigation,12
Clinical Biochemistry,other,3
Clinical Biochemistry,diagnosis,2
Clinical Chemistry,other,1
Clinical Examination,image_identification,1
Clinical Examination,investigation,1
Clinical Examination,other,1
Clinical Features,diagnosis,4
Clinical Features of Poisoning,diagnosis,1
Clinical Microbiology,investigation,2
Clinical Pathology,investigation,3
Clinical Pathology,diagnosis,1
Clinical Pharmacology,other,7
Clinical Pharmacology,drug_of_choice,2
Clinical Pharmacology,mechanism,2
Clinical Pharmacology,epidemiology,1
Clinical Pharmacology,investigation,1
Clinical Presentation,other,2
Clinical Scores,diagnosis,1
Clinical Signs,diagnosis,7
Clinical Signs,image_identification,1
Clinical Signs,other,1
Clinical Skills,investigation,1
Clinical Specimen Collection,investigation,2
Clinical Tests,diagnosis,2
Clinical Trials,other,6
Clinical Trials,epidemiology,1
Clinical Trials,mechanism,1
Clinical biochemistry,investigation,4
Clinical biochemistry,other,1
Clinical chemistry,other,1
Clinical examination,other,1
Clinical features,diagnosis,1
Clinical manifestations,diagnosis,1
Clinical presentation,diagnosis,1
Clinical signs,diagnosis,1
Clinical signs,other,1
Clinical trials,other,1
Clostridia,other,1
Clostridioides Difficile,other,1
Clostridioides difficile,other,1
Clostridium,diagnosis,2
Clostridium,epidemiology,1
Clubbing,diagnosis,1
Clubfoot,management,3
Clubfoot,anatomy_structure,1
Clubfoot,diagnosis,1
Cluster testing,epidemiology,1
Cns Pharmacology,mechanism,5
Cns Pharmacology,drug_of_choice,3
Cns Pharmacology,other,3
Cns Stimulants,mechanism,2
Cns Stimulants,drug_of_choice,1
Cns Stimulants,other,1
Coagulation,other,8
Coagulation,mechanism,6
Coagulation,investigation,2
Coagulation,management,1
Coagulation Cascade,mechanism,1
Coagulation Cascade,other,1
Coagulation Disorders,diagnosis,7
Coagulation Disorders,mechanism,4
Coagulation Disorders,other,4
Coagulation Disorders,epidemiology,1
Coagulation Disorders,management,1
Coagulation cascade,mechanism,2
Coagulation disorders,mechanism,2
Coagulation disorders,diagnosis,1
Coagulation disorders,epidemiology,1
Coagulation disorders,management,1
Coagulation disorders,other,1
Coagulation monitoring,image_identification,1
Coagulation monitoring,investigation,1
Coarctation Of Aorta,image_identification,1
Coarctation Of Aorta Imaging,image_identification,1
Coarctation of Aorta,image_identification,1
Coarctation of Aorta Imaging,image_identification,1
Coarctation of aorta,diagnosis,2
Cobalamin deficiency,other,1
Cobalt therapy,other,1
Cocaine,diagnosis,1
Cocaine Withdrawal,drug_of_choice,1
Cochlea,anatomy_structure,1
Cochlear And Brainstem Implants,anatomy_structure,1
Cochlear Implant,investigation,1
Cochlear Implants,image_identification,2
Cochlear and Brainstem Implants,anatomy_structure,1
Cochlear hair cells,diagnosis,1
Cochlear implant,anatomy_structure,2
Cochlear implants,image_identification,1
Coeliac Disease,investigation,1
Coeliac Trunk,anatomy_structure,2
Coenzymes,other,3
Coenzymes,mechanism,2
Cofactors,investigation,1
Cognitive Disorders,diagnosis,3
Cognitive Disorders,other,2
Cognitive Disorders,investigation,1
Cognitive Testing,diagnosis,1
Cognitive Therapy,management,1
Cognitive Therapy,other,1
Cognitive behavioral therapy,other,1
Cognitive disorders,investigation,1
Cognitive testing,diagnosis,1
Cold Chain,other,2
Cold Chain,management,1
Cold exposure,mechanism,1
Coliform Count,investigation,1
Colistin,other,1
Colitis,diagnosis,1
Collagen,mechanism,3
Collagen,anatomy_structure,1
Collagen,other,1
Collagen Metabolism,mechanism,2
Collagen Structure,mechanism,1
Collagen metabolism,diagnosis,1
Collagen structure,mechanism,1
Coloboma,diagnosis,2
Colon,diagnosis,1
Colon,other,1
Colonic Injury,management,1
Colonic Pseudo-Obstruction,management,1
Colonic injury,management,1
Colonoscopy,management,1
Color Vision Deficiency,diagnosis,1
Color vision deficiency,diagnosis,1
Colorectal Cancer,epidemiology,3
Colorectal Cancer,diagnosis,1
Colorectal Cancer Precursors,other,1
Colorectal Disorders,diagnosis,1
Colorectal Imaging,image_identification,1
Colorectal Polyps,diagnosis,1
Colorectal Polyps,image_identification,1
Colorectal Surgery,management,10
Colorectal Surgery,image_identification,2
Colorectal Surgery,investigation,2
Colorectal Surgery,anatomy_structure,1
Colorectal Surgery,diagnosis,1
Colorectal Surgery,other,1
Colorectal cancer,epidemiology,3
Colorectal cancer,diagnosis,2
Colorectal cancer,investigation,1
Colorectal cancer,other,1
Colorectal imaging,image_identification,1
Colorectal surgery,management,3
Colorectal surgery,other,1
Colposcopy,diagnosis,1
Colposcopy,other,1
Coma and brain injury,other,1
Common Peroneal Nerve,anatomy_structure,1
Communicable And Non-Communicable Diseases,other,10
Communicable Diseases,epidemiology,14
Communicable Diseases,other,13
Communicable Diseases,drug_of_choice,3
Communicable Diseases,management,2
Communicable Diseases,image_identification,1
Communicable diseases,other,2
Communicable diseases,diagnosis,1
Communicable diseases,drug_of_choice,1
Communicable diseases,epidemiology,1
Communicable diseases,management,1
Communication Methods,other,1
Community Dynamics,other,1
Community Health,other,1
Community Health Workers,other,3
Community Ophthalmology,other,1
Community Participation,other,1
Community Psychiatry,other,1
Compartment Syndrome,anatomy_structure,2
Compartment Syndrome,epidemiology,1
Compartment Syndrome,management,1
Compartment Syndromes,diagnosis,3
Compartment Syndromes,management,1
Compartment syndrome,anatomy_structure,1
Compartment syndrome,management,1
Compartment syndromes,diagnosis,3
Complement,other,1
Complement Disorders,diagnosis,1
Complement System,mechanism,10
Complement System,other,3
Complement disorders,diagnosis,1
Complement system,mechanism,10
Complement system,other,2
Complex Febrile Seizures,epidemiology,1
Complex Regional Pain Syndrome,diagnosis,1
Complex Regional Pain Syndrome,other,1
Complex febrile seizures,epidemiology,1
Complex regional pain syndrome,other,1
Complicated Deliveries,management,1
Complications Of Neuraxial Anesthesia,other,1
Complications of Puerperium,diagnosis,1
Complications of neuraxial anesthesia,other,1
Computed Tomography (CT),investigation,1
Computed Tomography (Ct),investigation,1
Concept Of Health And Disease,other,7
Concomitant squint,diagnosis,1
Conduction abnormalities,diagnosis,2
Conductive hearing loss,anatomy_structure,1
Confounding,epidemiology,1
Congenital Anomalies,diagnosis,23
Congenital Anomalies,anatomy_structure,4
Congenital Anomalies,image_identification,4
Congenital Anomalies,management,3
Congenital Anomalies,other,3
Congenital Anomalies,epidemiology,1
Congenital Anomalies,investigation,1
Congenital Anomalies,mechanism,1
Congenital Anomalies Screening,investigation,1
Congenital Brain Malformations,image_identification,2
Congenital CNS Anomalies,diagnosis,1
Congenital CNS Anomalies,image_identification,1
Congenital CNS malformations,diagnosis,1
Congenital CNS malformations,image_identification,1
Congenital Cardiac Imaging,diagnosis,1
Congenital Eye Anomalies,anatomy_structure,1
Congenital Eye Disorders,image_identification,1
Congenital Heart Defects,other,1
Congenital Heart Disease,diagnosis,16
Congenital Heart Disease,image_identification,3
Congenital Heart Disease,anatomy_structure,2
Congenital Heart Disease,other,2
Congenital Heart Disease,epidemiology,1
Congenital Heart Disease,investigation,1
Congenital Heart Disease,mechanism,1
Congenital Heart Disease Imaging,image_identification,2
Congenital Heart Disease Imaging,diagnosis,1
Congenital Heart Diseases,anatomy_structure,1
Congenital Hypothyroidism,diagnosis,1
Congenital Limb Defects,diagnosis,1
Congenital Malformations,diagnosis,1
Congenital Malformations,image_identification,1
Congenital Neck Lesions,management,1
Congenital Ocular Anomalies,diagnosis,2
Congenital Rubella Syndrome,diagnosis,1
Congenital Syndromes,diagnosis,1
Congenital Talipes Equinovarus,management,7
Congenital Talipes Equinovarus,anatomy_structure,1
Congenital Talipes Equinovarus,diagnosis,1
Congenital Toxoplasmosis,diagnosis,1
Congenital Tuberculosis,epidemiology,1
Congenital Urinary Anomalies,image_identification,1
Congenital Uterine Anomalies,diagnosis,2
Congenital Uterine Anomalies,image_identification,2
Congenital Uterine Anomalies,epidemiology,1
Congenital Vertical Talus,epidemiology,1
Congenital anomalies,diagnosis,5
Congenital anomalies,management,4
Congenital anomalies,other,2
Congenital anomalies,epidemiology,1
Congenital anomalies,image_identification,1
Congenital brain malformations,image_identification,2
Congenital disorders,diagnosis,1
Congenital disorders,investigation,1
Congenital eye disorders,diagnosis,2
Congenital genital anomalies,diagnosis,1
Congenital heart disease,diagnosis,3
Congenital heart disease,other,3
Congenital heart disease,drug_of_choice,2
Congenital heart disease,anatomy_structure,1
Congenital heart disease,image_identification,1
Congenital heart disease,mechanism,1
Congenital malformations,diagnosis,1
Congenital nasolacrimal duct obstruction,management,4
Congenital nasolacrimal duct obstruction,diagnosis,2
Congenital nasolacrimal duct obstruction,anatomy_structure,1
Congenital ocular anomalies,diagnosis,2
Congenital syndromes,diagnosis,1
Congenital syphilis,investigation,1
Congenital talipes equinovarus,management,4
Congenital talipes equinovarus,diagnosis,1
Congenital urinary anomalies,image_identification,1
Congenital urinary obstruction,other,1
Congenital uterine anomalies,diagnosis,1
Congenital uterine anomalies,image_identification,1
Congenital vertical talus,epidemiology,1
Conization,management,1
Conjoined Twins,epidemiology,1
Conjoined twins,epidemiology,1
Conjunctiva,other,5
Conjunctiva,diagnosis,4
Conjunctiva,anatomy_structure,3
Conjunctiva,image_identification,2
Conjunctiva,management,1
Conjunctival Disorders,diagnosis,2
Conjunctival Disorders,other,2
Conjunctival Disorders,image_identification,1
Conjunctival Lesions,diagnosis,2
Conjunctival Lesions,image_identification,1
Conjunctival Staining,diagnosis,1
Conjunctival disorders,other,2
Conjunctival disorders,epidemiology,1
Conjunctival lesions,diagnosis,2
Conjunctival staining,diagnosis,1
Conjunctivitis,diagnosis,9
Conjunctivitis,other,2
Connective Tissue,anatomy_structure,4
Connective Tissue,mechanism,4
Connective Tissue,other,4
Connective Tissue,image_identification,3
Connective Tissue Biochemistry,anatomy_structure,1
Connective Tissue Biochemistry,other,1
Connective Tissue Diseases,diagnosis,3
Connective Tissue Disorders,diagnosis,6
Connective Tissue Disorders,other,2
Connective Tissue Disorders,image_identification,1
Connective tissue,mechanism,3
Connective tissue,anatomy_structure,1
Connective tissue,image_identification,1
Connective tissue,other,1
Connective tissue diseases,diagnosis,2
Connective tissue disorders,other,3
Connective tissue disorders,diagnosis,2
Consanguinity,diagnosis,1
Consanguinity,epidemiology,1
Conscious sedation,other,1
Consciousness,management,1
Consciousness assessment,other,1
Consent,other,3
Constipation,other,1
Constitution,other,3
Constitutional Articles,other,1
Constrictive pericarditis,diagnosis,1
Consumer Protection,other,6
Contact Dermatitis,epidemiology,2
Contact dermatitis,epidemiology,1
Contraception,other,34
Contraception,management,21
Contraception,mechanism,7
Contraception,drug_of_choice,5
Contraception,epidemiology,4
Contraception,anatomy_structure,2
Contraception,image_identification,2
Contraception,diagnosis,1
Contraceptive Methods,image_identification,1
Contraceptive Methods,management,1
Contraceptive Prevalence,epidemiology,1
Contraceptive methods,management,1
Contraceptive prevalence,epidemiology,1
Contraceptives,drug_of_choice,2
Contraceptives,mechanism,1
Contraceptives,other,1
Contracted Pelvis,anatomy_structure,1
Contraindications,management,5
Contraindications,diagnosis,1
Contraindications,drug_of_choice,1
Contraindications,investigation,1
Contrast Agents,investigation,2
Contrast Agents,other,1
Contrast Media,investigation,3
Contrast Media,other,2
Contrast Media,management,1
Contrast Media,mechanism,1
Contrast Media Properties,other,1
Contrast Media Safety,investigation,1
Contrast Nephropathy Prevention,management,1
Contrast Studies,diagnosis,1
Contrast Studies,image_identification,1
Contrast agents,investigation,2
Contrast agents,image_identification,1
Contrast studies,investigation,1
Control Of Breathing,diagnosis,3
Control of Breathing,diagnosis,3
Controlled ventilation,management,1
Conversion Disorder,diagnosis,9
Conversion Disorder,investigation,1
Conversion Disorders,diagnosis,1
Conversion disorder,diagnosis,5
Conversion disorder,investigation,1
Copd,diagnosis,3
Copd,epidemiology,1
Copd,management,1
Copd Classification,diagnosis,1
Copd Exacerbation,diagnosis,1
Copd Staging,other,1
Copper Metabolism,investigation,4
Copper Metabolism,diagnosis,1
Copper metabolism,diagnosis,1
Copper metabolism,drug_of_choice,1
Copper metabolism,investigation,1
Cord Prolapse,other,1
Cord prolapse,other,1
Cori'S Cycle,mechanism,1
Cori's Cycle,mechanism,1
Cornea & Refractive,other,48
Cornea & Refractive,diagnosis,46
Cornea & Refractive,management,14
Cornea & Refractive,anatomy_structure,10
Cornea & Refractive,mechanism,8
Cornea & Refractive,investigation,7
Cornea & Refractive,epidemiology,4
Cornea & Refractive,image_identification,4
Cornea & Refractive,drug_of_choice,1
Coronary Arteries,anatomy_structure,1
Coronary Artery Disease,drug_of_choice,1
Coronary Artery Disease,management,1
Coronary Circulation,anatomy_structure,2
Coronary Circulation,mechanism,1
Coronary Sinus,anatomy_structure,1
Coronary arteries,anatomy_structure,1
Coronary arteries,diagnosis,1
Coronary artery disease,management,2
Coronary artery disease,other,1
Corpus Luteum,other,1
Corrnea,other,1
Corrosive Poisoning,management,1
Corrosive Poisons,other,1
Corrosive injury,mechanism,1
Corrosive poisoning,management,1
Corrosive poisoning,other,1
Corticosteroids,other,8
Cortisol,other,1
Corynebacterium,mechanism,2
Corynebacterium,investigation,1
Corynebacterium,other,1
Corynebacterium Diphtheriae,drug_of_choice,1
Corynebacterium Diphtheriae,management,1
Corynebacterium diphtheriae,drug_of_choice,1
Corynebacterium diphtheriae,management,1
Counter-Current Mechanism,other,1
Counter-current Mechanism,other,1
Court Of Law,other,3
Coxa Vara,diagnosis,3
Coxa Vara,image_identification,1
Cranial Anatomy,anatomy_structure,1
Cranial Arteries,anatomy_structure,1
Cranial Nerve Disorders,mechanism,2
Cranial Nerve Examination,anatomy_structure,1
Cranial Nerve Functions,mechanism,1
Cranial Nerve Innervation,anatomy_structure,1
Cranial Nerve Nuclei,anatomy_structure,3
Cranial Nerve Palsies,diagnosis,2
Cranial Nerve Palsies,anatomy_structure,1
Cranial Nerves,anatomy_structure,51
Cranial Nerves,diagnosis,3
Cranial Nerves,image_identification,2
Cranial Nerves,mechanism,2
Cranial Nerves,other,2
Cranial Sutures And Fontanelles,anatomy_structure,1
Cranial Sutures and Fontanelles,anatomy_structure,1
Cranial Vasculature,anatomy_structure,1
Cranial Venous Sinuses,anatomy_structure,9
Cranial cavity,anatomy_structure,1
Cranial nerve anatomy,anatomy_structure,2
Cranial nerve disorders,mechanism,2
Cranial nerve disorders,diagnosis,1
Cranial nerve examination,anatomy_structure,1
Cranial nerve nuclei,anatomy_structure,1
Cranial nerve palsies,diagnosis,2
Cranial nerve palsies,anatomy_structure,1
Cranial nerve synkinesis,mechanism,1
Cranial nerves,anatomy_structure,30
Cranial nerves,diagnosis,3
Cranial nerves,image_identification,1
Cranial nerves,mechanism,1
Cranial nerves,other,1
Cranial venous sinuses,anatomy_structure,9
Craniovertebral Junction,diagnosis,3
Craniovertebral junction,diagnosis,4
Creatine Metabolism,mechanism,1
Creatine metabolism,mechanism,1
Creatinine Metabolism,mechanism,1
Creatinine metabolism,mechanism,1
Creche,other,1
Criminal Abortion,other,1
Criminal Law,other,6
Criminal Procedure,other,1
Criminal Responsibility,other,1
Criminal abortion,other,1
Criminal law,other,2
Criminal procedure,other,3
Criminal responsibility,other,1
Criminalistics,other,1
Critical Care,diagnosis,10
Critical Care,other,6
Critical Care,management,3
Critical Care,epidemiology,2
Crohn disease,anatomy_structure,1
Crohn'S Disease,other,1
Crohn's disease,investigation,1
Crohn's disease,other,1
Cross-sectional imaging,image_identification,1
Croup,image_identification,1
Croup,other,1
Cruciate ligament,anatomy_structure,1
Cruciate ligament,diagnosis,1
Cruciate ligament,mechanism,1
Cryoglobulinemia,other,2
Cryoglobulinemia Etiology,other,1
Cryosurgery,other,1
Cryotherapy,other,1
Cryptococcus,other,1
Cryptomenorrhoea,diagnosis,1
Cryptorchidism,management,2
Cryptorchidism,epidemiology,1
Crystal Arthropathy,diagnosis,1
Crystal Arthropathy,epidemiology,1
Crystal Arthropathy,investigation,1
Crystal arthropathies,investigation,2
Csf Leak,investigation,2
Csf Rhinorrhoea,diagnosis,1
Csom,diagnosis,1
Ct & Mri,other,5
Ct Physics,mechanism,2
Ct Scan Limitations,diagnosis,1
Cubital Fossa,anatomy_structure,2
Cubitus Valgus,diagnosis,1
Cubitus valgus,diagnosis,1
Culex Larvae,other,1
Cultural heritage,other,1
Culture Media,investigation,8
Culture Media,other,5
Culture Techniques,investigation,1
Culture characteristics,image_identification,1
Culture media,investigation,8
Culture media,other,3
Culture media,diagnosis,1
Culture media,management,1
Culture media,mechanism,1
Culture techniques,investigation,1
Culture-Bound Syndromes,diagnosis,1
Culture-bound syndromes,diagnosis,1
Cutaneous Lymphoma,epidemiology,1
Cutaneous Manifestations,diagnosis,1
Cutaneous T-Cell Lymphoma,diagnosis,1
Cutaneous T-cell Lymphoma,diagnosis,1
Cutaneous Tuberculosis,diagnosis,2
Cutaneous receptors,mechanism,1
Cutaneous tuberculosis,diagnosis,1
Cutis Marmorata,epidemiology,1
Cutis marmorata,epidemiology,1
Cvs Pharmacology,other,10
Cyanosis,diagnosis,1
Cyanotic Congenital Heart Disease,diagnosis,1
Cyanotic Heart Disease,diagnosis,1
Cyanotic Spells,mechanism,1
Cyanotic congenital heart disease,diagnosis,1
Cyanotic spells,mechanism,1
Cyclic peptides,other,1
Cycloplegia,drug_of_choice,2
Cycloplegia,investigation,1
Cycloplegia,management,1
Cycloplegic Agents,other,1
Cycloplegic agents,other,1
Cyclothymia,diagnosis,1
Cyclothymia,other,1
Cystathionine Beta Synthase,other,1
Cystic Fibrosis,diagnosis,1
Cystic Fibrosis,mechanism,1
Cystic Fibrosis,other,1
Cystic Hygroma,management,1
Cystic Lesions,epidemiology,1
Cystic fibrosis,diagnosis,1
Cystic lesions,epidemiology,1
Cystinuria,diagnosis,1
Cysts,diagnosis,1
Cysts,other,1
Cytochrome P450,other,2
Cytochrome P450,mechanism,1
Cytokines,mechanism,10
Cytomegalovirus,diagnosis,1
Cytopathology,investigation,1
Cytoskeleton,investigation,1
Cytoskeleton,other,1
Cytotoxic drug disposal,other,1
D&C,management,1
DIEP flap,management,1
DMARDs,other,1
DNA Damage,mechanism,1
DNA Profiling,other,1
DNA Repair,mechanism,2
DNA Repair,other,1
DNA Replication,mechanism,11
DNA Replication and Repair,mechanism,1
DNA Structure,other,3
DNA and RNA viruses,other,1
DNA repair,mechanism,3
DNA repair disorders,other,1
DNA structure,other,2
DNA viruses,diagnosis,2
DSD,diagnosis,1
DSM-5,diagnosis,1
DVT risk factors,epidemiology,2
Dacryocystitis,management,1
Dactylitis,diagnosis,2
Dactylography,other,3
Damage Control Surgery,management,2
Dandy-Walker Syndrome,diagnosis,1
Dandy-Walker syndrome,diagnosis,1
Darting motility,other,1
Data Analysis,other,2
Data Presentation,other,1
Data Visualization,image_identification,1
Data presentation,other,1
Deafness,other,1
Death Certificate,other,2
Death Certificate,diagnosis,1
Death declaration,other,1
Death definition,other,1
Decidua,anatomy_structure,1
Decompensated Heart Failure,management,1
Decomposition,other,2
Decomposition And Putrefaction,other,1
Decomposition and Putrefaction,other,1
Decompression Sickness,mechanism,1
Deep Venous Thrombosis,diagnosis,1
Deep Venous Thrombosis (DVT),diagnosis,1
Deep Venous Thrombosis (Dvt),diagnosis,1
Deficiency Diseases,diagnosis,4
Deficiency Diseases,mechanism,1
Deficiency diseases,diagnosis,1
Definitions,other,2
Defluoridation,management,1
Deformities,diagnosis,1
Deformities,other,1
Degeneration,diagnosis,1
Dehydration,diagnosis,4
Dehydration,management,1
Dehydration Management,management,2
Delirium,diagnosis,5
Delirium,investigation,1
Delirium And Dementia,diagnosis,1
Delirium Tremens,diagnosis,1
Delirium and Dementia,diagnosis,1
Delirium tremens,diagnosis,1
Delivery Complications,management,1
Delta sign,diagnosis,1
Delusion,diagnosis,3
Delusional Disorder,diagnosis,1
Delusional Disorder,other,1
Delusional Disorders,diagnosis,20
Delusional Disorders,other,1
Delusional disorder,diagnosis,1
Delusional disorders,diagnosis,16
Delusions,diagnosis,8
Delusions,other,3
Dementia,diagnosis,7
Dementia,epidemiology,2
Demographic Cycle,epidemiology,4
Demographic Cycle,image_identification,1
Demographic Indicators,other,1
Demographic Transition,epidemiology,2
Demographic transition,epidemiology,2
Demography & Family Planning,epidemiology,39
Demography & Family Planning,other,25
Demography & Family Planning,management,4
Demography & Family Planning,image_identification,3
Demography & Family Planning,mechanism,2
Demyelinating Disease,epidemiology,1
Demyelinating Diseases,mechanism,2
Demyelinating diseases,mechanism,1
Dengue,other,1
Dengue shock syndrome,other,1
Dental Anatomy,anatomy_structure,3
Dental Anatomy,other,1
Dental Eruption,other,3
Dental Fluorosis,other,1
Dental disorders,other,1
Dental eruption,other,3
Dentition,other,3
Depolarizing Neuromuscular Blockers,other,1
Depressive Disorders,diagnosis,4
Depth Of Anaesthesia,investigation,1
Depth Of Anaesthesia,other,1
Depth Of Anesthesia Monitoring,mechanism,1
Depth of Anaesthesia,investigation,2
Depth of Anesthesia,other,1
Depth of anaesthesia,other,1
Depth of anesthesia monitoring,mechanism,1
Dermatitis,image_identification,1
Dermatitis Herpetiformis,diagnosis,1
Dermatitis Herpetiformis,management,1
Dermatitis herpetiformis,diagnosis,1
Dermatitis herpetiformis,management,1
Dermatologic Pathology,mechanism,1
Dermatologic Signs,diagnosis,3
Dermatologic Signs,other,1
Dermatologic pathology,mechanism,1
Dermatologic signs,other,1
Dermatological Investigations,investigation,1
Dermatological Pharmacology,drug_of_choice,2
Dermatological Signs,diagnosis,3
Dermatological Signs,other,1
Dermatological Syndromes,image_identification,1
Dermatological investigations,investigation,1
Dermatological pharmacology,drug_of_choice,2
Dermatological signs,other,1
Dermatology,diagnosis,176
Dermatology,other,54
Dermatology,management,24
Dermatology,image_identification,16
Dermatology,mechanism,15
Dermatology,drug_of_choice,11
Dermatology,epidemiology,11
Dermatology,investigation,9
Dermatology,anatomy_structure,8
Dermatology therapy,management,1
Dermatome,anatomy_structure,1
Dermatomes,anatomy_structure,2
Dermatomyositis,diagnosis,3
Dermatomyositis,other,3
Dermatopathology,image_identification,4
Dermatopathology,mechanism,1
Dermatopathology,other,1
Dermatophytes,diagnosis,5
Dermatophytes,other,2
Dermatophytosis,diagnosis,2
Dermatophytosis,other,1
Dermoid Cyst,other,1
Descriptive Statistics,other,2
Deworming,management,1
Diabetes Insipidus,diagnosis,2
Diabetes Insipidus,management,1
Diabetes Insipidus,other,1
Diabetes Management,investigation,1
Diabetes Mellitus,other,6
Diabetes Mellitus,diagnosis,5
Diabetes Mellitus,management,3
Diabetes Mellitus,mechanism,3
Diabetes Mellitus,drug_of_choice,2
Diabetes Mellitus Management,management,1
Diabetes complications,investigation,1
Diabetes insipidus,diagnosis,1
Diabetes insipidus,drug_of_choice,1
Diabetes mellitus,mechanism,3
Diabetes mellitus,other,1
Diabetic Emergencies,diagnosis,1
Diabetic Emergencies,management,1
Diabetic Ketoacidosis,management,1
Diabetic Ketoacidosis,mechanism,1
Diabetic Ketoacidosis (DKA),management,2
Diabetic Ketoacidosis (Dka),management,2
Diabetic Neuropathy,diagnosis,3
Diabetic Retinopathy,diagnosis,6
Diabetic Retinopathy,image_identification,2
Diabetic Retinopathy,management,1
Diabetic Retinopathy,other,1
Diabetic complications,diagnosis,1
Diabetic foot,diagnosis,1
Diabetic ketoacidosis,mechanism,1
Diabetic retinopathy,diagnosis,7
Diabetic retinopathy,other,3
Diabetic retinopathy,image_identification,2
Diabetic retinopathy,drug_of_choice,1
Diagnosis,diagnosis,2
Diagnosis,investigation,1
Diagnosis,management,1
Diagnostic Accuracy,diagnosis,1
Diagnostic Criteria,diagnosis,2
Diagnostic Criteria,investigation,1
Diagnostic Evaluation,investigation,1
Diagnostic Imaging,investigation,1
Diagnostic Methods,investigation,2
Diagnostic Methods For Treponema Pallidum,other,1
Diagnostic Microbiology,investigation,5
Diagnostic Microbiology,other,2
Diagnostic Procedures,investigation,1
Diagnostic Techniques,investigation,3
Diagnostic Test Evaluation,investigation,1
Diagnostic Test Evaluation,other,1
Diagnostic Testing,epidemiology,1
Diagnostic Tests,investigation,12
Diagnostic Tests,epidemiology,1
Diagnostic criteria,diagnosis,2
Diagnostic imaging,investigation,1
Diagnostic microbiology,other,2
Diagnostic microbiology,investigation,1
Diagnostic techniques,investigation,1
Diagnostic test evaluation,other,1
Diagnostic tests,investigation,7
Diagnostic tests,diagnosis,1
Diagnostics,investigation,1
Diagnostics,management,1
Dialysis,management,1
Dialysis Complications,other,2
Dialysis complications,mechanism,1
Dialysis complications,other,1
Diaphragm,anatomy_structure,5
Diaphragmatic Openings,anatomy_structure,1
Diarrhea,diagnosis,1
Diarrhea,mechanism,1
Diarrhea Management,other,1
Diarrheagenic Escherichia Coli,diagnosis,1
Diarrheagenic Escherichia coli,diagnosis,1
Diarrheal Disease,management,1
Diarrheal Diseases,management,1
Diarrheal Disorders,diagnosis,1
Diarrhoea Management,drug_of_choice,1
Diet,management,1
Dietary Fiber,other,1
Dietary Guidelines,other,1
Dietary assessment,other,1
Dietary fiber,other,4
Dietary guidelines,management,1
Differential diagnosis,diagnosis,1
Difficult Airway,management,2
Difficult Airway,investigation,1
Difficult airway,management,1
Diffuse Axonal Injury,investigation,1
Diffuse axonal injury,investigation,1
Diffusion,mechanism,2
Diffusion Hypoxia,mechanism,1
Digestion,mechanism,2
Digestion,other,1
Digestion and Absorption,mechanism,2
Digestive Enzymes,mechanism,1
Digestive enzymes,mechanism,1
Digestive secretions,other,1
Digitalis,drug_of_choice,1
Digitalis Toxicity,drug_of_choice,1
Digoxin Toxicity,management,1
Digoxin Toxicity,other,1
Dilation and Evacuation,management,1
Dilation and curettage,investigation,1
Diphtheria,mechanism,3
Diphtheria,other,2
Diphtheria,diagnosis,1
Diphtheria,drug_of_choice,1
Diphtheria,epidemiology,1
Diphtheria,management,1
Diplopia,diagnosis,2
Direct Coombs Test,investigation,1
Direct Coombs test,investigation,1
Direct factor Xa inhibitors,mechanism,1
Direct invasion,mechanism,1
Disability,other,3
Disaster Cycle,other,1
Disaster Management,management,19
Disaster Management,other,7
Disaster Management,epidemiology,1
Disaster management,management,6
Disaster management,other,6
Disaster management,epidemiology,1
Disc Prolapse,diagnosis,1
Disease Control,other,1
Disease Control Programs,other,1
Disease Dynamics,other,1
Disease Elimination,epidemiology,1
Disease Occurrence,epidemiology,1
Disease Patterns,epidemiology,1
Disease Prevention And Control,epidemiology,1
Disease Prevention and Control,epidemiology,1
Disease Surveillance,epidemiology,3
Disease Surveillance,other,2
Disease Surveillance,investigation,1
Disease Transmission,epidemiology,3
Disease Transmission,other,3
Disease recurrence,diagnosis,1
Disease surveillance,epidemiology,5
Disease surveillance,investigation,1
Disease surveillance,other,1
Disease transmission,diagnosis,1
Disinfectant,other,1
Disinfectants,other,1
Dislocation,anatomy_structure,1
Dislocations,other,6
Dislocations,diagnosis,3
Dislocations,anatomy_structure,1
Dislocations,image_identification,1
Disorders Of Pigmentation,diagnosis,1
Disorders of Sexual Differentiation,diagnosis,1
Disorders of pigmentation,diagnosis,1
Dissociated vertical deviation,diagnosis,1
Dissociative Disorders,diagnosis,9
Dissociative Disorders,other,1
Dissociative disorders,diagnosis,5
Distal convoluted tubule,mechanism,1
Distal radius,diagnosis,1
Diuretics,mechanism,12
Diuretics,drug_of_choice,11
Diuretics,other,5
Diuretics,management,2
Diverticular Disease,diagnosis,1
Diverticular disease,diagnosis,1
Dmards,other,1
Dna Repair,mechanism,3
Dna Repair,other,1
Dna Repair Disorders,other,1
Dna Replication,mechanism,6
Dna Replication And Repair,mechanism,1
Dna Structure,other,5
Dna Viruses,diagnosis,1
Domestic Violence,epidemiology,1
Domestic violence,epidemiology,1
Dopamine Agonists,drug_of_choice,1
Dopamine Antagonists,other,1
Dopamine Receptors,mechanism,1
Dopamine agonists,drug_of_choice,1
Dopamine agonists,mechanism,1
Dopamine antagonists,mechanism,1
Dopamine antagonists,other,1
Dopamine dosage,management,1
Dopamine receptors,mechanism,2
Doppler,investigation,1
Dorsal column,diagnosis,1
Dorsiflexion,anatomy_structure,1
Dose-Response,other,1
Dosing,other,1
Down Syndrome,anatomy_structure,2
Down Syndrome,diagnosis,2
Down Syndrome,other,1
Down syndrome,diagnosis,2
Down syndrome,epidemiology,2
Dowry Legislation,other,1
Dowry death,other,2
Dowry laws,other,1
Dream Analysis,other,2
Dream Theory,other,3
Drowning,mechanism,8
Drowning,other,4
Drowning,diagnosis,3
Drowning,investigation,3
Drowning,epidemiology,1
Drug Absorption,other,2
Drug Administration,other,3
Drug Administration,management,1
Drug Administration Routes,other,1
Drug Adverse Effects,diagnosis,1
Drug Classification,mechanism,1
Drug Contraindications,other,1
Drug Dependence,mechanism,2
Drug Dependence,diagnosis,1
Drug Dependence,epidemiology,1
Drug Dependence,other,1
Drug Distribution,mechanism,1
Drug Dosing,mechanism,1
Drug Effects,mechanism,1
Drug Elimination,other,2
Drug Eruptions,diagnosis,1
Drug Eruptions,other,1
Drug Formulations,other,2
Drug Hypersensitivity,drug_of_choice,1
Drug Hypersensitivity,other,1
Drug Induced Pigmentation,diagnosis,1
Drug Interactions,mechanism,6
Drug Interactions,management,5
Drug Interactions,other,4
Drug Interactions,drug_of_choice,1
Drug Kinetics,other,1
Drug Mechanism,mechanism,2
Drug Metabolism,mechanism,8
Drug Metabolism,other,3
Drug Metabolism,anatomy_structure,1
Drug Metabolism,management,1
Drug Monitoring,investigation,1
Drug Monitoring,management,1
Drug Overdose,management,1
Drug Properties,other,1
Drug Reactions,diagnosis,1
Drug Regulation,other,1
Drug Resistance,epidemiology,1
Drug Side Effects,other,2
Drug Side Effects,diagnosis,1
Drug Side Effects,mechanism,1
Drug Sources,other,1
Drug Therapy,other,1
Drug Toxicity,investigation,2
Drug Toxicity,management,2
Drug Toxicity,mechanism,2
Drug Transport,mechanism,1
Drug absorption,mechanism,1
Drug abuse,other,1
Drug administration,management,1
Drug administration,other,1
Drug administration routes,other,1
Drug adverse effects,management,2
Drug adverse effects,mechanism,1
Drug adverse effects,other,1
Drug calculations,other,1
Drug classes,other,1
Drug classification,mechanism,1
Drug dependence,mechanism,2
Drug dependence,other,2
Drug dependence,diagnosis,1
Drug dependence,epidemiology,1
Drug dosing,mechanism,1
Drug elimination,mechanism,1
Drug eruptions,other,1
Drug hypersensitivity,drug_of_choice,1
Drug interactions,mechanism,7
Drug interactions,management,2
Drug interactions,other,2
Drug mechanism,mechanism,1
Drug metabolism,mechanism,4
Drug metabolism,other,1
Drug monitoring,investigation,1
Drug properties,other,1
Drug regulation,other,1
Drug side effects,mechanism,1
Drug side effects,other,1
Drug therapy,mechanism,1
Drug toxicity,other,2
Drug toxicity,investigation,1
Drug toxicity,mechanism,1
Drug-Induced Conditions,mechanism,1
Drug-Induced Electrolyte Disturbances,other,1
Drug-Induced Hemolysis,diagnosis,1
Drug-Induced Priapism,other,1
Drug-Resistant Tuberculosis Treatment,management,1
Drug-induced Hemolysis,diagnosis,1
Drug-induced conditions,mechanism,1
Drug-induced electrolyte disturbances,other,1
Drug-induced priapism,other,1
Drugs Affecting Bone Metabolism,drug_of_choice,1
Drugs For Gout,mechanism,3
Drugs For Gout,management,1
Drugs For Neurological Disorders,drug_of_choice,1
Drugs For Peptic Ulcer,other,1
Drugs For Short Bowel Syndrome,mechanism,1
Drugs For Substance Abuse,drug_of_choice,1
Drugs Of Abuse,other,1
Drugs affecting bone metabolism,drug_of_choice,1
Drugs for Gout,mechanism,3
Drugs for Neurological Disorders,drug_of_choice,1
Drugs for Peptic Ulcer,other,1
Drugs for Short Bowel Syndrome,mechanism,1
Drugs for Substance Abuse,drug_of_choice,1
Drugs for gout,management,1
Drugs of abuse,other,1
Dry Eye Syndrome,diagnosis,1
Dry eye syndrome,diagnosis,1
Dubin Johnson syndrome,other,1
Duchenne Muscular Dystrophy,diagnosis,1
Duct Ectasia,management,1
Duct ectasia,diagnosis,1
Duct ectasia,management,1
Dumping syndrome,mechanism,1
Duodenal Ulcer,other,1
Duodenum,anatomy_structure,7
Dural Venous Sinuses,anatomy_structure,1
Dysfunctional Uterine Bleeding,management,1
Dysfunctional uterine bleeding,investigation,1
Dysfunctional uterine bleeding,mechanism,1
Dysgerminoma,mechanism,1
Dyslipidemia,mechanism,7
Dyslipidemia,diagnosis,3
Dyslipidemia,drug_of_choice,2
Dyslipidemia,other,1
Dyslipidemia Drugs,other,2
Dyslipidemia Management,mechanism,2
Dyslipidemia management,mechanism,1
Dyslipidemias,diagnosis,1
Dyslipidemias,mechanism,1
Dysmorphic Syndromes,other,2
Dysmorphic syndromes,other,2
Dysmorphology,diagnosis,1
Dysphagia,diagnosis,1
Dysphagia,mechanism,1
Dyspnea on Exertion,diagnosis,1
Dystocia,other,1
Dystonia,management,1
E-waste Management,management,1
E. Coli,diagnosis,1
E. Coli,image_identification,1
E. Coli,investigation,1
E. coli,diagnosis,2
E. coli,image_identification,1
E. coli,investigation,1
ECG,diagnosis,4
ECG,investigation,1
ECG,other,1
ECG Abnormalities,diagnosis,1
ECG Findings,other,1
ECG Interpretation,diagnosis,6
ECG Interpretation,image_identification,1
ECG Interpretation,other,1
ECG changes,management,1
ECG interpretation,diagnosis,4
EEG,other,3
EEG,investigation,2
EEG,mechanism,2
EEG monitoring,investigation,1
EEG monitoring,mechanism,1
EEG patterns,investigation,1
EEG patterns in anesthesia,investigation,1
EMDR,management,1
ENT Pharmacology,management,1
ENT Procedures,management,1
ESRD,diagnosis,1
Eales Disease,other,1
Eales disease,other,1
Ear,other,22
Ear,anatomy_structure,19
Ear,mechanism,9
Ear,diagnosis,8
Ear,management,2
Ear,drug_of_choice,1
Ear,image_identification,1
Ear,investigation,1
Ear Anatomy,anatomy_structure,7
Ear Anatomy,other,1
Ear Examination,diagnosis,1
Ear Ossicles,anatomy_structure,1
Ear Surgery,other,1
Ear anatomy,anatomy_structure,2
Ear anatomy,other,1
Ear pathology,anatomy_structure,1
Ear pathology,epidemiology,1
Ear pathology,management,1
Early detection,epidemiology,1
Eating Disorders,diagnosis,9
Eating Disorders,other,2
Eating disorders,diagnosis,1
Ecg Abnormalities,diagnosis,1
Ecg Interpretation,diagnosis,3
Ecg Interpretation,other,1
Echocardiography,diagnosis,1
Eclampsia,management,3
Eclampsia,investigation,2
Eclampsia,mechanism,1
Ectodermal Dysplasia,diagnosis,1
Ectodermal dysplasia,diagnosis,1
Ectopia Lentis,anatomy_structure,1
Ectopia Lentis,diagnosis,1
Ectopia lentis,diagnosis,1
Eczema,diagnosis,2
Edema,mechanism,1
Edema,other,1
Eeg Patterns In Anesthesia,investigation,1
Effectiveness,epidemiology,1
Effects Of Radiation,other,1
Effects of Radiation,other,1
Ehrlichiosis,mechanism,1
Eicosanoids,mechanism,2
Eicosanoids,other,2
Elbow,diagnosis,1
Elbow,other,1
Elbow Dislocation,other,3
Elbow Dislocation,anatomy_structure,1
Elbow Dislocation,investigation,1
Elbow Disorders,anatomy_structure,1
Elbow Injuries,diagnosis,1
Elbow Injuries,other,1
Elbow deformity,diagnosis,1
Elbow dislocation,other,3
Elbow disorders,anatomy_structure,1
Elbow disorders,diagnosis,1
Electrical Injuries,diagnosis,1
Electrocardiography,diagnosis,7
Electrocardiography,other,3
Electrocardiography,mechanism,2
Electrocardiography,image_identification,1
Electroconvulsive Therapy,management,8
Electroconvulsive Therapy,epidemiology,1
Electroconvulsive therapy,management,5
Electroconvulsive therapy,epidemiology,1
Electrocution,mechanism,1
Electrolyte Balance,mechanism,1
Electrolyte Disorders,diagnosis,6
Electrolyte Disorders,other,3
Electrolyte Disorders,mechanism,2
Electrolyte Disorders,management,1
Electrolyte Disturbances,diagnosis,1
Electrolyte Disturbances,mechanism,1
Electrolyte Disturbances,other,1
Electrolyte Imbalance,diagnosis,21
Electrolyte Imbalance,investigation,1
Electrolyte Imbalance,management,1
Electrolyte balance,diagnosis,2
Electrolyte balance,management,1
Electrolyte disorders,diagnosis,5
Electrolyte disorders,other,5
Electrolyte disorders,management,2
Electrolyte disorders,image_identification,1
Electrolyte disorders,mechanism,1
Electrolyte disturbances,diagnosis,1
Electrolyte disturbances,mechanism,1
Electrolyte imbalance,diagnosis,1
Electrolyte imbalance,mechanism,1
Electrolyte imbalance,other,1
Electrolyte imbalances,diagnosis,1
Electrolyte management,management,1
Electrolytes,diagnosis,2
Electromyography,mechanism,2
Electron Microscopy,mechanism,1
Electron Transport Chain,mechanism,12
Electron Transport Chain,other,1
Electron transport chain,mechanism,4
Electrophoresis,investigation,2
Electrophysiology,other,4
Electrophysiology,mechanism,3
Electrophysiology,investigation,1
Electrophysiology,management,1
Electrosurgery,management,1
Embolism,investigation,2
Embolism,epidemiology,1
Embryology,anatomy_structure,158
Embryology,other,43
Embryology,mechanism,30
Embryology,diagnosis,2
Embryology,epidemiology,2
Embryology,investigation,1
Embryology,management,1
Embryonic hemoglobins,diagnosis,1
Emergency Airway,management,1
Emergency Medicine,management,35
Emergency Medicine,diagnosis,28
Emergency Medicine,drug_of_choice,8
Emergency Medicine,investigation,4
Emergency Medicine,other,3
Emergency Medicine,image_identification,2
Emergency Medicine,mechanism,2
Emergency Medicine,anatomy_structure,1
Emergency Medicine,epidemiology,1
Emergency Ophthalmology,management,1
Emergency Procedures,image_identification,1
Emergency Psychiatry,diagnosis,1
Emergency Psychiatry,management,1
Emergency Surgery,management,2
Emergency Surgery,image_identification,1
Emergency management,management,2
Emergency psychiatry,management,1
Emergency surgery,management,2
Emotional Processing,other,1
Emphysema,diagnosis,3
Employment and Health,other,1
Encephalitis,diagnosis,3
Encephalocele,diagnosis,1
Enchondroma,diagnosis,2
Endemic Diseases,management,1
Endocannabinoids,mechanism,1
Endocarditis,other,3
Endocrine,other,79
Endocrine,mechanism,42
Endocrine,diagnosis,33
Endocrine,epidemiology,6
Endocrine,investigation,6
Endocrine,drug_of_choice,4
Endocrine,anatomy_structure,3
Endocrine,management,2
Endocrine Pharmacology,mechanism,199
Endocrine Pharmacology,drug_of_choice,163
Endocrine Pharmacology,other,160
Endocrine Pharmacology,management,87
Endocrine Pharmacology,diagnosis,17
Endocrine Pharmacology,epidemiology,3
Endocrine Pharmacology,investigation,2
Endocrine Pharmacology,image_identification,1
Endocrinology,diagnosis,89
Endocrinology,other,75
Endocrinology,mechanism,67
Endocrinology,investigation,26
Endocrinology,management,21
Endocrinology,anatomy_structure,5
Endocrinology,drug_of_choice,5
Endocrinology,epidemiology,5
Endometrial Biopsy,management,1
Endometrial Cancer,diagnosis,1
Endometrial Carcinoma,diagnosis,1
Endometrial Carcinoma,epidemiology,1
Endometrial Hyperplasia,management,1
Endometrial Hyperplasia,other,1
Endometrial biopsy,management,1
Endometrial cancer,diagnosis,1
Endometrial carcinoma,diagnosis,1
Endometrial carcinoma,epidemiology,1
Endometrial pathology,investigation,1
Endometriosis,diagnosis,7
Endometriosis,management,5
Endometriosis,investigation,4
Endometriosis,mechanism,2
Endometriosis,anatomy_structure,1
Endometriosis,drug_of_choice,1
Endometriosis,other,1
Endometritis,diagnosis,1
Endometrium,investigation,1
Endophthalmitis,diagnosis,2
Endophthalmitis,management,2
Endophthalmitis,other,1
Endoscopic Procedures,management,1
Endoscopic Sinus Surgery,management,1
Endoscopic Surgery,management,1
Endoscopic procedures,management,1
Endoscopic surgery,management,1
Endoscopic therapy,management,1
Endoscopy,investigation,2
Endoscopy,image_identification,1
Endoscopy,management,1
Endoscopy,other,1
Endothelin Receptors,mechanism,1
Endothelin receptors,mechanism,1
Endothelium,investigation,1
Endotracheal Intubation,diagnosis,1
Endotracheal Tube Position,other,1
Endotracheal tube,anatomy_structure,1
Energy Metabolism,other,7
Energy Metabolism,mechanism,4
Energy expenditure,other,1
Energy metabolism,mechanism,1
Energy metabolism,other,1
Enophthalmos,diagnosis,1
Enriched media,investigation,1
Ent Procedures,management,1
Enteric Fever,diagnosis,1
Enteric fever,diagnosis,1
Enteric fever,investigation,1
Enteric fever,other,1
Enteric nervous system,mechanism,3
Enteric viruses,investigation,1
Enterobacteriaceae,investigation,1
Enterobacteriaceae,other,1
Enterococci,diagnosis,3
Enterococci,other,1
Enterococcus,diagnosis,2
Enterococcus,investigation,1
Enterohemorrhagic E. coli,investigation,1
Enteroviruses,diagnosis,1
Entomology,other,2
Entomology,anatomy_structure,1
Enuresis,management,2
Enuresis,drug_of_choice,1
Envenomation,drug_of_choice,1
Environment & Occupational Health,diagnosis,59
Environment & Occupational Health,other,44
Environment & Occupational Health,anatomy_structure,43
Environment & Occupational Health,management,30
Environment & Occupational Health,investigation,16
Environment & Occupational Health,image_identification,13
Environment & Occupational Health,mechanism,12
Environment & Occupational Health,epidemiology,11
Environment & Occupational Health,drug_of_choice,1
Environment And Health,other,1
Environmental Emergencies,management,1
Environmental Health,other,48
Environmental Health,management,11
Environmental Health,investigation,9
Environmental Health,epidemiology,4
Environmental Health,mechanism,4
Environmental Health,diagnosis,1
Environmental Health,image_identification,1
Environmental Lung Disease,diagnosis,1
Environmental Medicine,diagnosis,2
Environmental Medicine,management,1
Environmental Monitoring,investigation,1
Environmental Physiology,other,2
Environmental Physiology,mechanism,1
Environmental Sanitation,management,1
Environmental considerations,mechanism,1
Environmental health,other,4
Environmental health,management,2
Environmental health,mechanism,2
Environmental pathology,epidemiology,1
Environmental physiology,mechanism,1
Enzyme,mechanism,1
Enzyme Activation,mechanism,1
Enzyme Assays,investigation,1
Enzyme Classification,mechanism,1
Enzyme Classification,other,1
Enzyme Defects,mechanism,1
Enzyme Deficiencies,mechanism,3
Enzyme Deficiencies,diagnosis,1
Enzyme Deficiency,diagnosis,1
Enzyme Function,other,1
Enzyme Inhibition,mechanism,2
Enzyme Inhibition,other,1
Enzyme Inhibitors,mechanism,1
Enzyme Isoforms,other,1
Enzyme Kinetics,mechanism,3
Enzyme Kinetics,other,2
Enzyme Localization,other,1
Enzyme Regulation,mechanism,2
Enzyme activation,mechanism,1
Enzyme classification,other,2
Enzyme defects,mechanism,1
Enzyme deficiency,diagnosis,1
Enzyme function,other,1
Enzyme inhibition,mechanism,2
Enzyme inhibition,other,1
Enzyme inhibitors,mechanism,2
Enzyme isoforms,other,1
Enzyme kinetics,other,1
Enzymes,other,11
Enzymes,investigation,5
Enzymes,mechanism,5
Enzymology,mechanism,61
Enzymology,other,51
Enzymology,investigation,7
Enzymology,diagnosis,3
Eosinophilia,diagnosis,1
Epicondylitis,diagnosis,1
Epidemic Investigation,epidemiology,2
Epidemic Patterns,epidemiology,1
Epidemic Typhus,diagnosis,1
Epidemiological Bias,other,1
Epidemiological Indicators,epidemiology,1
Epidemiological Indicators,other,1
Epidemiological Methods,epidemiology,1
Epidemiological Rates,other,1
Epidemiological Studies,epidemiology,3
Epidemiological Studies,image_identification,1
Epidemiological Study Designs,other,5
Epidemiological Study Designs,epidemiology,3
Epidemiological methods,epidemiology,1
Epidemiological studies,epidemiology,1
Epidemiological study designs,epidemiology,1
Epidemiology,epidemiology,387
Epidemiology,other,172
Epidemiology,management,48
Epidemiology,diagnosis,28
Epidemiology,investigation,16
Epidemiology,mechanism,16
Epidemiology,image_identification,6
Epidemiology,drug_of_choice,4
Epidermal Nevi,diagnosis,1
Epidermal Nevus,anatomy_structure,1
Epidermal Turnover,other,1
Epidermal nevi,diagnosis,1
Epidermal nevus,anatomy_structure,1
Epidermal turnover,other,1
Epidermis,anatomy_structure,3
Epidermis,mechanism,2
Epidermis,other,1
Epidermolysis Bullosa,mechanism,4
Epididymo-orchitis,other,1
Epidural Hematoma,image_identification,1
Epidural Techniques,management,1
Epidural hematoma,image_identification,1
Epilepsy,diagnosis,2
Epilepsy,management,2
Epilepsy,drug_of_choice,1
Epilepsy,epidemiology,1
Epilepsy,other,1
Epilepsy Syndromes,drug_of_choice,1
Epiphora,mechanism,1
Epiphyseal Plate,mechanism,1
Epiphyses,anatomy_structure,3
Episiotomy,management,2
Episiotomy,other,2
Episiotomy,anatomy_structure,1
Episiotomy Repair,management,3
Episiotomy repair,management,2
Epistaxis,anatomy_structure,3
Epistaxis,diagnosis,2
Epistaxis,management,1
Epistaxis Management,other,1
Epithelial Tissue,anatomy_structure,1
Epithelial repair,mechanism,1
Epithelial sodium channel,mechanism,1
Epithelium,anatomy_structure,2
Epithelium,image_identification,1
Equilibrium potential,other,1
Equinus,anatomy_structure,1
Erectile Dysfunction,drug_of_choice,2
Erectile Dysfunction Drugs,other,1
Erectile dysfunction,drug_of_choice,1
Erectile dysfunction,investigation,1
Erythema,diagnosis,1
Erythema Multiforme,diagnosis,4
Erythema Multiforme,other,1
Erythema Nodosum,diagnosis,1
Erythema Nodosum,other,1
Erythema multiforme,diagnosis,3
Erythema multiforme,other,1
Erythematous Skin Lesions,diagnosis,1
Erythroderma,diagnosis,1
Erythroderma,management,1
Erythroderma,other,1
Erythropoietin,other,1
Esophageal Carcinoma,management,1
Esophageal Diseases,diagnosis,1
Esophageal Disorders,diagnosis,9
Esophageal Disorders,investigation,4
Esophageal Disorders,management,4
Esophageal Disorders,other,4
Esophageal Disorders,image_identification,3
Esophageal Disorders,anatomy_structure,1
Esophageal Diverticulum,other,1
Esophageal Imaging,image_identification,4
Esophageal Imaging,investigation,1
Esophageal Motility,diagnosis,1
Esophageal Motility Disorders,investigation,3
Esophageal Motility Disorders,diagnosis,1
Esophageal Motility Disorders,management,1
Esophageal Motility Disorders,mechanism,1
Esophageal Pathology,other,1
Esophageal Perforation,epidemiology,1
Esophageal Perforation,other,1
Esophageal Rupture,anatomy_structure,1
Esophageal Surgery,management,3
Esophageal Surgery,image_identification,1
Esophageal Ulcers,diagnosis,2
Esophageal Varices,diagnosis,1
Esophageal carcinoma,management,1
Esophageal disorders,management,3
Esophageal disorders,diagnosis,2
Esophageal disorders,image_identification,1
Esophageal diverticula,diagnosis,1
Esophageal diverticulum,other,1
Esophageal motility,mechanism,2
Esophageal motility,diagnosis,1
Esophageal motility disorders,investigation,1
Esophageal motility disorders,mechanism,1
Esophageal perforation,investigation,1
Esophageal rupture,anatomy_structure,1
Esophageal surgery,management,1
Esophageal ulcers,diagnosis,1
Esophageal varices,diagnosis,1
Esophagitis,diagnosis,1
Esophagus,anatomy_structure,14
Esophagus,image_identification,2
Estrogen,mechanism,3
Estrogen Effects,other,1
Estrogens,other,3
Ethanolamine group,other,1
Ethmoid Sinus,anatomy_structure,1
Ethmoid Sinus Surgery,management,1
Ethmoidal air cells,anatomy_structure,1
Eugenics,mechanism,1
Eustachian Tube,anatomy_structure,1
Eustachian Tube,management,1
Eustachian Tube,mechanism,1
Eustachian Tube Function,diagnosis,1
Eustachian tube,mechanism,2
Eustachian tube,anatomy_structure,1
Eustachian tube,management,1
Eustachian tube function,diagnosis,1
Evidence,other,1
Evidence / Witness Examination,other,1
Ewing sarcoma,diagnosis,1
Exanthematous Fevers,other,1
Exanthems,diagnosis,1
Excited catatonia,diagnosis,1
Excretory System,other,2
Excretory System,image_identification,1
Exercise Physiology,mechanism,2
Exercise Physiology,other,1
Exercise physiology,mechanism,5
Exfoliative dermatitis,management,1
Exhumation,other,2
Experimental Models,mechanism,1
Experimental Study Designs,other,1
External Auditory Canal,anatomy_structure,1
External Cephalic Version,management,3
External Ear,anatomy_structure,1
External Eye Lesions,image_identification,1
External auditory canal,anatomy_structure,1
External cephalic version,management,2
External ear,anatomy_structure,2
External ear diseases,diagnosis,1
Extra-pulmonary TB,epidemiology,1
Extracellular Matrix,other,4
Extracellular Matrix,diagnosis,1
Extracellular Matrix,mechanism,1
Extracellular matrix,mechanism,1
Extracellular matrix,other,1
Extraocular Muscles,anatomy_structure,8
Extraocular muscles,anatomy_structure,5
Extraocular muscles,diagnosis,1
Extrapyramidal Side Effects,management,2
Extrapyramidal Side Effects,drug_of_choice,1
Extrapyramidal Symptoms,drug_of_choice,2
Extrapyramidal Symptoms,management,1
Extrapyramidal Tracts,anatomy_structure,1
Extrapyramidal side effects,management,2
Extrapyramidal side effects,drug_of_choice,1
Extrapyramidal side effects,other,1
Extrapyramidal symptoms,drug_of_choice,1
Extrapyramidal symptoms,other,1
Extrapyramidal syndromes,other,1
Extrapyramidal tracts,anatomy_structure,1
Extrinsic laryngeal membranes,anatomy_structure,1
Eye,other,2
Eye,anatomy_structure,1
Eye Anatomy,anatomy_structure,5
Eye Banking,other,1
Eye Diseases,other,1
Eye Health Programs,epidemiology,1
Eye anatomy,anatomy_structure,1
Eye anatomy,diagnosis,1
Eyelid,anatomy_structure,1
Eyelid Anatomy,anatomy_structure,3
Eyelid Anatomy & Disorders,anatomy_structure,1
Eyelid Disorders,diagnosis,3
Eyelid Disorders,anatomy_structure,2
Eyelid Disorders,other,1
Eyelid Muscles,anatomy_structure,1
Eyelid anatomy,anatomy_structure,2
Eyelid disorders,diagnosis,3
Eyelid disorders,epidemiology,3
Eyelid disorders,anatomy_structure,1
Eyelid disorders,management,1
Eyelid muscles,anatomy_structure,1
Eyelids,anatomy_structure,1
FIGO staging,diagnosis,1
FSH/LH regulation,mechanism,1
Fabry disease,diagnosis,1
Facial Muscles,anatomy_structure,1
Facial Nerve,anatomy_structure,10
Facial Nerve,investigation,2
Facial Nerve,diagnosis,1
Facial Nerve Palsy,diagnosis,2
Facial Nerve Palsy,anatomy_structure,1
Facial Nerve Paralysis,diagnosis,1
Facial Pain,diagnosis,1
Facial Pain Syndromes,diagnosis,1
Facial bones,anatomy_structure,1
Facial nerve,anatomy_structure,8
Facial nerve,diagnosis,1
Facial nerve,other,1
Facial nerve palsy,diagnosis,2
Facial nerve palsy,anatomy_structure,1
Facial nerve paralysis,diagnosis,1
Facial pain,mechanism,1
Facial region,anatomy_structure,1
Facilitated Diffusion,mechanism,1
Factor V Leiden,diagnosis,1
Factories Act,other,1
Factory Act,other,9
Fallopian Tube Anatomy,anatomy_structure,1
Fallopian tube,anatomy_structure,2
Fallopian tube,diagnosis,1
Fallopian tube anatomy,anatomy_structure,1
Fallopian tube anatomy,mechanism,1
Familial Adenomatous Polyposis,diagnosis,1
Familial Adenomatous Polyposis,management,1
Familial Hypercholesterolemia,diagnosis,1
Familial Hypercholesterolemia,mechanism,1
Familial adenomatous polyposis,management,1
Family Health,epidemiology,1
Family Life Cycle,other,1
Family Planning Methods,other,1
Family Studies,other,1
Family history,other,1
Fascia,anatomy_structure,5
Fascial Spaces,anatomy_structure,2
Fasciotomy,anatomy_structure,2
Fasting,other,1
Fasting Metabolism,mechanism,2
Fasting Metabolism,other,1
Fasting hypoglycemia,diagnosis,1
Fasting plasma glucose,diagnosis,1
Fat Absorption,diagnosis,1
Fat Embolism,diagnosis,2
Fat embolism,diagnosis,2
Fat malabsorption,mechanism,1
Fatty Acid Metabolism,diagnosis,1
Fatty Acid Oxidation,mechanism,5
Fatty Acid Synthase,other,1
Fatty Acid Synthesis,mechanism,3
Fatty Acid Synthesis,other,3
Fatty Acids,mechanism,1
Fatty Acids,other,1
Fatty Liver,other,3
Fatty acid metabolism,diagnosis,1
Fatty acid oxidation,diagnosis,1
Fatty acid oxidation,mechanism,1
Fatty liver,other,3
Febrile Seizure,epidemiology,1
Febrile Seizures,epidemiology,3
Febrile seizures,epidemiology,1
Fecal Calprotectin,investigation,1
Feedback mechanisms,mechanism,1
Feeding And Eating Disorders,diagnosis,2
Feeding and Eating Disorders,diagnosis,1
Feeding and eating disorders,diagnosis,1
Female Genital Anatomy,anatomy_structure,1
Female Genital Anatomy,image_identification,1
Female Pelvic Anatomy,anatomy_structure,1
Female urinary symptoms,diagnosis,1
Femoral Nerve,anatomy_structure,4
Femoral Triangle,anatomy_structure,2
Femoral nerve,anatomy_structure,4
Femoral triangle,anatomy_structure,1
Femur,anatomy_structure,1
Fermentation,investigation,1
Fertility And Reproduction,epidemiology,1
Fertility Awareness,other,1
Fertility Indicators,epidemiology,1
Fertility Rates,other,1
Fertility and Reproduction,epidemiology,1
Fertility indicators,other,1
Fertility rates,other,1
Fertility-sparing surgery,management,1
Fertilization,other,4
Fertilization,anatomy_structure,2
Fertilization,mechanism,1
Fertilization Concepts,other,1
Fetal Age Estimation,other,1
Fetal Anatomy,anatomy_structure,1
Fetal Anemia,management,1
Fetal Anomalies,diagnosis,5
Fetal Anomalies,image_identification,1
Fetal Biometry,anatomy_structure,2
Fetal Circulation,anatomy_structure,5
Fetal Circulation,other,3
Fetal Circulation,mechanism,2
Fetal Conditions,diagnosis,1
Fetal Disorders,diagnosis,1
Fetal Distress,diagnosis,1
Fetal Distress,management,1
Fetal Distress,other,1
Fetal Head Diameters,anatomy_structure,2
Fetal Heart Sounds,mechanism,1
Fetal Hydronephrosis,management,1
Fetal Imaging,diagnosis,1
Fetal Lung Maturity,drug_of_choice,4
Fetal Malpresentation,management,1
Fetal Medicine,mechanism,2
Fetal Medicine,diagnosis,1
Fetal Medicine,epidemiology,1
Fetal Monitoring,mechanism,2
Fetal Monitoring,other,1
Fetal Organogenesis,epidemiology,1
Fetal Physiology,other,6
Fetal Physiology,mechanism,1
Fetal Position,anatomy_structure,1
Fetal Presentation,diagnosis,2
Fetal Presentation,other,2
Fetal Presentation,anatomy_structure,1
Fetal Presentation,management,1
Fetal Presentation And Position,anatomy_structure,1
Fetal Presentation And Position,diagnosis,1
Fetal Presentation and Position,anatomy_structure,1
Fetal Presentation and Position,diagnosis,1
Fetal Sex Determination Ethics,management,1
Fetal Surveillance,diagnosis,1
Fetal Surveillance,management,1
Fetal Surveillance,other,1
Fetal Ultrasonography,diagnosis,1
Fetal Viability,other,2
Fetal Weight Estimation,diagnosis,1
Fetal abnormalities,other,1
Fetal age estimation,other,1
Fetal anemia,management,1
Fetal anomalies,diagnosis,3
Fetal anomalies,investigation,1
Fetal assessment,diagnosis,1
Fetal biometry,anatomy_structure,1
Fetal circulation,other,1
Fetal disorders,diagnosis,1
Fetal distress,management,1
Fetal heart sounds,other,1
Fetal lung maturity,drug_of_choice,2
Fetal maneuvers,image_identification,1
Fetal medicine,epidemiology,1
Fetal medicine,mechanism,1
Fetal monitoring,other,1
Fetal movement,other,1
Fetal movements,other,1
Fetal physiology,other,1
Fetal position,anatomy_structure,1
Fetal presentation,anatomy_structure,1
Fetal surveillance,other,2
Fetal surveillance,diagnosis,1
Fetal surveillance,management,1
Fetal viability,other,1
Fetal weight estimation,diagnosis,1
Fetal well-being,drug_of_choice,1
Fetal-Maternal Hemorrhage,epidemiology,1
Fetomaternal Hemorrhage,epidemiology,1
Fever,mechanism,4
Fever,other,2
Fibrinolytic Agents,mechanism,1
Fibrinolytic agents,mechanism,1
Fibrinolytics,mechanism,2
Fibromatosis,diagnosis,1
Fibrous Dysplasia,diagnosis,1
Filarial Worms,other,1
Filariasis,diagnosis,2
Filariasis,drug_of_choice,1
Filariasis,image_identification,1
Filariasis,management,1
Filariasis,other,1
Finger injuries,diagnosis,1
Fingerprint,epidemiology,1
Fingerprinting,other,1
Fingerprints,other,1
Firearm Injuries,other,4
Firearm Injuries,image_identification,3
Firearm Injuries,investigation,1
Firearm Wounds,image_identification,1
Firearm injuries,other,3
Firearm injuries,image_identification,1
Firearms,other,1
Firearms Injuries,other,1
First Aid,management,2
First Rib,anatomy_structure,1
First Trimester,diagnosis,1
First Trimester,investigation,1
First Trimester Complications,other,1
First aid,management,1
First rib,anatomy_structure,1
First trimester,diagnosis,1
First trimester,investigation,1
First-Order Kinetics,mechanism,1
First-order kinetics,mechanism,1
Fistula In Ano,investigation,1
Fistula In Ano,management,1
Fistula in ano,investigation,1
Fistula in ano,management,1
Fistula-In-Ano,management,1
Fistula-in-ano,management,1
Fitz-Hugh-Curtis Syndrome,diagnosis,1
Fitz-Hugh-Curtis syndrome,diagnosis,1
Flaps,anatomy_structure,1
Flavivirus,diagnosis,1
Flow Cytometry,investigation,1
Flow cytometry,investigation,1
Fluid & Electrolyte Balance,management,2
Fluid & Electrolyte Balance,other,1
Fluid And Electrolyte Balance,management,2
Fluid And Electrolyte Balance,diagnosis,1
Fluid And Electrolyte Balance,mechanism,1
Fluid And Electrolyte Disturbances,other,6
Fluid And Electrolyte Management,management,2
Fluid And Electrolyte Management,other,2
Fluid And Electrolytes,diagnosis,1
Fluid And Electrolytes,management,1
Fluid And Electrolytes,other,1
Fluid Balance,diagnosis,1
Fluid Balance,investigation,1
Fluid Balance,other,1
Fluid Compartments,diagnosis,1
Fluid Compartments,investigation,1
Fluid Compartments,mechanism,1
Fluid Compartments,other,1
Fluid Dynamics,mechanism,1
Fluid Electrolyte Balance,other,2
Fluid Management,management,2
Fluid Resuscitation,management,4
Fluid Therapy,management,2
Fluid Therapy,mechanism,1
Fluid and Electrolyte Balance,mechanism,3
Fluid and Electrolyte Balance,other,3
Fluid and Electrolyte Balance,management,2
Fluid and Electrolyte Balance,diagnosis,1
Fluid and Electrolyte Management,management,3
Fluid and Electrolyte Management,other,2
Fluid and Electrolytes,other,2
Fluid and Electrolytes,diagnosis,1
Fluid and Electrolytes,management,1
Fluid and electrolyte balance,mechanism,2
Fluid and electrolyte balance,other,1
Fluid balance,other,1
Fluid compartments,diagnosis,1
Fluid homeostasis,other,1
Fluid therapy,management,3
Fluorescein Angiography,investigation,1
Fluorescein angiography,investigation,1
Fluorescein test,diagnosis,1
Fluoridation,other,1
Fluoroquinolone Adverse Effects,mechanism,1
Fluoroquinolones,mechanism,2
Fluoroquinolones,other,2
Fluoroquinolones,management,1
Fluorosis,epidemiology,1
Fluorosis,management,1
Fluorosis Imaging,image_identification,1
Focal Neurological Deficit,investigation,1
Folate Metabolism,mechanism,1
Folate metabolism,mechanism,1
Folate metabolism,other,1
Folic Acid,management,1
Folic acid,mechanism,1
Folic acid supplementation,management,2
Follicular Disorders,diagnosis,1
Follicular Hyperkeratosis,other,1
Follicular Lymphoma,diagnosis,2
Follicular lymphoma,diagnosis,2
Food Adulteration,investigation,1
Food Adulteration,other,1
Food Hygiene,other,4
Food Hygiene,investigation,1
Food Microbiology,other,2
Food Poisoning,diagnosis,3
Food Poisoning,other,3
Food Poisoning,mechanism,2
Food Poisoning,epidemiology,1
Food Quality Tests,investigation,1
Food Safety,investigation,1
Food adulteration,investigation,2
Food adulteration,other,1
Food hygiene,other,1
Food poisoning,diagnosis,2
Food poisoning,epidemiology,1
Food poisoning,mechanism,1
Foodborne Illnesses,diagnosis,3
Foodborne diseases,epidemiology,1
Foodborne illnesses,diagnosis,2
Foot,anatomy_structure,1
Foot Anatomy,anatomy_structure,1
Foot And Ankle,anatomy_structure,1
Foot And Ankle,diagnosis,1
Foot And Ankle Disorders,diagnosis,1
Foot Deformities,diagnosis,1
Foot Deformity,diagnosis,1
Foot Disorders,management,1
Foot Ulcers,diagnosis,1
Foot anatomy,anatomy_structure,2
Foot and Ankle,diagnosis,2
Foot and Ankle,anatomy_structure,1
Foot and Ankle Disorders,diagnosis,1
Foot and ankle,diagnosis,1
Foot deformities,diagnosis,2
Foot deformities,anatomy_structure,1
Foot drop,diagnosis,2
Forearm Compartments,anatomy_structure,1
Forearm Muscles,anatomy_structure,1
Forearm Muscles,image_identification,1
Forearm compartments,anatomy_structure,1
Foreign Bodies,anatomy_structure,1
Foreign Bodies,other,1
Foreign Body Airway Obstruction,management,2
Foreign Body Airway Obstruction,diagnosis,1
Foreign Body Aspiration,diagnosis,1
Foreign Body Detection,image_identification,1
Foreign Body In Esophagus,diagnosis,1
Foreign bodies,anatomy_structure,1
Foreign bodies,image_identification,1
Foreign body airway obstruction,diagnosis,1
Foreign body airway obstruction,management,1
Foreign body detection,image_identification,1
Foreign body in esophagus,diagnosis,1
Formula Feeding,other,1
Fourth Ventricle,anatomy_structure,1
Fourth ventricle,anatomy_structure,1
Fractures,diagnosis,135
Fractures,management,75
Fractures,other,66
Fractures,anatomy_structure,41
Fractures,image_identification,39
Fractures,mechanism,24
Fractures,epidemiology,20
Fractures,investigation,16
Fractures,drug_of_choice,1
Fragile X Syndrome,other,2
Fragile X syndrome,other,1
Free Radicals,mechanism,4
Free Radicals,other,1
Free Radicals And Antioxidants,mechanism,2
Free Radicals And Antioxidants,other,2
Free Radicals and Antioxidants,mechanism,2
Free Radicals and Antioxidants,other,2
Free-Living Amoebae,other,1
Free-living amoebae,other,1
Freud's theory,other,1
Frey'S Syndrome,mechanism,1
Frey's syndrome,mechanism,1
Frontal Lobe Syndrome,diagnosis,1
Frontal Sinusitis,other,1
Frontal lobe syndrome,diagnosis,1
Frostbite,management,3
Fsh/Lh Regulation,mechanism,1
Fuchs' Endothelial Dystrophy,diagnosis,1
Fuchs' endothelial dystrophy,diagnosis,1
Full function system vitrectomy,management,1
Functional Bowel Disorders,diagnosis,2
Functional Endoscopic Sinus Surgery,management,1
Functional cast bracing,management,1
Functional somatic disorder,diagnosis,1
Fundoscopy,diagnosis,2
Fundus Examination,diagnosis,1
Fundus examination,image_identification,1
Fungal Culture Media,investigation,1
Fungal Toxins,other,1
Fungal culture media,investigation,1
Fungal morphology,image_identification,2
Fungal morphology,diagnosis,1
Fungal spores,other,1
Fungi,diagnosis,1
GCS,diagnosis,1
GERD,management,2
GERD,anatomy_structure,1
GERD,mechanism,1
GERD,other,1
GERD Management,mechanism,1
GFR,other,1
GFR Regulation,mechanism,1
GH-secreting adenoma,management,1
GI Absorption,other,1
GI Contrast Studies,investigation,1
GI Pharmacology,other,1
GI Secretions,other,1
GI symptoms,diagnosis,1
GLP-1,mechanism,1
Gag reflex,anatomy_structure,1
Gait Abnormalities,diagnosis,1
Gait Disorders,diagnosis,1
Gait abnormalities,diagnosis,2
Gait biomechanics,anatomy_structure,1
Gait biomechanics,mechanism,1
Gait disorders,diagnosis,4
Galactose Metabolism,diagnosis,1
Galactose Metabolism,investigation,1
Galactose Metabolism,mechanism,1
Gallbladder,anatomy_structure,1
Gallbladder Carcinoma,diagnosis,1
Gallbladder Disease,diagnosis,1
Gallbladder Diseases,other,1
Gallbladder carcinoma,diagnosis,1
Gallbladder disease,diagnosis,1
Gallbladder diseases,other,1
Gallstone Disease,management,2
Gallstone Disease,diagnosis,1
Gallstone Ileus,diagnosis,1
Gallstone disease,management,1
Gallstone ileus,diagnosis,1
Gallstones,epidemiology,1
Gallstones,management,1
Gallstones,other,1
Gametogenesis,mechanism,1
Gametogenesis,other,1
Gangliosidoses,mechanism,2
Gangrene,diagnosis,3
Gardasil,other,1
Gartland classification,diagnosis,1
Gas Exchange,other,6
Gas Exchange,mechanism,2
Gas Laws,mechanism,1
Gas Laws,other,1
Gas cylinder,mechanism,1
Gas exchange,anatomy_structure,1
Gas exchange,other,1
Gastrectomy Complications,management,1
Gastric Cancer,diagnosis,2
Gastric Cancer,investigation,1
Gastric Cancer,mechanism,1
Gastric Carcinoma,mechanism,3
Gastric Carcinoma,diagnosis,1
Gastric Carcinoma,investigation,1
Gastric Disorders,investigation,1
Gastric Disorders,other,1
Gastric Emptying,mechanism,1
Gastric Malignancies,diagnosis,1
Gastric Neoplasms,diagnosis,1
Gastric Secretion,mechanism,2
Gastric Secretions,mechanism,3
Gastric Surgery,management,2
Gastric Surgery,mechanism,1
Gastric Surgery,other,1
Gastric Ulcer,other,1
Gastric acid secretion,mechanism,1
Gastric cancer,diagnosis,1
Gastric cancer,other,1
Gastric carcinoma,mechanism,3
Gastric carcinoma,diagnosis,2
Gastric carcinoma,investigation,1
Gastric carcinoma,other,1
Gastric emptying,mechanism,1
Gastric malignancies,diagnosis,1
Gastric secretion,mechanism,1
Gastric secretions,mechanism,3
Gastric surgery,mechanism,1
Gastric ulcer,diagnosis,1
Gastrinoma,diagnosis,1
Gastritis,diagnosis,1
Gastroduodenal artery,anatomy_structure,1
Gastroenteritis,diagnosis,1
Gastroenterology,diagnosis,84
Gastroenterology,other,57
Gastroenterology,investigation,25
Gastroenterology,management,17
Gastroenterology,epidemiology,8
Gastroenterology,drug_of_choice,6
Gastroenterology,mechanism,6
Gastroenterology,anatomy_structure,5
Gastroenterology,image_identification,3
Gastroesophageal Reflux Disease,drug_of_choice,1
Gastroesophageal Reflux Disease,image_identification,1
Gastroesophageal Reflux Disease,investigation,1
Gastroesophageal Reflux Disease,management,1
Gastroesophageal reflux disease,drug_of_choice,1
Gastroesophageal reflux disease,management,1
Gastrointestinal,other,80
Gastrointestinal,mechanism,54
Gastrointestinal,diagnosis,49
Gastrointestinal,anatomy_structure,38
Gastrointestinal,investigation,18
Gastrointestinal,image_identification,12
Gastrointestinal,drug_of_choice,8
Gastrointestinal,epidemiology,7
Gastrointestinal,management,1
Gastrointestinal Surgery,other,35
Gastrointestinal Surgery,management,12
Gastrointestinal Surgery,diagnosis,6
Gastrointestinal Surgery,anatomy_structure,3
Gastrointestinal Surgery,epidemiology,1
Gastrointestinal Surgery,image_identification,1
Gastrointestinal Surgery,investigation,1
Gastrojejunostomy,anatomy_structure,1
Gastroprotective Agents,other,1
Gastroprotective agents,other,1
Gastrosplenic Ligament,anatomy_structure,1
Gastrosplenic ligament,anatomy_structure,1
Gelastic Seizures,diagnosis,1
Gelastic seizures,diagnosis,1
Gender Dysphoria,diagnosis,3
Gender Identity Disorder,management,1
Gender Identity Disorders,diagnosis,4
Gender Identity Disorders,other,2
Gender identity disorders,diagnosis,1
Gene Expression,mechanism,3
Gene Expression Regulation,mechanism,1
Gene Mutations,other,1
Gene Regulation,mechanism,1
Gene Transfer,mechanism,1
Gene Transfer,other,1
Gene expression,mechanism,1
Gene mutations,diagnosis,1
Gene regulation,mechanism,1
General Anaesthesia,drug_of_choice,2
General Anaesthesia,mechanism,2
General Anaesthetics,mechanism,4
General Anaesthetics,drug_of_choice,2
General Anaesthetics,other,2
General Anesthesia,drug_of_choice,1
General Anesthesia,other,1
General Anesthetics,mechanism,1
General Concepts,other,1
General Medicine,diagnosis,182
General Medicine,management,61
General Medicine,mechanism,44
General Medicine,other,42
General Medicine,drug_of_choice,26
General Medicine,epidemiology,26
General Medicine,investigation,26
General Medicine,image_identification,9
General Medicine,anatomy_structure,2
General Microbiology,image_identification,1
General Microbiology,other,1
General Paralysis Of Insane,diagnosis,1
General Paralysis of Insane,diagnosis,1
General Pathology,other,1
General Pharmacology,other,13
General Pharmacology,mechanism,2
General Physiology,other,8
General Physiology,mechanism,4
General Physiology,image_identification,1
General Radiology,diagnosis,1
General Surgery,management,44
General Surgery,diagnosis,19
General Surgery,anatomy_structure,18
General Surgery,image_identification,15
General Surgery,other,12
General Surgery,mechanism,4
General Surgery,epidemiology,2
General Surgery,investigation,2
General Surgery,drug_of_choice,1
General anaesthetics,mechanism,1
Genetic Bone Disorders,diagnosis,1
Genetic Code,mechanism,5
Genetic Counseling,other,3
Genetic Counseling,epidemiology,1
Genetic Disorders,diagnosis,21
Genetic Disorders,mechanism,14
Genetic Disorders,other,11
Genetic Disorders,epidemiology,2
Genetic Disorders,image_identification,1
Genetic Engineering,other,1
Genetic Metabolic Disorders,anatomy_structure,1
Genetic Skin Disorders,diagnosis,3
Genetic Skin Disorders,mechanism,3
Genetic Skin Disorders,image_identification,1
Genetic Syndromes,diagnosis,4
Genetic Syndromes,other,3
Genetic Syndromes,mechanism,1
Genetic Syndromes In Cancer,mechanism,1
Genetic Syndromes in Cancer,mechanism,1
Genetic Techniques,investigation,1
Genetic counseling,other,2
Genetic counseling,management,1
Genetic disorder,diagnosis,1
Genetic disorders,diagnosis,14
Genetic disorders,other,8
Genetic disorders,mechanism,6
Genetic disorders,investigation,2
Genetic engineering,other,1
Genetic inheritance,other,1
Genetic mapping,investigation,1
Genetic mutations,mechanism,3
Genetic skin disorders,diagnosis,3
Genetic syndromes,anatomy_structure,1
Genetic syndromes,diagnosis,1
Genetic syndromes,mechanism,1
Genetic syndromes,other,1
Genetics & Molecular Biology,other,145
Genetics & Molecular Biology,mechanism,106
Genetics & Molecular Biology,diagnosis,49
Genetics & Molecular Biology,investigation,16
Genetics & Molecular Biology,epidemiology,9
Genetics & Molecular Biology,anatomy_structure,4
Genetics & Molecular Biology,drug_of_choice,1
Genital Pathology,image_identification,1
Genital System,anatomy_structure,1
Genital Tuberculosis,mechanism,2
Genital Tuberculosis,other,2
Genital Tuberculosis,epidemiology,1
Genital Tuberculosis,image_identification,1
Genital Warts,management,2
Genital Warts,image_identification,1
Genital prolapse,management,1
Genital tuberculosis,epidemiology,1
Genital tuberculosis,mechanism,1
Genital tuberculosis,other,1
Genital ulcers,diagnosis,1
Genitourinary Anatomy,anatomy_structure,3
Genitourinary Drugs,mechanism,1
Genitourinary Fistulas,investigation,1
Genitourinary Pathology,diagnosis,2
Genitourinary Pathology,image_identification,2
Genitourinary Radiology,other,3
Genitourinary Radiology,diagnosis,1
Genitourinary drugs,mechanism,1
Genitourinary pharmacology,drug_of_choice,1
Genitourinary tuberculosis,diagnosis,3
Genodermatoses,diagnosis,6
Genodermatoses,image_identification,1
Genodermatoses,mechanism,1
Genodermatoses,other,1
Genu varum,diagnosis,1
Gerd,management,2
Gerd,other,1
Gerd Management,mechanism,1
Geriatric Medicine,management,1
Geriatric Psychiatry,management,1
Geriatrics,diagnosis,5
Geriatrics,management,2
Geriatrics,other,2
Germ Layer Derivatives,anatomy_structure,1
Germ Layers,anatomy_structure,1
Gestational Age,other,3
Gestational Age,investigation,1
Gestational Age Assessment,diagnosis,1
Gestational Age Calculation,investigation,1
Gestational Age Calculation,other,1
Gestational Age Estimation,investigation,2
Gestational Diabetes,diagnosis,2
Gestational Diabetes,other,2
Gestational Diabetes,investigation,1
Gestational Trophoblastic Disease,other,5
Gestational Trophoblastic Disease,diagnosis,3
Gestational Trophoblastic Disease,management,2
Gestational Trophoblastic Disease,epidemiology,1
Gestational Trophoblastic Disease,investigation,1
Gestational age,diagnosis,1
Gestational age,investigation,1
Gestational age,other,1
Gestational age assessment,diagnosis,2
Gestational age estimation,investigation,1
Gestational diabetes,diagnosis,2
Gestational diabetes,investigation,1
Gi Absorption,other,1
Gi Contrast Studies,investigation,1
Gi Pharmacology,other,1
Gi Secretions,other,1
Giant Cells,diagnosis,1
Giardiasis,diagnosis,1
Gland of Moll,anatomy_structure,1
Glanders,diagnosis,1
Glands,mechanism,1
Glandular Anatomy,anatomy_structure,1
Glasgow Coma Scale,other,3
Glaucoma,other,24
Glaucoma,diagnosis,23
Glaucoma,mechanism,14
Glaucoma,drug_of_choice,11
Glaucoma,management,7
Glaucoma,anatomy_structure,5
Glaucoma,image_identification,4
Glaucoma,investigation,4
Glaucoma,epidemiology,1
Global Health,epidemiology,1
Global Hunger Index,other,1
Global health initiatives,other,1
Globus Pharyngeus,diagnosis,1
Globus pharyngeus,diagnosis,1
Glomerular Diseases,other,8
Glomerular Diseases,diagnosis,6
Glomerular Diseases,mechanism,6
Glomerular Diseases,epidemiology,1
Glomerular Diseases,investigation,1
Glomerular Filtration,other,1
Glomerular diseases,other,9
Glomerular diseases,mechanism,6
Glomerular diseases,diagnosis,2
Glomerular diseases,epidemiology,1
Glomerulonephritis,diagnosis,4
Glomerulonephritis,investigation,1
Glucagon,mechanism,1
Glucocorticoids,other,2
Glucocorticoids,drug_of_choice,1
Glucocorticoids,management,1
Glucocorticoids,mechanism,1
Gluconeogenesis,mechanism,11
Gluconeogenesis,other,3
Glucose Homeostasis,diagnosis,1
Glucose Homeostasis,image_identification,1
Glucose Homeostasis,other,1
Glucose Metabolism,mechanism,1
Glucose Metabolism,other,1
Glucose Transporters,diagnosis,1
Glucose homeostasis,mechanism,1
Glucose metabolism,mechanism,3
Glucose metabolism,diagnosis,1
Glucose transport,mechanism,2
Gluteal Nerves,anatomy_structure,1
Gluteal region,anatomy_structure,1
Glycemic Control,investigation,1
Glycemic Control,other,1
Glycemic Index,other,1
Glycemic control,investigation,1
Glycemic index,other,1
Glycobiology,other,1
Glycogen Metabolism,mechanism,4
Glycogen Metabolism,other,1
Glycogen Storage Diseases,diagnosis,6
Glycogen Storage Diseases,mechanism,1
Glycogen Storage Diseases,other,1
Glycogen Synthesis,mechanism,1
Glycogen storage diseases,diagnosis,1
Glycolysis,mechanism,12
Glycolysis,other,4
Glycoprotein Hormones,mechanism,1
Glycosaminoglycans,mechanism,6
Glycosaminoglycans,other,6
Glycosaminoglycans / Keratan Sulphate,other,1
Glycosylation,mechanism,2
GnRH agonists,mechanism,1
GnRH analogues,other,1
Gnrh Agonists,mechanism,1
Gnrh Analogues,other,1
Goiter,epidemiology,1
Goitre,epidemiology,1
Goitre,management,1
Golgi tendon organ,mechanism,1
Gonadal Dysgenesis,diagnosis,1
Gout,mechanism,6
Gout,drug_of_choice,4
Gout,other,3
Gout,diagnosis,1
Gout Arthritis,diagnosis,1
Gout Drugs,mechanism,1
Gout Treatment,management,1
Gout treatment,management,1
Gradenigo Syndrome,diagnosis,1
Gradenigo syndrome,diagnosis,1
Graft Rejection,other,1
Graft rejection,other,1
Graft types,other,1
Graft-Versus-Host Disease,mechanism,1
Graft-versus-host disease,mechanism,1
Gram Negative Bacteria,diagnosis,1
Gram Positive Bacteria,diagnosis,1
Gram Positive Cocci,investigation,1
Gram Stain,image_identification,1
Gram positive cocci,investigation,1
Gram positive cocci,other,1
Gram-Positive Bacteria,diagnosis,1
Gram-Positive Bacteria,image_identification,1
Gram-negative bacteria,other,1
Gram-positive Bacteria,diagnosis,1
Gram-positive Bacteria,image_identification,1
Gramicidin,other,1
Granulomatous Disease,mechanism,1
Granulomatous Diseases,diagnosis,2
Granulomatous Diseases,epidemiology,1
Granulomatous Lung Disease,mechanism,1
Granulomatous diseases,diagnosis,1
Granulomatous diseases,epidemiology,1
Granulomatous diseases,investigation,1
Granulomatous diseases,other,1
Graves Disease,diagnosis,3
Graves disease,diagnosis,1
Gravida Para,other,1
Gravidity Parity,other,1
Grievous Hurt,other,6
Grievous Injuries,diagnosis,1
Grievous Injury,other,1
Grievous hurt,other,6
Grievous injuries,diagnosis,1
Grievous injury,other,1
Grisel syndrome,diagnosis,1
Gross Anatomy,anatomy_structure,3
Gross Anatomy,image_identification,1
Growth & Development,other,108
Growth & Development,diagnosis,44
Growth & Development,anatomy_structure,35
Growth & Development,mechanism,23
Growth & Development,investigation,11
Growth & Development,epidemiology,10
Growth & Development,management,8
Growth & Development,drug_of_choice,2
Growth & Development,image_identification,1
Guillain Barre Syndrome,diagnosis,1
Gunpowder detection,investigation,1
Gunshot Injuries,diagnosis,1
Gunshot Residue Analysis,investigation,1
Gunshot Wounds,diagnosis,1
Gunshot Wounds,other,1
Gunshot injuries,diagnosis,1
Gunshot residue analysis,investigation,1
Gunshot wounds,other,1
Gynaecologic oncology,diagnosis,2
Gynaecologic oncology,investigation,1
Gynaecologic oncology,management,1
Gynaecologic pathology,epidemiology,1
Gynaecological Cancers,other,2
Gynaecological Imaging,image_identification,1
Gynaecological Malignancies,other,1
Gynaecological Oncology,diagnosis,3
Gynaecological Oncology,investigation,1
Gynaecological Oncology,other,1
Gynaecological Pharmacology,management,1
Gynaecological Procedures,investigation,2
Gynaecological Procedures,management,2
Gynaecological Surgery,management,2
Gynaecological Surgery,other,2
Gynaecological Surgery Complications,diagnosis,1
Gynaecological oncology,diagnosis,1
Gynaecological procedures,investigation,1
Gynaecological procedures,management,1
Gynaecological surgery,other,2
Gynecologic Imaging,investigation,1
Gynecologic Oncology,diagnosis,87
Gynecologic Oncology,other,74
Gynecologic Oncology,management,34
Gynecologic Oncology,investigation,24
Gynecologic Oncology,anatomy_structure,14
Gynecologic Oncology,epidemiology,13
Gynecologic Oncology,mechanism,12
Gynecologic Oncology,image_identification,11
Gynecologic Oncology,drug_of_choice,4
Gynecologic imaging,image_identification,1
Gynecologic imaging,investigation,1
Gynecological Imaging,investigation,1
Gynecological Oncology,diagnosis,2
Gynecological Oncology,management,2
Gynecological Oncology,epidemiology,1
Gynecological Oncology,mechanism,1
Gynecological Pain,diagnosis,1
Gynecological Pathology,diagnosis,1
Gynecological Pathology,image_identification,1
Gynecological Pathology,other,1
Gynecological Radiology,investigation,1
Gynecological contraindications,management,1
Gynecomastia,diagnosis,1
H. Pylori Treatment,drug_of_choice,1
H. pylori Treatment,drug_of_choice,1
H2 Receptor Antagonists,other,1
H2 receptor antagonists,other,1
HAIR-AN syndrome,other,1
HCG,other,1
HDI,epidemiology,1
HDL,mechanism,1
HIV,management,7
HIV,epidemiology,5
HIV,investigation,4
HIV,diagnosis,2
HIV,drug_of_choice,2
HIV Diagnostics,investigation,1
HIV Life Cycle,mechanism,1
HIV Management,investigation,1
HIV Medicine,diagnosis,1
HIV Pathogenesis,mechanism,1
HIV-associated dermatoses,diagnosis,2
HIV-associated ocular disease,diagnosis,1
HIV/AIDS,epidemiology,9
HIV/AIDS,diagnosis,8
HIV/AIDS,management,5
HIV/AIDS,investigation,1
HIV/AIDS Control,epidemiology,1
HIV/AIDS surveillance,epidemiology,1
HLA Matching,other,1
HLA associations,diagnosis,1
HLA-B27,diagnosis,1
HMG CoA metabolism,mechanism,1
HMP Shunt,mechanism,1
HOX genes,other,1
HPV,mechanism,1
HPV,other,1
HPV vaccine,other,1
HRCT,image_identification,2
HRCT,investigation,1
HRT,epidemiology,1
Habit Disorders,diagnosis,2
Habit Disorders,other,2
Habit disorders,diagnosis,1
Haemodialysis,mechanism,1
Hair Cycle,mechanism,1
Hair Disorders,other,2
Hair Disorders,diagnosis,1
Hair Loss,other,1
Hair Peroforation Test,other,1
Hair cycle,mechanism,1
Hair disorders,image_identification,1
Hair disorders,investigation,1
Hair-An Syndrome,other,1
Hallucinations,diagnosis,6
Hallucinations,other,5
Hallux Valgus,anatomy_structure,2
Hallux valgus,anatomy_structure,1
Halothane,diagnosis,1
Halothane,mechanism,1
Hammer toe,diagnosis,1
Hand,anatomy_structure,7
Hand Anatomy,anatomy_structure,9
Hand And Wrist,anatomy_structure,2
Hand And Wrist,diagnosis,2
Hand And Wrist Conditions,anatomy_structure,1
Hand And Wrist Injuries,management,1
Hand Deformities,diagnosis,1
Hand Deformity,diagnosis,1
Hand Disorders,other,1
Hand Hygiene,management,1
Hand Injuries,diagnosis,2
Hand Muscles,anatomy_structure,4
Hand Nerves,anatomy_structure,1
Hand Spaces,anatomy_structure,2
Hand Surgery,anatomy_structure,2
Hand anatomy,anatomy_structure,2
Hand anatomy,diagnosis,1
Hand and Wrist,anatomy_structure,3
Hand and Wrist,diagnosis,2
Hand and Wrist Conditions,anatomy_structure,1
Hand and Wrist Injuries,management,1
Hand injuries,diagnosis,2
Hand injuries,management,1
Hand muscles,anatomy_structure,2
Hand spaces,anatomy_structure,1
Hand surgery,anatomy_structure,1
Hanging,other,2
Hanging,anatomy_structure,1
Hard Palate,anatomy_structure,1
Hard palate,anatomy_structure,1
Head & Neck,other,91
Head & Neck,anatomy_structure,36
Head & Neck,diagnosis,8
Head & Neck,mechanism,5
Head & Neck,image_identification,4
Head & Neck,epidemiology,3
Head & Neck,drug_of_choice,1
Head & Neck,management,1
Head And Neck,anatomy_structure,57
Head And Neck,other,9
Head And Neck,epidemiology,3
Head And Neck,mechanism,3
Head And Neck,diagnosis,1
Head And Neck,image_identification,1
Head And Neck Anatomy,anatomy_structure,19
Head And Neck Anatomy,image_identification,1
Head And Neck Cancer,management,1
Head And Neck Cancers,epidemiology,1
Head And Neck Imaging,investigation,1
Head And Neck Lymphatics,anatomy_structure,4
Head And Neck Neoplasms,diagnosis,1
Head And Neck Neoplasms,investigation,1
Head And Neck Oncology,management,2
Head And Neck Oncology,diagnosis,1
Head And Neck Oncology,other,1
Head And Neck Pathology,diagnosis,1
Head And Neck Radiology,image_identification,2
Head And Neck Surgery,anatomy_structure,5
Head And Neck Surgery,management,2
Head And Neck Surgery,diagnosis,1
Head And Neck Surgery,other,1
Head Injuries,diagnosis,1
Head Injuries,other,1
Head Injury,diagnosis,8
Head Injury,management,2
Head Injury,mechanism,2
Head Injury,other,2
Head Injury,image_identification,1
Head Injury Assessment,other,2
Head Injury Assessment,diagnosis,1
Head Injury Management,management,1
Head and Neck,anatomy_structure,122
Head and Neck,diagnosis,7
Head and Neck,mechanism,4
Head and Neck,epidemiology,3
Head and Neck,image_identification,2
Head and Neck,other,2
Head and Neck Anatomy,anatomy_structure,36
Head and Neck Anatomy,image_identification,1
Head and Neck Cancer,management,2
Head and Neck Cancer,diagnosis,1
Head and Neck Cancers,epidemiology,1
Head and Neck Imaging,investigation,4
Head and Neck Lymphatics,anatomy_structure,3
Head and Neck Masses,image_identification,1
Head and Neck Neoplasms,diagnosis,3
Head and Neck Nerves,anatomy_structure,1
Head and Neck Oncology,diagnosis,2
Head and Neck Oncology,management,2
Head and Neck Oncology,other,2
Head and Neck Oncology,epidemiology,1
Head and Neck Oncology,image_identification,1
Head and Neck Pathology,diagnosis,2
Head and Neck Radiology,image_identification,2
Head and Neck Surgery,anatomy_structure,5
Head and Neck Surgery,management,2
Head and Neck Surgery,diagnosis,1
Head and Neck Surgery,epidemiology,1
Head and Neck Surgery,other,1
Head and Neck surgery,management,1
Head and neck,anatomy_structure,11
Head and neck,other,1
Head and neck anatomy,anatomy_structure,10
Head and neck cancer,management,2
Head and neck lymphatics,anatomy_structure,2
Head and neck neoplasms,investigation,1
Head and neck neoplasms,management,1
Head and neck oncology,management,1
Head and neck surgery,other,1
Head impulse test,investigation,1
Head injuries,other,1
Head injury,diagnosis,6
Head injury,management,2
Head injury,image_identification,1
Headache,diagnosis,1
Headache,other,1
Headache Disorders,diagnosis,2
Headache Syndromes,anatomy_structure,1
Headache disorders,diagnosis,2
Health Administration,other,6
Health Administration,epidemiology,1
Health Administration,management,1
Health Behavior Models,other,1
Health Care Delivery,other,26
Health Care Delivery,anatomy_structure,9
Health Care Delivery,epidemiology,2
Health Care Delivery,mechanism,1
Health Care Of The Community In India,other,2
Health Definitions,other,1
Health Economics,other,3
Health Education,other,14
Health Education,management,2
Health Education,image_identification,1
Health Education Models,other,1
Health For All,other,1
Health Indicators,epidemiology,17
Health Indicators,other,8
Health Legislation,other,7
Health Management,other,5
Health Manpower,other,1
Health Organizations,other,1
Health Planning,management,5
Health Planning,other,3
Health Policy,other,5
Health Program Evaluation,epidemiology,1
Health Program Evaluation,other,1
Health Program Management Cycle,other,1
Health Promotion,management,5
Health Promotion,other,4
Health Psychology,other,1
Health Schemes,other,1
Health Screening,other,1
Health Services,other,4
Health Services,epidemiology,2
Health Services,management,2
Health Services Evaluation,management,1
Health Services Evaluation,other,1
Health Services Planning,other,1
Health Statistics,epidemiology,1
Health Statistics,other,1
Health System,management,2
Health System,other,1
Health System Organization,other,1
Health Systems,other,1
Health administration,other,1
Health agencies,other,1
Health care management,management,1
Health economics,other,1
Health education,other,4
Health for All,other,1
Health indicators,epidemiology,3
Health indicators,other,1
Health legislation,other,2
Health manpower,other,1
Health planning,other,3
Health planning,epidemiology,1
Health planning,management,1
Health policy,other,2
Health program evaluation,epidemiology,1
Health psychology,other,1
Healthcare Administration,other,1
Healthcare administration,other,1
Healthcare delivery system,other,1
Healthcare-Associated Pneumonia,epidemiology,1
Healthcare-associated pneumonia,epidemiology,1
Hearing,other,2
Hearing Assessment,diagnosis,1
Hearing Loss,diagnosis,6
Hearing Loss,investigation,3
Hearing Loss,management,1
Hearing Loss,mechanism,1
Hearing Loss Causes,diagnosis,1
Hearing Loss Classification,diagnosis,1
Hearing Loss Diagnosis,diagnosis,3
Hearing Mechanisms,mechanism,1
Hearing Physiology,anatomy_structure,1
Hearing Tests,mechanism,3
Hearing Tests,diagnosis,2
Hearing Tests,investigation,2
Hearing Tests,other,1
Hearing disorders,mechanism,1
Hearing disorders,other,1
Hearing loss,other,5
Hearing loss,diagnosis,4
Hearing loss,investigation,3
Hearing loss,mechanism,3
Hearing loss,image_identification,1
Hearing physiology,mechanism,1
Hearing tests,investigation,4
Hearing tests,mechanism,4
Hearing tests,other,2
Heart,anatomy_structure,10
Heart Failure,diagnosis,2
Heart Failure,drug_of_choice,1
Heart Failure,management,1
Heart Failure,mechanism,1
Heart Failure,other,1
Heart Murmurs,diagnosis,2
Heart Rate Assessment,management,1
Heart Sounds,other,2
Heart Sounds,mechanism,1
Heart Valves / Stenosis,other,1
Heart block,diagnosis,1
Heart failure,diagnosis,1
Heart failure,drug_of_choice,1
Heart failure,mechanism,1
Heart failure pharmacotherapy,drug_of_choice,2
Heart tube formation,anatomy_structure,1
Heat Cramps,diagnosis,1
Heat Stroke,diagnosis,1
Heat cramps,diagnosis,1
Heat illness,diagnosis,1
Heat-Related Illness,diagnosis,1
Heat-related illness,diagnosis,2
Heavy Chain Disease,epidemiology,1
Heavy Metal Poisoning,diagnosis,7
Heavy Metal Toxicity,other,1
Heavy metal poisoning,diagnosis,4
Heavy metal poisoning,mechanism,2
Heavy metal poisoning,epidemiology,1
Heavy metal toxicity,other,1
Helicobacter Pylori,investigation,1
Helicobacter pylori,investigation,1
Helminth Morphology,other,3
Helminth morphology,other,3
Helminthic Diseases,epidemiology,1
Helminthic diseases,epidemiology,1
Helminthology,other,13
Helminthology,diagnosis,4
Helminthology,image_identification,1
Helminths,diagnosis,4
Helminths,epidemiology,1
Helminths,image_identification,1
Helminths,other,1
Hematinics,management,1
Hematologic Malignancies,other,1
Hematologic Neoplasms,other,1
Hematologic malignancies,mechanism,2
Hematologic neoplasms,other,1
Hematological Disorders,investigation,1
Hematological Malignancies,mechanism,2
Hematological Malignancies,diagnosis,1
Hematological Malignancies,management,1
Hematological Malignancies,other,1
Hematological Markers,other,1
Hematopathology,other,169
Hematopathology,diagnosis,129
Hematopathology,mechanism,57
Hematopathology,investigation,41
Hematopathology,management,18
Hematopathology,epidemiology,14
Hematopathology,image_identification,10
Hematopathology,anatomy_structure,8
Hematopathology,drug_of_choice,5
Hematopoiesis,other,3
Hematopoietic Drugs,other,1
Hematuria,investigation,1
Heme Metabolism,mechanism,3
Heme Synthesis,mechanism,7
Heme synthesis,mechanism,5
Hemiballismus,diagnosis,1
Hemiplegia,diagnosis,1
Hemochromatosis,other,1
Hemodialysis,diagnosis,1
Hemodialysis,management,1
Hemodialysis,mechanism,1
Hemodynamics,mechanism,6
Hemodynamics,other,3
Hemoglobin,other,3
Hemoglobin,epidemiology,1
Hemoglobin,mechanism,1
Hemoglobin Metabolism,other,1
Hemoglobin metabolism,other,1
Hemoglobin variants,diagnosis,1
Hemoglobinopathies,diagnosis,5
Hemoglobinopathies,other,4
Hemoglobinopathies,epidemiology,1
Hemoglobinopathies,investigation,1
Hemoglobinopathies,mechanism,1
Hemoglobinopathy,investigation,1
Hemolytic Anemia,diagnosis,8
Hemolytic Anemia,other,1
Hemolytic Anemias,diagnosis,4
Hemolytic Anemias,other,3
Hemolytic Anemias,investigation,2
Hemolytic Uremic Syndrome,diagnosis,1
Hemolytic Uremic Syndrome,mechanism,1
Hemolytic anemia,diagnosis,5
Hemolytic anemia,other,2
Hemolytic anemias,diagnosis,4
Hemolytic anemias,other,2
Hemolytic anemias,investigation,1
Hemolytic anemias,mechanism,1
Hemolytic disorders,diagnosis,1
Hemophilia,diagnosis,2
Hemorrhage,mechanism,2
Hemorrhage,image_identification,1
Hemorrhagic Fevers,other,1
Hemorrhagic Lesions,other,1
Hemorrhagic Shock,investigation,1
Hemorrhagic Shock,management,1
Hemorrhagic fevers,other,1
Hemorrhagic shock,investigation,1
Hemostasis,mechanism,8
Hemostasis,diagnosis,1
Hemostasis,other,1
Hennebert sign,diagnosis,1
Henoch-Schönlein purpura,mechanism,1
Heparin,mechanism,1
Heparin-Induced Thrombocytopenia,drug_of_choice,1
Heparin-Induced Thrombocytopenia,management,1
Heparin-induced thrombocytopenia,drug_of_choice,1
Heparin-induced thrombocytopenia,management,1
Hepatic Encephalopathy,diagnosis,1
Hepatic Pathology,diagnosis,1
Hepatitis,diagnosis,4
Hepatitis,epidemiology,3
Hepatitis,drug_of_choice,1
Hepatitis,mechanism,1
Hepatitis,other,1
Hepatitis B,investigation,4
Hepatitis B,other,2
Hepatitis B,diagnosis,1
Hepatitis B,drug_of_choice,1
Hepatitis B,epidemiology,1
Hepatitis B,management,1
Hepatitis B Diagnosis,investigation,1
Hepatitis B Markers,diagnosis,1
Hepatitis B diagnosis,investigation,1
Hepatitis C,diagnosis,1
Hepatitis Viruses,diagnosis,1
Hepatitis Viruses,mechanism,1
Hepatitis viruses,diagnosis,1
Hepatobiliary,anatomy_structure,1
Hepatobiliary,management,1
Hepatobiliary Disease,epidemiology,1
Hepatobiliary Diseases,diagnosis,1
Hepatobiliary Imaging,image_identification,1
Hepatobiliary Pancreatic Surgery,other,6
Hepatobiliary Pathology,investigation,2
Hepatobiliary Radiology,investigation,1
Hepatobiliary Surgery,investigation,2
Hepatobiliary Surgery,other,2
Hepatobiliary Surgery,diagnosis,1
Hepatobiliary Surgery,epidemiology,1
Hepatobiliary System,anatomy_structure,6
Hepatobiliary anatomy,anatomy_structure,2
Hepatobiliary imaging,image_identification,1
Hepatobiliary imaging,investigation,1
Hepatobiliary pathology,investigation,2
Hepatobiliary radiology,investigation,1
Hepatobiliary surgery,other,2
Hepatobiliary surgery,diagnosis,1
Hepatobiliary surgery,epidemiology,1
Hepatobiliary system,anatomy_structure,4
Hepatocyte transport,mechanism,1
Hepatolenticular degeneration,drug_of_choice,1
Hepatology,diagnosis,10
Hepatology,investigation,6
Hepatology,other,3
Hepatology,management,1
Hepatopathology,other,1
Hepatotoxicity,mechanism,1
Hepatotoxicity,other,1
Hepcidin,mechanism,2
Hereditary Angioedema,drug_of_choice,1
Hereditary Polyposis Syndromes,diagnosis,1
Hereditary Polyposis Syndromes,other,1
Hereditary Spherocytosis,management,1
Hereditary polyposis syndromes,diagnosis,1
Hereditary polyposis syndromes,epidemiology,1
Hereditary polyposis syndromes,other,1
Hernia & Abdominal Wall,anatomy_structure,26
Hernia & Abdominal Wall,diagnosis,7
Hernia & Abdominal Wall,management,4
Hernia & Abdominal Wall,epidemiology,3
Hernia & Abdominal Wall,mechanism,1
Hernia & Abdominal Wall,other,1
Herpes Keratitis,diagnosis,3
Herpes Keratitis,mechanism,3
Herpes Simplex,diagnosis,1
Herpes Viruses,diagnosis,1
Herpes Zoster,diagnosis,1
Herpes Zoster,image_identification,1
Herpes Zoster Ophthalmicus,diagnosis,1
Herpes keratitis,diagnosis,3
Herpes keratitis,mechanism,3
Herpes zoster,diagnosis,1
Herpes zoster,image_identification,1
Herpesviridae,diagnosis,2
Herpesviridae,mechanism,1
Herpesviruses,diagnosis,4
Herpesviruses,anatomy_structure,1
Heterophile Antibody Test,investigation,1
Heterophile antibodies,diagnosis,1
Heterophile antibody test,investigation,1
Heterosexual,epidemiology,1
High Altitude Illness,management,1
High Altitude Physiology,diagnosis,1
High Altitude Physiology,mechanism,1
High Altitude Physiology,other,1
High Altitude Sickness,diagnosis,1
High Altitude Sickness,management,1
High Spinal Anaesthesia,mechanism,1
High altitude illness,management,1
High altitude physiology,image_identification,1
High altitude physiology,mechanism,1
High altitude sickness,diagnosis,1
Hilum of lung,anatomy_structure,1
Hip,diagnosis,2
Hip,mechanism,1
Hip Arthroplasty,management,1
Hip Arthroplasty,mechanism,1
Hip Dislocation,diagnosis,1
Hip Dislocation,other,1
Hip Dislocations,diagnosis,1
Hip Disorders,diagnosis,12
Hip Disorders,investigation,3
Hip Disorders,anatomy_structure,2
Hip Disorders,image_identification,2
Hip Disorders,mechanism,2
Hip Injuries,diagnosis,1
Hip Pathology,diagnosis,1
Hip Radiography,diagnosis,1
Hip arthroplasty,mechanism,1
Hip dislocations,diagnosis,1
Hip disorders,diagnosis,4
Hip disorders,other,1
Hip injuries,diagnosis,1
Hirschsprung Disease,diagnosis,1
Hirschsprung disease,diagnosis,1
Hirsutism,investigation,1
Histamine Release,mechanism,1
Histamine receptors,mechanism,1
Histocompatibility,other,1
Histology,other,67
Histology,anatomy_structure,55
Histology,image_identification,16
Histology,mechanism,11
Histology,diagnosis,2
Histopathology,diagnosis,10
Histopathology,mechanism,4
Histopathology,other,2
Histopathology,image_identification,1
Histopathology,investigation,1
Histopathology Stains,investigation,1
History,other,2
History Of Anaesthesia,other,4
History Of Microbiology,other,3
History Of Psychiatry,other,3
History Of Surgery,other,1
History Taking,other,2
History Taking,investigation,1
History of Anaesthesia,other,4
History of Anesthesia,other,1
History of Medicine,other,4
History of Microbiology,other,4
History of Psychiatry,other,1
History of anaesthesia,other,1
History of psychiatry,other,2
History of surgery,other,1
History taking,other,1
Hiv,management,2
Hiv,epidemiology,1
Hiv Diagnostics,investigation,1
Hiv Life Cycle,mechanism,1
Hiv Management,investigation,1
Hiv-Associated Dermatoses,diagnosis,1
Hiv-Associated Ocular Disease,diagnosis,1
Hiv/Aids,epidemiology,7
Hiv/Aids,diagnosis,5
Hiv/Aids,management,4
Hiv/Aids Control,epidemiology,1
Hiv/Aids Surveillance,epidemiology,1
Hla Matching,other,1
Hodgkin Lymphoma,diagnosis,5
Hodgkin Lymphoma,investigation,1
Hodgkin lymphoma,diagnosis,1
Hodgkin lymphoma,epidemiology,1
Homeostasis,mechanism,1
Homeostasis,other,1
Homicide,investigation,2
Homocystinuria / Inborn Errors Of Amino Acid Metabolism,other,1
Homonymous hemianopia,anatomy_structure,1
Horizontal Gene Transfer,mechanism,2
Hormonal Assays,investigation,1
Hormonal Contraceptives,drug_of_choice,1
Hormonal Contraceptives,mechanism,1
Hormonal Regulation,mechanism,2
Hormonal contraceptives,drug_of_choice,1
Hormonal regulation,mechanism,1
Hormone Action,mechanism,1
Hormone Levels,investigation,1
Hormone Regulation,mechanism,1
Hormone Replacement Therapy,management,1
Hormone Synthesis,mechanism,1
Hormone Therapy,management,2
Hormone action,mechanism,1
Hormone physiology,mechanism,1
Hormone replacement therapy,other,1
Hormone synthesis,mechanism,1
Hormone therapy,management,2
Hormones,drug_of_choice,1
Hormones,mechanism,1
Hormones,other,1
Horner Syndrome,diagnosis,1
Horner Syndrome,mechanism,1
Horner syndrome,anatomy_structure,1
Horner syndrome,diagnosis,1
Horner syndrome,mechanism,1
Hospital Statistics,epidemiology,1
Hospital Waste,management,1
Hospital Waste Management,other,2
Hospital Waste Management,management,1
Housing,other,2
Housing and Health,other,1
Hox Genes,other,1
Hpv,mechanism,1
Human Herpesviruses,diagnosis,1
Human Papillomavirus,other,1
Human Papillomavirus (HPV),other,1
Human Papillomavirus (Hpv),other,1
Human Placental Lactogen,mechanism,1
Humerus Anatomy,anatomy_structure,1
Humoral Immunity,mechanism,1
Humoral Immunity,other,1
Humoral immunity,mechanism,1
Huntington disease,epidemiology,1
Hyaline change,diagnosis,1
Hybridoma Technology,other,1
Hydatid Cyst,diagnosis,1
Hydatid Disease,image_identification,2
Hydatid Disease,other,1
Hydatid cyst,diagnosis,1
Hydatid cyst,image_identification,1
Hydatid disease,image_identification,2
Hydatidiform Mole,other,2
Hydatidiform mole,diagnosis,1
Hydrocele,diagnosis,3
Hydrocele,other,1
Hydrocephalus,diagnosis,2
Hydrocephalus,management,2
Hydrocephalus,investigation,1
Hyper IgE syndrome,diagnosis,1
Hyperaldosteronism,diagnosis,1
Hyperandrogenism,diagnosis,1
Hyperbaric Oxygen Therapy,diagnosis,1
Hyperbilirubinemia,diagnosis,1
Hypercalcemia,diagnosis,2
Hypercalcemia,management,2
Hypercoagulable States,mechanism,1
Hypercoagulable states,epidemiology,1
Hyperkalemia,management,3
Hyperkalemia Management,management,1
Hyperkeratosis,diagnosis,1
Hyperlipoproteinemia,diagnosis,1
Hyperlipoproteinemia,mechanism,1
Hypernatremia,other,3
Hypernatremia,diagnosis,2
Hyperparathyroidism,diagnosis,1
Hyperparathyroidism,epidemiology,1
Hyperparathyroidism,management,1
Hyperpigmentation,diagnosis,1
Hyperprolactinemia,mechanism,1
Hypersensitivity,mechanism,5
Hypersensitivity,diagnosis,4
Hypersensitivity Reactions,mechanism,1
Hypersensitivity pneumonitis,diagnosis,1
Hypertension,diagnosis,4
Hypertension,drug_of_choice,4
Hypertension,epidemiology,1
Hypertension,management,1
Hypertension,mechanism,1
Hypertension,other,1
Hypertension Management,drug_of_choice,2
Hypertensive Retinopathy,diagnosis,2
Hypertensive crisis,drug_of_choice,1
Hypertensive disorders,management,1
Hypertensive retinopathy,diagnosis,2
Hyperthermia Postmortem,diagnosis,1
Hyperthermia postmortem,diagnosis,1
Hyperthyroidism,diagnosis,2
Hyperthyroidism,drug_of_choice,1
Hyperthyroidism,investigation,1
Hyperthyroidism,management,1
Hyperthyroidism Treatment,management,1
Hypertrophic Cardiomyopathy,diagnosis,1
Hypertrophic Cardiomyopathy,epidemiology,1
Hypertrophy,mechanism,2
Hyperuricemia,mechanism,1
Hyperuricemia Management,mechanism,1
Hypocalcemia,diagnosis,1
Hypoglossal Canal,anatomy_structure,1
Hypoglossal canal,anatomy_structure,1
Hypoglycemia,diagnosis,2
Hypoglycemia,management,1
Hypoglycemia,other,1
Hypoglycemia In Children,other,1
Hypoglycemia in Children,other,1
Hypogonadotropic Hypogonadism,diagnosis,1
Hypokalemic Metabolic Alkalosis,diagnosis,1
Hypolipidemic Drugs,mechanism,1
Hypolipidemic drugs,mechanism,1
Hypomagnesemia,other,1
Hyponatremia,diagnosis,3
Hyponatremia,other,3
Hyponatremia,management,1
Hypophosphatemic rickets,mechanism,1
Hypopigmented Macules,diagnosis,1
Hypopigmented macules,diagnosis,1
Hypopituitarism,diagnosis,1
Hypospadias,management,1
Hypotension,management,1
Hypothalamic Functions,anatomy_structure,1
Hypothalamic hamartoma,diagnosis,1
Hypothalamus,mechanism,4
Hypothalamus,anatomy_structure,2
Hypothyroidism Management,management,1
Hypothyroidism management,management,1
Hypoxia,other,1
Hysterectomy,anatomy_structure,2
Hysterectomy,epidemiology,1
Hysterectomy,management,1
Hysterectomy Indications,epidemiology,1
Hysterectomy indications,epidemiology,1
Hysterosalpingography,image_identification,1
Hysterosalpingography,investigation,1
Hysteroscopy,investigation,1
Hysteroscopy,management,1
ICDS,epidemiology,3
ICDS,management,1
ICDS Program,other,1
ICU,epidemiology,1
ICU Management,management,1
IL-2 inhibitors,mechanism,1
IL-6 inhibitors,mechanism,1
IMNCI,diagnosis,2
IMNCI,other,2
IPC,other,3
IPC Sections,other,1
IPC sections,other,4
IQ classification,other,2
ITBN Programme,epidemiology,1
ITP,management,1
IUCD,management,1
IUD,management,2
IUD,mechanism,1
IUD,other,1
IUDs,other,1
IV Fluids,other,2
IV fluids,other,1
IVC thrombus,investigation,1
IVF,management,1
Iatrogenic Perforation,epidemiology,1
Icds Program,other,1
Ichthyosis,diagnosis,2
Ichthyosis,mechanism,2
Identification,other,12
Identification,investigation,7
Identification,image_identification,6
Identification,diagnosis,2
Idiopathic Pulmonary Fibrosis,epidemiology,1
Idiopathic pulmonary fibrosis,epidemiology,1
IgA Nephropathy,diagnosis,1
Iga Nephropathy,diagnosis,1
Image Interpretation,diagnosis,2
Image Interpretation,image_identification,1
Imaging,investigation,6
Imaging,diagnosis,1
Imaging,image_identification,1
Imaging Interpretation,image_identification,1
Imaging Modalities,image_identification,1
Imaging Modalities,investigation,1
Imaging Of Cystic Brain Lesions,image_identification,1
Imaging Physics,mechanism,2
Imaging Physics,other,1
Imaging Techniques,investigation,1
Imaging modalities,image_identification,1
Imaging modalities,investigation,1
Imaging of cystic brain lesions,image_identification,1
Imaging techniques,image_identification,1
Immobilization,management,1
Immune Response,mechanism,1
Immunization,other,39
Immunization,management,35
Immunization,epidemiology,24
Immunization,mechanism,2
Immunization,investigation,1
Immunoassays,investigation,1
Immunobullous Diseases,diagnosis,1
Immunobullous diseases,diagnosis,1
Immunocompromised hosts,epidemiology,1
Immunodeficiency,diagnosis,16
Immunodeficiency,mechanism,5
Immunodeficiency,other,2
Immunodeficiency / Vaccination Contraindications,other,1
Immunodeficiency Disorders,diagnosis,2
Immunodeficiency disorders,diagnosis,1
Immunofluorescence,image_identification,1
Immunoglobulin,investigation,1
Immunoglobulin Class Switching,mechanism,1
Immunoglobulin class switching,mechanism,1
Immunoglobulin therapy,drug_of_choice,1
Immunoglobulins,mechanism,2
Immunoglobulins,other,2
Immunohistochemistry,investigation,4
Immunology,other,104
Immunology,mechanism,101
Immunology,diagnosis,34
Immunology,investigation,15
Immunology,management,4
Immunology,anatomy_structure,2
Immunology,image_identification,2
Immunology,drug_of_choice,1
Immunology,epidemiology,1
Immunomodulators,other,3
Immunomodulators,mechanism,2
Immunomodulatory Agents,other,1
Immunomodulatory Drugs,mechanism,1
Immunomodulatory drugs,mechanism,1
Immunopathology,other,62
Immunopathology,diagnosis,15
Immunopathology,mechanism,9
Immunopathology,epidemiology,5
Immunopathology,investigation,4
Immunopharmacology,other,4
Immunopharmacology,mechanism,3
Immunopharmacology,drug_of_choice,1
Immunophenotyping,investigation,1
Immunosuppressants,mechanism,4
Immunosuppressants,other,2
Immunosuppressants,drug_of_choice,1
Immunosuppressive Agents,mechanism,1
Immunosuppressive Drugs,drug_of_choice,1
Immunosuppressive Drugs,mechanism,1
Immunosuppressive agents,mechanism,1
Immunosuppressive drugs,drug_of_choice,1
Immunosuppressive drugs,mechanism,1
Impairment,other,1
Impetigo,diagnosis,2
Impetigo,epidemiology,1
Impetigo,management,1
Impingement Syndrome,other,1
Implantation,other,4
Implantation,mechanism,1
Impotence,diagnosis,1
Impulse Control Disorders,diagnosis,2
Impulse Control Disorders,other,2
Impulse control disorders,diagnosis,1
Inborn Errors,mechanism,1
Inborn Errors Of Metabolism,diagnosis,18
Inborn Errors Of Metabolism,other,10
Inborn Errors Of Metabolism,mechanism,4
Inborn Errors Of Metabolism,drug_of_choice,2
Inborn Errors Of Metabolism,management,1
Inborn Errors of Metabolism,diagnosis,19
Inborn Errors of Metabolism,mechanism,16
Inborn Errors of Metabolism,other,7
Inborn Errors of Metabolism,investigation,3
Inborn Errors of Metabolism,drug_of_choice,1
Inborn Errors of Metabolism,image_identification,1
Inborn errors of metabolism,diagnosis,10
Inborn errors of metabolism,mechanism,10
Inborn errors of metabolism,other,6
Inborn errors of metabolism,drug_of_choice,1
Inborn errors of metabolism,investigation,1
Inborn errors of metabolism,management,1
Incised Wound,diagnosis,1
Incised wound,diagnosis,1
Incomplete Question,other,1
Incontinence,diagnosis,1
Incontinentia Pigmenti,other,1
Incontinentia pigmenti,other,1
India,epidemiology,1
Indian Constitution,other,1
Indian Law,diagnosis,1
Indian Penal Code,other,10
Indicator media,investigation,1
Indoor Air Pollution,other,1
Induction Agents,drug_of_choice,2
Industrial Health,other,1
Infant Feeding,management,3
Infant Feeding,other,2
Infant Health,other,1
Infant Mortality,epidemiology,3
Infant Mortality Rate,epidemiology,2
Infant feeding,management,1
Infant health,management,1
Infant mortality,epidemiology,1
Infant mortality rate,epidemiology,1
Infanticide,investigation,2
Infantile Spasm,drug_of_choice,2
Infantile Spasms,drug_of_choice,1
Infantile spasm,drug_of_choice,2
Infections of Bone & Joint,diagnosis,14
Infections of Bone & Joint,other,4
Infections of Bone & Joint,anatomy_structure,2
Infections of Bone & Joint,image_identification,2
Infections of Bone & Joint,epidemiology,1
Infections of Bone & Joint,mechanism,1
Infections of Skin,anatomy_structure,1
Infections of Skin,other,1
Infectious Dermatoses,diagnosis,2
Infectious Dermatoses,investigation,1
Infectious Diseases,diagnosis,299
Infectious Diseases,other,207
Infectious Diseases,epidemiology,70
Infectious Diseases,management,64
Infectious Diseases,investigation,38
Infectious Diseases,drug_of_choice,31
Infectious Diseases,mechanism,25
Infectious Diseases,image_identification,11
Infectious Diseases,anatomy_structure,2
Infectious Esophagitis,diagnosis,1
Infectious Eye Disease,image_identification,1
Infectious Eye Diseases,diagnosis,3
Infectious Eye Diseases,other,1
Infectious dermatoses,diagnosis,1
Infectious dermatoses,investigation,1
Infectious eye diseases,diagnosis,1
Infectious eye diseases,other,1
Infectious keratitis,diagnosis,6
Infectious keratitis,epidemiology,1
Infectious mononucleosis,diagnosis,2
Infectious mononucleosis,investigation,2
Infective Endocarditis,diagnosis,3
Infective Endocarditis,investigation,1
Infective Endocarditis,management,1
Infective endocarditis,diagnosis,1
Infective endocarditis,other,1
Inferential Statistics,other,2
Inferential Statistics,investigation,1
Inferior Pancreaticoduodenal Artery,anatomy_structure,1
Inferior epigastric vein,anatomy_structure,1
Inferior frontal gyrus,anatomy_structure,1
Inferior pancreaticoduodenal artery,anatomy_structure,1
Infertility,diagnosis,14
Infertility,investigation,13
Infertility,other,11
Infertility,management,9
Infertility,epidemiology,4
Infertility,drug_of_choice,3
Infertility,mechanism,2
Infertility,image_identification,1
Infestations,image_identification,1
Infiltration anaesthesia,management,1
Inflammation & Healing,other,201
Inflammation & Healing,mechanism,66
Inflammation & Healing,diagnosis,33
Inflammation & Healing,management,6
Inflammation & Healing,image_identification,4
Inflammation & Healing,investigation,3
Inflammation & Healing,anatomy_structure,1
Inflammation & Healing,drug_of_choice,1
Inflammatory Arthritis,diagnosis,1
Inflammatory Arthritis,mechanism,1
Inflammatory Bowel Disease,diagnosis,8
Inflammatory Bowel Disease,drug_of_choice,2
Inflammatory Bowel Disease,anatomy_structure,1
Inflammatory Bowel Disease,investigation,1
Inflammatory Bowel Disease,other,1
Inflammatory Disorders,diagnosis,1
Inflammatory Eye Disease,epidemiology,1
Inflammatory Eye Diseases,diagnosis,1
Inflammatory Lesions,diagnosis,1
Inflammatory Markers,diagnosis,1
Inflammatory Myopathies,diagnosis,1
Inflammatory bowel disease,diagnosis,3
Inflammatory bowel disease,other,3
Inflammatory bowel disease,anatomy_structure,1
Inflammatory bowel disease,epidemiology,1
Inflammatory disorders,management,1
Inflammatory myopathies,diagnosis,1
Influenza,epidemiology,5
Influenza,other,1
Infratemporal fossa,anatomy_structure,1
Inguinal Canal,anatomy_structure,8
Inguinal Region,anatomy_structure,6
Inguinal Region Anatomy,anatomy_structure,1
Inguinal canal,anatomy_structure,2
Inguinal region,anatomy_structure,7
Inguinal region swelling,diagnosis,1
Inhalational Anaesthesia,other,1
Inhalational Anaesthetics,other,11
Inhalational Anaesthetics,mechanism,9
Inhalational Anaesthetics,drug_of_choice,4
Inhalational Anaesthetics,diagnosis,1
Inhalational Anesthetic Agents,mechanism,1
Inhalational Anesthetics,mechanism,2
Inhalational Anesthetics,drug_of_choice,1
Inhalational Anesthetics,other,1
Inhalational anaesthetics,other,5
Inhalational anaesthetics,mechanism,3
Inhalational anaesthetics,diagnosis,1
Inhalational anaesthetics,drug_of_choice,1
Inhalational anesthetic agents,mechanism,1
Inhalational anesthetics,mechanism,2
Inhalational anesthetics,drug_of_choice,1
Inhalational anesthetics,other,1
Inheritance,diagnosis,1
Inheritance,epidemiology,1
Inheritance,other,1
Inheritance Patterns,other,5
Inheritance patterns,other,8
Inheritance patterns,epidemiology,1
Inherited Disorders,diagnosis,2
Inherited Disorders,other,1
Inherited Eye Diseases,diagnosis,1
Inherited Immunodeficiency,other,1
Inherited Metabolic Disorders,investigation,2
Inherited Metabolic Disorders,management,2
Inherited Metabolic Disorders,mechanism,2
Inherited immunodeficiency,other,1
Inherited metabolic disorders,investigation,1
Injuries & Trauma,other,8
Injuries & Trauma,image_identification,3
Injuries & Trauma,diagnosis,2
Injury Interpretation,diagnosis,1
Injury Patterns,other,1
Injury patterns,other,1
Innate Immunity,mechanism,5
Innate Immunity,other,1
Innate immunity,mechanism,4
Inner Ear Anatomy,anatomy_structure,1
Inner Ear Physiology,mechanism,1
Inner ear,anatomy_structure,1
Inner ear anatomy,anatomy_structure,1
Inner ear fluids,mechanism,2
Innervation,anatomy_structure,1
Inorganic poisoning,mechanism,2
Inotropes,mechanism,1
Inotropic support,management,1
Inquest,other,5
Insanity And Criminal Responsibility,other,1
Insanity Defense,other,1
Insanity and Criminal Responsibility,other,1
Insanity defense,other,2
Insecticides,other,2
Insecticides,epidemiology,1
Instrumental Delivery,anatomy_structure,1
Instrumental delivery,management,1
Instruments,anatomy_structure,1
Insulin,management,1
Insulin Production,other,1
Insulin Receptor,mechanism,1
Insulin Resistance,diagnosis,2
Insulin Secretion,mechanism,2
Insulin Secretion,image_identification,1
Insulin Secretion,other,1
Insulin Synthesis,other,1
Insulin Therapy,mechanism,1
Insulin Therapy,other,1
Insulin processing,mechanism,1
Insulin resistance,mechanism,1
Insulin secretion,mechanism,2
Insulin signaling,mechanism,1
Insulin therapy,other,2
Insulin therapy,mechanism,1
Integrated Disease Surveillance Project,other,1
Integrated Essentials,other,1
Integrated Metabolism,mechanism,1
Integrated Metabolism,other,1
Integrins,mechanism,1
Integumentary System,anatomy_structure,2
Integumentary System,image_identification,2
Intellectual Disability,other,6
Intellectual Disability,diagnosis,2
Intellectual Disability,epidemiology,2
Intellectual Disability Classification,other,1
Intellectual disability,diagnosis,1
Intellectual disability,other,1
Intelligence Testing,investigation,1
Intercalated disc,anatomy_structure,1
Intercostal muscles,anatomy_structure,1
Intermediary Metabolism,mechanism,1
Intermediate Filaments,investigation,1
Intermediate Filaments,other,1
Intermediate filaments,investigation,1
Internal Capsule,anatomy_structure,1
Internal Carotid Artery,anatomy_structure,1
Internal carotid artery,anatomy_structure,1
International Classification Of Disease,epidemiology,1
International Classification of Disease,epidemiology,1
International Health,other,7
International Health,epidemiology,1
International Health Organizations,other,1
International Law,other,1
International health,other,3
International health,epidemiology,1
International health regulations,epidemiology,1
Interstitial Fluid,mechanism,1
Interstitial Lung Disease,image_identification,3
Interstitial Lung Disease,investigation,2
Interstitial Lung Disease,diagnosis,1
Interstitial Lung Disease,drug_of_choice,1
Interstitial Lung Disease,epidemiology,1
Interstitial Lung Disease,other,1
Interstitial Lung Diseases,diagnosis,1
Interstitial lung disease,investigation,1
Interventional Radiology,image_identification,105
Interventional Radiology,investigation,68
Interventional Radiology,diagnosis,57
Interventional Radiology,other,29
Interventional Radiology,management,14
Interventional Radiology,anatomy_structure,11
Interventional Radiology,mechanism,7
Interventional Radiology,drug_of_choice,1
Interventional Radiology,epidemiology,1
Interventions,management,1
Intestinal Failure,other,1
Intestinal Nematodes,diagnosis,1
Intestinal Obstruction,diagnosis,3
Intestinal Obstruction,image_identification,3
Intestinal Obstruction,epidemiology,1
Intestinal Obstruction,management,1
Intestinal Obstruction,other,1
Intestinal Parasites,diagnosis,1
Intestinal Perforation,management,1
Intestinal Protozoa,diagnosis,2
Intestinal Protozoa,investigation,1
Intestinal obstruction,diagnosis,3
Intestinal obstruction,image_identification,1
Intestinal phase,mechanism,1
Intestinal protozoa,diagnosis,2
Intestinal protozoa,investigation,1
Intra-Abdominal Abscess,anatomy_structure,1
Intra-abdominal Abscess,anatomy_structure,1
Intracellular Fluid,investigation,1
Intracellular bacteria,other,1
Intracellular pH,other,1
Intracellular receptors,mechanism,1
Intracranial Complications,diagnosis,3
Intracranial Haemorrhage,management,1
Intracranial Hemorrhage,diagnosis,2
Intracranial Hemorrhage,management,1
Intracranial Pressure,mechanism,1
Intracranial complications,diagnosis,1
Intracranial haemorrhage,management,1
Intracranial hemorrhage,diagnosis,1
Intracranial hemorrhage,image_identification,1
Intracranial hemorrhage,management,1
Intracranial pressure,mechanism,1
Intramedullary nailing,other,1
Intramembranous Ossification,anatomy_structure,1
Intramembranous ossification,anatomy_structure,1
Intraocular Foreign Body,diagnosis,1
Intraocular Foreign Body,investigation,1
Intraocular Pressure,mechanism,1
Intraocular foreign body,diagnosis,1
Intraocular neoplasms,diagnosis,1
Intraocular pressure,mechanism,3
Intraocular pressure,investigation,1
Intraoperative Awareness,investigation,1
Intraoperative Complications,management,3
Intraoperative Complications,investigation,1
Intraoperative Management,management,1
Intraoperative Monitoring,investigation,2
Intraoperative PTH monitoring,investigation,1
Intraoperative staining,investigation,1
Intrauterine Adhesions,investigation,1
Intrauterine Device,management,1
Intrauterine Fetal Death,management,2
Intrauterine Fetal Death,epidemiology,1
Intrauterine fetal death,management,1
Intravenous Anaesthetics,drug_of_choice,3
Intravenous Anaesthetics,mechanism,2
Intravenous Anaesthetics,other,2
Intravenous Anaesthetics,diagnosis,1
Intravenous Anaesthetics,management,1
Intravenous Anesthetics,mechanism,5
Intravenous Anesthetics,drug_of_choice,1
Intravenous Fluids,other,1
Intravenous anesthetics,mechanism,4
Intravenous anesthetics,drug_of_choice,1
Intravenous fluids,mechanism,2
Intravenous fluids,other,1
Introduction To Dermatology,other,1
Introduction To Pathology,other,3
Introduction to Pathology,other,2
Introduction to pathology,other,1
Intubation,anatomy_structure,3
Intubation,diagnosis,1
Intubation,other,1
Intubation Complications,diagnosis,1
Intubation Equipment,other,3
Intubation Equipment,anatomy_structure,1
Intussusception,other,1
Invasive Mole,other,1
Inventory Management,management,1
Inverted Papilloma,anatomy_structure,1
Inverted Papilloma,other,1
Investigation,investigation,4
Iodine Deficiency Disorders,epidemiology,4
Iodine Deficiency Disorders,other,1
Iodine deficiency,other,1
Iodine deficiency disorders,epidemiology,1
Ion Channel,other,1
Ion Channels,mechanism,1
Ion Channels,other,1
Ion channels,mechanism,1
Ion channels,other,1
Ionization,mechanism,1
Ionization potential,other,1
Ipc Sections,other,5
Iridocyclitis,diagnosis,1
Iris,diagnosis,1
Iris Abnormalities,diagnosis,1
Iris Anomalies,anatomy_structure,1
Iris abnormalities,diagnosis,1
Iron Deficiency Anemia,investigation,2
Iron Deficiency Anemia,diagnosis,1
Iron Deficiency Anemia,epidemiology,1
Iron Metabolism,mechanism,3
Iron Metabolism,other,3
Iron Poisoning,diagnosis,1
Iron Poisoning Treatment,drug_of_choice,1
Iron Preparations,drug_of_choice,1
Iron Preparations,mechanism,1
Iron Preparations,other,1
Iron deficiency anemia,diagnosis,2
Iron deficiency anemia,investigation,1
Iron deficiency anemia,management,1
Iron metabolism,diagnosis,1
Iron metabolism,investigation,1
Iron overload,other,1
Iron preparations,drug_of_choice,1
Iron preparations,mechanism,1
Iron preparations,other,1
Iron supplementation,management,1
Irritable Bowel Syndrome,diagnosis,3
Irritable bowel syndrome,diagnosis,1
Isaac Syndrome,diagnosis,1
Isaac syndrome,diagnosis,1
Ischemia,mechanism,1
Ischemic Heart Disease,other,2
Ischemic Heart Disease,diagnosis,1
Ischemic Heart Disease,mechanism,1
Ischemic heart disease,mechanism,1
Isolation Precautions,management,1
Isotopes,other,1
Iv Fluids,other,3
Japanese Encephalitis,epidemiology,2
Japanese Encephalitis,other,1
Japanese encephalitis,other,1
Jaundice,diagnosis,5
Jaundice,management,2
Jaundice,investigation,1
Jaundice,mechanism,1
Joints & Arthritis,anatomy_structure,37
Joints & Arthritis,other,34
Joints & Arthritis,diagnosis,12
Joints & Arthritis,mechanism,6
Joints & Arthritis,management,4
Joints & Arthritis,image_identification,3
Joints & Arthritis,epidemiology,2
Joints & Arthritis,investigation,1
Jones criteria,diagnosis,1
Jugular Venous Pulse,mechanism,1
Jugular Venous Pulse,other,1
Jugular venous pulse,mechanism,1
Juvenile Idiopathic Arthritis,diagnosis,1
Juvenile Idiopathic Arthritis,management,1
Juvenile Idiopathic Arthritis,other,1
Juvenile Justice,other,2
Kallmann Syndrome,diagnosis,1
Kallmann Syndrome,mechanism,1
Kangaroo Mother Care,other,1
Kaposi Sarcoma,diagnosis,1
Kaposi Sarcoma,epidemiology,1
Karyotype,diagnosis,2
Karyotyping,investigation,2
Kawasaki Disease,diagnosis,1
Kawasaki Disease,drug_of_choice,1
Kawasaki Syndrome,diagnosis,1
Kawasaki disease,diagnosis,2
Kawasaki disease,drug_of_choice,1
Kayser-Fleischer ring,anatomy_structure,1
Kayser-Fleischer ring,diagnosis,1
Keratic precipitates,diagnosis,1
Keratin,other,1
Keratitis,other,5
Keratitis,diagnosis,4
Keratitis,mechanism,1
Keratoconus,diagnosis,2
Keratoderma,diagnosis,2
Ketamine,management,1
Ketamine,other,1
Ketone Bodies,diagnosis,3
Ketone Bodies,mechanism,3
Ketone Bodies,investigation,1
Ketone Bodies,other,1
Kidney,anatomy_structure,7
Kidney Diseases,other,1
Kidney Function,mechanism,1
Kidney Function Tests,investigation,2
Kidney Stones,other,1
Kidney function tests,investigation,1
Kidney function tests,other,1
Kienböck Disease,diagnosis,1
Klebsiella,diagnosis,3
Klebsiella,epidemiology,1
Knee,anatomy_structure,10
Knee,diagnosis,2
Knee,mechanism,2
Knee,management,1
Knee Anatomy,anatomy_structure,1
Knee Deformity,diagnosis,1
Knee Dislocation,diagnosis,1
Knee Disorders,anatomy_structure,2
Knee Disorders,diagnosis,1
Knee Injuries,anatomy_structure,4
Knee Injuries,diagnosis,3
Knee Injuries,image_identification,3
Knee Injuries,mechanism,1
Knee Ligament Injuries,image_identification,2
Knee Pain,diagnosis,1
Knee Radiology,image_identification,1
Knee anatomy,mechanism,1
Knee deformity,diagnosis,1
Knee disorders,anatomy_structure,1
Knee disorders,diagnosis,1
Knee disorders,image_identification,1
Knee disorders,mechanism,1
Knee injuries,anatomy_structure,4
Knee injuries,diagnosis,2
Knee injuries,image_identification,2
Knee injuries,mechanism,1
Knee injuries,other,1
Knee ligament injuries,image_identification,1
Knowledge Translation,management,1
Koch postulates,other,2
Koebner Phenomenon,other,2
Koebner phenomenon,other,1
Koplik spot,diagnosis,1
Korsakoff Syndrome,anatomy_structure,1
Korsakoff Syndrome,other,1
Korsakoff syndrome,anatomy_structure,1
Krebs Cycle,other,3
Krebs Cycle,mechanism,1
Kwashiorkor,diagnosis,1
Kyphosis,epidemiology,1
Kyphosis,management,1
LAMB Syndrome,other,1
LASIK,management,1
LCIS,diagnosis,1
LDH,other,1
LDH Isoenzymes,investigation,1
LDH isoenzymes,investigation,1
LDH isoforms,investigation,1
LEEP,management,1
LLINs,epidemiology,1
LMA,management,1
LMA Supreme,other,1
La Belle indifference,diagnosis,1
Lab techniques,anatomy_structure,1
Labor & Delivery,other,50
Labor & Delivery,management,48
Labor & Delivery,diagnosis,13
Labor & Delivery,investigation,13
Labor & Delivery,anatomy_structure,8
Labor & Delivery,epidemiology,5
Labor & Delivery,drug_of_choice,4
Labor & Delivery,image_identification,2
Labor & Delivery,mechanism,1
Lac Operon,mechanism,1
Lacis cells,mechanism,1
Lacrimal Apparatus,management,7
Lacrimal Apparatus,anatomy_structure,4
Lacrimal Apparatus,diagnosis,3
Lacrimal Apparatus,mechanism,1
Lacrimal Apparatus Disorders,management,1
Lacrimal Disorders,management,1
Lacrimal Gland Disorders,diagnosis,1
Lacrimal System,management,3
Lacrimal System Disorders,management,1
Lacrimal apparatus,management,7
Lacrimal apparatus,anatomy_structure,4
Lacrimal apparatus,diagnosis,3
Lacrimal apparatus,mechanism,1
Lacrimal apparatus disorders,management,1
Lacrimal gland disorders,diagnosis,1
Lacrimal system,management,2
Lacrimal system disorders,management,2
Lactate Metabolism,mechanism,1
Lactate metabolism,mechanism,1
Lactation,other,5
Lactation,mechanism,1
Lamb Syndrome,other,1
Langer'S Lines,anatomy_structure,1
Langer's lines,anatomy_structure,1
Language,anatomy_structure,1
Language,diagnosis,1
Laparoscopic Complications,management,1
Laparoscopic Complications,mechanism,1
Laparoscopic Instrumentation,image_identification,1
Laparoscopic Surgery,other,2
Laparoscopic Surgery,image_identification,1
Laparoscopic Surgery,management,1
Laparoscopic Surgery,mechanism,1
Laparoscopic complications,management,1
Laparoscopic surgery,image_identification,1
Laparoscopic surgery,management,1
Laparoscopic surgery,other,1
Laparoscopy,investigation,1
Laparoscopy,mechanism,1
Laparoscopy,other,1
Large Bowel Obstruction,diagnosis,1
Large Intestine,anatomy_structure,10
Large bowel obstruction,diagnosis,1
Large intestine,anatomy_structure,10
Large intestine,management,1
Laryngeal Anatomy,anatomy_structure,6
Laryngeal Cancer,epidemiology,2
Laryngeal Cancer,diagnosis,1
Laryngeal Cancer,image_identification,1
Laryngeal Carcinoma,management,1
Laryngeal Diseases,diagnosis,1
Laryngeal Disorders,diagnosis,1
Laryngeal Disorders,drug_of_choice,1
Laryngeal Disorders,investigation,1
Laryngeal Disorders,mechanism,1
Laryngeal Innervation,anatomy_structure,1
Laryngeal Mask Airway,management,3
Laryngeal Mask Airway,other,1
Laryngeal Membranes,anatomy_structure,1
Laryngeal Muscles,anatomy_structure,3
Laryngeal Muscles,mechanism,1
Laryngeal Neoplasms,management,2
Laryngeal Neoplasms,epidemiology,1
Laryngeal Nerve Palsy,diagnosis,1
Laryngeal Nerve Palsy,mechanism,1
Laryngeal Nerves,anatomy_structure,1
Laryngeal Pathology,diagnosis,2
Laryngeal Pathology,image_identification,1
Laryngeal Procedures,other,1
Laryngeal Surgery,other,1
Laryngeal Tuberculosis,diagnosis,1
Laryngeal anatomy,anatomy_structure,3
Laryngeal cancer,epidemiology,2
Laryngeal carcinoma,management,1
Laryngeal malignancy,diagnosis,1
Laryngeal mask airway,management,2
Laryngeal membranes,anatomy_structure,1
Laryngeal muscles,anatomy_structure,2
Laryngeal muscles,mechanism,1
Laryngeal nerve palsy,other,1
Laryngeal pathology,image_identification,1
Laryngectomy,management,1
Laryngectomy Rehabilitation,management,1
Laryngology,diagnosis,2
Laryngology,anatomy_structure,1
Laryngology,investigation,1
Laryngology,mechanism,1
Laryngology,other,1
Laryngomalacia,other,1
Larynx Anatomy,anatomy_structure,2
Larynx Anatomy & Physiology,anatomy_structure,1
Laser therapy,management,1
Lasers,management,1
Lateral Epicondylitis,diagnosis,1
Lateral epicondylitis,diagnosis,1
Laxatives,mechanism,3
Laxatives,other,2
Ldh Isoenzymes,investigation,2
Ldh Isoforms,investigation,1
Lead Poisoning,mechanism,1
Lead apron thickness,other,1
Lead poisoning,mechanism,2
Learning Domains,other,1
Learning Theory,other,1
Learning theory,other,1
Leber hereditary optic neuropathy,diagnosis,1
Left atrial enlargement,image_identification,1
Left atrium,anatomy_structure,1
Left colon,management,1
Legal And Ethical Issues,other,1
Legal Aspects,other,3
Legal Aspects Of Death,other,1
Legal Aspects Of Injury,other,1
Legal Aspects Of Marriage,other,1
Legal Definitions,other,2
Legal Definitions,diagnosis,1
Legal Medicine,other,16
Legal Procedures,other,15
Legal Sections,other,1
Legal Terms,other,1
Legal and ethical issues,other,1
Legal aspects,other,4
Legal aspects,management,1
Legal aspects of death,other,1
Legal aspects of injury,other,1
Legal aspects of marriage,other,1
Legal definitions,other,1
Legal medicine,other,2
Legal medicine,investigation,1
Legg-Calve-Perthes Disease,diagnosis,1
Legg-Calvé-Perthes Disease,diagnosis,3
Legg-Calvé-Perthes Disease,management,1
Legg-Calvé-Perthes disease,diagnosis,3
Legg-Calvé-Perthes disease,management,1
Legionella,diagnosis,1
Legislation,other,3
Legitimacy,other,1
Leishmaniasis,epidemiology,3
Leishmaniasis,diagnosis,1
Leishmaniasis,drug_of_choice,1
Lens & Cataract,other,33
Lens & Cataract,management,21
Lens & Cataract,diagnosis,18
Lens & Cataract,anatomy_structure,10
Lens & Cataract,mechanism,9
Lens & Cataract,image_identification,2
Lens & Cataract,drug_of_choice,1
Lens & Cataract,investigation,1
Lepromin test,diagnosis,1
Leprosy,diagnosis,10
Leprosy,management,5
Leprosy,other,5
Leprosy,drug_of_choice,1
Leprosy,image_identification,1
Leptospirosis,diagnosis,2
Leptospirosis,drug_of_choice,1
Leptospirosis,epidemiology,1
Leukaemia,other,1
Leukaemia Complications,other,1
Leukemia,diagnosis,10
Leukemia,investigation,3
Leukemia,epidemiology,2
Leukemia,image_identification,1
Leukemia,management,1
Leukemia,mechanism,1
Leukemia,other,1
Leukemias,diagnosis,1
Leukemias,investigation,1
Leukemias,management,1
Leukemias,mechanism,1
Leukocoria,diagnosis,1
Leukocyte adhesion,mechanism,1
Leukocyte biology,other,1
Leukocyte physiology,other,1
Leukoerythroblastic Picture,diagnosis,1
Leukotriene receptors,mechanism,1
Levator palpebrae superioris,anatomy_structure,1
Levels Of Prevention,epidemiology,2
Levels Of Prevention,management,1
Levels Of Prevention,other,1
Levels of Prevention,epidemiology,2
Levels of Prevention,other,1
Levels of health care,other,1
Levels of prevention,epidemiology,1
Levels of prevention,management,1
Levetiracetam,other,1
Levonorgestrel IUD,other,1
Li-Fraumeni Syndrome,mechanism,1
Li-Fraumeni syndrome,mechanism,1
Lichen Planus,diagnosis,4
Lichen Planus,other,2
Lichen Planus,management,1
Lichen Sclerosus,diagnosis,1
Lichen planus,diagnosis,4
Lichen planus,other,2
Lichen sclerosus,diagnosis,1
Lid Disorders,management,1
Lid disorders,management,1
Lidocaine,other,1
Lids And Lacrimal Apparatus,diagnosis,1
Lids and lacrimal apparatus,diagnosis,1
Lie Detection,investigation,1
Lie detection,investigation,1
Lifestyle modifications,management,1
Ligament Injuries,diagnosis,2
Ligament injuries,diagnosis,3
Ligament injuries,anatomy_structure,1
Ligament injuries,image_identification,1
Ligaments,anatomy_structure,6
Ligature Marks,diagnosis,1
Lighting,other,2
Limb Replantation Principles,management,1
Limb Salvage,management,1
Limbic System,anatomy_structure,2
Limbic System,mechanism,1
Limping Child,diagnosis,1
Lipid Lowering Drugs,mechanism,1
Lipid Metabolism,mechanism,96
Lipid Metabolism,other,83
Lipid Metabolism,diagnosis,21
Lipid Metabolism,investigation,5
Lipid Metabolism,drug_of_choice,2
Lipid Metabolism,anatomy_structure,1
Lipid Metabolism,epidemiology,1
Lipid Metabolism,management,1
Lipid Transport,mechanism,2
Lipid digestion,mechanism,1
Lipid lowering drugs,mechanism,1
Lipid-Lowering Agents,drug_of_choice,1
Lipid-Lowering Drugs,other,4
Lipid-Lowering Drugs,drug_of_choice,1
Lipid-Lowering Drugs,mechanism,1
Lipid-lowering agents,drug_of_choice,1
Lipid-lowering drugs,other,5
Lipid-lowering drugs,drug_of_choice,1
Lipid-lowering drugs,mechanism,1
Lipids,other,2
Lipids And Membranes,other,1
Lipids and Membranes,other,1
Lipogenesis,mechanism,1
Lipoid proteinosis,diagnosis,1
Lipoprotein,mechanism,1
Lipoprotein Disorders,mechanism,2
Lipoprotein Disorders,diagnosis,1
Lipoprotein disorders,mechanism,1
Lipoproteins,mechanism,2
Lipoproteins,diagnosis,1
Lipoproteins,other,1
Listeria,diagnosis,1
Listeria,epidemiology,1
Listeria,investigation,1
Listeria,mechanism,1
Literacy Rate,epidemiology,1
Literacy rate,epidemiology,1
Lithium,mechanism,2
Lithium,management,1
Lithium,other,1
Lithium Side Effects,mechanism,1
Lithium Toxicity,investigation,1
Lithotripsy,management,1
Liver Abscess,diagnosis,1
Liver Abscess,management,1
Liver Abscess,other,1
Liver Anatomy,anatomy_structure,4
Liver And Biliary Tract,epidemiology,1
Liver And Biliary Tree,management,1
Liver Biopsy,investigation,1
Liver Cirrhosis,diagnosis,1
Liver Cirrhosis,investigation,1
Liver Disease,diagnosis,1
Liver Disease,investigation,1
Liver Diseases,diagnosis,1
Liver Diseases,drug_of_choice,1
Liver Diseases,management,1
Liver Disorders,diagnosis,1
Liver Disorders,drug_of_choice,1
Liver Disorders,epidemiology,1
Liver Disorders,investigation,1
Liver Function Tests,other,2
Liver Function Tests,investigation,1
Liver Metabolism,diagnosis,1
Liver Metabolism,mechanism,1
Liver Pathology,diagnosis,6
Liver Pathology,other,3
Liver Pathology,mechanism,1
Liver Physiology,mechanism,1
Liver Physiology,other,1
Liver Radiology,image_identification,1
Liver Transplant,management,2
Liver Transplant,epidemiology,1
Liver Transplantation,management,3
Liver abscess,diagnosis,2
Liver abscess,other,1
Liver anatomy,anatomy_structure,2
Liver and Biliary Tract,epidemiology,1
Liver and biliary tree,management,1
Liver cirrhosis,anatomy_structure,1
Liver disease,management,1
Liver diseases,diagnosis,1
Liver diseases,investigation,1
Liver disorders,investigation,1
Liver failure,investigation,1
Liver failure,management,1
Liver function tests,investigation,1
Liver function tests,other,1
Liver imaging,image_identification,1
Liver injury,mechanism,1
Liver pathology,diagnosis,4
Liver pathology,other,4
Liver physiology,mechanism,1
Liver segments,anatomy_structure,1
Liver transplantation,management,2
Liver transplantation,investigation,1
Local Anaesthesia,drug_of_choice,2
Local Anaesthetic Adjuvants,drug_of_choice,1
Local Anaesthetic Techniques,management,1
Local Anaesthetic Toxicity,drug_of_choice,1
Local Anaesthetic Toxicity,management,1
Local Anaesthetics,other,13
Local Anaesthetics,mechanism,8
Local Anaesthetics,drug_of_choice,6
Local Anaesthetics,management,1
Local Anesthesia,other,1
Local Anesthetics,other,5
Local Anesthetics,mechanism,2
Local Excision,management,1
Local anaesthetic techniques,management,1
Local anesthetics,other,1
Locard's Principle,mechanism,1
Long Bones,anatomy_structure,1
Long QT syndrome,other,1
Loop Diuretics,mechanism,1
Low birth weight,epidemiology,1
Lower Limb,anatomy_structure,93
Lower Limb,other,35
Lower Limb,image_identification,3
Lower Limb,management,2
Lower Limb,mechanism,2
Lower Limb,diagnosis,1
Lumbar Canal Stenosis,diagnosis,2
Lumbar Disc Prolapse,diagnosis,1
Lumbar Plexus,anatomy_structure,3
Lumbar Puncture,anatomy_structure,1
Lumbar Region,anatomy_structure,1
Lumbar canal stenosis,diagnosis,2
Lumbar disc prolapse,diagnosis,1
Lumbar plexus,anatomy_structure,1
Lumbar puncture,anatomy_structure,1
Lumbar puncture,management,1
Lung Abscess,diagnosis,1
Lung Abscess,other,1
Lung Anatomy,anatomy_structure,1
Lung Cancer,diagnosis,1
Lung Cancer,epidemiology,1
Lung Cancer,other,1
Lung Cancer Staging,diagnosis,1
Lung Diseases,other,1
Lung Fibrosis,investigation,1
Lung Fissures,anatomy_structure,1
Lung Function Tests,diagnosis,1
Lung Imaging Findings,diagnosis,1
Lung Mechanics,other,2
Lung Pathology,other,1
Lung Pathology Imaging,image_identification,1
Lung Surfactant,other,1
Lung Volumes,other,1
Lung anatomy,anatomy_structure,1
Lung carcinoma,mechanism,1
Lung malignancies,diagnosis,1
Lung mechanics,other,1
Lung pathology,diagnosis,1
Lung segments,anatomy_structure,1
Lung volumes,image_identification,1
Lungs,anatomy_structure,1
Lupus Erythematosus,image_identification,1
Lupus Vulgaris,diagnosis,2
Lupus vulgaris,diagnosis,4
Luteal Phase,other,1
Lymph Node,anatomy_structure,2
Lymph Node,other,2
Lymph Node Anatomy,anatomy_structure,1
Lymph Node Pathology,diagnosis,2
Lymph node,anatomy_structure,2
Lymphadenopathy Investigation,investigation,1
Lymphadenopathy investigation,investigation,1
Lymphatic Drainage,anatomy_structure,6
Lymphatic Malformations,anatomy_structure,1
Lymphatic System,anatomy_structure,23
Lymphatic System,mechanism,2
Lymphatic System,epidemiology,1
Lymphatic disorders,diagnosis,1
Lymphatic drainage,anatomy_structure,7
Lymphatic malformations,anatomy_structure,1
Lymphatic mapping,investigation,1
Lymphatic spread,anatomy_structure,1
Lymphatic system,anatomy_structure,18
Lymphedema,diagnosis,3
Lymphedema,epidemiology,1
Lymphogranuloma Venereum,diagnosis,1
Lymphogranuloma venereum,diagnosis,1
Lymphoid Neoplasms,diagnosis,2
Lymphoid Organs,anatomy_structure,4
Lymphoid Organs,image_identification,1
Lymphoid neoplasms,diagnosis,1
Lymphoid organs,anatomy_structure,8
Lymphoid organs,other,1
Lymphokines,mechanism,1
Lymphoma,diagnosis,19
Lymphoma,other,6
Lymphoma,epidemiology,4
Lymphoma,investigation,1
Lymphoma,management,1
Lymphoma,mechanism,1
Lymphoma Classification,diagnosis,1
Lymphomas,diagnosis,5
Lymphomas (Follicular Lymphoma),other,1
Lymphoproliferative Disorders,investigation,2
Lysosomal Storage Diseases,diagnosis,2
Lysosomal Storage Diseases,mechanism,2
Lysosomal Storage Disorders,diagnosis,9
Lysosomal Storage Disorders,mechanism,6
Lysosomal Storage Disorders,other,3
Lysosomal Storage Disorders,image_identification,2
Lysosomal storage diseases,diagnosis,1
Lysosomal storage disorders,mechanism,4
Lysosomal storage disorders,diagnosis,2
MCH Programme,epidemiology,1
MCH Services,epidemiology,1
MCH programme,management,1
MEN Syndromes,other,1
MEN syndrome,diagnosis,1
MHC Class I,anatomy_structure,1
MHC Class II expression,other,1
MHC molecules,anatomy_structure,1
MRCP,image_identification,1
MRI,other,3
MRI,investigation,2
MRI,image_identification,1
MRI,mechanism,1
MRI Safety,investigation,2
MRI brain,image_identification,1
MRSA,drug_of_choice,1
MRSA,mechanism,1
MSM,epidemiology,1
MTP Act,other,1
Macrocytic Anemia,diagnosis,2
Macrolides,drug_of_choice,2
Macronutrients,other,1
Macrophage,mechanism,1
Macula,investigation,1
Maculae Cerulea,diagnosis,1
Macular Degeneration,diagnosis,2
Macular Diseases,diagnosis,1
Macular Diseases,investigation,1
Macular Disorders,diagnosis,2
Macular Function,investigation,1
Macular Function Tests,investigation,1
Macular Sparing,anatomy_structure,1
Macular degeneration,diagnosis,2
Macular disorders,diagnosis,1
Macular disorders,investigation,1
Magnan's phenomenon,diagnosis,1
Magnesium Metabolism,other,1
Magnesium Sulfate Therapy,management,1
Magnesium Sulfate Toxicity,diagnosis,1
Magnesium Toxicity,diagnosis,1
Magnesium metabolism,other,1
Magnesium sulfate therapy,management,1
Magnesium sulfate toxicity,diagnosis,1
Maintenance Therapy,management,1
Major Histocompatibility Complex,mechanism,1
Malabsorption,diagnosis,4
Malabsorption,other,3
Malabsorption,investigation,2
Malabsorption Syndrome,other,1
Malabsorption Syndromes,other,1
Malabsorption syndrome,other,1
Malaria,epidemiology,8
Malaria,diagnosis,6
Malaria,management,6
Malaria,other,6
Malaria,mechanism,3
Malaria,investigation,2
Malaria,drug_of_choice,1
Malaria,image_identification,1
Malaria Life Cycle,mechanism,1
Malaria prevention,other,1
Male Genital System,other,1
Male Genital System Anatomy,anatomy_structure,1
Male Genitourinary System,anatomy_structure,1
Male Sexual Dysfunction,management,2
Male genitourinary,anatomy_structure,1
Male pelvis,anatomy_structure,1
Malignant Hyperthermia,mechanism,1
Malignant Hyperthermia,other,1
Malignant hyperthermia,mechanism,1
Mallampatti classification,other,1
Malposition,management,1
Malpresentation,diagnosis,1
Malpresentation,epidemiology,1
Malpresentation,management,1
Malpresentations,anatomy_structure,1
Management Of Breech Presentation,management,1
Management Of Uterine Fibroids,management,1
Management of Breech Presentation,management,1
Management of poisoning,management,1
Management of uterine fibroids,management,1
Manchester operation,other,1
Mandible,anatomy_structure,1
Mandibular Nerve Branches,anatomy_structure,1
Mandibular nerve branches,anatomy_structure,1
Mania,diagnosis,14
Mania,other,3
Mania,drug_of_choice,1
Mania,mechanism,1
Manner Of Death,diagnosis,2
Manner of death,diagnosis,2
Mapleson Systems,other,1
Marasmus,mechanism,1
Marfan Syndrome,diagnosis,1
Marfan syndrome,diagnosis,2
Marking Nut,other,1
Mask Ventilation,diagnosis,1
Mass drug administration,drug_of_choice,1
Mastectomy,anatomy_structure,1
Mastectomy,other,1
Masticatory Muscles,anatomy_structure,1
Mastocytosis,diagnosis,1
Mastoid Surgery,management,2
Mastoid surgery,management,3
Mastoidectomy,management,2
Maternal & Child Health,other,1
Maternal Age,epidemiology,1
Maternal And Child Health,epidemiology,7
Maternal And Child Health,other,5
Maternal And Child Health,management,2
Maternal Cardiac Disease,diagnosis,1
Maternal Health,epidemiology,6
Maternal Health,other,5
Maternal Health,management,1
Maternal Health Indicators,epidemiology,2
Maternal Health Programs,other,1
Maternal Health Services,epidemiology,1
Maternal Mortality,epidemiology,6
Maternal Mortality,other,1
Maternal Mortality Ratio,epidemiology,3
Maternal Physiological Changes,diagnosis,1
Maternal Physiology,mechanism,1
Maternal Physiology,other,1
Maternal Serum Screening,investigation,1
Maternal and Child Health,epidemiology,12
Maternal and Child Health,other,8
Maternal and Child Health,management,6
Maternal and child health,other,4
Maternal and child health,epidemiology,1
Maternal cardiac disease,diagnosis,1
Maternal diabetes,diagnosis,1
Maternal factors,other,1
Maternal health,epidemiology,3
Maternal health,management,1
Maternal mortality,epidemiology,3
Maternal mortality,mechanism,1
Maternal physiological changes,diagnosis,1
Maternal physiology,epidemiology,1
Maternal physiology,mechanism,1
Maternal vegetarian,other,1
Maternal-Fetal Antibody Transfer,mechanism,1
Maternal-Fetal Immunity,mechanism,1
Maxillary Artery,anatomy_structure,1
Maxillary Sinus,epidemiology,1
Maxillary sinus,anatomy_structure,3
Maxillary sinusitis,management,1
Maxillofacial Surgery,anatomy_structure,1
Mayer-Rokitansky-Küster-Hauser Syndrome,diagnosis,1
Mayer-Rokitansky-Küster-Hauser syndrome,diagnosis,1
McKeown's Theory,other,1
Mch Programme,management,1
Mch Services,epidemiology,1
Mckeown'S Theory,other,1
Measles,epidemiology,4
Measles,other,3
Measles,diagnosis,2
Measles Virus,diagnosis,1
Measures Of Association,other,2
Measures Of Central Tendency,other,1
Measures Of Disease Frequency,other,2
Measures Of Disease Frequency,epidemiology,1
Measures Of Disease Transmission,epidemiology,1
Measures Of Dispersion,other,1
Measures Of Skewness,other,1
Measures of Association,other,2
Measures of Central Tendency,other,1
Measures of Disease Frequency,other,2
Measures of Disease Frequency,epidemiology,1
Measures of Disease Transmission,epidemiology,1
Measures of Dispersion,other,1
Measures of Skewness,other,1
Mechanical Asphyxia,diagnosis,2
Mechanical Asphyxia,other,2
Mechanical Injuries,mechanism,4
Mechanical Injuries,other,4
Mechanical Injuries,diagnosis,3
Mechanical Injuries,image_identification,1
Mechanical Ventilation,mechanism,3
Mechanical asphyxia,diagnosis,2
Mechanical asphyxia,other,2
Mechanical injuries,mechanism,4
Mechanical injuries,other,3
Mechanical injuries,image_identification,1
Mechanical ventilators,mechanism,1
Mechanism of Action,mechanism,6
Mechanism of action,mechanism,3
Mechanoreceptors,mechanism,3
Mechanotransduction,mechanism,1
Meckel's diverticulum,other,1
Meconium Ileus,diagnosis,1
Meconium Peritonitis,diagnosis,1
Meconium ileus,diagnosis,1
Meconium peritonitis,diagnosis,1
Median Nerve,anatomy_structure,1
Mediastinal Compartments,anatomy_structure,3
Mediastinal Disorders,diagnosis,1
Mediastinal Masses,diagnosis,1
Mediastinum,anatomy_structure,6
Mediastinum,image_identification,1
Medical Abortion,drug_of_choice,1
Medical Devices,other,2
Medical Entomology,other,3
Medical Entomology,image_identification,1
Medical Ethics,other,5
Medical Ethics,management,1
Medical Ethics And Law,other,1
Medical Ethics and Law,other,3
Medical Jurisprudence,other,82
Medical Jurisprudence,management,2
Medical Jurisprudence,diagnosis,1
Medical Jurisprudence,image_identification,1
Medical Jurisprudence,investigation,1
Medical Law,other,2
Medical Legislation,other,3
Medical Management,drug_of_choice,1
Medical Management,management,1
Medical Negligence,other,10
Medical Signs,image_identification,1
Medical entomology,epidemiology,2
Medical ethics,management,1
Medical ethics,other,1
Medical gases,other,2
Medical jurisprudence,other,10
Medical legislation,other,3
Medical qualifications,other,3
Medico Legal Injuries,other,1
Medico-Legal Aspects Of Birth,other,1
Medico-Legal Autopsy,other,1
Medico-Legal Examination,investigation,1
Medico-legal Aspects of Birth,other,1
Medico-legal Examination,investigation,1
Medico-legal definitions,other,1
Medico-legal investigations,investigation,1
Medicolegal Autopsy,other,3
Medicolegal Examination,other,1
Medicolegal Jurisprudence,other,1
Medicolegal Radiology,investigation,1
Medicolegal Terminology,other,1
Medicolegal autopsy,other,1
Medicolegal jurisprudence,other,1
Megaloblastic Anemia,diagnosis,2
Megaloblastic Anemia,other,1
Megaloblastic anemia,diagnosis,2
Megaloblastic anemia,mechanism,1
Megaloblastic anemia,other,1
Meigs syndrome,diagnosis,1
Meiosis,mechanism,2
Melanin Synthesis,mechanism,1
Melanin synthesis,mechanism,1
Melanocytic Naevus,diagnosis,1
Melanocytic nevi,diagnosis,1
Melanoma,diagnosis,3
Melanoma,management,2
Melanoma,epidemiology,1
Melasma,diagnosis,1
Melioidosis,other,1
Membrane Physiology,mechanism,1
Membrane Potential,mechanism,1
Membrane Potential,other,1
Membrane Potentials,mechanism,1
Membrane Potentials,other,1
Membrane Transport,mechanism,14
Membrane Transport,other,2
Membrane Transport,image_identification,1
Membrane biology,other,2
Membrane physiology,mechanism,2
Membrane potential,mechanism,1
Membrane potentials,mechanism,1
Membrane receptors,mechanism,1
Membrane transport,mechanism,4
Memory,management,1
Men Syndromes,other,1
Mendelian Inheritance,other,1
Meniere Disease,management,3
Meniere Disease,drug_of_choice,1
Meniere'S Disease,drug_of_choice,1
Meniere'S Disease,other,1
Meniere's disease,drug_of_choice,1
Meniere's disease,other,1
Meningeal irritation,diagnosis,1
Meninges,anatomy_structure,2
Meningitis,diagnosis,7
Meningitis,drug_of_choice,2
Meningitis,investigation,2
Meningitis,management,1
Meningococcal Disease Control,drug_of_choice,1
Meningococcal Vaccine,other,1
Meningococcal meningitis,drug_of_choice,1
Meningococcal vaccine,management,1
Meningococcal vaccine,other,1
Meniscal Injuries,mechanism,1
Meniscal injuries,mechanism,1
Menopausal Hormone Therapy,management,2
Menopause,management,7
Menopause,other,4
Menopause,diagnosis,3
Menopause,drug_of_choice,1
Menopause,epidemiology,1
Menopause,mechanism,1
Menopause Management,management,3
Menopause management,management,1
Menorrhagia,diagnosis,1
Menorrhagia,management,1
Menorrhagia Management,management,1
Menstrual Cycle,other,4
Menstrual Cycle,investigation,2
Menstrual Cycle,mechanism,1
Menstrual Cycle Disorders,diagnosis,1
Menstrual Cycle Hormones,mechanism,1
Menstrual Cycle Physiology,other,1
Menstrual Disorders,other,25
Menstrual Disorders,diagnosis,5
Menstrual Disorders,management,3
Menstrual Disorders,drug_of_choice,1
Menstrual Disorders,investigation,1
Menstrual Regulation,management,1
Menstrual cycle,other,5
Menstrual cycle,mechanism,1
Menstrual physiology,mechanism,1
Menstrual regulation,management,1
Mental Health,other,3
Mental Health Act,other,2
Mental Health Law,other,1
Mental Health Legislation,other,1
Mental Healthcare Act,other,2
Mental Healthcare Act 2017,other,1
Mental State Examination,other,2
Mental Status Examination,other,3
Mental health,diagnosis,1
Mental health evaluation,management,1
Mental retardation,diagnosis,1
Mental state examination,other,1
Mental status examination,other,1
Mentzer index,diagnosis,1
Mesenteric Ischemia,diagnosis,1
Mesenteric Vessels,anatomy_structure,1
Mesenteric injury,management,1
Mesenteric vessels,anatomy_structure,1
Mesenteries,anatomy_structure,2
Mesh Anchoring,anatomy_structure,1
Mesothelioma,epidemiology,1
Mesothelioma,investigation,1
Metaboelic Disorders,other,2
Metabolic Acidosis,diagnosis,2
Metabolic Acidosis,mechanism,2
Metabolic Bone Disease,diagnosis,11
Metabolic Bone Disease,image_identification,2
Metabolic Bone Disease,mechanism,2
Metabolic Bone Disease,other,2
Metabolic Bone Diseases,diagnosis,3
Metabolic Bone Diseases,drug_of_choice,1
Metabolic Bone Disorders,diagnosis,2
Metabolic Changes,diagnosis,1
Metabolic Cycles Linkage,mechanism,1
Metabolic Disorders,diagnosis,25
Metabolic Disorders,other,11
Metabolic Disorders,mechanism,9
Metabolic Disorders,investigation,2
Metabolic Disorders,management,1
Metabolic Emergencies,management,1
Metabolic Encephalopathy,investigation,1
Metabolic Liver Diseases,diagnosis,1
Metabolic Pathways,mechanism,3
Metabolic Regulation,mechanism,1
Metabolic Skin Manifestations,diagnosis,1
Metabolic Syndrome,diagnosis,2
Metabolic Syndrome,epidemiology,1
Metabolic Syndrome,other,1
Metabolic acidosis,diagnosis,2
Metabolic acidosis,mechanism,1
Metabolic bone disease,diagnosis,8
Metabolic bone disease,image_identification,2
Metabolic bone disease,mechanism,1
Metabolic disorders,diagnosis,7
Metabolic disorders,other,5
Metabolic disorders,mechanism,4
Metabolic disorders,investigation,1
Metabolic emergencies,diagnosis,1
Metabolic emergencies,other,1
Metabolic syndrome,other,1
Metabolism Disorders,mechanism,1
Metal Poisoning,diagnosis,7
Metal Poisoning,other,1
Metal poisoning,diagnosis,3
Metal toxicity,diagnosis,1
Metalloproteinases,other,1
Metastasis,mechanism,2
Metastasis,diagnosis,1
Metastasis,investigation,1
Metastasis,other,1
Metastasis Imaging,investigation,1
Metastatic Carcinoma,diagnosis,1
Meteorology,other,1
Methanol poisoning,drug_of_choice,1
Methanol poisoning,mechanism,1
Methemoglobinemia,mechanism,2
Methotrexate,drug_of_choice,1
Metronidazole,management,1
Metronidazole Interactions,other,1
Metropathic hemorrhagica,epidemiology,1
Mevalonate Pathway,mechanism,1
Mevalonate pathway,mechanism,1
Mhc Class I,anatomy_structure,1
Mhc Class Ii Expression,other,1
Microanatomy,anatomy_structure,1
Microangiopathic Hemolytic Anemia,diagnosis,2
Microangiopathic Hemolytic Anemia,mechanism,1
Microbial Pathogenesis,other,4
Microbial Preservation,other,1
Microbial pathogenesis,other,4
Microbiology,diagnosis,202
Microbiology,other,69
Microbiology,mechanism,68
Microbiology,investigation,57
Microbiology,epidemiology,44
Microbiology,management,34
Microbiology,drug_of_choice,13
Microbiology,image_identification,13
Microbiology,anatomy_structure,4
Microbiology basics,other,1
Microbiology principles,other,1
Microcalcification,image_identification,1
Microcirculation,anatomy_structure,2
Microcirculation,image_identification,1
Microcirculation,mechanism,1
Microcirculation,other,1
Microcytic anemia,investigation,2
Micronutrient Deficiencies,diagnosis,1
Micronutrient Deficiency,diagnosis,2
Micronutrient deficiency,diagnosis,2
Micronutrients,other,6
Microscopic Anatomy,image_identification,1
Microscopic Polyangiitis,diagnosis,1
Microscopic polyangiitis,diagnosis,2
Microscopy,anatomy_structure,1
Microscopy,investigation,1
Microscopy,other,1
Microtubules,investigation,1
Micro‑incision surgery,other,1
Midbrain lesions,diagnosis,1
Middle Ear,anatomy_structure,11
Middle Ear,other,1
Middle Ear Diseases,diagnosis,1
Middle Ear Disorders,image_identification,1
Middle ear,anatomy_structure,10
Middle ear diseases,diagnosis,1
Middle genicular artery,anatomy_structure,1
Mifepristone,mechanism,1
Mifepristone Dosage,other,1
Migraine,drug_of_choice,4
Migraine,other,2
Migraine Management,drug_of_choice,1
Migraine Prophylaxis,drug_of_choice,1
Migraine prophylaxis,drug_of_choice,1
Milestones,other,2
Miliaria,diagnosis,3
Miliaria,mechanism,1
Miliary Pattern,diagnosis,1
Miliary TB,mechanism,1
Mineral Metabolism,mechanism,4
Mineral homeostasis,other,1
Mineral metabolism,mechanism,2
Mineral metabolism,diagnosis,1
Minerals,mechanism,2
Minerals,other,1
Minimal Change Disease,diagnosis,1
Minimal change disease,diagnosis,1
Mirena,other,1
Miscellaneous,other,1
Miscellaneous Disorders,other,3
Mitochondria,anatomy_structure,1
Mitochondrial Diseases,diagnosis,1
Mitochondrial Disorders,diagnosis,2
Mitochondrial Shuttle,mechanism,1
Mitochondrial disorders,diagnosis,1
Mitral stenosis,drug_of_choice,1
Molecular Chaperones,mechanism,1
Molecular Chaperones,other,1
Molecular Diagnostics,investigation,4
Molecular Mimicry,mechanism,1
Molecular Motors,other,1
Molecular Pathology,mechanism,4
Molecular Pathology,diagnosis,1
Molecular Pathology,management,1
Molecular Pathology,other,1
Molecular Targeted Therapy,mechanism,1
Molecular chaperones,other,2
Molecular diagnostics,investigation,4
Molecular pathology,mechanism,7
Molecular pathology,other,1
Molecular targeted therapy,mechanism,2
Molecular targets,drug_of_choice,1
Molluscum Contagiosum,diagnosis,1
Molluscum contagiosum,diagnosis,1
Monitoring,investigation,2
Monitoring,other,1
Monoclonal Antibodies,mechanism,2
Monoclonal antibodies,mechanism,1
Mood Disorders,diagnosis,24
Mood Disorders,other,7
Mood Disorders,mechanism,6
Mood Disorders,drug_of_choice,4
Mood Disorders,management,4
Mood Disorders,epidemiology,2
Mood Stabilizers,other,2
Mood Stabilizers,diagnosis,1
Mood Stabilizers,management,1
Mood Stabilizers,mechanism,1
Mood stabilizers,diagnosis,1
Mood stabilizers,drug_of_choice,1
Mood stabilizers,management,1
Morbid Obesity Surgery,other,1
Morbidity indicators,epidemiology,1
Morbidity measures,other,1
Mortality,epidemiology,3
Mortality Indicators,epidemiology,6
Mortality Indicators,other,1
Mortality Rates,epidemiology,2
Mortality indicators,epidemiology,3
Mortality indicators,other,1
Mortality measures,other,2
Mosaicism,epidemiology,1
Mosquito,anatomy_structure,1
Mosquito Control,management,1
Mother-infant bonding,other,1
Motility Disorders,diagnosis,2
Motility disorders,diagnosis,1
Motion Sickness,drug_of_choice,1
Motor Neuron Disease,anatomy_structure,1
Motor Pathways,mechanism,1
Motor System,mechanism,1
Motor milestones,other,1
Motor pathways,anatomy_structure,1
Motor pathways,mechanism,1
Motor response,other,1
Movement Disorder Treatment,drug_of_choice,1
Movement Disorders,diagnosis,7
Movement Disorders,drug_of_choice,7
Movement disorder,diagnosis,1
Movement disorder treatment,drug_of_choice,1
Movement disorders,anatomy_structure,1
Movement disorders,diagnosis,1
Moyamoya Disease,image_identification,1
Moyamoya disease,image_identification,1
Mrcp,image_identification,1
Mri Safety,investigation,2
Mrsa,mechanism,1
Mtp Act,other,1
Mucocutaneous disorders,diagnosis,2
Mucopolysaccharidoses,diagnosis,1
Mucopolysaccharidoses,mechanism,1
Mucopolysaccharidosis,diagnosis,2
Mucopolysaccharidosis,investigation,1
Mucopolysaccharidosis,mechanism,1
Mucormycosis,diagnosis,1
Mucosal folds,anatomy_structure,1
Mucosal immunity,other,1
Mullerian Anomalies,image_identification,1
Mullerian anomalies,image_identification,1
Multiple Gestation,other,2
Multiple Myeloma,investigation,2
Multiple Myeloma,other,2
Multiple Myeloma,epidemiology,1
Multiple Pregnancies,other,1
Multiple Sclerosis,management,5
Multiple Sclerosis,diagnosis,1
Multiple Sclerosis,epidemiology,1
Multiple sclerosis,other,2
Multiple sclerosis,diagnosis,1
Multiple sclerosis,management,1
Mummification,other,1
Mumps,epidemiology,1
Mumps,other,1
Muscarinic Antagonists,mechanism,1
Muscarinic Antagonists,other,1
Muscarinic Receptors,mechanism,1
Muscarinic agonists,mechanism,1
Muscarinic antagonists,mechanism,1
Muscarinic antagonists,other,1
Muscle Anatomy,anatomy_structure,2
Muscle Anatomy,image_identification,1
Muscle Attachments,anatomy_structure,1
Muscle Diseases,diagnosis,1
Muscle Fiber Types,anatomy_structure,1
Muscle Innervation,anatomy_structure,1
Muscle Necrosis,mechanism,1
Muscle Pathology,diagnosis,1
Muscle Physiology,mechanism,16
Muscle Physiology,other,6
Muscle Physiology,anatomy_structure,5
Muscle Receptors,mechanism,1
Muscle Relaxants,mechanism,2
Muscle Relaxants,drug_of_choice,1
Muscle Spindles,anatomy_structure,1
Muscle Tissue,anatomy_structure,1
Muscle anatomy,anatomy_structure,3
Muscle examination,anatomy_structure,1
Muscle fiber types,anatomy_structure,1
Muscle function,anatomy_structure,1
Muscle function,mechanism,1
Muscle innervation,anatomy_structure,1
Muscle necrosis,mechanism,1
Muscle pathology,diagnosis,1
Muscle physiology,mechanism,5
Muscle physiology,other,3
Muscle relaxants,drug_of_choice,2
Muscle spindles,anatomy_structure,1
Muscle tissue,anatomy_structure,1
Muscles,anatomy_structure,15
Muscles Of The Head And Neck,anatomy_structure,1
Muscles Of The Head And Neck,mechanism,1
Muscles of the head and neck,anatomy_structure,1
Muscles of the head and neck,mechanism,1
Muscular Dystrophies,diagnosis,1
Muscular Dystrophies,other,1
Musculocutaneous nerve,anatomy_structure,1
Musculoskeletal,anatomy_structure,1
Musculoskeletal,diagnosis,1
Musculoskeletal Anatomy,anatomy_structure,7
Musculoskeletal Anatomy,image_identification,1
Musculoskeletal Disorders In Children,other,2
Musculoskeletal Imaging,image_identification,2
Musculoskeletal Imaging,diagnosis,1
Musculoskeletal Imaging,investigation,1
Musculoskeletal Pathology,diagnosis,1
Musculoskeletal Pharmacology,mechanism,2
Musculoskeletal Pharmacology,management,1
Musculoskeletal Radiology,image_identification,4
Musculoskeletal Radiology,investigation,3
Musculoskeletal Radiology,diagnosis,2
Musculoskeletal Radiology,other,1
Musculoskeletal System,anatomy_structure,7
Musculoskeletal System,diagnosis,2
Musculoskeletal System,image_identification,2
Musculoskeletal Tuberculosis,other,1
Musculoskeletal anatomy,anatomy_structure,1
Musculoskeletal pathology,image_identification,1
Musculoskeletal radiology,investigation,3
Musculoskeletal radiology,diagnosis,1
Musculoskeletal radiology,other,1
Musculoskeletal system,anatomy_structure,1
Mutation,mechanism,2
Mutations,other,1
Myasthenia Gravis,diagnosis,4
Myasthenia Gravis,investigation,1
Mycetoma,diagnosis,2
Mycetoma,other,1
Mycobacteria,investigation,1
Mycobacteria,other,1
Mycobacterium tuberculosis,other,1
Mycology,diagnosis,52
Mycology,other,39
Mycology,investigation,16
Mycology,epidemiology,3
Mycology,image_identification,3
Mycology,mechanism,2
Mycology,drug_of_choice,1
Mycoplasma,mechanism,3
Mycoplasma,investigation,1
Mycoplasma,other,1
Myelination,anatomy_structure,1
Myelodysplastic Syndromes,diagnosis,1
Myelodysplastic Syndromes,epidemiology,1
Myelodysplastic Syndromes,other,1
Myelodysplastic syndromes,diagnosis,1
Myelodysplastic syndromes,epidemiology,1
Myelofibrosis,diagnosis,1
Myeloid Neoplasms,investigation,1
Myeloproliferative Disorders,diagnosis,1
Myeloproliferative Neoplasms,diagnosis,4
Myeloproliferative Neoplasms,investigation,2
Myeloproliferative Neoplasms,mechanism,2
Myeloproliferative Neoplasms,other,1
Myeloproliferative neoplasms,mechanism,2
Myeloproliferative neoplasms,other,2
Myeloproliferative neoplasms,diagnosis,1
Myeloproliferative neoplasms,investigation,1
Myocardial Infarction,other,3
Myocardial Sensitization,mechanism,1
Myocardial infarction,diagnosis,2
Myocardial infarction,investigation,1
Myocardial infarction,other,1
Myometrium,anatomy_structure,1
Myopia,diagnosis,5
Myopia,epidemiology,1
Myopia,management,1
Myopic Astigmatism,other,1
Myositis Ossificans,anatomy_structure,1
Myositis Ossificans,management,1
Myositis ossificans,management,1
Myringoplasty,management,1
NACO,management,1
NADPH,mechanism,1
NADPH Metabolism,mechanism,1
NADPH Production,mechanism,1
NADPH Production,other,1
NMDA receptors,mechanism,2
NREM sleep,other,1
NSAIDs,mechanism,3
NSAIDs,drug_of_choice,2
NSAIDs,other,1
Nabothian Cyst,other,1
Nadph Metabolism,mechanism,1
Nadph Production,other,1
Nail Disorders,diagnosis,8
Nail Disorders,image_identification,1
Nail Disorders,mechanism,1
Nail disease,diagnosis,1
Nail disease,other,1
Nail disorders,diagnosis,7
Nail disorders,mechanism,1
Nail dystrophy,diagnosis,1
Narcissistic Personality Disorder,diagnosis,1
Narcolepsy,other,1
Nasal Anatomy,anatomy_structure,2
Nasal Anatomy,management,1
Nasal And Paranasal Sinus Disorders,image_identification,1
Nasal Bleeding,anatomy_structure,1
Nasal Cavity,anatomy_structure,6
Nasal Cavity,diagnosis,1
Nasal Discharge,diagnosis,1
Nasal Foreign Body,other,1
Nasal Myiasis,other,1
Nasal Neoplasms,other,1
Nasal Polyposis,diagnosis,1
Nasal Polyposis,management,1
Nasal Polyps,management,6
Nasal Septum,anatomy_structure,1
Nasal Septum,diagnosis,1
Nasal Septum Perforation,other,1
Nasal Septum Surgery,management,2
Nasal Surgery,image_identification,3
Nasal Surgery,management,2
Nasal anatomy,anatomy_structure,1
Nasal and paranasal sinus disorders,image_identification,1
Nasal cavity,anatomy_structure,2
Nasal cavity,investigation,1
Nasal discharge,diagnosis,1
Nasal foreign body,other,1
Nasal myiasis,other,1
Nasal polyps,management,2
Nasal polyps,diagnosis,1
Nasal septum,anatomy_structure,1
Nasal septum,diagnosis,1
Nasal septum,management,1
Nasal septum perforation,other,1
Nasal septum surgery,management,1
Nasal surgery,management,3
Nasal surgery,anatomy_structure,2
Nasal surgery,image_identification,1
Nasolacrimal Duct Obstruction,management,1
Nasolacrimal duct obstruction,management,1
Nasolacrimal obstruction,anatomy_structure,1
Nasolacrimal obstruction,diagnosis,1
Nasolacrimal obstruction,management,1
Nasopharyngeal Angiofibroma,investigation,1
Nasopharyngeal Carcinoma,diagnosis,1
Nasopharyngeal carcinoma,management,1
Nasopharynx,anatomy_structure,4
Nasopharynx,image_identification,1
Nasopharynx,investigation,1
Nasopharynx,management,1
Nasopharynx Anatomy,anatomy_structure,1
Natalizumab,other,1
National AIDS Control Programme,management,1
National Aids Control Programme,management,1
National Cancer Control Programme,management,1
National Family Health Survey,epidemiology,1
National Health Missions,other,1
National Health Programme,drug_of_choice,1
National Health Programs,other,46
National Health Programs,epidemiology,12
National Health Programs,management,5
National Health Programs,image_identification,2
National Program For Control Of Blindness,epidemiology,1
National Program for Control of Blindness,epidemiology,1
National Programme For Control Of Blindness,management,1
National Programme for Control of Blindness,management,1
National Screening Programs,other,1
National TB Elimination Program,other,1
National Tb Elimination Program,other,1
National Tuberculosis Control,diagnosis,2
Natural Family Planning,other,1
Natural family planning,other,1
Neck Anatomy,anatomy_structure,6
Neck Dissection,anatomy_structure,2
Neck Dissection,management,2
Neck Injuries,anatomy_structure,1
Neck Injuries,diagnosis,1
Neck Injuries,other,1
Neck Mass Evaluation,investigation,1
Neck Masses,diagnosis,3
Neck Radiography,image_identification,1
Neck Swellings,diagnosis,1
Neck Swellings,investigation,1
Neck Triangles,anatomy_structure,1
Neck Vasculature,anatomy_structure,1
Neck anatomy,anatomy_structure,1
Neck injuries,diagnosis,1
Neck masses,diagnosis,2
Neck masses,management,1
Neck muscles,anatomy_structure,3
Neck radiography,image_identification,1
Necrobacillosis,mechanism,1
Necrosis,mechanism,2
Necrotizing Fasciitis,management,1
Negative Pressure Wound Therapy,management,1
Negative pressure therapy,management,1
Negative pressure wound therapy,management,1
Neglected Tropical Diseases,other,1
Neisseria,diagnosis,4
Neisseria,investigation,1
Neisseria,mechanism,1
Neisseria,other,1
Neisseria Gonorrhoeae,diagnosis,2
Neisseria Gonorrhoeae,mechanism,1
Neisseria Meningitidis Vaccine,other,1
Neisseria gonorrhoeae,diagnosis,2
Neisseria gonorrhoeae,mechanism,1
Neisseria meningitidis vaccine,other,1
Nematodes,other,4
Nematodes,diagnosis,3
Neonatal Anemia,diagnosis,1
Neonatal Bradycardia,diagnosis,1
Neonatal Care,management,3
Neonatal Care,anatomy_structure,1
Neonatal Dermatology,diagnosis,1
Neonatal Dermatology,other,1
Neonatal Disorders,anatomy_structure,1
Neonatal Disorders,mechanism,1
Neonatal Encephalopathy,diagnosis,1
Neonatal Eye Disease,other,1
Neonatal GI Disorders,diagnosis,1
Neonatal GI disorders,diagnosis,1
Neonatal Gi Disorders,diagnosis,2
Neonatal HIV Management,management,1
Neonatal Head Swelling,diagnosis,1
Neonatal Hiv Management,management,1
Neonatal Hyperbilirubinemia,management,1
Neonatal Hypoglycemia,management,1
Neonatal Hypothyroidism,investigation,1
Neonatal Immunity,other,1
Neonatal Injuries,diagnosis,1
Neonatal Intestinal Obstruction,diagnosis,1
Neonatal Jaundice,diagnosis,2
Neonatal Jaundice,management,1
Neonatal Meningitis,diagnosis,1
Neonatal Mortality,epidemiology,1
Neonatal Ophthalmology,epidemiology,1
Neonatal Resuscitation,management,9
Neonatal Resuscitation,drug_of_choice,2
Neonatal Seizures,diagnosis,2
Neonatal Sepsis,diagnosis,1
Neonatal Skin,other,1
Neonatal Skin Conditions,other,2
Neonatal Skin Conditions,diagnosis,1
Neonatal Skin Disorders,diagnosis,1
Neonatal Skin Disorders,mechanism,1
Neonatal Surgery,investigation,1
Neonatal Surgical Conditions,image_identification,1
Neonatal care,anatomy_structure,1
Neonatal care,management,1
Neonatal deaths,epidemiology,1
Neonatal dermatology,diagnosis,1
Neonatal diagnosis,investigation,2
Neonatal examination,other,2
Neonatal head swelling,diagnosis,1
Neonatal intestinal obstruction,diagnosis,2
Neonatal jaundice,diagnosis,1
Neonatal jaundice,management,1
Neonatal meningitis,diagnosis,1
Neonatal metabolism,other,1
Neonatal physiology,mechanism,1
Neonatal resuscitation,drug_of_choice,1
Neonatal skin conditions,diagnosis,1
Neonatal skin disorders,diagnosis,1
Neonatal skin disorders,mechanism,1
Neonatal transport,management,1
Neonatology,diagnosis,153
Neonatology,other,81
Neonatology,management,76
Neonatology,epidemiology,32
Neonatology,mechanism,20
Neonatology,image_identification,16
Neonatology,investigation,10
Neonatology,anatomy_structure,7
Neonatology,drug_of_choice,5
Neoplasia,other,167
Neoplasia,diagnosis,127
Neoplasia,epidemiology,48
Neoplasia,mechanism,34
Neoplasia,investigation,33
Neoplasia,image_identification,24
Neoplasia,management,12
Neoplasia,anatomy_structure,6
Neoplasms,diagnosis,2
Neoplasms,other,1
Neostigmine,management,1
Nephritic syndrome,diagnosis,1
Nephritic syndrome,epidemiology,1
Nephritic syndrome,mechanism,1
Nephritic syndrome,other,1
Nephrocalcinosis,diagnosis,1
Nephrogenic Diabetes Insipidus,diagnosis,1
Nephrogenic diabetes insipidus,other,1
Nephrolithiasis,diagnosis,1
Nephrology,diagnosis,53
Nephrology,other,36
Nephrology,management,13
Nephrology,investigation,12
Nephrology,mechanism,11
Nephrology,drug_of_choice,3
Nephrology,epidemiology,3
Nephrology,image_identification,1
Nephron,mechanism,1
Nephron Physiology,mechanism,1
Nephron Transport,mechanism,1
Nephrosclerosis,diagnosis,1
Nephrotic Syndrome,other,2
Nephrotic syndrome,other,4
Nephrotic syndrome,mechanism,2
Nephrotoxic Drugs,other,1
Nephrotoxic drugs,other,1
Nephrotoxicity,diagnosis,2
Nephrotoxicity,other,2
Nephrotoxicity,mechanism,1
Nernst equation,other,1
Nerve And Muscle,mechanism,1
Nerve Blocks,anatomy_structure,1
Nerve Compression,diagnosis,1
Nerve Conduction,mechanism,1
Nerve Conduction,other,1
Nerve Excitability,mechanism,1
Nerve Fiber Classification,anatomy_structure,1
Nerve Fiber Classification,other,1
Nerve Fiber Properties,mechanism,1
Nerve Fiber Types,other,1
Nerve Fibers,mechanism,1
Nerve Injuries,anatomy_structure,3
Nerve Injuries,other,1
Nerve Injury,mechanism,3
Nerve Injury,anatomy_structure,1
Nerve Injury,diagnosis,1
Nerve Injury,other,1
Nerve Innervation,anatomy_structure,1
Nerve Muscle,other,16
Nerve Muscle,mechanism,3
Nerve Physiology,mechanism,3
Nerve Root,anatomy_structure,1
Nerve Supply,anatomy_structure,2
Nerve and muscle,mechanism,1
Nerve entrapment,image_identification,1
Nerve fiber classification,other,1
Nerve graft,anatomy_structure,1
Nerve injuries,anatomy_structure,1
Nerve injuries,diagnosis,1
Nerve injury,anatomy_structure,4
Nerve injury classification,other,1
Nerve involvement,other,1
Nerves,anatomy_structure,3
Nervous Tissue,other,1
Nervous system pathology,image_identification,1
Nervous tissue,anatomy_structure,1
Neural Crest,anatomy_structure,1
Neural Tube Defects,diagnosis,3
Neural Tube Defects,epidemiology,1
Neural Tube Defects,investigation,1
Neural Tube Defects,management,1
Neural Tube Defects,mechanism,1
Neural crest,anatomy_structure,1
Neural crest,mechanism,1
Neural tube defects,diagnosis,2
Neural tube defects,epidemiology,1
Neural tube defects,investigation,1
Neural tube defects,management,1
Neural tube defects,mechanism,1
Neuraminidase inhibitors,mechanism,1
Neuraxial Block,other,1
Neuraxial Blockade,diagnosis,1
Neuraxial block,other,1
Neuraxial blockade,diagnosis,1
Neuro Ophthalmology,other,3
Neuro-Oncology,diagnosis,2
Neuro-Otology,anatomy_structure,1
Neuro-oncology,diagnosis,2
Neuro-oncology,epidemiology,1
Neuro-ophthalmology,diagnosis,31
Neuro-ophthalmology,anatomy_structure,10
Neuro-ophthalmology,image_identification,6
Neuro-ophthalmology,investigation,3
Neuro-ophthalmology,mechanism,3
Neuro-ophthalmology,other,1
Neuro-otology,anatomy_structure,2
Neuroanaesthesia,management,1
Neuroanatomy,anatomy_structure,411
Neuroanatomy,diagnosis,50
Neuroanatomy,other,45
Neuroanatomy,mechanism,26
Neuroanatomy,image_identification,21
Neuroanatomy,investigation,4
Neurobiochemistry,other,1
Neuroblastoma,diagnosis,3
Neurocognitive Disorders,diagnosis,3
Neurocognitive Disorders,other,1
Neurocognitive disorders,diagnosis,2
Neurocutaneous Disorders,diagnosis,2
Neurocutaneous Syndromes,diagnosis,6
Neurocutaneous Syndromes,other,2
Neurocutaneous disorders,diagnosis,1
Neurocutaneous syndromes,diagnosis,2
Neurocutaneous syndromes,other,1
Neurocysticercosis,diagnosis,1
Neurodegenerative Diseases,diagnosis,1
Neurodegenerative Disorders,diagnosis,3
Neurodegenerative Disorders,epidemiology,1
Neurodegenerative Disorders,image_identification,1
Neurodegenerative diseases,diagnosis,1
Neurodegenerative disorders,diagnosis,3
Neurofibromatosis,diagnosis,9
Neurogenic Bladder,diagnosis,1
Neurogenic claudication,diagnosis,1
Neurohypophysis,anatomy_structure,1
Neuroimaging,image_identification,10
Neuroimaging,diagnosis,6
Neuroimaging,investigation,5
Neuroimaging Findings,diagnosis,1
Neuroimaging findings,diagnosis,1
Neurolathyrism,other,2
Neuroleptic Malignant Syndrome,drug_of_choice,1
Neuroleptic Malignant Syndrome,management,1
Neuroleptic malignant syndrome,drug_of_choice,1
Neuroleptic malignant syndrome,management,1
Neurological Assessment,diagnosis,1
Neurological Assessment,other,1
Neurological Complications,anatomy_structure,1
Neurological Disorders,diagnosis,2
Neurological Disorders,drug_of_choice,1
Neurological Disorders,investigation,1
Neurological Examination,diagnosis,1
Neurological Examination,other,1
Neurological Symptoms,other,1
Neurological complications,epidemiology,1
Neurological disorders,diagnosis,1
Neurological disorders,investigation,1
Neurological emergencies,management,1
Neurological examination,diagnosis,1
Neurological signs,diagnosis,1
Neurology,diagnosis,120
Neurology,other,113
Neurology,mechanism,25
Neurology,drug_of_choice,15
Neurology,epidemiology,11
Neurology,anatomy_structure,10
Neurology,investigation,10
Neurology,management,9
Neurology,image_identification,4
Neuromuscular Blockade,investigation,2
Neuromuscular Blockade,other,2
Neuromuscular Blockade Monitoring,investigation,1
Neuromuscular Blockers,drug_of_choice,8
Neuromuscular Blockers,mechanism,7
Neuromuscular Blockers,other,4
Neuromuscular Blockers,investigation,1
Neuromuscular Blocking Agents,mechanism,8
Neuromuscular Blocking Agents,other,5
Neuromuscular Blocking Agents,drug_of_choice,3
Neuromuscular Blocking Agents,management,3
Neuromuscular Blocking Agents,investigation,1
Neuromuscular Disorders,mechanism,4
Neuromuscular Disorders,diagnosis,2
Neuromuscular Disorders,investigation,1
Neuromuscular Junction,mechanism,5
Neuromuscular Junction,diagnosis,1
Neuromuscular Junction,drug_of_choice,1
Neuromuscular Junction Disorders,investigation,2
Neuromuscular Monitoring,investigation,2
Neuromuscular Pharmacology,mechanism,2
Neuromuscular Pharmacology,drug_of_choice,1
Neuromuscular Physiology,mechanism,1
Neuromuscular blockers,drug_of_choice,4
Neuromuscular blockers,mechanism,2
Neuromuscular blockers,other,2
Neuromuscular blockers,investigation,1
Neuromuscular blocking agents,mechanism,2
Neuromuscular blocking agents,other,2
Neuromuscular blocking agents,drug_of_choice,1
Neuromuscular disorders,mechanism,2
Neuromuscular disorders,other,2
Neuromuscular disorders,diagnosis,1
Neuromuscular disorders,investigation,1
Neuromuscular junction,mechanism,2
Neuromuscular junction,diagnosis,1
Neuromuscular junction,drug_of_choice,1
Neuromuscular monitoring,investigation,1
Neuromuscular physiology,mechanism,1
Neuromuscular transmission,mechanism,1
Neuropathic Arthropathy,diagnosis,1
Neuropathic arthropathy,diagnosis,1
Neuropathology,diagnosis,10
Neuropathology,other,3
Neuropathology,mechanism,1
Neuropharmacology,mechanism,7
Neuropharmacology,other,3
Neuropharmacology,drug_of_choice,1
Neuropharmacology,management,1
Neurophysiology,mechanism,68
Neurophysiology,other,28
Neurophysiology,anatomy_structure,11
Neurophysiology,investigation,8
Neurophysiology,diagnosis,3
Neurophysiology,image_identification,2
Neuropsychiatric effects,other,1
Neuropsychiatry,diagnosis,3
Neuropsychiatry,other,1
Neuroradiology,image_identification,6
Neuroradiology,investigation,4
Neuroradiology,diagnosis,2
Neuroregression,diagnosis,1
Neurosis,diagnosis,1
Neurosurgery,diagnosis,5
Neurosurgery,other,5
Neurosurgery,management,2
Neurosurgery,drug_of_choice,1
Neurosurgery,epidemiology,1
Neurosurgery,image_identification,1
Neurosurgical emergencies,management,1
Neurosyphilis,other,1
Neurotic Disorders,diagnosis,1
"Neurotic, Stress-Related And Somatofordm Disorders",other,1
"Neurotic, Stress-Related And Somatoform Disorders",other,2
Neurotology,anatomy_structure,2
Neurotology,mechanism,2
Neurotoxins,mechanism,1
Neurotransmitter Biochemistry,mechanism,2
Neurotransmitter Synthesis,mechanism,1
Neurotransmitters,mechanism,12
Neurotransmitters,image_identification,2
Neurotransmitters,other,2
Neurulation,mechanism,1
Neutropenia,diagnosis,1
Neutrophil Left Shift,diagnosis,1
Nevi,image_identification,1
Nevi,other,1
Nevi And Moles,image_identification,2
Nevi and Moles,image_identification,1
Nevus,diagnosis,1
New bone formation,diagnosis,1
Newborn Assessment,diagnosis,1
Newborn Care,management,1
Newborn Transport,management,1
Newborn transport,management,1
Niacin,other,1
Niacin metabolism,mechanism,1
Nicorandil,mechanism,1
Nicotine Dependence,drug_of_choice,1
Nicotine dependence,drug_of_choice,1
Nitric Oxide,mechanism,2
Nitric Oxide,other,1
Nitric Oxide Synthesis,mechanism,1
Nitrogen Metabolism,anatomy_structure,1
Nitrogen Metabolism,mechanism,1
Nitrogen Metabolism,other,1
Nitrogen metabolism,mechanism,1
Nitrous oxide,other,1
Nocardia,diagnosis,1
Nocardiosis,diagnosis,1
Nocturnal Enuresis,management,3
Non-Accidental Injury,diagnosis,1
Non-Communicable Disease Prevention,epidemiology,1
Non-Communicable Diseases,epidemiology,1
Non-accidental injury,diagnosis,1
Non-communicable Disease Prevention,epidemiology,1
Non-communicable Diseases,epidemiology,2
Non-communicable Diseases,other,1
Non-communicable diseases,epidemiology,1
Non-granulomatous uveitis,diagnosis,1
Non-smokers,epidemiology,1
Non-union,mechanism,1
Noncommunicable Diseases,epidemiology,3
Noncommunicable Diseases,management,1
Noncommunicable Diseases,other,1
Nondepolarizing blockers,drug_of_choice,1
Nonstress test,other,1
Nontuberculous Mycobacteria,diagnosis,1
Nontuberculous mycobacteria,diagnosis,1
Normal Distribution,other,2
Normal Flora,mechanism,1
Normal flora,other,4
Normal flora,mechanism,1
Nose & PNS,other,27
Nose & PNS,epidemiology,12
Nose & PNS,management,7
Nose & PNS,diagnosis,6
Nose & PNS,anatomy_structure,5
Nose & PNS,investigation,2
Nose & PNS,drug_of_choice,1
Notochord,anatomy_structure,2
Notochord,mechanism,1
Nrem Sleep,other,1
Nsaids,drug_of_choice,2
Nsaids,mechanism,2
Nsaids,other,1
Nuclear Medicine,investigation,9
Nuclear Medicine,other,3
Nuclear Medicine,mechanism,1
Nuclear Transport,other,1
Nuclear magnetic resonance,investigation,1
Nucleic Acid Metabolism,other,1
Nucleic Acid Structure,other,1
Nucleic Acids,other,8
Nucleic Acids,mechanism,5
Nucleic acids,other,2
Nucleic acids,mechanism,1
Nucleoside Analogues,mechanism,1
Nucleotide Metabolism,mechanism,13
Nucleotide Metabolism,other,3
Nucleotide metabolism,mechanism,4
Nucleotide metabolism,other,1
Nucleotides,other,2
Nugent Score,investigation,1
Numbering Systems,other,1
Nutrient Absorption,mechanism,1
Nutrient absorption,mechanism,2
Nutrition & Health,other,6
Nux Vomica,other,1
Nux vomica,other,1
Nystagmus,mechanism,6
Nystagmus,diagnosis,4
OCP contraindications,management,1
Obesity,other,5
Obesity,management,3
Obesity,epidemiology,2
Obesity,diagnosis,1
Obesity,mechanism,1
Obesity Management,management,1
Oblique popliteal ligament,anatomy_structure,1
Obsessive Compulsive Disorder,diagnosis,2
Obsessive Compulsive Disorder,other,1
Obsessive compulsive disorder,diagnosis,2
Obsessive-Compulsive Disorder,other,8
Obsessive-Compulsive Disorder,diagnosis,1
Obsessive-Compulsive Disorder,management,1
Obsessive-Compulsive Disorder,mechanism,1
Obsessive-Compulsive Spectrum,management,1
Obsessive-compulsive disorder,other,7
Obsessive-compulsive disorder,mechanism,1
Obsessive-compulsive spectrum,management,1
Obstetric Anaesthesia,management,4
Obstetric Analgesia,management,1
Obstetric Anatomy,diagnosis,1
Obstetric Anesthesia,management,1
Obstetric Care,other,1
Obstetric Complications,other,124
Obstetric Complications,diagnosis,72
Obstetric Complications,management,53
Obstetric Complications,anatomy_structure,33
Obstetric Complications,epidemiology,21
Obstetric Complications,mechanism,19
Obstetric Complications,drug_of_choice,11
Obstetric Complications,investigation,11
Obstetric Complications,image_identification,3
Obstetric Emergencies,management,2
Obstetric Emergencies,image_identification,1
Obstetric Hemorrhage,mechanism,1
Obstetric History,other,2
Obstetric Injuries,management,1
Obstetric Legislation,management,1
Obstetric Pelvis,anatomy_structure,2
Obstetric Pharmacology,other,1
Obstetric Procedures,management,3
Obstetric Procedures,other,1
Obstetric Terminology,other,3
Obstetric anaesthesia,management,1
Obstetric anatomy,image_identification,1
Obstetric anesthesia,mechanism,1
Obstetric care,other,1
Obstetric emergencies,management,1
Obstetric examination,other,3
Obstetric hemorrhage,mechanism,1
Obstetric injuries,image_identification,1
Obstetric instruments,image_identification,1
Obstetric maneuvers,management,1
Obstetric pharmacology,drug_of_choice,1
Obstetric pharmacology,management,1
Obstructive Azoospermia,diagnosis,1
Obstructive Lung Disease,diagnosis,3
Obstructive Lung Diseases,diagnosis,1
Obstructive Sleep Apnea,investigation,1
Obstructive Sleep Apnea,other,1
Obstructive lung disease,diagnosis,2
Occupational Deafness,other,2
Occupational Deafness,investigation,1
Occupational Hazards,epidemiology,1
Occupational Health And Safety,other,1
Occupational Health Legislation,other,1
Occupational Health and Safety,other,1
Occupational Lung Disease,diagnosis,1
Occupational Lung Diseases,diagnosis,1
Occupational Lung Diseases,epidemiology,1
Occupational Lung Diseases,other,1
Occupational Medicine,diagnosis,2
Occupational Poisoning,diagnosis,2
Occupational cancers,other,1
Occupational deafness,other,2
Occupational deafness,investigation,1
Occupational diseases,diagnosis,1
Occupational lung disease,diagnosis,2
Occupational poisoning,diagnosis,2
Ocular Adnexa,diagnosis,1
Ocular Adnexa Anatomy,anatomy_structure,1
Ocular Anatomy,anatomy_structure,16
Ocular Anatomy,diagnosis,1
Ocular Biometry,investigation,1
Ocular Drugs,mechanism,1
Ocular Examination,anatomy_structure,1
Ocular Examination,investigation,1
Ocular Imaging,diagnosis,1
Ocular Manifestations,diagnosis,2
Ocular Manifestations Of Systemic Diseases,diagnosis,1
Ocular Manifestations of Systemic Disease,diagnosis,1
Ocular Motility,investigation,2
Ocular Motility,anatomy_structure,1
Ocular Motility,image_identification,1
Ocular Motility & Strabismus,investigation,1
Ocular Motility Disorders,image_identification,1
Ocular Motility Disorders,mechanism,1
Ocular Muscles,anatomy_structure,1
Ocular Oncology,diagnosis,3
Ocular Oncology,epidemiology,2
Ocular Oncology,management,1
Ocular Parasitic Disease,diagnosis,1
Ocular Pathology,diagnosis,2
Ocular Pharmacology,drug_of_choice,3
Ocular Pharmacology,mechanism,3
Ocular Physiology,other,3
Ocular Physiology,anatomy_structure,2
Ocular Physiology,mechanism,1
Ocular Reflexes,mechanism,1
Ocular Signs,diagnosis,1
Ocular Surface Disease,diagnosis,2
Ocular Surface Disease,mechanism,2
Ocular Surface Diseases,diagnosis,1
Ocular Surface Diseases,image_identification,1
Ocular Surface Diseases,other,1
Ocular Surgery,management,1
Ocular anatomy,anatomy_structure,15
Ocular anatomy,mechanism,1
Ocular anesthesia,anatomy_structure,1
Ocular biometry,investigation,1
Ocular diagnosis,diagnosis,1
Ocular examination,anatomy_structure,2
Ocular manifestations,diagnosis,1
Ocular manifestations,investigation,1
Ocular manifestations of phakomatoses,diagnosis,1
Ocular manifestations of systemic diseases,diagnosis,1
Ocular motility,investigation,4
Ocular motility,diagnosis,3
Ocular motility,mechanism,1
Ocular motility,other,1
Ocular motility disorders,diagnosis,1
Ocular motility disorders,management,1
Ocular motility disorders,mechanism,1
Ocular oncology,epidemiology,4
Ocular oncology,management,2
Ocular parasitic disease,diagnosis,1
Ocular pathology,diagnosis,1
Ocular pharmacology,drug_of_choice,2
Ocular pharmacology,mechanism,1
Ocular pharmacology,other,1
Ocular physiology,other,3
Ocular physiology,mechanism,2
Ocular reflexes,mechanism,1
Ocular signs,diagnosis,1
Ocular surface,mechanism,2
Ocular surface,management,1
Ocular surface disease,diagnosis,2
Ocular surface disease,mechanism,2
Ocular surface disorders,anatomy_structure,1
Ocular surface lesions,image_identification,2
Ocular surgery,management,1
Oculocardiac Reflex,management,3
Oculocardiac Reflex,mechanism,1
Oculoplastic Surgery,management,1
Oculoplastic surgery,management,1
Oculoplasty,management,5
Oculoplasty,mechanism,1
Odontogenic Cysts,other,1
Oesophageal Disorders,mechanism,1
Oesophageal Perforation,investigation,1
Oesophageal disorders,mechanism,1
Oesophageal perforation,investigation,1
Olfactory System,anatomy_structure,1
Olfactory system,anatomy_structure,1
Oligohydramnios,diagnosis,4
Oligohydramnios,mechanism,1
Oligohydramnios,other,1
Omental sign,diagnosis,1
Omphalocele,management,1
Onchocerciasis,diagnosis,1
Oncogene,mechanism,1
Oncogenes,mechanism,4
Oncogenes,diagnosis,1
Oncogenic Viruses,diagnosis,1
Oncogenic viruses,diagnosis,1
Oncogenic viruses,other,1
Oncologic Imaging,investigation,1
Oncological Emergencies,management,1
Oncology Drugs,other,2
Oncology Imaging,investigation,1
Oncology Pharmacology,other,1
Oncology Surgery,other,1
Oncotic Pressure,mechanism,1
Oncotic pressure,mechanism,1
One Carbon Metabolism,mechanism,3
Onychomycosis,diagnosis,2
Onychomycosis,drug_of_choice,1
Onychomycosis,other,1
Oogenesis,mechanism,1
Operative Surgery,image_identification,1
Operative Techniques,image_identification,1
Operative Vaginal Delivery,management,1
Operative vaginal delivery,management,1
Ophthalmia Neonatorum,diagnosis,2
Ophthalmia neonatorum,diagnosis,1
Ophthalmic Anaesthesia,management,1
Ophthalmic Drugs,investigation,1
Ophthalmic Examination,other,1
Ophthalmic Investigations,investigation,3
Ophthalmic Optics,anatomy_structure,2
Ophthalmic Optics,mechanism,1
Ophthalmic Pathology,diagnosis,1
Ophthalmic Physiology,mechanism,1
Ophthalmic Surgery,management,2
Ophthalmic biomaterials,other,2
Ophthalmic emergencies,diagnosis,1
Ophthalmic instruments,mechanism,1
Ophthalmic investigations,investigation,3
Ophthalmic optics,anatomy_structure,2
Ophthalmic optics,mechanism,1
Ophthalmic pharmacology,mechanism,1
Ophthalmic surgery complications,mechanism,1
Opioid Analgesics,mechanism,4
Opioid Analgesics,diagnosis,1
Opioid Analgesics,drug_of_choice,1
Opioid Analgesics,management,1
Opioid Analgesics,other,1
Opioid Antagonists,other,1
Opioid Dependence,other,3
Opioid Dependence,mechanism,1
Opioid Dependence Treatment,drug_of_choice,1
Opioid Pharmacology,mechanism,1
Opioid Receptors,mechanism,1
Opioid Withdrawal,other,2
Opioid Withdrawal,diagnosis,1
Opioid Withdrawal,management,1
Opioid Withdrawal,mechanism,1
Opioid analgesics,mechanism,4
Opioid analgesics,management,1
Opioid antagonists,other,1
Opioid dependence,other,1
Opioid receptors,mechanism,2
Opioid withdrawal,other,2
Opioid withdrawal,mechanism,1
Opioids,mechanism,3
Opioids,drug_of_choice,2
Opioids,other,1
Opportunistic Fungi,other,1
Oppositional Defiant Disorder,other,1
Optic Disc,anatomy_structure,1
Optic Disc,diagnosis,1
Optic Disc Anatomy,anatomy_structure,1
Optic Disc Evaluation,anatomy_structure,1
Optic Nerve,anatomy_structure,2
Optic Nerve,diagnosis,1
Optic Nerve,mechanism,1
Optic Neuritis,diagnosis,2
Optic Neuritis,investigation,2
Optic Neuropathies,diagnosis,1
Optic Neuropathy,diagnosis,2
Optic Pathway,anatomy_structure,1
Optic canal,anatomy_structure,1
Optic disc,anatomy_structure,1
Optic nerve,anatomy_structure,2
Optic nerve,investigation,1
Optic nerve disorders,diagnosis,3
Optic neuritis,diagnosis,2
Optic neuritis,investigation,2
Optic neuropathy,diagnosis,1
Optic pathway,anatomy_structure,1
Optic tract lesions,diagnosis,1
Optical density,mechanism,1
Optics,other,6
Optics,mechanism,3
Optics,anatomy_structure,2
Optics,diagnosis,1
Optics And Refraction,drug_of_choice,2
Optics And Refraction,investigation,2
Optics And Refraction,management,1
Optics And Refraction,other,1
Optics and Refraction,drug_of_choice,2
Optics and Refraction,investigation,2
Optics and Refraction,management,1
Optics and Refraction,other,1
Oral Anatomy,anatomy_structure,3
Oral And Maxillofacial Surgery,diagnosis,1
Oral Anticoagulants,drug_of_choice,1
Oral Cancer,other,1
Oral Cancers,other,1
Oral Candidiasis,diagnosis,1
Oral Cavity,anatomy_structure,4
Oral Cavity,diagnosis,2
Oral Cavity,image_identification,2
Oral Cavity,management,2
Oral Cavity,other,2
Oral Cavity,epidemiology,1
Oral Cavity Anatomy,anatomy_structure,3
Oral Cavity Cancer,diagnosis,1
Oral Cavity Cancer,management,1
Oral Cavity Cancers,epidemiology,1
Oral Cavity Carcinoma,other,1
Oral Cavity Lesions,diagnosis,1
Oral Cavity Neoplasms,management,1
Oral Contraceptive Pills,management,1
Oral Contraceptives,other,3
Oral Hypoglycemics,other,2
Oral Hypoglycemics,mechanism,1
Oral Lesions,diagnosis,1
Oral Lesions,investigation,1
Oral Manifestations,diagnosis,1
Oral Mucosal Lesions,diagnosis,1
Oral Pathology,diagnosis,2
Oral Rehydration Therapy,other,1
Oral Surgery,epidemiology,1
Oral Ulceration,diagnosis,1
Oral anatomy,anatomy_structure,1
Oral and Maxillofacial Surgery,diagnosis,2
Oral anticoagulants,drug_of_choice,1
Oral anticoagulants,other,1
Oral cancers,other,1
Oral cavity,anatomy_structure,4
Oral cavity,other,2
Oral cavity,diagnosis,1
Oral cavity,epidemiology,1
Oral cavity,image_identification,1
Oral cavity carcinoma,other,1
Oral contraceptives,other,2
Oral contraceptives,mechanism,1
Oral hypoglycemic agents,mechanism,1
Oral hypoglycemic agents,other,1
Oral hypoglycemics,other,2
Oral hypoglycemics,mechanism,1
Oral lesions,diagnosis,1
Oral lesions,investigation,1
Oral mucosal disorders,image_identification,1
Oral pathology,epidemiology,1
Orbicularis oculi,anatomy_structure,1
Orbit,anatomy_structure,26
Orbit,diagnosis,5
Orbit,management,1
Orbit,mechanism,1
Orbit,other,1
Orbital Cellulitis,diagnosis,1
Orbital Cysts,diagnosis,1
Orbital Disease,diagnosis,1
Orbital Diseases,diagnosis,3
Orbital Disorders,diagnosis,4
Orbital Imaging,image_identification,1
Orbital Neoplasms,epidemiology,1
Orbital Pathology,diagnosis,2
Orbital cellulitis,diagnosis,1
Orbital cysts,diagnosis,1
Orbital disease,diagnosis,1
Orbital diseases,diagnosis,3
Orbital lesions,diagnosis,1
Organ Donation,other,3
Organ Donation And Transplantation,other,1
Organ Donation and Transplantation,other,1
Organ Pathology,image_identification,1
Organ Transplantation,other,3
Organ donation,other,3
Organic GI disease,diagnosis,1
Organic Mental Disorders,diagnosis,4
Organic Mental Disorders,other,2
Organic Mental Disorders,anatomy_structure,1
Organic Mental Disorders,mechanism,1
Organic mental disorders,diagnosis,3
Organic mental disorders,anatomy_structure,1
Organic mental disorders,mechanism,1
Organic mental disorders,other,1
Organophosphate Insecticides,other,1
Organophosphate poisoning,management,1
Organophosphates,management,1
Ormond Disease,epidemiology,1
Oropharyngeal Cancer,other,1
Oropharyngeal Carcinoma,epidemiology,1
Oropharyngeal Foreign Body,diagnosis,1
Oropharyngeal carcinoma,diagnosis,1
Oropharyngeal carcinoma,epidemiology,1
Oropharyngeal foreign body,diagnosis,1
Oropharyngeal surgery,management,1
Oropharynx,management,5
Oropharynx,anatomy_structure,1
Oropharynx,other,1
Ortolani test,diagnosis,1
Osmolarity,diagnosis,1
Osmotic Diuretics,drug_of_choice,3
Osmotic Diuretics,other,1
Osmotic diuretics,drug_of_choice,1
Ossicles,anatomy_structure,1
Ossiculoplasty,management,1
Ossification,anatomy_structure,6
Ossification,mechanism,4
Ossification Centers,investigation,1
Osteoarthritis,diagnosis,1
Osteoarthritis,drug_of_choice,1
Osteoarthritis,epidemiology,1
Osteoarthritis,management,1
Osteochondritis,anatomy_structure,1
Osteochondritis Dissecans,anatomy_structure,1
Osteoclast,mechanism,1
Osteogenesis,mechanism,1
Osteogenesis Imperfecta,other,1
Osteogenesis imperfecta,other,1
Osteology,anatomy_structure,17
Osteology,mechanism,2
Osteology,other,1
Osteolytic lesions,mechanism,1
Osteolytic metastasis,other,1
Osteomyelitis,other,3
Osteomyelitis,diagnosis,1
Osteomyelitis,image_identification,1
Osteomyelitis,investigation,1
Osteonecrosis,diagnosis,2
Osteonecrosis,investigation,1
Osteonecrosis,other,1
Osteopetrosis,diagnosis,1
Osteoporosis,drug_of_choice,5
Osteoporosis,anatomy_structure,1
Osteoporosis,diagnosis,1
Osteoporosis,investigation,1
Osteoporosis,management,1
Osteoporosis,mechanism,1
Osteoporosis,other,1
Osteoporosis Drugs,mechanism,1
Osteoporosis Management,management,1
Osteosarcoma,diagnosis,1
Otalgia,anatomy_structure,1
Otitis Externa,diagnosis,3
Otitis Externa,epidemiology,2
Otitis Externa,management,1
Otitis Media,diagnosis,18
Otitis Media,management,4
Otitis Media,image_identification,2
Otitis Media,mechanism,2
Otitis Media,other,2
Otitis Media,epidemiology,1
Otitis Media,investigation,1
Otitis Media Complications,diagnosis,2
Otitis Media With Effusion,diagnosis,1
Otitis Media with Effusion,diagnosis,1
Otitis externa,diagnosis,3
Otitis externa,epidemiology,1
Otitis media,diagnosis,6
Otitis media,mechanism,5
Otitis media,management,2
Otitis media,other,1
Otolaryngology Emergencies,management,1
Otolaryngology Procedures,management,1
Otologic Surgery,other,1
Otology,diagnosis,36
Otology,anatomy_structure,20
Otology,management,16
Otology,investigation,13
Otology,other,13
Otology,mechanism,12
Otology,image_identification,10
Otology,drug_of_choice,1
Otology,epidemiology,1
Otosclerosis,anatomy_structure,4
Otosclerosis,diagnosis,4
Otosclerosis,mechanism,3
Otosclerosis,investigation,2
Otosclerosis,epidemiology,1
Otosclerosis Treatment,mechanism,1
Ototoxicity,mechanism,1
Ototoxicity,other,1
Ovarian Cancer,diagnosis,2
Ovarian Cancer,drug_of_choice,1
Ovarian Cancer,management,1
Ovarian Cysts,other,2
Ovarian Cysts,diagnosis,1
Ovarian Disorders,diagnosis,1
Ovarian Neoplasms,diagnosis,2
Ovarian Neoplasms,epidemiology,2
Ovarian Neoplasms,other,1
Ovarian Pathology,diagnosis,1
Ovarian Pathology,other,1
Ovarian Reserve,investigation,1
Ovarian Reserve Assessment,investigation,2
Ovarian cancer,drug_of_choice,1
Ovarian cysts,other,1
Ovarian reserve,investigation,2
Ovarian reserve assessment,investigation,1
Ovary,anatomy_structure,1
Ovulation,other,1
Ovulation assessment,investigation,1
Oxazolidinones,mechanism,1
Oxidative Phosphorylation,mechanism,12
Oxidative Phosphorylation,other,2
Oxidative Stress,mechanism,3
Oxidative phosphorylation,mechanism,5
Oxidative stress,mechanism,1
Oxygen Delivery Systems,image_identification,2
Oxygen Therapy,image_identification,1
Oxygen Therapy,other,1
Oxygen Toxicity,mechanism,2
Oxygen Transport,mechanism,4
Oxygen Transport,other,1
Oxygen cylinder,other,1
Oxygen therapy,other,2
Oxygen transport,mechanism,1
Oxygen-Hemoglobin Dissociation Curve,mechanism,1
Oxygen-hemoglobin dissociation,mechanism,1
Oxytocics,other,1
PAP Smear,management,1
PCOD,diagnosis,2
PCOD,investigation,2
PCOS,management,2
PCOS management,management,1
PCPNDT Act,other,2
PCPNDT Act,management,1
PCR,investigation,2
PCSK9 inhibitors,mechanism,1
PDE5 Inhibitors,drug_of_choice,1
PDE5 inhibitors,other,1
PEEP,mechanism,1
PET imaging,image_identification,1
POCSO Act,other,1
POP cast,management,1
PQLI,epidemiology,2
PSVT,drug_of_choice,1
Pacemaker,investigation,1
Paediatric Anaesthesia,management,1
Paediatric Chest Radiology,image_identification,1
Paediatric Dermatology,diagnosis,4
Paediatric Diarrhea,diagnosis,1
Paediatric Emergencies,management,2
Paediatric Emergencies,anatomy_structure,1
Paediatric Emergencies,diagnosis,1
Paediatric Emergency,management,1
Paediatric Gastroenteritis,management,1
Paediatric Genitourinary Disorders,management,1
Paediatric Hip Disorders,investigation,1
Paediatric Imaging,image_identification,1
Paediatric Knee Pathology,image_identification,1
Paediatric Neurological Disorders,diagnosis,1
Paediatric Oncology,epidemiology,1
Paediatric Ophthalmology,epidemiology,1
Paediatric Ophthalmology,management,1
Paediatric Surgery,diagnosis,3
Paediatric Surgery,management,2
Paediatric Surgery,other,2
Paediatric Surgery,investigation,1
Paediatric Symptoms,diagnosis,1
Paediatric anaesthesia,management,1
Paediatric dosing,other,1
Paediatric emergency,other,1
Paediatric ophthalmology,epidemiology,2
Paediatric ophthalmology,investigation,1
Paediatric ophthalmology,management,1
Paget Disease,diagnosis,1
Paget Disease,other,1
Paget'S Disease,diagnosis,1
Paget's Disease,diagnosis,1
Pain And Temperature Pathways,anatomy_structure,1
Pain Management,management,2
Pain Management,mechanism,2
Pain Management,other,2
Pain Management,diagnosis,1
Pain Management,drug_of_choice,1
Pain Medicine,management,2
Pain Pathways,mechanism,1
Pain Physiology,mechanism,3
Pain Syndromes,diagnosis,1
Pain Syndromes,other,1
Pain and temperature pathways,anatomy_structure,1
Pain medicine,management,2
Pain pathways,anatomy_structure,1
Pain physiology,mechanism,1
Pain symptoms,diagnosis,1
Painful arc syndrome,diagnosis,1
Palate,anatomy_structure,2
Palatoglossal fold,anatomy_structure,1
Palmar Spaces,anatomy_structure,1
Palmar spaces,anatomy_structure,1
Pancreas,anatomy_structure,10
Pancreas,management,4
Pancreas,other,4
Pancreas,diagnosis,1
Pancreas,image_identification,1
Pancreas,investigation,1
Pancreas,mechanism,1
Pancreas Anatomy,anatomy_structure,1
Pancreas anatomy,anatomy_structure,1
Pancreas relations,anatomy_structure,1
Pancreatic Cancer,investigation,3
Pancreatic Cancer,diagnosis,1
Pancreatic Cancer,management,1
Pancreatic Carcinoma,anatomy_structure,1
Pancreatic Carcinoma,drug_of_choice,1
Pancreatic Carcinoma,investigation,1
Pancreatic Diseases,diagnosis,2
Pancreatic Diseases,epidemiology,2
Pancreatic Disorders,diagnosis,2
Pancreatic Disorders,epidemiology,1
Pancreatic Disorders,investigation,1
Pancreatic Disorders,management,1
Pancreatic Disorders,other,1
Pancreatic Hormones,mechanism,1
Pancreatic Imaging,diagnosis,1
Pancreatic Neoplasms,epidemiology,1
Pancreatic Surgery,management,3
Pancreatic Surgery,anatomy_structure,1
Pancreatic carcinoma,anatomy_structure,1
Pancreatic carcinoma,diagnosis,1
Pancreatic carcinoma,drug_of_choice,1
Pancreatic carcinoma,investigation,1
Pancreatic diseases,anatomy_structure,1
Pancreatic disorders,diagnosis,2
Pancreatic disorders,image_identification,1
Pancreatic disorders,management,1
Pancreatic disorders,other,1
Pancreatic hormones,mechanism,2
Pancreatic imaging,diagnosis,1
Pancreatic secretion,mechanism,1
Pancreatitis,epidemiology,3
Pancreatitis,investigation,3
Pancreatitis,diagnosis,2
Pancreatitis,management,2
Pancreatitis,mechanism,1
Pancreatitis,other,1
Panniculitis,other,1
Papilledema,diagnosis,1
Papulosquamous,diagnosis,4
Papulosquamous,other,1
Paracetamol Overdose,management,1
Paracetamol Poisoning,management,3
Paracetamol Toxicity,mechanism,1
Paracetamol poisoning,management,1
Paracetamol toxicity,mechanism,1
Paragonimiasis,image_identification,1
Paralytic polio,diagnosis,1
Paranasal Sinus,image_identification,4
Paranasal Sinus,diagnosis,1
Paranasal Sinus,epidemiology,1
Paranasal Sinus Disorders,diagnosis,1
Paranasal Sinus Imaging,investigation,3
Paranasal Sinus Imaging,image_identification,2
Paranasal Sinus Radiology,image_identification,1
Paranasal Sinuses,investigation,5
Paranasal Sinuses,anatomy_structure,3
Paranasal Sinuses,image_identification,1
Paranasal Sinuses,management,1
Paranasal sinus,image_identification,1
Paranasal sinus imaging,image_identification,2
Paranasal sinus imaging,diagnosis,1
Paranasal sinus imaging,investigation,1
Paranasal sinus radiology,image_identification,1
Paranasal sinuses,investigation,3
Paranasal sinuses,anatomy_structure,2
Paranasal sinuses,epidemiology,1
Paranasal sinuses,management,1
Paraneoplastic Syndromes,diagnosis,4
Paraneoplastic Syndromes,mechanism,1
Paraneoplastic dermatoses,management,1
Parapharyngeal abscess,mechanism,1
Parapharyngeal abscess,other,1
Paraphilia,drug_of_choice,1
Paraphilias,diagnosis,4
Paraphilias,other,3
Paraphilic Disorders,diagnosis,1
Paraphilic disorders,diagnosis,1
Parasites,other,1
Parasitic Diseases,management,3
Parasitic Diseases,other,1
Parasitic diseases,image_identification,1
Parasitology,diagnosis,77
Parasitology,other,70
Parasitology,epidemiology,21
Parasitology,investigation,15
Parasitology,mechanism,15
Parasitology,image_identification,13
Parasitology,drug_of_choice,2
Parasitology,management,2
Parasomnia,diagnosis,2
Parasomnia,mechanism,1
Parasomnia,other,1
Parasomnias,management,1
Parasomnias,other,1
Parasympathetic fibers,anatomy_structure,1
Parasympathetic innervation,anatomy_structure,1
Parasympathetic pathway,mechanism,1
Parathyroid Adenoma,investigation,1
Parathyroid Disorders,diagnosis,3
Parathyroid Disorders,investigation,3
Parathyroid Disorders,epidemiology,1
Parathyroid Gland,investigation,1
Parathyroid adenoma,investigation,1
Parathyroid disorders,diagnosis,2
Parathyroid disorders,epidemiology,1
Parathyroid disorders,investigation,1
Parathyroid disorders,mechanism,1
Parathyroid disorders,other,1
Parenteral iron therapy,other,1
Parkinson Disease,diagnosis,1
Parkinson Disease Drugs,management,1
Parkinson Disease Treatment,management,1
Parkinson disease,diagnosis,1
Parkinson'S,other,1
Parkinson'S Disease,diagnosis,2
Parkinson'S Disease,drug_of_choice,1
Parkinson's disease,diagnosis,2
Parkinson's disease,drug_of_choice,1
Parkinsonism,diagnosis,2
Parkinsonism,mechanism,1
Parotid Gland,anatomy_structure,2
Parotid gland,anatomy_structure,3
Parotid gland,mechanism,1
Paroxysmal Tachycardia,diagnosis,1
Pars plana vitrectomy,management,1
Partogram,management,1
Parvovirus,diagnosis,1
Parvovirus B19,diagnosis,3
Parvovirus B19,other,1
Pasteurization,other,1
Patella,image_identification,1
Patellofemoral Disorders,diagnosis,2
Patellofemoral Disorders,investigation,2
Patellofemoral Pain Syndrome,diagnosis,1
Patellofemoral disorders,investigation,2
Patellofemoral disorders,diagnosis,1
Patent Ductus Arteriosus,investigation,1
Patent Ductus Arteriosus,management,1
Patent ductus arteriosus,management,1
Paternity,diagnosis,1
Paternity,other,1
Patey's mastectomy,management,1
Pathogens,other,1
Pathophysiology,diagnosis,1
Pathophysiology,mechanism,1
Patient Assessment,management,1
Patient Classification,other,1
Patient Management,drug_of_choice,1
Patient Positioning,image_identification,1
Patient Safety,investigation,1
Patient Safety,management,1
Patterns Of Inheritance,diagnosis,1
Patterns of Inheritance,diagnosis,1
Pcod,diagnosis,2
Pcod,investigation,2
Pcos,management,1
Pcpndt Act,other,2
Pcpndt Act,management,1
Pcr,investigation,1
Pde5 Inhibitors,drug_of_choice,1
Pde5 Inhibitors,other,1
Pectoral Region,anatomy_structure,1
Pectoral region,anatomy_structure,2
Pediatric Abdominal Emergencies,diagnosis,1
Pediatric Abdominal Pain,diagnosis,1
Pediatric Anaesthesia,management,3
Pediatric Anesthesia,management,2
Pediatric Anesthesia,other,1
Pediatric Arrhythmias,epidemiology,1
Pediatric Bone Diseases,diagnosis,1
Pediatric Bone Disorders,image_identification,1
Pediatric Cardiac Imaging,image_identification,1
Pediatric Cardiology,epidemiology,1
Pediatric Dermatology,diagnosis,3
Pediatric Dosing,management,2
Pediatric Dosing,other,2
Pediatric ENT,diagnosis,1
Pediatric ENT,epidemiology,1
Pediatric ENT,management,1
Pediatric Emergencies,management,4
Pediatric Emergencies,other,1
Pediatric Emergency,diagnosis,2
Pediatric GI Disorders,diagnosis,1
Pediatric Gi Disorders,diagnosis,1
Pediatric Hip Conditions,image_identification,1
Pediatric Infectious,diagnosis,2
Pediatric Infectious,other,1
Pediatric Nutrition,image_identification,1
Pediatric Oncology,diagnosis,6
Pediatric Oncology,other,4
Pediatric Oncology,management,3
Pediatric Oncology,epidemiology,2
Pediatric Oncology,drug_of_choice,1
Pediatric Orthopedics,other,7
Pediatric Orthopedics,diagnosis,2
Pediatric Orthopedics,epidemiology,1
Pediatric Pathology,anatomy_structure,1
Pediatric Poisoning,management,1
Pediatric Radiology,image_identification,2
Pediatric Radiology,diagnosis,1
Pediatric Respiratory,other,8
Pediatric Sinusitis,investigation,1
Pediatric Surgery,management,7
Pediatric Surgery,diagnosis,3
Pediatric Surgery,epidemiology,2
Pediatric Surgery,image_identification,1
Pediatric Surgery,other,1
Pediatric airway,other,1
Pediatric anesthesia,management,1
Pediatric dermatology,diagnosis,1
Pediatric dosing,management,2
Pediatric dosing,other,2
Pediatric emergencies,drug_of_choice,2
Pediatric emergencies,management,2
Pediatric oncology,other,2
Pediatric oncology,diagnosis,1
Pediatric oncology,epidemiology,1
Pediatric pathology,diagnosis,1
Pediatric pharmacology,other,1
Pediatric radiology,diagnosis,1
Pediatric surgery,management,3
Pediatric surgery,diagnosis,2
Pediatric surgery,epidemiology,2
Pediatric surgery,image_identification,1
Pegloticase,drug_of_choice,1
Pellagra,diagnosis,1
Pelvic Anatomy,anatomy_structure,23
Pelvic Anatomy,image_identification,1
Pelvic Cavity,anatomy_structure,1
Pelvic Diameters,image_identification,1
Pelvic Examination,anatomy_structure,1
Pelvic Fascia,anatomy_structure,5
Pelvic Floor,anatomy_structure,1
Pelvic Floor Disorders,management,2
Pelvic Floor Surgery,anatomy_structure,1
Pelvic Floor Surgery,management,1
Pelvic Girdle,anatomy_structure,2
Pelvic Inflammatory Disease,diagnosis,8
Pelvic Inflammatory Disease,investigation,3
Pelvic Inflammatory Disease,epidemiology,1
Pelvic Inflammatory Disease,management,1
Pelvic Inflammatory Disease,mechanism,1
Pelvic Inflammatory Disease,other,1
Pelvic Inflammatory Disease Complications,diagnosis,2
Pelvic Inlet,anatomy_structure,1
Pelvic Ligaments,anatomy_structure,3
Pelvic Organ Prolapse,management,8
Pelvic Organ Prolapse,diagnosis,3
Pelvic Organ Prolapse,image_identification,1
Pelvic Organ Prolapse Management,management,1
Pelvic Organ Prolapse Surgery,management,1
Pelvic Pain,image_identification,1
Pelvic Pain,investigation,1
Pelvic Peritoneum,anatomy_structure,1
Pelvic Surgery,management,2
Pelvic Surgical Anatomy,anatomy_structure,1
Pelvic Vasculature,anatomy_structure,2
Pelvic Viscera,anatomy_structure,1
Pelvic anatomy,anatomy_structure,16
Pelvic anatomy,image_identification,1
Pelvic diameters,image_identification,1
Pelvic examination,anatomy_structure,1
Pelvic fascia,anatomy_structure,3
Pelvic floor,anatomy_structure,3
Pelvic floor surgery,management,1
Pelvic girdle,anatomy_structure,1
Pelvic inflammatory disease,diagnosis,2
Pelvic masses,diagnosis,1
Pelvic organ prolapse,management,3
Pelvic organ prolapse,diagnosis,1
Pelvic organ prolapse,image_identification,1
Pelvic pain,investigation,1
Pelvic vasculature,anatomy_structure,1
Pelvimetry,anatomy_structure,5
Pelvis & Perineum,anatomy_structure,33
Pelvis & Perineum,mechanism,1
Pelvis And Perineum,anatomy_structure,7
Pelvis And Perineum,other,2
Pelvis and Perineum,anatomy_structure,6
Pelvis and perineum,anatomy_structure,1
Pemphigus,diagnosis,2
Pemphigus,mechanism,1
Pemphigus Vulgaris,mechanism,2
Pemphigus vulgaris,mechanism,2
Pemphigus vulgaris,diagnosis,1
Pendred syndrome,mechanism,1
Penetrating injury,epidemiology,1
Penicillins,other,1
Penile Cancer,image_identification,1
Penile Cancer,management,1
Penile Cancer,other,1
Penile Carcinoma,diagnosis,1
Penile Diseases,drug_of_choice,1
Penile Disorders,diagnosis,1
Penile Lesions,drug_of_choice,1
Penile disorders,other,1
Pentose Phosphate Pathway,mechanism,3
Pentose Phosphate Pathway,other,1
Pentose phosphate pathway,mechanism,1
Peptic Ulcer Disease,anatomy_structure,5
Peptic Ulcer Disease,management,3
Peptic Ulcer Disease,other,3
Peptic Ulcer Disease,diagnosis,2
Peptic Ulcer Disease,drug_of_choice,2
Peptic Ulcer Disease,epidemiology,1
Peptic ulcer disease,diagnosis,1
Peptic ulcer disease,drug_of_choice,1
Peptic ulcer disease,management,1
Peptic ulcer disease,other,1
Peptide Structure,other,1
Peptide bond,mechanism,1
Peptide hormones,anatomy_structure,1
Peptide structure,other,1
Perception,diagnosis,3
Perception,other,1
Perception Disorders,diagnosis,2
Perceptual Disorders,diagnosis,3
Perceptual disorders,diagnosis,3
Perforated Viscus,management,1
Perforation,diagnosis,1
Perforation Peritoneum,diagnosis,1
Perforation peritoneum,diagnosis,1
Pericardial Diseases,diagnosis,5
Pericardial Diseases,image_identification,2
Pericardial Diseases,investigation,1
Pericardial Diseases,management,1
Pericardial diseases,diagnosis,3
Pericardium,anatomy_structure,3
Perinatal HIV,investigation,1
Perinatal HIV,management,1
Perinatal Hiv,investigation,1
Perinatal Hiv,management,1
Perinatal Mortality,epidemiology,1
Perinatal Mortality Rate,epidemiology,1
Perinatal mortality,epidemiology,1
Perinatal transmission,management,1
Perineal Anatomy,anatomy_structure,1
Perineal Muscles,anatomy_structure,1
Perineal Surgery,management,1
Perineal Tear,management,2
Perineal Tear Classification,diagnosis,1
Perineal Tears,diagnosis,5
Perineal Tears,management,1
Perineal tear,management,2
Perineal tears,diagnosis,3
Perineum Anatomy,anatomy_structure,1
Perioperative Anticoagulation,management,1
Perioperative Care,investigation,1
Perioperative Complications,epidemiology,1
Perioperative Medicine,diagnosis,1
Perioperative Pharmacology,mechanism,1
Perioperative assessment,management,3
Peripartum Cardiomyopathy,epidemiology,2
Peripartum Cardiomyopathy,diagnosis,1
Peripheral Arterial Disease,diagnosis,1
Peripheral Arterial Disease,investigation,1
Peripheral Artery Disease,diagnosis,3
Peripheral Artery Disease,investigation,1
Peripheral Artery Disease,other,1
Peripheral Nerve,diagnosis,1
Peripheral Nerve Blocks,anatomy_structure,1
Peripheral Nerve Disorders,mechanism,1
Peripheral Nerve Entrapment,diagnosis,1
Peripheral Nerve Entrapment,other,1
Peripheral Nerve Injuries,other,6
Peripheral Nerve Injuries,diagnosis,3
Peripheral Nerve Injuries,management,3
Peripheral Nerve Injuries,image_identification,1
Peripheral Nerve Injury,diagnosis,1
Peripheral Nerves,anatomy_structure,40
Peripheral Nerves,diagnosis,3
Peripheral Nerves,mechanism,3
Peripheral Nerves,image_identification,1
Peripheral Nerves,other,1
Peripheral Nervous System,anatomy_structure,8
Peripheral Nervous System,mechanism,3
Peripheral Nervous System,diagnosis,1
Peripheral Neuropathies,management,1
Peripheral Neuropathy,diagnosis,3
Peripheral Neuropathy,anatomy_structure,1
Peripheral Neuropathy,other,1
Peripheral arterial disease,diagnosis,1
Peripheral artery disease,diagnosis,1
Peripheral nerve entrapment,diagnosis,1
Peripheral nerve excitability,diagnosis,1
Peripheral nerve injuries,diagnosis,3
Peripheral nerve injuries,management,3
Peripheral nerve injuries,other,1
Peripheral nerve injury,anatomy_structure,3
Peripheral nerves,anatomy_structure,19
Peripheral nerves,mechanism,3
Peripheral nerves,diagnosis,2
Peripheral nervous system,anatomy_structure,2
Peripheral nervous system,mechanism,2
Peripheral neuropathies,management,1
Peripheral neuropathy,image_identification,1
Peritoneal Cavity,anatomy_structure,1
Peritoneal Ligaments,anatomy_structure,1
Peritoneal Tuberculosis,diagnosis,1
Peritoneal cavity,anatomy_structure,1
Peritoneal ligaments,anatomy_structure,1
Peritoneal tuberculosis,diagnosis,1
Peritoneum,anatomy_structure,5
Peritonitis,diagnosis,2
Peritonitis,management,1
Peritonsillar Abscess,diagnosis,1
Peritonsillar abscess,diagnosis,1
Peritrichous flagellae,other,1
Perjury,other,1
Perniosis,diagnosis,1
Peroneal tendons,anatomy_structure,1
Peroxisomal Disorder,diagnosis,1
Peroxisomal Disorders,mechanism,2
Peroxisomal Disorders,anatomy_structure,1
Peroxisomal Disorders,diagnosis,1
Peroxisomal Disorders,other,1
Peroxisomal disorder,diagnosis,1
Peroxisome,mechanism,1
Peroxisomes,mechanism,1
Personal protective equipment,other,1
Personality Disorders,diagnosis,28
Personality Disorders,management,1
Perthes Disease,diagnosis,2
Perthes Disease,investigation,1
Pertussis,epidemiology,1
Pertussis,other,1
Pes Cavus,diagnosis,1
Pessary,management,2
Pessary management,management,1
Pesticide poisoning,management,1
Pesticide poisoning,other,1
Pet Imaging,image_identification,1
Petrous Apicitis,diagnosis,1
Phacodonesis,diagnosis,1
Phacoemulsification,management,1
Phaeochromocytoma,drug_of_choice,1
Phagocytosis,mechanism,1
Phagocytosis,other,1
Phakic IOL complications,other,1
Phakic Iol Complications,other,1
Phakomatoses,diagnosis,1
Pharmacodynamics,mechanism,10
Pharmacodynamics,other,6
Pharmacognosy,other,5
Pharmacokinetic Drug Interactions,mechanism,1
Pharmacokinetic drug interactions,mechanism,1
Pharmacokinetics,mechanism,33
Pharmacokinetics,other,21
Pharmacokinetics,management,2
Pharmacokinetics,anatomy_structure,1
Pharmacokinetics Principles,mechanism,1
Pharmacokinetics Principles,other,1
Pharmacokinetics principles,mechanism,1
Pharmacokinetics principles,other,1
Pharmacologic therapy,other,1
Pharmacological effects,mechanism,1
Pharmacological treatment,management,1
Pharmacology Of Bone Metabolism,drug_of_choice,1
Pharmacology Of Diabetes,mechanism,1
Pharmacology Of Intravenous Anesthetics,other,1
Pharmacology Of Substance Abuse,other,1
Pharmacology of Diabetes,mechanism,1
Pharmacology of bone metabolism,drug_of_choice,1
Pharmacology of gout,mechanism,1
Pharmacology of intravenous anaesthetics,mechanism,1
Pharmacology of intravenous anesthetics,other,1
Pharmacology of substance abuse,other,1
Pharmacotherapeutics,other,1
Pharmacotherapy,drug_of_choice,1
Pharmacovigilance,other,2
Pharmacovigilance,mechanism,1
Pharyngeal Anatomy,anatomy_structure,1
Pharyngeal Arches,anatomy_structure,4
Pharyngeal Carcinoma,epidemiology,1
Pharyngeal Disorders,anatomy_structure,1
Pharyngeal Disorders,diagnosis,1
Pharyngeal Muscles,anatomy_structure,2
Pharyngeal Spaces,anatomy_structure,1
Pharyngeal arches,anatomy_structure,1
Pharyngeal carcinoma,epidemiology,1
Pharyngeal disorders,diagnosis,1
Pharyngeal diverticulum,other,1
Pharyngeal wall,anatomy_structure,1
Pharyngology,diagnosis,2
Pharyngology,other,1
Pharynx,anatomy_structure,12
Pharynx,other,11
Pharynx,image_identification,1
Pharynx And Esophagus,anatomy_structure,1
Pharynx And Esophagus Anatomy,anatomy_structure,1
Pharynx And Larynx,anatomy_structure,1
Pharynx And Tonsils,anatomy_structure,1
Pharynx and Esophagus Anatomy,anatomy_structure,1
Pharynx and Larynx,anatomy_structure,1
Pharynx and Tonsils,anatomy_structure,1
Pharynx and esophagus,anatomy_structure,1
Phases Of Clinical Trials,other,1
Phases of Clinical Trials,other,1
Phenylalanine Metabolism,investigation,1
Pheochromocytoma,drug_of_choice,3
Pheochromocytoma,diagnosis,1
Pheochromocytoma,investigation,1
Phimosis,management,1
Phobias,diagnosis,2
Phobias,management,1
Phobias,other,1
Phobic Disorders,other,1
Phonosurgery,management,3
Phonosurgery,mechanism,1
Phosphate Metabolism,other,1
Phosphate metabolism,other,1
Phosphodiesterase Inhibitors,management,1
Phospholipids,other,3
Phospholipids,mechanism,1
Phosphorus Metabolism,other,1
Phosphorus metabolism,other,1
Phosphorus poisoning,diagnosis,1
Photophobia,mechanism,1
Phototherapy,management,3
Phototherapy,diagnosis,1
Physical Examination,other,2
Physical Examination,diagnosis,1
Physical examination,anatomy_structure,1
Physical examination,diagnosis,1
Physics,other,5
Physics,mechanism,2
Physiological changes,other,1
Pica,diagnosis,2
Pigment Gallstones,diagnosis,1
Pigment Metabolism,investigation,1
Pigmentary Disorders,diagnosis,3
Pigmentary Disorders,image_identification,3
Pigmentary Disorders,other,3
Pigmentation,diagnosis,1
Pigmentation Disorders,diagnosis,1
Pigmentation Disorders,other,1
Pigmentation disorders,other,1
Pigmented Disorders,other,1
Pigmented Lesions,diagnosis,4
Pigmented Lesions,image_identification,1
Pigmented Purpuric Dermatoses,anatomy_structure,1
Pigmented Purpuric Dermatoses,diagnosis,1
Pigmented disorders,other,1
Pigmented lesions,diagnosis,3
Pigmented lesions,other,1
Pigmented purpuric dermatoses,diagnosis,1
Pilonidal Disease,diagnosis,1
Pilonidal Sinus,management,1
Pituitary Adenoma,management,2
Pituitary Disorders,diagnosis,7
Pituitary Disorders,investigation,2
Pituitary Disorders,management,2
Pituitary Disorders,drug_of_choice,1
Pituitary Gland,anatomy_structure,2
Pituitary Gland,diagnosis,2
Pituitary Gland Physiology,other,1
Pituitary Hormones,mechanism,3
Pituitary Hormones,other,1
Pituitary disorders,diagnosis,2
Pituitary disorders,other,1
Pituitary gland,anatomy_structure,3
Pituitary gland,mechanism,1
Pityriasis Rosea,diagnosis,1
Pityriasis Rosea,epidemiology,1
Pityriasis Rubra Pilaris,diagnosis,2
Pityriasis Rubra Pilaris,epidemiology,1
Pityriasis rosea,diagnosis,1
Pityriasis rosea,epidemiology,1
Pityriasis rubra pilaris,diagnosis,2
Pityriasis rubra pilaris,epidemiology,1
Placenta,anatomy_structure,8
Placenta,other,6
Placenta,mechanism,2
Placenta And Fetal Membranes,other,1
Placenta Inversion,image_identification,1
Placenta Praevia,image_identification,1
Placenta Praevia,management,1
Placenta Praevia,other,1
Placenta Previa,management,5
Placenta Previa,diagnosis,3
Placenta and Fetal Membranes,other,1
Placenta previa,diagnosis,2
Placenta previa,management,2
Placental Abnormalities,image_identification,2
Placental Complications,image_identification,1
Placental Disorders,diagnosis,1
Placental Hormones,mechanism,1
Placental Hormones,other,1
Placental Separation,anatomy_structure,1
Placental abnormalities,image_identification,1
Placental complications,management,1
Placental disorders,management,1
Placental disorders,other,1
Placental physiology,mechanism,1
Placentation,other,1
Plague,epidemiology,5
Plague,other,2
Plague,investigation,1
Plague,mechanism,1
Plain Radiography,image_identification,2
Plant Poisoning,diagnosis,1
Plant Poisoning,management,1
Plant Poisons,diagnosis,4
Plant Poisons,other,2
Plant poisons,diagnosis,2
Plant poisons,other,2
Plantar arch,anatomy_structure,1
Plasma Cell Disorders,other,3
Plasma Cell Disorders,diagnosis,1
Plasma Cell Disorders,epidemiology,1
Plasma Cell Disorders,investigation,1
Plasma Cell Dyscrasias,other,1
Plasma Cell Neoplasms,diagnosis,2
Plasma Cell Neoplasms,mechanism,1
Plasma Expanders,mechanism,2
Plasma Expanders,other,1
Plasma Proteins,other,4
Plasma Proteins,mechanism,2
Plasma cell disorders,diagnosis,2
Plasma cell neoplasms,diagnosis,2
Plasma cell neoplasms,mechanism,1
Plasma cell neoplasms,other,1
Plasma expanders,mechanism,2
Plasma expanders,other,1
Plasma proteins,mechanism,3
Plasma proteins,other,1
Plasminogen,other,1
Plasmodium species,diagnosis,1
Plaster Of Paris Cast,management,1
Plaster application,management,1
Plaster of Paris cast,management,1
Plastic Surgery,other,11
Plastic Surgery,image_identification,1
Plastic Surgery,mechanism,1
Plastic surgery,management,2
Plastic surgery,other,2
Platelet And Bleeding Disorders,other,3
Platelet Disorders,mechanism,5
Platelet Disorders,diagnosis,2
Platelet disorders,mechanism,5
Platelet function,mechanism,1
Pleural Diseases,diagnosis,1
Pleural Diseases,epidemiology,1
Pleural Disorders,diagnosis,1
Pleural Effusion,diagnosis,2
Pleural Effusion,investigation,2
Pleural disease,image_identification,1
Pleural diseases,diagnosis,1
Pleural effusion,epidemiology,1
Pleural effusion,investigation,1
Pneumocephalus,image_identification,1
Pneumoconiosis,diagnosis,2
Pneumoconiosis,epidemiology,1
Pneumoconiosis,other,1
Pneumocystis Pneumonia,investigation,1
Pneumocystis Pneumonia,management,1
Pneumocystis jiroveci,diagnosis,1
Pneumocystis pneumonia,investigation,1
Pneumocystis pneumonia,management,1
Pneumocytes,mechanism,1
Pneumomediastinum,diagnosis,1
Pneumonia,diagnosis,11
Pneumonia,epidemiology,5
Pneumonia,other,5
Pneumonia,mechanism,4
Pneumonia,management,2
Pneumonia,drug_of_choice,1
Pneumonia,image_identification,1
Pneumonia,investigation,1
Pneumonitis,mechanism,1
Pneumoperitoneum,diagnosis,1
Pneumoperitoneum,image_identification,1
Pneumoperitoneum,other,1
Pocso Act,other,1
Poison antidotes,mechanism,1
Poisoning,management,6
Poisoning,diagnosis,4
Poisoning,image_identification,1
Poisoning,other,1
Poisoning Management,management,1
Poisoning Signs,diagnosis,1
Poisoning Symptoms,diagnosis,1
Poisons,other,4
Poisons and Antidotes,other,1
Polar Body,mechanism,1
Polio,diagnosis,1
Polio,mechanism,1
Polio,other,1
Polio Eradication,epidemiology,2
Poliomyelitis,diagnosis,2
Poliomyelitis,anatomy_structure,1
Poliomyelitis,epidemiology,1
Poliomyelitis,other,1
Pollution,other,1
Polycystic Kidney Disease,diagnosis,1
Polycystic Ovarian Syndrome,diagnosis,1
Polycystic Ovarian Syndrome,other,1
Polycystic Ovary Syndrome,diagnosis,1
Polycystic Ovary Syndrome,management,1
Polycystic kidney disease,diagnosis,1
Polycythemia Vera,other,1
Polycythemia vera,other,1
Polymyalgia Rheumatica,diagnosis,1
Polymyositis,diagnosis,1
Polymyxins,other,1
Polypharmacy,management,2
Polyps,image_identification,1
Polysomnography,investigation,1
Polyuria,diagnosis,1
Ponseti Method,management,3
Population Dynamics,other,2
Population Dynamics,image_identification,1
Population coverage,epidemiology,1
Population pyramid,epidemiology,7
Porphyria,diagnosis,1
Porphyria,drug_of_choice,1
Porphyria,other,1
Porphyrias,diagnosis,3
Porphyrias,mechanism,1
Porphyrias,other,1
Porphyrin Metabolism,mechanism,5
Porphyrin Metabolism,other,3
Porphyrin Synthesis,mechanism,1
Porphyrin metabolism,mechanism,3
Porphyrin metabolism,other,2
Porphyrins,other,1
Portal Circulation,anatomy_structure,1
Portal Hypertension,diagnosis,3
Portal Hypertension,other,1
Portal circulation,anatomy_structure,1
Portal hypertension,drug_of_choice,2
Portal hypertension,diagnosis,1
Portocaval Anastomoses,anatomy_structure,1
Portocaval anastomoses,anatomy_structure,1
Ports regulation,other,1
Post-Abortion Complications,diagnosis,1
Post-COVID complications,investigation,1
Post-Mortem Changes,other,2
Post-Mortem Changes,diagnosis,1
Post-Mortem Changes,investigation,1
Post-Mortem Changes,mechanism,1
Post-Mortem Lividity,other,1
Post-Operative Complications,management,1
Post-Streptococcal Glomerulonephritis,investigation,1
Post-Transplant Complications,diagnosis,1
Post-mortem Changes,other,2
Post-mortem Changes,anatomy_structure,1
Post-mortem Changes,diagnosis,1
Post-mortem Changes,investigation,1
Post-mortem Findings,diagnosis,1
Post-mortem Lividity,other,1
Post-mortem changes,other,3
Post-operative Complications,management,3
Post-operative Complications,diagnosis,1
Post-operative Complications,investigation,1
Post-operative complications,diagnosis,2
Post-operative complications,management,2
Post-streptococcal Glomerulonephritis,investigation,1
Post-transplant complications,diagnosis,1
Post-viral complications,diagnosis,1
Postdural puncture headache,mechanism,1
Posterior Fossa Anomalies,image_identification,1
Posterior cranial fossa,anatomy_structure,1
Posterior segment,anatomy_structure,2
Posterior staphyloma,diagnosis,2
Posterior vaginal wall,anatomy_structure,1
Postgastrectomy Syndromes,other,1
Postgastrectomy complications,mechanism,1
Postinflammatory Hypopigmentation,diagnosis,1
Postinflammatory hypopigmentation,diagnosis,1
Postmenopausal Bleeding,management,1
Postmenopausal bleeding,management,1
Postmortem,anatomy_structure,1
Postmortem Changes,other,13
Postmortem Changes,diagnosis,3
Postmortem Changes,mechanism,2
Postmortem Changes,investigation,1
Postmortem Examination,other,3
Postmortem Examination,anatomy_structure,1
Postmortem Examination,investigation,1
Postmortem Findings,diagnosis,1
Postmortem Findings,other,1
Postmortem Lividity,other,1
Postmortem Procedures,investigation,1
Postmortem changes,other,4
Postmortem changes,diagnosis,2
Postmortem changes,mechanism,2
Postmortem findings,image_identification,1
Postmortem findings,other,1
Postnatal care,management,3
Postoperative Bleeding,management,1
Postoperative Care,drug_of_choice,1
Postoperative Care,management,1
Postoperative Complications,diagnosis,3
Postoperative Complications,management,2
Postoperative Complications,mechanism,1
Postoperative Complications,other,1
Postoperative care,drug_of_choice,1
Postoperative care,management,1
Postoperative complications,management,2
Postoperative complications,diagnosis,1
Postoperative complications,mechanism,1
Postoperative complications,other,1
Postpartum Amenorrhea,diagnosis,1
Postpartum Care,management,2
Postpartum Complications,diagnosis,5
Postpartum Complications,drug_of_choice,2
Postpartum Complications,management,1
Postpartum Haemorrhage,diagnosis,1
Postpartum Hemorrhage,management,10
Postpartum Hemorrhage,drug_of_choice,4
Postpartum Hemorrhage,diagnosis,2
Postpartum Hemorrhage,anatomy_structure,1
Postpartum Hemorrhage,mechanism,1
Postpartum Hemorrhage Management,drug_of_choice,2
Postpartum Hemorrhage Management,management,1
Postpartum Physiology,anatomy_structure,1
Postpartum Psychiatric Disorders,diagnosis,1
Postpartum blues,epidemiology,1
Postpartum care,drug_of_choice,1
Postpartum care,management,1
Postpartum complications,diagnosis,4
Postpartum disorders,diagnosis,1
Postpartum haemorrhage,diagnosis,2
Postpartum hemorrhage,management,6
Postpartum hemorrhage,diagnosis,2
Postpartum hemorrhage,drug_of_choice,2
Postpartum hemorrhage,mechanism,1
Postpartum psychiatric disorders,diagnosis,1
Postpartum seizures,diagnosis,1
Posture control,mechanism,1
Potassium,mechanism,1
Potassium Homeostasis,mechanism,1
Potassium balance,mechanism,1
Pott'S Paraplegia,management,1
Pott's Paraplegia,management,1
Pott's paraplegia,other,1
Potter syndrome,other,1
Poxviruses,other,4
Poxviruses,diagnosis,1
Poxviruses,epidemiology,1
Prader-Willi Syndrome,diagnosis,1
Pre-Anaesthetic Evaluation,other,3
Pre-Eclampsia,other,1
Pre-Eclampsia Eclampsia Management,management,2
Pre-Eclampsia Management,drug_of_choice,1
Pre-eclampsia,management,2
Pre-eclampsia,drug_of_choice,1
Pre-eclampsia,other,1
Pre-eclampsia Eclampsia management,management,2
Pre-eclampsia Management,drug_of_choice,1
Pre-eclampsia Management,management,1
Pre-eclampsia management,drug_of_choice,1
Pre-operative evaluation,investigation,1
Precancerous Lesions,diagnosis,1
Precancerous Lesions,other,1
Precancerous lesions,diagnosis,1
Precocious Puberty,diagnosis,3
Precocious Puberty,other,1
Preconception Care,management,1
Preconception care,management,1
Preeclampsia,management,6
Preeclampsia,mechanism,4
Preeclampsia,investigation,3
Preeclampsia,diagnosis,1
Preeclampsia And Eclampsia,drug_of_choice,1
Preeclampsia Complications,diagnosis,1
Preeclampsia and Eclampsia,drug_of_choice,1
Preimplantation Genetic Testing,investigation,1
Premalignant Skin Lesions,diagnosis,1
Premature Ejaculation,management,1
Premature Infant Management,management,1
Premature Ovarian Failure,investigation,1
Premature ejaculation,diagnosis,1
Premature rupture of membranes,management,1
Prematurity Features,diagnosis,1
Prematurity features,diagnosis,1
Prenatal Care,management,1
Prenatal Diagnosis,investigation,7
Prenatal Diagnosis,diagnosis,1
Prenatal Diagnosis,other,1
Prenatal Diagnosis And Screening,investigation,1
Prenatal Diagnosis and Screening,investigation,1
Prenatal Management,management,1
Prenatal Screening,investigation,4
Prenatal Screening,diagnosis,2
Prenatal Therapy,drug_of_choice,1
Prenatal care,management,1
Prenatal diagnosis,investigation,3
Prenatal diagnosis,diagnosis,1
Prenatal screening,investigation,2
Prenatal screening,diagnosis,1
Preoperative Assessment,investigation,1
Preoperative Evaluation,investigation,1
Preoperative Evaluation,management,1
Preoperative Management,drug_of_choice,1
Preoperative Medication,drug_of_choice,1
Preoperative assessment,investigation,1
Preoperative evaluation,investigation,1
Presbyopia,management,3
Press regulation,other,1
Pressure,other,1
Pressure Ulcer,management,1
Pressure Ulcers,diagnosis,2
Prevention,epidemiology,2
Prevention,other,1
Prevention Levels,epidemiology,1
Preventive Health,management,1
Preventive Medicine,management,5
Preventive Medicine,other,3
Preventive Medicine,epidemiology,2
Preventive Ophthalmology,other,1
Prevertebral space,anatomy_structure,1
Previous Cesarean Section,management,1
Priapism,anatomy_structure,1
Primary Amenorrhoea,diagnosis,1
Primary Health Care,other,5
Primary Health Centre,management,1
Primary Immunodeficiency,diagnosis,1
Primary Survey,management,1
Primary Survey,other,1
Primary health care,other,4
Primary health centre,epidemiology,1
Primary health centre,other,1
Primary healthcare,other,1
Primary hyperparathyroidism,epidemiology,1
Primary immunodeficiency,diagnosis,2
Primary survey,other,1
Primordial Prevention,epidemiology,2
Principles,other,1
Prion Diseases,diagnosis,1
Prion diseases,diagnosis,1
Prions,management,1
Prioritization,management,2
Proctology,anatomy_structure,1
Proctology,management,1
Professional Ethics,other,4
Professional Secrecy,other,1
Progesterone Antagonists,mechanism,1
Progesterone antagonists,mechanism,1
Progesterone receptor antagonists,mechanism,1
Progestins,other,3
Prognosis,other,5
Prognosis,management,1
Prognostic Factors,other,2
Prognostic Scores,investigation,2
Prognostic Scores,diagnosis,1
Prognostic factors,management,1
Prokinetic Agents,other,2
Prokinetic Drugs,drug_of_choice,1
Prokinetic Drugs,mechanism,1
Prokinetic agents,other,2
Prokinetic drugs,drug_of_choice,1
Prolactin,mechanism,1
Prolactin,other,1
Prolactinoma,investigation,2
Prolactinoma,management,1
Prophylaxis,management,2
Propofol,management,1
Propofol Infusion Syndrome,other,1
Propofol infusion syndrome,other,1
Proptosis,diagnosis,3
Prostaglandin Analogues,other,1
Prostaglandin analogues,other,1
Prostaglandins,mechanism,5
Prostaglandins,drug_of_choice,4
Prostaglandins,other,4
Prostaglandins,management,1
Prostate,anatomy_structure,1
Prostate Anatomy,anatomy_structure,1
Prostate Cancer,epidemiology,1
Prostate Cancer,management,1
Prostate Surgery Complications,anatomy_structure,1
Prosthetic Grafts,other,1
Prosthetics,other,1
Protein Binding,mechanism,5
Protein Biochemistry,other,4
Protein Biochemistry,mechanism,2
Protein Chemistry,other,10
Protein Chemistry,mechanism,7
Protein Chemistry,investigation,1
Protein Degradation,mechanism,4
Protein Folding,mechanism,4
Protein Folding,other,1
Protein Function,mechanism,1
Protein Metabolism,other,33
Protein Metabolism,mechanism,20
Protein Metabolism,diagnosis,2
Protein Metabolism,investigation,2
Protein Metabolism,anatomy_structure,1
Protein Metabolism,management,1
Protein Requirement,other,1
Protein Sequencing,mechanism,1
Protein Sorting,mechanism,1
Protein Structure,other,10
Protein Structure,mechanism,5
Protein Structure,anatomy_structure,2
Protein Structure,investigation,1
Protein Structure And Function,mechanism,1
Protein Structure and Function,mechanism,1
Protein Synthesis,mechanism,8
Protein Synthesis,other,2
Protein Synthesis,anatomy_structure,1
Protein Synthesis Inhibitors,mechanism,1
Protein binding,mechanism,3
Protein biochemistry,other,1
Protein chemistry,other,4
Protein chemistry,mechanism,2
Protein degradation,mechanism,1
Protein digestion,mechanism,1
Protein digestion,other,1
Protein folding,diagnosis,1
Protein function,mechanism,1
Protein requirement,other,1
Protein structure,mechanism,1
Protein structure,other,1
Protein synthesis,mechanism,2
Protein synthesis inhibitors,mechanism,2
Proteins,other,3
Proteins,mechanism,2
Proteinuria,investigation,1
Proteoglycans,mechanism,3
Proteolytic Enzymes,other,1
Proteolytic enzymes,other,1
Proteus,investigation,1
Proton Pump Inhibitors,mechanism,1
Proton pump inhibitors,mechanism,1
Proton therapy,mechanism,1
Protozoa,other,2
Protozoa,investigation,1
Protozoal Diseases,diagnosis,1
Protozoan cysts,other,1
Protozoology,mechanism,2
Protozoology,other,2
Protozoology,diagnosis,1
Prozone phenomenon,mechanism,2
Pseudo-obstruction,anatomy_structure,1
Pseudo-obstruction,diagnosis,1
Pseudoseizures,diagnosis,1
Psoriasis,diagnosis,6
Psoriasis,drug_of_choice,2
Psoriasis,management,2
Psoriasis,other,1
Psoriatic Arthritis,diagnosis,4
Psoriatic Arthritis,epidemiology,1
Psoriatic arthritis,diagnosis,7
Psychiatric Assessment,management,1
Psychiatric Certification,other,1
Psychiatric Disorders,other,1
Psychiatric Management,management,1
Psychiatric Symptoms,other,1
Psychiatric Terminology,other,2
Psychiatric assessment,diagnosis,1
Psychiatric assessment,management,1
Psychiatric emergency,management,1
Psychiatric history,other,2
Psychiatric management,management,2
Psychiatric symptoms,other,1
Psychiatric syndromes,diagnosis,3
Psychiatric terminology,other,1
Psychoanalysis,other,6
Psychoanalysis,management,1
Psychoanalysis,mechanism,1
Psychodynamic Theories,other,2
Psychodynamic Theory,other,1
Psychological Concepts,other,1
Psychology,other,2
Psychomotor Symptoms,diagnosis,1
Psychomotor symptoms,diagnosis,2
Psychopathology,other,11
Psychopathology,diagnosis,5
Psychopharmacology,mechanism,12
Psychopharmacology,drug_of_choice,11
Psychopharmacology,other,8
Psychopharmacology,management,3
Psychopharmacology,diagnosis,2
Psychopharmacology,investigation,1
Psychophysics,mechanism,1
Psychotherapy,other,8
Psychotherapy,management,4
Psychotherapy,mechanism,1
Psychotherapy Concepts,other,1
Psychotic Disorders,diagnosis,12
Psychotic Disorders,other,5
Psychotic Disorders,management,1
Psychotic disorders,diagnosis,8
Psychotic disorders,other,2
Psychotic disorders,management,1
Pterygium,management,3
Pterygium,other,2
Pterygium,mechanism,1
Pterygopalatine Fossa,anatomy_structure,1
Pterygopalatine fossa,anatomy_structure,1
Ptosis,management,5
Ptosis,diagnosis,2
Ptosis,epidemiology,1
Ptosis,mechanism,1
Ptosis Management,management,1
Pubertal disorders,diagnosis,1
Puberty,other,4
Puberty,diagnosis,1
Puberty,management,1
Public Health,other,22
Public Health,epidemiology,14
Public Health,management,7
Public Health,investigation,1
Public Health Administration,other,2
Public Health Concepts,other,1
Public Health Goals,epidemiology,1
Public Health Indicators,other,1
Public Health Indices,other,1
Public Health Legislation,other,4
Public Health Metrics,epidemiology,1
Public Health Ophthalmology,epidemiology,1
Public Health Programs,other,11
Public Health Programs,epidemiology,6
Public Health Programs,management,3
Public Health Programs,image_identification,2
Public health,epidemiology,1
Public health,other,1
Public health administration,other,1
Public health programs,other,1
Pudendal Canal,anatomy_structure,1
Puerperal Pyrexia,diagnosis,1
Puerperal Sepsis,diagnosis,1
Puerperium,anatomy_structure,1
Puerperium,diagnosis,1
Puerperium,other,1
Pulmonary,epidemiology,1
Pulmonary,image_identification,1
Pulmonary,investigation,1
Pulmonary Circulation,mechanism,1
Pulmonary Diseases,image_identification,1
Pulmonary Edema,diagnosis,1
Pulmonary Embolism,diagnosis,5
Pulmonary Embolism,investigation,4
Pulmonary Embolism,image_identification,1
Pulmonary Embolism,other,1
Pulmonary Eosinophilia,diagnosis,2
Pulmonary Function Tests,other,2
Pulmonary Function Tests,diagnosis,1
Pulmonary Function Tests,investigation,1
Pulmonary Hypertension,diagnosis,2
Pulmonary Hypertension,drug_of_choice,1
Pulmonary Hypertension Drugs,drug_of_choice,1
Pulmonary Imaging,image_identification,1
Pulmonary Infiltrates,investigation,1
Pulmonary Mechanics,mechanism,4
Pulmonary Metastasis,diagnosis,1
Pulmonary Pathology,image_identification,2
Pulmonary Pathology,diagnosis,1
Pulmonary Radiology,image_identification,1
Pulmonary edema,diagnosis,1
Pulmonary embolism,investigation,2
Pulmonary eosinophilia,diagnosis,1
Pulmonary function,diagnosis,1
Pulmonary function tests,diagnosis,1
Pulmonary function tests,investigation,1
Pulmonary hemorrhage,diagnosis,1
Pulmonary hypertension,drug_of_choice,2
Pulmonary manifestations,diagnosis,2
Pulmonary metastasis,diagnosis,1
Pulmonary nodules,diagnosis,1
Pulmonary radiology,image_identification,1
Pulmonary tuberculosis,other,1
Pulmonology,other,165
Pulmonology,diagnosis,130
Pulmonology,mechanism,93
Pulmonology,management,25
Pulmonology,epidemiology,23
Pulmonology,anatomy_structure,18
Pulmonology,investigation,18
Pulmonology,image_identification,17
Pulmonology,drug_of_choice,11
Pupil,diagnosis,1
Pupil Abnormalities,diagnosis,1
Pupil Disorders,diagnosis,2
Pupil abnormalities,diagnosis,1
Pupil disorders,diagnosis,3
Pupil signs,diagnosis,1
Pupillary Abnormalities,diagnosis,1
Pupillary Disorders,diagnosis,1
Pupillary Muscles,anatomy_structure,1
Pupillary Reflex,anatomy_structure,1
Pupillary Reflex,mechanism,1
Pupillary Reflexes,anatomy_structure,3
Pupillary abnormalities,mechanism,1
Pupillary muscles,anatomy_structure,1
Pupillary reflex,mechanism,1
Pupillary reflexes,anatomy_structure,3
Pupillary reflexes,diagnosis,1
Pure tone audiometry,investigation,1
Pure word deafness,anatomy_structure,1
Purine And Pyrimidine Metabolism,mechanism,1
Purine Biosynthesis,mechanism,2
Purine Catabolism,mechanism,1
Purine Metabolism,mechanism,12
Purine Metabolism,diagnosis,3
Purine Metabolism,other,1
Purine Metabolism Disorders,mechanism,1
Purine Salvage Pathway,mechanism,1
Purine Synthesis,mechanism,1
Purine and Pyrimidine Metabolism,mechanism,1
Purine biosynthesis,mechanism,1
Purine metabolism,mechanism,3
Purine metabolism,diagnosis,2
Purine metabolism,other,1
Purine salvage pathway,mechanism,1
Purine synthesis,other,1
Pustular Psoriasis,management,1
Putrefaction,other,2
Pyloric Stenosis,diagnosis,5
Pyloric stenosis,diagnosis,3
Pyometra,anatomy_structure,1
Pyramidal Tract Lesion,diagnosis,1
Pyrethroid Insecticides,epidemiology,1
Pyrimidine Metabolism,mechanism,6
Pyrimidine metabolism,mechanism,4
Pyrimidine metabolism,other,1
Pyruvate Dehydrogenase Complex,mechanism,1
Pyruvate dehydrogenase complex,mechanism,1
QT interval,other,1
QT interval prolongation,mechanism,1
Qt Interval,other,1
Qt Interval Prolongation,mechanism,1
Quadratus lumborum,anatomy_structure,1
RCH program,other,1
REM sleep,other,1
RNA enzymes,other,1
RNA splicing,mechanism,1
RNA viruses,diagnosis,2
RNTCP,epidemiology,2
Rabies,management,4
Rabies,other,2
Rabies,drug_of_choice,1
Rabies Control,epidemiology,1
Rabies Prophylaxis,drug_of_choice,1
Rabies control,epidemiology,1
Radial Head Subluxation,management,1
Radial Nerve,anatomy_structure,6
Radial Nerve,diagnosis,2
Radial Nerve Injury,management,1
Radial nerve,anatomy_structure,3
Radial nerve injury,management,1
Radiation,management,1
Radiation Biology,other,4
Radiation Dose,other,3
Radiation Dose,epidemiology,1
Radiation Effects,other,2
Radiation Effects,mechanism,1
Radiation Exposure,management,1
Radiation Hazards,other,3
Radiation Injury,mechanism,1
Radiation Oncology,management,4
Radiation Oncology,mechanism,1
Radiation Oncology,other,1
Radiation Physics,other,14
Radiation Physics,mechanism,2
Radiation Protection,other,1
Radiation Safety,other,5
Radiation Safety,management,1
Radiation Therapy,other,1
Radiation Tolerance,other,1
Radiation Toxicity,diagnosis,1
Radiation biology,other,1
Radiation effects,other,1
Radiation hazards,other,1
Radiation physics,other,5
Radiation physics,mechanism,3
Radiation safety,other,2
Radiation safety,management,1
Radiation susceptibility,mechanism,1
Radiation therapy,epidemiology,1
Radiation therapy,management,1
Radiation therapy,other,1
Radiation tolerance,other,1
Radical Hysterectomy,management,1
Radiculopathy,anatomy_structure,1
Radiculopathy,investigation,1
Radioactivity,other,1
Radiobiology,mechanism,2
Radiobiology,other,1
Radiofrequency Ablation,mechanism,1
Radiofrequency ablation,mechanism,1
Radiographic Anatomy Of Skull,image_identification,1
Radiographic Contrast Agents,other,1
Radiographic Imaging,mechanism,1
Radiographic Principles,other,1
Radiographic Projections,image_identification,1
Radiographic Signs,image_identification,1
Radiographic Techniques,other,1
Radiographic Views,investigation,2
Radiographic Views,image_identification,1
Radiographic anatomy of skull,image_identification,1
Radiographic findings,diagnosis,1
Radiographic projections,image_identification,1
Radiographic signs,diagnosis,2
Radiographic signs,image_identification,2
Radiographic view,image_identification,1
Radiography Principles,other,1
Radioisotopes,other,1
Radiological Lines,anatomy_structure,2
Radiological Signs,diagnosis,1
Radiological Signs,image_identification,1
Radiological Signs Of Fetal Death,image_identification,1
Radiological Signs of Fetal Death,image_identification,1
Radiological signs,image_identification,2
Radiological signs,other,1
Radiology / Bone Disorders,other,1
Radiopharmaceuticals,other,2
Radiopharmaceuticals,mechanism,1
Radiotherapy,management,5
Radiotherapy,other,5
Radiotherapy,mechanism,1
Raised Intracranial Pressure,management,1
Raised Intracranial Pressure,other,1
Raised intracranial pressure,other,1
Randomization,epidemiology,1
Rapid Sequence Induction,management,1
Rapid sequence induction,management,1
Rash,diagnosis,1
Raynaud Phenomenon,mechanism,1
Reactive Oxygen Species,mechanism,1
Receptor Inhibitors,other,1
Receptor Mechanisms,mechanism,1
Receptor Pharmacology,mechanism,2
Receptor Pharmacology,other,1
Receptor binding,mechanism,1
Receptor pharmacology,mechanism,5
Receptors,anatomy_structure,1
Recombinant DNA Technology,mechanism,1
Recombinant Dna Technology,mechanism,1
Reconstructive Surgery,management,3
Reconstructive Surgery,anatomy_structure,1
Recovery position,management,1
Rectal Carcinoma,investigation,1
Rectal Prolapse,management,4
Rectal Route,other,1
Rectal carcinoma,investigation,1
Rectal disorders,management,1
Rectovesical Fascia,anatomy_structure,1
Rectum,anatomy_structure,4
Rectus sheath,anatomy_structure,1
Recurrence Risk,epidemiology,1
Recurrence risk,epidemiology,1
Recurrent Laryngeal Nerve Palsy,diagnosis,1
Recurrent laryngeal nerve palsy,diagnosis,1
Red Cell Disorders,diagnosis,1
Red Cell Disorders,other,1
Redox Metabolism,other,1
Redox reactions,mechanism,1
Reed-Sternberg cells,diagnosis,1
Reference Values,epidemiology,1
Referred pain,anatomy_structure,1
Reflexes,mechanism,5
Reflexes,anatomy_structure,2
Reflexes,investigation,2
Reflexes,other,2
Refraction,mechanism,7
Refraction,investigation,4
Refraction,anatomy_structure,3
Refraction,diagnosis,2
Refractive Errors,diagnosis,12
Refractive Errors,management,9
Refractive Errors,other,5
Refractive Errors,mechanism,3
Refractive Errors,investigation,2
Refractive Surgery,image_identification,1
Refractive Surgery,management,1
Refractive errors,diagnosis,8
Refractive errors,management,8
Refractive errors,other,3
Refractive errors,mechanism,2
Refractive errors,epidemiology,1
Refractive errors,investigation,1
Refractive index,anatomy_structure,1
Refractive index,mechanism,1
Refractive surgery,diagnosis,1
Refractive surgery,management,1
Refsum disease,diagnosis,1
Regeneration,mechanism,4
Regional Anaesthesia,other,43
Regional Anaesthesia,management,28
Regional Anaesthesia,mechanism,16
Regional Anaesthesia,drug_of_choice,15
Regional Anaesthesia,image_identification,5
Regional Anaesthesia,anatomy_structure,4
Regional Anaesthesia,diagnosis,2
Regional Anaesthesia,investigation,2
Regional Anaesthesia,epidemiology,1
Regional Anatomy,anatomy_structure,2
Regional Anesthesia,management,1
Regional Anesthesia,other,1
Regional Anesthesia Complications,other,1
Regional anesthesia,management,2
Regression Analysis,investigation,1
Regression Analysis,other,1
Rehabilitation,other,3
Rehabilitation,management,2
Rem Sleep,other,1
Renal,other,109
Renal,mechanism,73
Renal,diagnosis,48
Renal,anatomy_structure,21
Renal,investigation,20
Renal,management,13
Renal,image_identification,5
Renal,epidemiology,4
Renal,drug_of_choice,3
Renin-Angiotensin System,other,2
Renin-Angiotensin System,mechanism,1
Renin-angiotensin system,mechanism,1
Renin-angiotensin system,other,1
Replantation,management,1
Reporter Genes,other,1
Reporting Bias,epidemiology,1
Reproduction,other,3
Reproduction,mechanism,2
Reproduction,anatomy_structure,1
Reproductive,other,68
Reproductive,anatomy_structure,53
Reproductive,mechanism,35
Reproductive,management,9
Reproductive,diagnosis,7
Reproductive,image_identification,4
Reproductive,drug_of_choice,3
Reproductive,investigation,3
Reproductive,epidemiology,1
Research Methodology,other,11
Research Methodology,epidemiology,2
Research Methodology,investigation,2
Research Techniques,other,1
Research methodology,other,1
Resection Margin,management,1
Reservoir,other,1
Respiration,diagnosis,1
Resting Membrane Potential,mechanism,1
Resuscitation,management,4
Resuscitation,other,2
Resuscitation equipment,image_identification,1
Retina,diagnosis,55
Retina,other,33
Retina,mechanism,11
Retina,management,10
Retina,image_identification,7
Retina,investigation,7
Retina,anatomy_structure,6
Retina,epidemiology,2
Retina,drug_of_choice,1
Retinitis Pigmentosa,image_identification,1
Retinitis pigmentosa,image_identification,1
Retinoblastoma,diagnosis,4
Retinoblastoma,epidemiology,2
Retinoblastoma,drug_of_choice,1
Retinoblastoma,management,1
Retinoblastoma,mechanism,1
Retinoblastoma,other,1
Retinoids,other,1
Retinopathy Of Prematurity,diagnosis,1
Retinopathy Of Prematurity,epidemiology,1
Retinopathy of prematurity,diagnosis,1
Retinopathy of prematurity,epidemiology,1
Retinoscopy,diagnosis,1
Retractors,image_identification,1
Retrobulbar space,anatomy_structure,1
Retroperitoneal Fibrosis,epidemiology,1
Retroperitoneal Structures,anatomy_structure,1
Retroperitoneal structures,anatomy_structure,1
Retroperitoneum,anatomy_structure,1
Retropharyngeal Abscess,diagnosis,1
Rett syndrome,other,1
Reverse Transcription,mechanism,1
Reverse hypopyon,other,1
Reversible Injury,diagnosis,1
Revised National TB Control Program,other,1
Revised National Tb Control Program,other,1
Revised National Tuberculosis Control Program (RNTCP),other,1
Revised National Tuberculosis Control Program (Rntcp),other,1
Reye Syndrome,diagnosis,1
Rh Incompatibility,management,1
Rh antigen,other,1
Rhabdomyolysis,diagnosis,2
Rhabdomyosarcoma,other,1
Rhabdoviruses,other,1
Rheumatic Fever,management,4
Rheumatic Fever,diagnosis,3
Rheumatic Fever,drug_of_choice,2
Rheumatic Fever,other,1
Rheumatic Fever And Rhd,diagnosis,1
Rheumatic Fever and RHD,diagnosis,1
Rheumatic Heart Disease,mechanism,2
Rheumatic Heart Disease,diagnosis,1
Rheumatic Heart Disease,epidemiology,1
Rheumatic Heart Disease,image_identification,1
Rheumatic fever,diagnosis,1
Rheumatic fever,drug_of_choice,1
Rheumatic fever,management,1
Rheumatic fever,other,1
Rheumatic heart disease,mechanism,1
Rheumatoid Arthritis,diagnosis,7
Rheumatoid Arthritis,image_identification,1
Rheumatoid Arthritis,mechanism,1
Rheumatoid Arthritis,other,1
Rheumatoid Arthritis Complications,other,1
Rheumatoid Arthritis Drugs,mechanism,1
Rheumatoid Arthritis Pathology,other,1
Rheumatoid arthritis,diagnosis,4
Rheumatoid arthritis,investigation,1
Rheumatoid factor,diagnosis,1
Rheumatology,diagnosis,58
Rheumatology,other,53
Rheumatology,investigation,9
Rheumatology,mechanism,8
Rheumatology,epidemiology,7
Rheumatology,management,6
Rheumatology,drug_of_choice,5
Rheumatology,image_identification,1
Rhinitis,epidemiology,3
Rhinitis,management,3
Rhinitis,diagnosis,1
Rhinology,investigation,11
Rhinology,anatomy_structure,9
Rhinology,management,5
Rhinology,diagnosis,4
Rhinology,image_identification,4
Rhinology,other,3
Rhinophyma,other,1
Rhinoplasty,image_identification,1
Rhinoscleroma,diagnosis,1
Rhinoscleroma,other,1
Rhinosinusitis Complications,diagnosis,1
Rhinosinusitis complications,diagnosis,1
Rhinosporidiosis,diagnosis,1
Rib Notching,diagnosis,2
Rib notching,diagnosis,2
Riboflavin,diagnosis,1
Ribozymes,other,1
Ribs,anatomy_structure,1
Rickets,diagnosis,5
Rickets,image_identification,1
Rickets,mechanism,1
Rickettsial Diseases,diagnosis,2
Rickettsial Diseases,investigation,1
Rickettsial diseases,epidemiology,2
Rickettsial diseases,diagnosis,1
Rickettsial diseases,investigation,1
Rickettsial diseases,mechanism,1
Rickettsiology,mechanism,1
Rickettsiology,other,1
Rifampicin resistance,mechanism,1
Rigor Mortis,other,4
Rigor mortis,other,3
Rigor mortis,mechanism,2
Riluzole,drug_of_choice,1
Rimonabant,drug_of_choice,1
Risk Assessment,epidemiology,1
Risk Factors,epidemiology,1
Risk Measures,epidemiology,1
Risk factors,epidemiology,2
Risk factors,other,1
Risk groups,epidemiology,2
Risk-benefit analysis,other,1
Rna Enzymes,other,1
Rna Splicing,mechanism,1
Road Traffic Accidents,anatomy_structure,1
Road Traffic Injuries,other,1
Road traffic injuries,other,1
Robertson translocation,epidemiology,1
Rotator Cuff,anatomy_structure,1
Rotator Cuff,investigation,1
Rotator Cuff,other,1
Rotator Cuff Impingement,other,1
Rotator Cuff Injuries,anatomy_structure,1
Rotator Cuff Pathology,diagnosis,1
Rotator cuff,diagnosis,1
Rotator cuff pathology,diagnosis,1
Round pneumonia,diagnosis,1
Routes Of Administration,other,2
Routes of Administration,other,3
Rubella,epidemiology,2
Rural Health,management,1
Rural Health,other,1
SAH Prognostic Scales,investigation,1
SARS,epidemiology,1
SIADH,drug_of_choice,1
SIADH management,drug_of_choice,1
SIRS,diagnosis,1
SLE,diagnosis,2
SLE,epidemiology,1
SSPE,drug_of_choice,1
STDs,management,2
STIs,diagnosis,3
STIs,drug_of_choice,1
STIs,other,1
SVC syndrome,management,1
Sacrocolpopexy,anatomy_structure,1
Sacrum,anatomy_structure,1
Safety features,mechanism,1
Safety officer,other,1
Sah Prognostic Scales,investigation,1
Salivary Gland,anatomy_structure,1
Salivary Gland,diagnosis,1
Salivary Gland,investigation,1
Salivary Gland Diseases,diagnosis,1
Salivary Gland Disorders,anatomy_structure,1
Salivary Gland Disorders,diagnosis,1
Salivary Gland Disorders,investigation,1
Salivary Gland Imaging,diagnosis,2
Salivary Gland Pathology,diagnosis,1
Salivary Gland Pathology,image_identification,1
Salivary Glands,anatomy_structure,3
Salivary Glands,diagnosis,1
Salivary Glands,epidemiology,1
Salivary Glands,investigation,1
Salivary Glands,mechanism,1
Salivary Glands,other,1
Salivary gland,investigation,1
Salivary gland disorders,anatomy_structure,1
Salivary gland disorders,diagnosis,1
Salivary gland disorders,investigation,1
Salivary gland imaging,diagnosis,2
Salivary gland pathology,investigation,1
Salivary glands,anatomy_structure,1
Salivary glands,other,1
Salivary secretion,other,1
Salmonella,diagnosis,1
Salmonella,other,1
Salter-Harris classification,diagnosis,1
Sample Preservation,investigation,1
Sample collection,investigation,1
Sampling Methods,other,5
Sampling methods,other,2
Sanitary Landfill,other,1
Sanitation,investigation,2
Sanitation,other,2
Sarcoidosis,diagnosis,7
Sarcoidosis,image_identification,4
Sarcoidosis,epidemiology,2
Sarcoidosis,other,1
Sarcomas,diagnosis,2
Sarcomas,mechanism,1
Sarcomas,other,1
Sarcomere,other,1
Scabies,diagnosis,7
Scabies,drug_of_choice,5
Scabies,image_identification,2
Scabies,anatomy_structure,1
Scabies,management,1
Scalp and meninges,anatomy_structure,1
Scaphoid,anatomy_structure,1
Scaphoid,image_identification,1
Scapula,anatomy_structure,1
Scarring,other,2
Scars,image_identification,1
Schilling test,investigation,1
Schizoaffective Disorder,diagnosis,1
Schizoaffective disorder,diagnosis,1
Schizophrenia & Psychosis,diagnosis,23
Schizophrenia & Psychosis,other,16
Schizophrenia & Psychosis,epidemiology,5
Schizophrenia & Psychosis,mechanism,4
Schizophrenia & Psychosis,drug_of_choice,2
Schizophrenia & Psychosis,management,2
School Health,other,3
School Health,management,1
School Health Services,other,1
School health,other,1
School health services,other,1
Schwalbe's ring,anatomy_structure,1
Schwann cells,anatomy_structure,1
Sciatic nerve,anatomy_structure,1
Sciatica,anatomy_structure,1
Sclera,other,5
Sclera,anatomy_structure,2
Scleritis,other,4
Scleritis,epidemiology,1
Scleromalacia Perforans,other,1
Scleromalacia perforans,other,1
Scoliosis,management,2
Scoliosis,diagnosis,1
Scoliosis,investigation,1
Scoring Systems,investigation,1
Scoring Systems,other,1
Screening,epidemiology,16
Screening,investigation,4
Screening,management,3
Screening,other,3
Screening,diagnosis,1
Screening,mechanism,1
Screening Effectiveness,epidemiology,1
Screening Evaluation,epidemiology,1
Screening For Diseases,other,1
Screening Tests,diagnosis,1
Screening Tests,epidemiology,1
Screening for Diseases,other,1
Screening tests,epidemiology,1
Scrotal Disorders,diagnosis,1
Scrotal Disorders,other,1
Scrotal Emergencies,diagnosis,1
Scrotal Swelling,diagnosis,2
Scrotal Swellings,management,1
Scrotal swelling,diagnosis,2
Scrotum,anatomy_structure,3
Scurvy,diagnosis,1
Seasonal Affective Disorder,diagnosis,1
Seasonal affective disorder,diagnosis,1
Seborrhic Dermatitis,other,1
Seborrhic dermatitis,other,1
Second Messengers,mechanism,1
Secondary Amenorrhea,diagnosis,1
Secondary Service Centre,epidemiology,1
Secondary Survey,management,1
Secondary attack rate,epidemiology,1
Secondary health care,other,1
Secretion Regulation,other,1
Secretions,other,1
Sectoral Sign,diagnosis,1
Sedation,other,1
Sedative-hypnotics,other,1
Seizure Disorders,drug_of_choice,1
Seizure disorders,diagnosis,3
Seizure disorders,drug_of_choice,1
Seizure disorders,investigation,1
Seizure disorders,other,1
Seizures,diagnosis,1
Seizures,management,1
Seizures,other,1
Selection Bias,epidemiology,2
Selection bias,epidemiology,3
Selective Estrogen Receptor Modulators,mechanism,3
Selective Mutism,diagnosis,1
Selective estrogen receptor modulators,mechanism,3
Selective media,investigation,1
Self-Harm,diagnosis,1
Self-harm,diagnosis,1
Semen Analysis,investigation,1
Semen Detection,investigation,3
Semen detection,investigation,1
Seminal vesicles,anatomy_structure,1
Semitendinosus,anatomy_structure,1
Sensitivity,epidemiology,1
Sensorineural hearing loss,mechanism,1
Sensory Pathways,diagnosis,1
Sensory Pathways,mechanism,1
Sensory Physiology,mechanism,12
Sensory Physiology,other,2
Sensory Physiology,anatomy_structure,1
Sensory Receptors,mechanism,3
Sensory Receptors,anatomy_structure,1
Sensory System,mechanism,1
Sensory pathways,anatomy_structure,1
Sensory perception,anatomy_structure,1
Sensory physiology,mechanism,5
Sensory receptors,mechanism,3
Sensory receptors,anatomy_structure,1
Sentinel Lymph Node Biopsy,other,1
Sentinel Surveillance,epidemiology,1
Sentinel lymph node biopsy,management,1
Sepsis,diagnosis,4
Sepsis,management,1
Septal perforation,diagnosis,1
Septic Arthritis,investigation,2
Septic Arthritis,diagnosis,1
Septic Arthritis,epidemiology,1
Septic Arthritis,other,1
Septic arthritis,investigation,2
Septic arthritis,epidemiology,1
Septic arthritis,other,1
Septoplasty,management,8
Septoplasty,anatomy_structure,1
Serology,investigation,9
Serology,diagnosis,3
Serology,other,3
Serology,mechanism,1
Seronegative Spondyloarthropathies,diagnosis,1
Serotonin Metabolism,diagnosis,2
Serotonin Metabolism,investigation,1
Serotonin Receptors,mechanism,1
Serotonin Syndrome,management,1
Serous otitis media,management,1
Serum Sickness,other,1
Serum sickness,other,1
Severe preeclampsia,management,1
Sex Reassignment Surgery,management,1
Sexual Assault,investigation,4
Sexual Assault,diagnosis,3
Sexual Assault,other,3
Sexual Assault,mechanism,1
Sexual Assault Examination,investigation,1
Sexual Assault Examination,other,1
Sexual Disorders,diagnosis,4
Sexual Disorders,other,4
Sexual Disorders,investigation,1
Sexual Disorders,management,1
Sexual Dysfunction,diagnosis,4
Sexual Dysfunction,investigation,2
Sexual Dysfunction,management,2
Sexual Dysfunctions,management,1
Sexual Jurisprudence,other,3
Sexual Offences,other,14
Sexual Offences,investigation,3
Sexual Offences,diagnosis,2
Sexual Offences,mechanism,1
Sexual Offenses,other,4
Sexual Response Cycle,other,1
Sexual assault,other,2
Sexual assault,diagnosis,1
Sexual assault,mechanism,1
Sexual disorders,diagnosis,4
Sexual disorders,investigation,1
Sexual disorders,management,1
Sexual dysfunction,diagnosis,1
Sexual dysfunction,investigation,1
Sexual dysfunction,management,1
Sexual dysfunction,other,1
Sexual offenses,other,1
Sexually Transmitted Diseases,diagnosis,1
Sexually transmitted diseases,diagnosis,1
Shelter-in-place,management,1
Shield material,other,1
Shigella,investigation,2
Shigella,diagnosis,1
Shipping navigation,other,1
Shock,mechanism,6
Shock,diagnosis,5
Shock,management,5
Shock,other,2
Shock,drug_of_choice,1
Shock Management,management,1
Shock management,management,1
Short Bowel Syndrome,mechanism,1
Short Bowel Syndrome,other,1
Short bowel syndrome,mechanism,1
Shoulder,other,4
Shoulder,anatomy_structure,2
Shoulder,diagnosis,2
Shoulder,mechanism,2
Shoulder Anatomy,anatomy_structure,1
Shoulder Clinical Tests,investigation,1
Shoulder Dislocation,diagnosis,4
Shoulder Dislocation,management,2
Shoulder Disorders,diagnosis,1
Shoulder Dystocia,management,6
Shoulder Dystocia,anatomy_structure,1
Shoulder Examination,investigation,1
Shoulder Impingement Syndrome,mechanism,1
Shoulder Injuries,diagnosis,1
Shoulder Instability,management,1
Shoulder Movements,anatomy_structure,1
Shoulder Pathology,diagnosis,1
Shoulder Region,anatomy_structure,2
Shoulder anatomy,anatomy_structure,1
Shoulder dislocation,diagnosis,1
Shoulder disorders,diagnosis,1
Shoulder dystocia,management,1
Shoulder impingement,diagnosis,1
Shoulder injuries,other,2
Shoulder instability,management,1
Shoulder muscles,anatomy_structure,1
Shoulder pain,diagnosis,1
Shoulder pathology,diagnosis,1
Shoulder region,anatomy_structure,2
Shrinking Lung Syndrome,diagnosis,1
Siadh Management,drug_of_choice,1
Sialolithiasis,diagnosis,1
Sickle Cell Disease,diagnosis,1
Sickle Cell Disease,drug_of_choice,1
Sickle Cell Disease Complications,diagnosis,2
Sickle cell disease complications,diagnosis,1
Side Effects,mechanism,1
Sideroblastic anemia,mechanism,1
Signal Transduction,mechanism,5
Signal transduction,mechanism,1
Signs of live birth,other,1
Sinonasal obstruction,image_identification,1
Sinus Imaging,investigation,1
Sinus Radiography,investigation,1
Sinus Surgery,management,2
Sinusitis,diagnosis,3
Sinusitis,management,2
Sinusitis,other,2
Sinusitis,image_identification,1
Sirs,diagnosis,1
Site distribution,epidemiology,1
Sjogren syndrome,diagnosis,1
Sjögren'S Syndrome,diagnosis,1
Sjögren's syndrome,diagnosis,1
Skeletal Age,investigation,1
Skeletal Anatomy,anatomy_structure,1
Skeletal Dysplasias,diagnosis,1
Skeletal Dysplasias,mechanism,1
Skeletal Imaging,diagnosis,1
Skeletal Imaging,image_identification,1
Skeletal Muscle Relaxants,mechanism,1
Skeletal Radiology,diagnosis,5
Skeletal Radiology,image_identification,2
Skeletal Radiology,other,1
Skeletal System,anatomy_structure,3
Skeletal Traction,management,1
Skeletal dysplasias,diagnosis,1
Skeletal imaging,image_identification,1
Skeletal muscle,mechanism,1
Skeletal radiology,diagnosis,1
Skeletal system,anatomy_structure,2
Skin & Soft Tissue,diagnosis,1
Skin And Soft Tissue,diagnosis,1
Skin Appendages And Their Disorders,other,3
Skin Cancer,diagnosis,1
Skin Cancer,epidemiology,1
Skin Cancers,epidemiology,1
Skin Conditions,other,2
Skin Conditions,diagnosis,1
Skin Conditions,image_identification,1
Skin Disorders,other,2
Skin Disorders,diagnosis,1
Skin Disorders,drug_of_choice,1
Skin Disorders,image_identification,1
Skin Graft Physiology,mechanism,1
Skin Grafts,mechanism,1
Skin Lesions,image_identification,5
Skin Lesions,other,3
Skin Lesions,diagnosis,2
Skin Manifestations,diagnosis,1
Skin Neoplasms,diagnosis,2
Skin Pathology,diagnosis,1
Skin Pathology,other,1
Skin Rashes,image_identification,1
Skin Signs,diagnosis,2
Skin and Nail,other,1
Skin and Soft Tissue,diagnosis,1
Skin cancer,epidemiology,1
Skin cancer,management,1
Skin cancers,epidemiology,1
Skin innervation,anatomy_structure,1
Skin lesions,diagnosis,2
Skin lesions,mechanism,1
Skin lesions,other,1
Skin manifestations,diagnosis,1
Skin neoplasms,diagnosis,1
Skin pathology,diagnosis,1
Skin pathology,other,1
Skin physiology,mechanism,1
Skin reactions,epidemiology,1
Skull,anatomy_structure,5
Skull Anatomy,anatomy_structure,1
Skull Anatomy,other,1
Skull And Facial Bones,anatomy_structure,1
Skull Base,anatomy_structure,4
Skull Base Anatomy,anatomy_structure,1
Skull Bones,anatomy_structure,1
Skull Foramina,anatomy_structure,4
Skull Imaging,diagnosis,2
Skull and Facial Bones,anatomy_structure,1
Skull base,anatomy_structure,2
Sleep,other,7
Sleep,investigation,3
Sleep,mechanism,3
Sleep,image_identification,1
Sleep Apnea,investigation,1
Sleep Apnea,management,1
Sleep Apnea,other,1
Sleep Disorders,diagnosis,6
Sleep Disorders,other,5
Sleep Disorders,mechanism,1
Sleep Hygiene,other,3
Sleep Physiology,diagnosis,2
Sleep Physiology,image_identification,2
Sleep Physiology,other,2
Sleep apnea,management,2
Sleep apnea,investigation,1
Sleep disorders,diagnosis,6
Sleep disorders,other,4
Sleep disorders,management,3
Sleep disorders,mechanism,2
Sleep hygiene,other,3
Sleep pharmacology,mechanism,1
Sleep physiology,diagnosis,1
Sleep physiology,other,1
Slipped Capital Femoral Epiphysis,diagnosis,2
Small Bowel Surgery Complications,diagnosis,1
Small Intestine,anatomy_structure,1
Small bowel disease,diagnosis,1
Small bowel resection,diagnosis,1
Small bowel surgery complications,diagnosis,1
Small chain fatty acids,anatomy_structure,1
Small intestine,anatomy_structure,1
Small intestine imaging,investigation,1
Smegma Bacilli,investigation,1
Smoking,epidemiology,1
Smoking Cessation,drug_of_choice,1
Smoking cessation,drug_of_choice,2
Smooth Muscle,mechanism,2
Smooth Muscle,anatomy_structure,1
Smooth muscle,mechanism,1
Smothering,diagnosis,1
Snake Envenomation,management,1
Snake Envenomation,mechanism,1
Social Cognition,other,1
Social Determinants,other,2
Social Determinants Of Health,other,1
Social Determinants of Health,other,1
Social Medicine,other,3
Social Sciences,other,4
Social Security,other,6
Social Stratification,other,1
Social Welfare,other,1
Social cognition,other,1
Socioeconomic Health Indices,other,1
Socioeconomic Status,epidemiology,1
Sociology,other,5
Sodium Disorders,diagnosis,1
Sodium Disorders,investigation,1
Sodium Disorders,mechanism,1
Sodium channel blockers,mechanism,1
Sodium disorders,mechanism,1
Sodium fluoride,mechanism,1
Soft Tissue Disorders,other,1
Soft Tissue Injuries,anatomy_structure,1
Soft Tissue Injury,other,1
Soft tissue disorders,other,1
Soft tissue injury,other,1
Solid Waste Disposal,other,1
Solid Waste Management,other,1
Solitary Pulmonary Nodule,diagnosis,1
Solitary pulmonary nodule,diagnosis,1
Somatic Symptom Disorders,other,4
Somatic Symptom Disorders,diagnosis,2
Somatic symptom disorders,other,3
Somatic symptom disorders,diagnosis,2
Somatic symptom disorders,management,1
Somatization Disorder,diagnosis,3
Somatization disorder,diagnosis,3
Somatoform Disorders,diagnosis,2
Somatoform disorders,diagnosis,1
Somatosensory System,mechanism,1
Somatostatin Analogs,drug_of_choice,1
Somatostatin analogs,drug_of_choice,1
Space of Disse,anatomy_structure,1
Spasticity management,drug_of_choice,1
Special Senses,mechanism,4
Special Senses,anatomy_structure,1
Special Senses,other,1
Specific Phobia,diagnosis,1
Specific Signs,diagnosis,2
Specimen Collection,investigation,1
Specimen collection,investigation,2
Spectroscopy,other,2
Sperm physiology,other,1
Spermatic Cord,anatomy_structure,3
Spermatic cord,anatomy_structure,3
Spermatogenesis,anatomy_structure,1
Spermatogenesis,mechanism,1
Sphingolipidoses,other,1
Sphingolipids,other,1
Spinal Anaesthesia,mechanism,3
Spinal Anaesthesia,other,3
Spinal Anaesthesia,management,2
Spinal Anesthesia,mechanism,1
Spinal Anesthesia Complications,other,1
Spinal Anomalies,diagnosis,1
Spinal Canal Stenosis,mechanism,2
Spinal Cord,anatomy_structure,5
Spinal Cord,diagnosis,1
Spinal Cord Anatomy,anatomy_structure,1
Spinal Cord Disorders,diagnosis,1
Spinal Cord Fibers,anatomy_structure,1
Spinal Cord Injuries,diagnosis,1
Spinal Cord Injury,diagnosis,2
Spinal Cord Lesions,diagnosis,4
Spinal Cord Syndromes,diagnosis,4
Spinal Cord Tracts,anatomy_structure,1
Spinal Deformities,diagnosis,2
Spinal Deformities,investigation,1
Spinal Deformities,management,1
Spinal Deformities,other,1
Spinal Deformity,management,1
Spinal Deformity,other,1
Spinal Disorders,diagnosis,3
Spinal Disorders,other,1
Spinal Imaging,image_identification,2
Spinal Injuries,management,1
Spinal Ligaments,anatomy_structure,1
Spinal Nerve,anatomy_structure,1
Spinal Nerve Lesions,anatomy_structure,1
Spinal Nerves,anatomy_structure,2
Spinal Reflexes,mechanism,1
Spinal Tuberculosis,management,6
Spinal Tuberculosis,epidemiology,2
Spinal Tuberculosis,other,2
Spinal Tuberculosis,anatomy_structure,1
Spinal anesthesia,mechanism,2
Spinal canal stenosis,mechanism,1
Spinal cord,anatomy_structure,1
Spinal cord lesions,diagnosis,1
Spinal cord segments,investigation,1
Spinal cord tracts,diagnosis,1
Spinal deformity,management,1
Spinal imaging,image_identification,1
Spinal imaging,investigation,1
Spinal injuries,management,1
Spinal involvement,diagnosis,1
Spinal lesions,diagnosis,1
Spinal nerve lesions,anatomy_structure,1
Spinal nerves,anatomy_structure,1
Spinal reflexes,mechanism,1
Spinal tuberculosis,management,3
Spinal tuberculosis,epidemiology,2
Spinal tuberculosis,anatomy_structure,1
Spinal tuberculosis,other,1
Spine,anatomy_structure,18
Spine,diagnosis,15
Spine,other,10
Spine,management,7
Spine,epidemiology,3
Spine,image_identification,2
Spine,mechanism,1
Spinothalamic tract,anatomy_structure,1
Spirochetes,diagnosis,1
Spirochetes,other,1
Spleen,anatomy_structure,5
Spleen,image_identification,3
Spleen,other,1
Spleen Pathology,diagnosis,1
Spleen location,anatomy_structure,1
Spleen pathology,diagnosis,2
Splenectomy,management,2
Splenic Artery,anatomy_structure,1
Splenic Injury,diagnosis,1
Splenic Injury,management,1
Splenic Injury Management,management,1
Splenic Pathology,other,1
Splenic injury,management,1
Splenomegaly,diagnosis,1
Splinting,management,1
Spondyloarthropathies,diagnosis,7
Spondyloarthropathies,investigation,1
Spondyloarthropathy,diagnosis,1
Spondylolisthesis,diagnosis,2
Sports Injuries,diagnosis,1
Sports Medicine,diagnosis,1
Sports injuries,diagnosis,1
Sports injuries,image_identification,1
Sports injuries,management,1
Squint & Pediatric Ophthalmology,diagnosis,74
Squint & Pediatric Ophthalmology,management,36
Squint & Pediatric Ophthalmology,other,26
Squint & Pediatric Ophthalmology,anatomy_structure,18
Squint & Pediatric Ophthalmology,investigation,11
Squint & Pediatric Ophthalmology,epidemiology,8
Squint & Pediatric Ophthalmology,mechanism,6
Squint & Pediatric Ophthalmology,drug_of_choice,5
Squint & Pediatric Ophthalmology,image_identification,4
Squint Surgery,management,1
Squint surgery,management,1
Stable angina,other,1
Stages of anaesthesia,other,1
Staging,image_identification,2
Staging,other,2
Staging,investigation,1
Staining,investigation,1
Staining Techniques,investigation,1
Staining techniques,mechanism,5
Staining techniques,investigation,1
Standardization,epidemiology,2
Standardization Of Rates,epidemiology,1
Standardization of Rates,epidemiology,1
Stapedius nerve supply,anatomy_structure,1
Staphylococci,investigation,1
Staphylococci,mechanism,1
Staphylococcus,epidemiology,1
Staphylococcus,investigation,1
Staphylococcus,other,1
Staphylococcus Aureus,other,1
Staphylococcus aureus,other,1
Starvation,other,1
Starvation Metabolism,mechanism,2
Starvation Metabolism,other,1
Starvation metabolism,mechanism,2
Statins,mechanism,1
Statins,other,1
Statistical Tests,other,1
Stature estimation,other,8
Status Epilepticus,management,1
Status epilepticus,management,1
Steeple sign,image_identification,1
Stereopsis,other,1
Stereotactic Radiosurgery,management,1
Stereotactic radiosurgery,management,1
Sterile Pyuria,diagnosis,1
Sterilization & Hospital Infection,management,5
Sterilization & Hospital Infection,other,5
Sterilization & Hospital Infection,epidemiology,1
Sterilization & Hospital Infection,investigation,1
Sterilization Methods,other,1
Sterilization methods,other,1
Sterilization techniques,other,1
Sternocleidomastoid,anatomy_structure,5
Sternum,anatomy_structure,1
Steroid Biosynthesis,mechanism,2
Steroid Hormones,other,1
Steroid Metabolism,mechanism,2
Steroid biosynthesis,mechanism,2
Steroidogenesis,mechanism,3
Stevens-Johnson Syndrome,diagnosis,1
Stevens-Johnson syndrome,diagnosis,1
Stis,diagnosis,1
Stomach,anatomy_structure,3
Stool calprotectin,diagnosis,1
Strabismus,diagnosis,21
Strabismus,investigation,5
Strabismus,management,4
Strabismus,other,4
Strabismus,epidemiology,1
Strabismus,image_identification,1
Strabismus Diagnosis,diagnosis,1
Strabismus Diagnosis,investigation,1
Strabismus diagnosis,investigation,1
Strangulation,other,2
Strangulation,mechanism,1
Strategic plan,epidemiology,1
Strawberry Tongue,diagnosis,1
Strawberry tongue,diagnosis,1
Streptococci,other,2
Streptococcus,other,2
Streptococcus,investigation,1
Streptococcus,mechanism,1
Streptococcus Agalactiae,diagnosis,1
Streptococcus Pneumoniae,other,1
Streptococcus agalactiae,diagnosis,1
Streptococcus pneumoniae,other,1
Streptogramins,other,1
Stress Incontinence,management,1
Stress Ulcer,other,1
Stress physiology,mechanism,1
Stroke,diagnosis,2
Stroke,management,1
Stroke Management,management,2
Stroke Syndromes,diagnosis,3
Stroke syndromes,diagnosis,2
Strongyloides,diagnosis,1
Strychnine Poisoning,diagnosis,1
Strychnine Poisoning,mechanism,1
Strychnine poisoning,diagnosis,1
Strychnine poisoning,mechanism,1
Study Design,epidemiology,6
Study Designs,other,11
Study Designs,epidemiology,5
Study Designs,image_identification,1
Study Designs,investigation,1
Study design,epidemiology,3
Study designs,epidemiology,2
Study designs,other,2
Study designs,mechanism,1
Stuporous catatonia,diagnosis,1
Subarachnoid Hemorrhage,investigation,2
Subarachnoid Hemorrhage,diagnosis,1
Subarachnoid Hemorrhage,epidemiology,1
Subarachnoid Hemorrhage,management,1
Subarachnoid hemorrhage,diagnosis,1
Subarachnoid hemorrhage,investigation,1
Subcellular Organelles,investigation,1
Subcellular organelles,investigation,1
Subclavian Artery,anatomy_structure,3
Subclavian artery,anatomy_structure,3
Subcutaneous Mycoses,diagnosis,1
Subcutaneous Mycoses,other,1
Subcutaneous mycoses,epidemiology,1
Submandibular Region,anatomy_structure,1
Submandibular region,anatomy_structure,1
Substance Abuse,diagnosis,6
Substance Abuse,drug_of_choice,2
Substance Abuse,management,1
Substance Abuse,other,1
Substance Abuse Pharmacology,drug_of_choice,1
Substance Abuse Symptoms,other,1
Substance Dependence,epidemiology,1
Substance Induced Psychosis,mechanism,1
Substance Related Disorders,diagnosis,1
Substance Use,diagnosis,9
Substance Use,drug_of_choice,3
Substance Use,epidemiology,2
Substance Use,other,2
Substance abuse,epidemiology,2
Substance abuse,diagnosis,1
Substance abuse,management,1
Substance abuse,mechanism,1
Substance abuse,other,1
Substance dependence,epidemiology,1
Substance induced psychosis,mechanism,1
Substance-Induced Psychosis,mechanism,1
Substance-Related And Addictive Disorders,other,4
Substance-Related And Addictive Disorders,diagnosis,1
Substance-Related Disorders,diagnosis,7
Substance-Related Disorders,epidemiology,1
Substance-Related Disorders,management,1
Substance-Related Disorders,other,1
Substance-Related and Addictive Disorders,diagnosis,1
Substance-induced psychosis,mechanism,1
Substance-related disorders,diagnosis,5
Substance-related disorders,epidemiology,1
Substance-related disorders,management,1
Sudden cardiac death,diagnosis,1
Sugar Chemistry,other,1
Suicide,epidemiology,3
Suicide,investigation,2
Suicide,other,1
Suicide And Self-Harm,epidemiology,1
Suicide and Self-Harm,epidemiology,1
Suicide risk assessment,management,1
Suicide/homicide,diagnosis,1
Sulfonamides,drug_of_choice,1
Sulfonamides,mechanism,1
Sulfonamides,other,1
Sulfonylureas,mechanism,1
Sulfonylureas,other,1
Sulfur Metabolism,mechanism,3
Sulfur metabolism,mechanism,3
Superior Gluteal Nerve,anatomy_structure,1
Superior Mesenteric Artery,anatomy_structure,1
Superior gluteal nerve,anatomy_structure,1
Superior mesenteric artery,anatomy_structure,1
Superior mesenteric artery,image_identification,1
Supernumerary teeth,diagnosis,1
Supply Chain,management,1
Supraventricular Tachycardia,management,2
Sural nerve,anatomy_structure,1
Surface Anatomy,anatomy_structure,4
Surface Anatomy,image_identification,3
Surface anatomy,anatomy_structure,6
Surface anatomy,image_identification,3
Surfactant,mechanism,1
Surgical Anatomy,anatomy_structure,7
Surgical Approaches,management,1
Surgical Blades,image_identification,1
Surgical Complications,anatomy_structure,1
Surgical Complications,diagnosis,1
Surgical Complications,management,1
Surgical Complications,mechanism,1
Surgical Complications,other,1
Surgical Drains,image_identification,1
Surgical Dressings,image_identification,1
Surgical Equipment,image_identification,1
Surgical Incisions,anatomy_structure,1
Surgical Incisions,other,1
Surgical Indications,management,1
Surgical Instruments,image_identification,12
Surgical Instruments,management,2
Surgical Instruments,other,2
Surgical Knots,image_identification,3
Surgical Management,management,4
Surgical Management,mechanism,1
Surgical Management Of Itp,management,1
Surgical Management of ITP,management,1
Surgical Materials,other,5
Surgical Materials,management,2
Surgical Materials,image_identification,1
Surgical Oncology,management,7
Surgical Oncology,diagnosis,3
Surgical Oncology,image_identification,2
Surgical Oncology,investigation,2
Surgical Oncology,other,2
Surgical Oncology,anatomy_structure,1
Surgical Oncology,drug_of_choice,1
Surgical Oncology Principles,other,1
Surgical Physiology,other,1
Surgical Positioning,management,1
Surgical Principles,other,2
Surgical Procedures,management,6
Surgical Procedures,anatomy_structure,4
Surgical Procedures,other,3
Surgical Prophylaxis,drug_of_choice,3
Surgical Prophylaxis,management,1
Surgical Sutures,management,1
Surgical Sutures,other,1
Surgical Techniques,management,3
Surgical Techniques,other,3
Surgical Techniques,image_identification,1
Surgical Wounds,management,1
Surgical anatomy,anatomy_structure,1
Surgical approaches,management,1
Surgical classification,diagnosis,1
Surgical complications,diagnosis,1
Surgical complications,management,1
Surgical imaging,image_identification,1
Surgical indication,management,1
Surgical indications,management,1
Surgical instruments,image_identification,3
Surgical knots,image_identification,2
Surgical management,management,2
Surgical margins,management,1
Surgical materials,other,2
Surgical nomenclature,other,1
Surgical oncology,management,2
Surgical oncology,image_identification,1
Surgical oncology,investigation,1
Surgical procedures,management,3
Surgical prophylaxis,drug_of_choice,1
Surgical prophylaxis,management,1
Surgical sutures,other,1
Surgical technique,management,1
Surgical techniques,management,1
Surgical techniques,other,1
Surgical technology,mechanism,1
Surveillance,epidemiology,4
Surveillance,management,1
Sustained Release,other,1
Sustained release,other,1
Suture Materials,other,4
Suture Materials,image_identification,1
Suture Materials,management,1
Suture materials,other,2
Sutures,other,4
Suturing techniques,image_identification,1
Swajaldhara Programme,management,1
Sweat Gland Disorders,diagnosis,3
Sweat Gland Disorders,mechanism,1
Sweat gland disorders,diagnosis,3
Sweat gland disorders,mechanism,1
Sydenham Chorea Management,drug_of_choice,1
Sympathetic Ophthalmitis,other,1
Sympathetic nervous system,mechanism,1
Sympathomimetic Drugs,drug_of_choice,1
Sympathomimetic drugs,drug_of_choice,1
Sympathomimetic toxidrome,diagnosis,1
Sympathomimetics,mechanism,1
Symptom Analysis,other,1
Symptomatic Management,management,1
Symptoms,other,1
Synaptic Transmission,mechanism,2
Synaptic Transmission,anatomy_structure,1
Syndromes,mechanism,1
Syndromes,other,1
Syndromic Surveillance,epidemiology,3
Syndromic deafness,other,1
Syndromic management,management,1
Syndromic surveillance,epidemiology,3
Synovial fluid analysis,investigation,1
Synthetic Pyrethroids,epidemiology,1
Syphilis,diagnosis,6
Syphilis,investigation,1
Systemic Antifungal Agents,other,1
Systemic Diseases,diagnosis,2
Systemic Diseases,other,1
Systemic Diseases with Ocular Manifestations,diagnosis,1
Systemic Granulomatous Diseases,diagnosis,1
Systemic Lupus Erythematosus,diagnosis,2
Systemic Lupus Erythematosus,investigation,1
Systemic Mycoses,diagnosis,3
Systemic Mycoses,drug_of_choice,1
Systemic Mycoses,other,1
Systemic Pathology,diagnosis,189
Systemic Pathology,mechanism,75
Systemic Pathology,other,59
Systemic Pathology,investigation,35
Systemic Pathology,epidemiology,23
Systemic Pathology,image_identification,16
Systemic Pathology,anatomy_structure,8
Systemic Pathology,drug_of_choice,2
Systemic Pathology,management,1
Systemic Retinoids,management,1
Systemic Sclerosis,diagnosis,1
Systemic Sclerosis,investigation,1
Systemic Sclerosis,management,1
Systemic Vasculitis,diagnosis,3
Systemic Vasculitis,investigation,3
Systemic antifungal agents,other,1
Systemic associations,diagnosis,1
Systemic associations,epidemiology,1
Systemic circulation,mechanism,1
Systemic disease,diagnosis,1
Systemic diseases,diagnosis,1
Systemic lupus erythematosus,diagnosis,1
Systemic mycoses,diagnosis,4
Systemic mycoses,other,1
Systemic sclerosis,diagnosis,1
Systemic toxicity,mechanism,1
Systemic vasculitis,diagnosis,2
T Cell Immunity,mechanism,1
T cell immunity,mechanism,1
T-cell mediated disease,diagnosis,1
T-tubules,anatomy_structure,1
TAP block,anatomy_structure,1
TCA,management,1
TCA Cycle,mechanism,5
TCA overdose,management,1
TCA poisoning,drug_of_choice,1
TNM staging,other,1
TURP,anatomy_structure,1
Tabes dorsalis,other,1
Tachypnea,diagnosis,3
Taeniasis,epidemiology,1
Takayasu Arteritis,diagnosis,1
Takayasu Arteritis,other,1
Takayasu arteritis,diagnosis,1
Takayasu arteritis,epidemiology,1
Takayasu arteritis,other,1
Tamoxifen,mechanism,2
Tardive Dyskinesia,management,1
Targeted Therapy,drug_of_choice,1
Targeted Therapy,other,1
Taste And Smell,investigation,1
Taste Perception,anatomy_structure,1
Taste Physiology,mechanism,1
Taste Sensation,anatomy_structure,1
Taste and smell,investigation,1
Taste sensation,anatomy_structure,1
Tattoo,investigation,1
Taxation,other,1
Tca Cycle,mechanism,5
Tear Film,anatomy_structure,1
Tear film,anatomy_structure,1
Telomerase,mechanism,1
Temporal lobe lesion,diagnosis,1
Tendon Disorders,anatomy_structure,1
Tendon injuries,anatomy_structure,1
Tendons,anatomy_structure,2
Tendons & Bursae,anatomy_structure,1
Tennis Elbow,diagnosis,1
Tennis elbow,diagnosis,1
Tenon's space,anatomy_structure,1
Tenosynovitis,anatomy_structure,1
Tenosynovitis,diagnosis,1
Tensor tympani,mechanism,1
Teratogenicity,other,4
Teratogenicity,image_identification,1
Teratogenicity,management,1
Teratogenicity,mechanism,1
Teratogens,diagnosis,1
Teratogens,image_identification,1
Teratology,mechanism,1
Terminology,other,5
Terminology,diagnosis,1
Tertiary health care,other,1
Test validity,investigation,1
Testicular Descent,anatomy_structure,1
Testicular Disorders,other,1
Testicular Torsion,diagnosis,2
Testicular descent,anatomy_structure,1
Testicular disorders,other,1
Testicular torsion,diagnosis,3
Testicular torsion,investigation,1
Tetanus,diagnosis,1
Tetanus,management,1
Tetanus Prophylaxis,management,2
Tetanus prophylaxis,management,1
Tetralogy Of Fallot,diagnosis,1
Tetralogy Of Fallot,image_identification,1
Tetralogy Of Fallot,mechanism,1
Tetralogy Of Fallot,other,1
Tetralogy of Fallot,diagnosis,1
Tetralogy of Fallot,image_identification,1
Tetralogy of Fallot,mechanism,1
Tetralogy of Fallot,other,1
Thalamus,anatomy_structure,2
Thalassemia,diagnosis,5
Thalassemia,other,1
Thanatology,other,210
Thanatology,investigation,50
Thanatology,diagnosis,49
Thanatology,mechanism,25
Thanatology,image_identification,12
Thanatology,anatomy_structure,8
Thanatology,management,2
Thanatology,drug_of_choice,1
Thanatology,epidemiology,1
The Nervous System,other,5
Theca Lutein Cysts,epidemiology,1
Therapeutic Apheresis,management,1
Therapeutic phlebotomy,management,1
Thermal Injuries,diagnosis,1
Thermal Injuries,other,1
Thermal injuries,diagnosis,1
Thermal regulation,management,1
Thermoreception,mechanism,3
Thermoregulation,mechanism,11
Thermoregulation,other,4
Thermoregulation,diagnosis,1
Thermoregulation In Fever,mechanism,1
Thermoregulation in Fever,mechanism,1
Thiamine,management,1
Thiamine Metabolism,mechanism,1
Thiazide Diuretics,mechanism,2
Thiopentone,management,1
Thiopentone,mechanism,1
Thiopentone,other,1
Thoracic Anatomy,anatomy_structure,5
Thoracic Anatomy,other,1
Thoracic Aorta,image_identification,1
Thoracic CT,image_identification,1
Thoracic Cavity Anatomy,anatomy_structure,1
Thoracic Ct,image_identification,1
Thoracic Imaging,image_identification,6
Thoracic Imaging,diagnosis,1
Thoracic Imaging,investigation,1
Thoracic Inlet Anatomy,anatomy_structure,1
Thoracic Outlet Syndrome,diagnosis,2
Thoracic Pathology,other,1
Thoracic Radiology,other,6
Thoracic Radiology,diagnosis,1
Thoracic Radiology,image_identification,1
Thoracic Surgery,management,4
Thoracic Surgery,anatomy_structure,1
Thoracic Surgery,diagnosis,1
Thoracic anatomy,anatomy_structure,2
Thoracic aorta,anatomy_structure,1
Thoracic aorta,image_identification,1
Thoracic duct,anatomy_structure,1
Thoracic imaging,image_identification,3
Thoracic outlet syndrome,diagnosis,1
Thoracic pathology,diagnosis,1
Thoracic radiology,image_identification,1
Thoracic surgery,diagnosis,3
Thoracic surgery,anatomy_structure,1
Thoracic surgery,other,1
Thoracolumbar Fascia,anatomy_structure,1
Thoracolumbar fascia,anatomy_structure,1
Thorax,anatomy_structure,100
Thorax,other,73
Thorax,diagnosis,6
Thorax,management,6
Thorax,image_identification,4
Thorax,mechanism,3
Thorax,investigation,2
Thorax,epidemiology,1
Thought Disorder,diagnosis,1
Thought Disorders,other,1
Thought disorder,diagnosis,1
Thought disorders,other,1
Throat & Larynx,anatomy_structure,16
Throat & Larynx,other,16
Throat & Larynx,diagnosis,10
Throat & Larynx,management,5
Throat & Larynx,image_identification,2
Throat & Larynx,mechanism,2
Throat & Larynx,drug_of_choice,1
Thrombocytopenia,diagnosis,2
Thrombocytopenia,other,1
Thromboelastography,investigation,1
Thromboembolism,investigation,2
Thromboembolism,diagnosis,1
Thromboembolism,epidemiology,1
Thrombolytic Agents,drug_of_choice,1
Thrombolytic Drugs,mechanism,1
Thrombolytic drugs,mechanism,1
Thrombolytics,mechanism,2
Thrombolytics,drug_of_choice,1
Thrombophilia,diagnosis,1
Thrombopoietic Agents,drug_of_choice,1
Thrombosis,mechanism,3
Thrombosis,other,2
Thrombotic Thrombocytopenic Purpura,diagnosis,1
Thymoma Associations,diagnosis,1
Thymus,anatomy_structure,2
Thyroglossal Cyst,anatomy_structure,1
Thyroglossal cyst,anatomy_structure,1
Thyroid Carcinoma,diagnosis,1
Thyroid Carcinoma,mechanism,1
Thyroid Diseases,diagnosis,1
Thyroid Disorders,diagnosis,8
Thyroid Disorders,investigation,3
Thyroid Disorders,management,2
Thyroid Disorders,other,2
Thyroid Disorders,mechanism,1
Thyroid Drugs,mechanism,1
Thyroid Eye Disease,diagnosis,1
Thyroid Function Tests,investigation,1
Thyroid Gland,anatomy_structure,1
Thyroid Gland,epidemiology,1
Thyroid Gland,mechanism,1
Thyroid Hormones,other,3
Thyroid Hormones,mechanism,1
Thyroid Neoplasms,diagnosis,4
Thyroid Neoplasms,management,3
Thyroid Neoplasms,drug_of_choice,1
Thyroid Neoplasms,mechanism,1
Thyroid Neoplasms,other,1
Thyroid Pathology,diagnosis,2
Thyroid Pathology,other,1
Thyroid Physiology,mechanism,1
Thyroid Swellings,investigation,1
Thyroid carcinoma,diagnosis,1
Thyroid carcinoma,mechanism,1
Thyroid disorders,diagnosis,3
Thyroid disorders,drug_of_choice,1
Thyroid disorders,management,1
Thyroid disorders,mechanism,1
Thyroid drugs,mechanism,1
Thyroid eye disease,anatomy_structure,1
Thyroid eye disease,other,1
Thyroid function tests,investigation,1
Thyroid gland,anatomy_structure,2
Thyroid gland,epidemiology,1
Thyroid gland,mechanism,1
Thyroid hormones,drug_of_choice,1
Thyroid neoplasms,diagnosis,2
Thyroid neoplasms,drug_of_choice,1
Thyroid neoplasms,other,1
Thyroid physiology,mechanism,1
Thyroidectomy,management,1
Thyroidectomy Complications,diagnosis,1
Thyroidectomy complications,diagnosis,2
Thyroiditis,diagnosis,1
Tibialis anterior,anatomy_structure,2
Tic Disorders,other,1
Tic disorders,diagnosis,1
Tic disorders,other,1
Time of death,other,1
Tinea,management,1
Tinea Capitis,diagnosis,1
Tinea Capitis,investigation,1
Tinea Versicolor,diagnosis,1
Tinea versicolor,diagnosis,1
Tinnitus,diagnosis,2
Tissue Repair,other,1
Tocolytics,other,1
Tomographic Imaging,other,1
Tongue,anatomy_structure,1
Tongue,diagnosis,1
Tongue Anatomy,image_identification,1
Tongue Carcinoma,management,1
Tonometry,mechanism,1
Tonsil,anatomy_structure,1
Tonsil Disorders,management,3
Tonsil disorders,management,5
Tonsil disorders,anatomy_structure,1
Tonsil disorders,investigation,1
Tonsillar Pillar,anatomy_structure,1
Tonsillar pillar,anatomy_structure,1
Tonsillectomy,management,10
Tonsillectomy Complications,management,1
Tonsillitis,diagnosis,3
Tonsillitis,management,1
Tonsillitis,mechanism,1
Tophi,other,1
Topical Anaesthesia,other,1
Topical Antifungal Agents,other,1
Topical Corticosteroids,other,1
Topical Therapy,drug_of_choice,1
Topical anesthesia,other,1
Topical antifungal agents,other,1
Topical antifungals,other,1
Topical corticosteroids,other,1
Topical therapy,other,1
Torture,other,6
Tourette Syndrome,diagnosis,1
Tourette Syndrome,drug_of_choice,1
Tourette Syndrome,management,1
Tourette syndrome,diagnosis,1
Tourette syndrome,drug_of_choice,1
Tourette syndrome,management,1
Toxic Alcohol Poisoning,mechanism,1
Toxic Exposure,management,1
Toxic alcohol poisoning,mechanism,1
Toxic exposure,management,1
Toxicity,diagnosis,1
Toxicology,other,87
Toxicology,diagnosis,57
Toxicology,mechanism,24
Toxicology,management,17
Toxicology,drug_of_choice,15
Toxicology,investigation,9
Toxicology,epidemiology,3
Toxicology,image_identification,2
Toxins,image_identification,1
Toxins,mechanism,1
Toxins,other,1
Toxocariasis,diagnosis,1
Toxoplasmosis,investigation,2
Trace Element Metabolism,investigation,1
Trace Elements,other,3
Trace Elements,mechanism,1
Trace elements,diagnosis,2
Trace elements,mechanism,2
Trace elements,other,2
Tracheostomy,management,3
Tracheostomy,anatomy_structure,1
Tracheostomy,other,1
Trachoma,diagnosis,2
Traction,other,2
Tracts,mechanism,1
Trade commerce,other,1
Transferases,other,1
Transfusion Medicine,other,8
Transfusion Medicine,management,5
Transfusion Medicine,epidemiology,3
Transfusion Medicine,investigation,2
Transfusion Medicine,mechanism,2
Transfusion Medicine,diagnosis,1
Transfusion Reactions,epidemiology,2
Transfusion Reactions,mechanism,1
Transfusion medicine,management,3
Transfusion medicine,other,1
Transfusion reactions,epidemiology,1
Transfusion reactions,mechanism,1
Transient Synovitis,diagnosis,1
Transient synovitis,diagnosis,1
Transmission,epidemiology,4
Transmission Modes,epidemiology,1
Transplant Complications,other,1
Transplant Rejection,other,2
Transplant Surgery,management,2
Transplant rejection,other,1
Transplantation,other,10
Transport Proteins,diagnosis,1
Transposons,mechanism,1
Transverse Lie,other,1
Transverse Vaginal Septum,diagnosis,1
Trapezius,anatomy_structure,1
Trauma,other,91
Trauma,diagnosis,71
Trauma,management,52
Trauma,mechanism,22
Trauma,anatomy_structure,16
Trauma,image_identification,13
Trauma,investigation,9
Trauma,epidemiology,3
Trauma Surgery,management,2
Trauma Surgery,image_identification,1
Trauma Surgery,investigation,1
Trauma Surgery,other,1
Travel Medicine,epidemiology,1
Travel Medicine,management,1
Treatment,management,1
Treatment,other,1
Treatment Protocol For High Risk Cases,other,1
Treatment Protocols,management,1
Treatment Resistance,other,1
Treatment resistance,other,1
Trematodes,other,2
Trematodes,diagnosis,1
Trematodes,epidemiology,1
Triage,management,2
Triage,other,1
Triage Categories,management,1
Tribal Health,epidemiology,1
Trichomonas,other,1
Trichomoniasis,diagnosis,3
Trichotillomania,other,2
Trichotillomania,diagnosis,1
Tricuspid Valve,mechanism,1
Tricuspid atresia,other,1
Trigeminal Nerve,anatomy_structure,3
Trigeminal Neuralgia,mechanism,1
Trigeminal Neuralgia,other,1
Trigeminal nerve,anatomy_structure,5
Trigeminal neuralgia,mechanism,1
Triptans,drug_of_choice,2
Triptans,other,1
Trismus,mechanism,1
Trisomy 21,epidemiology,1
Tropical Diseases,diagnosis,1
Tropical Medicine,diagnosis,2
Tropical Medicine,other,1
Tropical Pulmonary Eosinophilia,diagnosis,1
Tropical medicine,diagnosis,1
Tropical medicine,management,1
True hermaphroditism,diagnosis,1
Trypanosomiasis,epidemiology,1
Tubal patency,management,1
Tubercular Otitis Media,diagnosis,1
Tuberculosis,epidemiology,29
Tuberculosis,management,15
Tuberculosis,other,14
Tuberculosis,diagnosis,12
Tuberculosis,investigation,8
Tuberculosis,mechanism,6
Tuberculosis,anatomy_structure,2
Tuberculosis,drug_of_choice,2
Tuberculosis,image_identification,1
Tuberculosis Control,epidemiology,3
Tuberculosis Control,other,1
Tuberculosis Of Hip,other,1
Tuberculosis control,epidemiology,2
Tuberculosis of hip,other,1
Tuberculous Arthritis,investigation,1
Tuberculous Synovitis,diagnosis,1
Tuberous Sclerosis,diagnosis,2
Tuberous sclerosis,diagnosis,1
Tubular Disorders,mechanism,1
Tubulointerstitial Diseases,other,1
Tubulopathies,anatomy_structure,1
Tuning fork tests,investigation,1
Turner Syndrome,management,1
Turner syndrome,diagnosis,4
Twin Complications,diagnosis,1
Tympanic Membrane,anatomy_structure,1
Tympanic Membrane,management,1
Tympanic Membrane,mechanism,1
Tympanic membrane,mechanism,3
Tympanic membrane,other,3
Tympanic membrane,anatomy_structure,2
Tympanic membrane,diagnosis,2
Tympanoplasty,management,2
Tympanoplasty,anatomy_structure,1
Tympanostomy Tube,management,1
Type 1 Diabetes,other,1
Typhoid,mechanism,2
Typhoid,management,1
Typhoid,other,1
Typhoid Fever,diagnosis,2
Typhoid Fever,management,1
Typhoid Fever,other,1
Typhoid Fever Treatment,management,1
Typhoid Treatment,drug_of_choice,1
Typhoid fever,diagnosis,1
Typhoid fever,mechanism,1
Typhoid fever treatment,management,1
Typhoid treatment,drug_of_choice,1
Typhus,epidemiology,1
Tyrosine Kinase Inhibitors,mechanism,1
Tyrosine Kinase Inhibitors,other,1
Tyrosine kinase inhibitors,mechanism,1
Tyrosinemia,other,1
UTI,investigation,1
Ubiquitin Proteasome Pathway,mechanism,1
Ulcerative colitis,diagnosis,1
Ulcerative colitis,other,1
Ulcers,diagnosis,1
Ulnar nerve,diagnosis,1
Ultrasonography,investigation,2
Ultrasound,other,15
Ultrasound,investigation,10
Ultrasound,diagnosis,4
Ultrasound,image_identification,3
Ultrasound,mechanism,3
Umbilical Cord,anatomy_structure,1
Umbilical Cord,other,1
Umbilical Cord Anatomy,anatomy_structure,1
Umbilical Cord Insertion,anatomy_structure,1
Umbilical Structures,anatomy_structure,1
Umbilical cord,anatomy_structure,2
Umbilical cord insertion,anatomy_structure,1
Umbilical cord prolapse,management,1
Umbilical lesions,diagnosis,1
Umbilical structures,anatomy_structure,1
Uncemented prosthesis,mechanism,1
Undescended Testis,management,2
Unfolded protein response,mechanism,1
Universal Precautions,other,2
Upper Cervical Vertebrae,anatomy_structure,1
Upper GI,diagnosis,1
Upper GI Cancer,investigation,1
Upper GI Imaging,other,1
Upper GI Surgery,management,2
Upper GI imaging,image_identification,1
Upper Gi Imaging,other,1
Upper Limb,anatomy_structure,157
Upper Limb,other,16
Upper Limb,diagnosis,10
Upper Limb,image_identification,8
Upper Limb,mechanism,8
Upper Limb,management,4
Upper Lobe,anatomy_structure,1
Upper airway obstruction,diagnosis,1
Upper cervical vertebrae,anatomy_structure,1
Urea Cycle,mechanism,13
Urea Cycle,other,3
Urea Cycle,anatomy_structure,1
Urea Cycle,diagnosis,1
Urea cycle,mechanism,2
Uremia,management,1
Uremic Neuropathy,epidemiology,1
Uremic neuropathy,epidemiology,1
Ureter,anatomy_structure,6
Ureter,epidemiology,1
Ureteric Anomaly,diagnosis,1
Ureteric Stones,management,1
Ureteric anomaly,diagnosis,1
Urethra,anatomy_structure,1
Urethral Imaging,image_identification,1
Urethral Injuries,diagnosis,2
Urethral Pathology,image_identification,1
Urethral Stricture,management,1
Urethral injuries,diagnosis,2
Urethral injuries,anatomy_structure,1
Urethral stricture,management,1
Urethritis,diagnosis,1
Urethritis Causes,diagnosis,1
Uric Acid Metabolism,other,1
Uric acid metabolism,drug_of_choice,1
Uric acid metabolism,mechanism,1
Uricase,drug_of_choice,1
Urinalysis,investigation,1
Urinary Bladder,anatomy_structure,2
Urinary Bladder,mechanism,2
Urinary Bladder,other,1
Urinary Disorders,other,1
Urinary Incontinence,diagnosis,1
Urinary Incontinence,epidemiology,1
Urinary Obstruction,management,1
Urinary Pathology,epidemiology,1
Urinary Pharmacology,drug_of_choice,1
Urinary System,anatomy_structure,6
Urinary System,diagnosis,1
Urinary System,image_identification,1
Urinary System,mechanism,1
Urinary System,other,1
Urinary System Pathology,diagnosis,1
Urinary Tract Anomalies,diagnosis,1
Urinary Tract Pathology,diagnosis,1
Urinary Tract Pathology,epidemiology,1
Urinary Tract Stones,other,1
Urinary bladder,anatomy_structure,4
Urinary bladder,mechanism,2
Urinary bladder,other,1
Urinary diversion,management,1
Urinary incontinence,diagnosis,1
Urinary incontinence,epidemiology,1
Urinary pathology,epidemiology,1
Urinary pharmacology,drug_of_choice,1
Urinary system,anatomy_structure,7
Urinary system,diagnosis,1
Urinary system,epidemiology,1
Urinary system,mechanism,1
Urinary system,other,1
Urinary tract anatomy,other,1
Urinary tract anomalies,image_identification,1
Urinary tract obstruction,image_identification,1
Urinary tract pathology,diagnosis,1
Urinary tract pathology,epidemiology,1
Urine Concentration,mechanism,1
Urine Formation,mechanism,2
Urine Formation,other,1
Urine output,diagnosis,1
Urine specific gravity,diagnosis,1
Urobilinogen,investigation,1
Urogenital Anatomy,anatomy_structure,1
Urogenital Imaging,diagnosis,2
Urogenital Neoplasms,diagnosis,1
Urogenital Pathology,image_identification,1
Urogenital Pharmacology,drug_of_choice,1
Urogenital Radiology,image_identification,3
Urogenital Radiology,investigation,1
Urogenital System,anatomy_structure,5
Urogenital System,mechanism,1
Urogenital anatomy,anatomy_structure,1
Urogenital fistulas,diagnosis,1
Urogenital neoplasms,diagnosis,1
Urogenital radiology,image_identification,1
Urogenital system,anatomy_structure,3
Urogenital system,mechanism,2
Urogynecology,diagnosis,1
Urogynecology,management,1
Urolithiasis,other,5
Urolithiasis,diagnosis,3
Urolithiasis Imaging,investigation,1
Urolithiasis imaging,investigation,1
Urologic Oncology,management,1
Urologic Pathology,epidemiology,1
Urologic Pathology,other,1
Urologic pathology,epidemiology,1
Urological Drugs,drug_of_choice,1
Urological Imaging,image_identification,1
Urological Neoplasms,epidemiology,1
Urological Oncology,epidemiology,1
Urological Oncology,management,1
Urological Pharmacology,other,1
Urological Procedures,management,3
Urological Procedures,anatomy_structure,1
Urological Surgery,anatomy_structure,1
Urological Surgery,other,1
Urological Symptoms,investigation,1
Urological imaging,image_identification,1
Urological neoplasms,epidemiology,1
Urological surgery,management,1
Urology,other,43
Urology,management,30
Urology,diagnosis,22
Urology,anatomy_structure,4
Urology,epidemiology,3
Urology,image_identification,3
Urology,investigation,3
Uronic Acid Pathway,mechanism,5
Uroradiology,investigation,5
Uroradiology,image_identification,3
Urothelial Carcinoma,epidemiology,1
Urothelial carcinoma,epidemiology,1
Urticaria,image_identification,1
Usher Syndrome,diagnosis,1
Uterine Abnormalities,diagnosis,1
Uterine Adhesions,diagnosis,1
Uterine Adhesions,other,1
Uterine Anatomy,anatomy_structure,1
Uterine Anomalies,management,6
Uterine Anomalies,image_identification,4
Uterine Anomalies,investigation,4
Uterine Anomalies,diagnosis,3
Uterine Anomalies,anatomy_structure,1
Uterine Anomalies,epidemiology,1
Uterine Anomalies,other,1
Uterine Artery,anatomy_structure,1
Uterine Causes Of Aub,diagnosis,1
Uterine Causes of AUB,diagnosis,1
Uterine Disorders,diagnosis,1
Uterine Disorders,image_identification,1
Uterine Disorders,management,1
Uterine Fibroids,other,4
Uterine Fibroids,diagnosis,3
Uterine Fibroids,management,3
Uterine Fibroids,epidemiology,1
Uterine Height,diagnosis,1
Uterine Imaging,image_identification,1
Uterine Imaging,investigation,1
Uterine Involution,anatomy_structure,3
Uterine Involution,other,1
Uterine Ligaments,anatomy_structure,1
Uterine Pathology,diagnosis,4
Uterine Pathology,investigation,1
Uterine Prolapse,management,9
Uterine Prolapse,anatomy_structure,4
Uterine Prolapse,diagnosis,2
Uterine Prolapse,other,1
Uterine Prolapse Management,management,1
Uterine Receptivity,other,1
Uterine Relaxation,drug_of_choice,1
Uterine Rupture,epidemiology,4
Uterine Rupture,diagnosis,1
Uterine Rupture,other,1
Uterine Support,anatomy_structure,4
Uterine adhesions,diagnosis,1
Uterine adhesions,other,1
Uterine anomalies,management,4
Uterine anomalies,investigation,2
Uterine anomalies,diagnosis,1
Uterine anomalies,epidemiology,1
Uterine anomalies,image_identification,1
Uterine artery,anatomy_structure,2
Uterine disorders,diagnosis,3
Uterine disorders,management,2
Uterine fibroid,management,1
Uterine fibroids,diagnosis,2
Uterine fibroids,other,2
Uterine fibroids,management,1
Uterine height,diagnosis,1
Uterine pathology,diagnosis,3
Uterine pathology,image_identification,1
Uterine prolapse,management,4
Uterine prolapse,diagnosis,2
Uterine prolapse,other,1
Uterine relaxation,drug_of_choice,1
Uterine rupture,diagnosis,1
Uterine rupture,epidemiology,1
Uterine rupture,management,1
Uterine rupture,other,1
Uterine support,anatomy_structure,3
Uterine surgery,anatomy_structure,1
Uteroplacental Circulation,other,1
Uterotonic drugs,drug_of_choice,1
Uterotonics,other,1
Uterus,anatomy_structure,3
Uterus,other,1
Utilization Rate,other,1
Uvea,anatomy_structure,1
Uvea,epidemiology,1
Uveitis,diagnosis,29
Uveitis,other,11
Uveitis,anatomy_structure,1
Uveitis,drug_of_choice,1
Uveitis,epidemiology,1
Uveitis,investigation,1
Uveitis,mechanism,1
V/Q Ratio,mechanism,2
V/Q ratio,mechanism,1
VBAC,management,1
VISC,management,1
Vaccination,management,7
Vaccination,other,4
Vaccination,epidemiology,3
Vaccination,investigation,2
Vaccination Campaigns,epidemiology,1
Vaccination Schedule,other,3
Vaccination Schedule,epidemiology,1
Vaccination campaigns,epidemiology,1
Vaccination schedule,management,1
Vaccine Preventable Diseases,epidemiology,1
Vaccine Storage,other,4
Vaccine Storage,management,2
Vaccine preventable diseases,epidemiology,1
Vaccine schedule,epidemiology,2
Vaccine schedule,management,1
Vaccine storage,other,1
Vaccines,other,22
Vaccines,mechanism,11
Vaccines,management,6
Vaccinology,other,2
Vaccinology,management,1
Vaginal Bleeding,diagnosis,1
Vaginal Cysts,other,1
Vaginal Discharge,diagnosis,2
Vaginal Discharge,other,2
Vaginal Pathology,anatomy_structure,1
Vaginal Surgery,anatomy_structure,1
Vaginal changes,other,1
Vaginal delivery complications,diagnosis,1
Vaginal discharge,diagnosis,2
Vaginal length,anatomy_structure,1
Vaginal microbiology,other,1
Vaginal pathology,anatomy_structure,1
Vaginal physiology,other,1
Vaginitis,diagnosis,3
Vaginitis,investigation,1
Vagus Nerve,diagnosis,1
Vagus nerve,anatomy_structure,1
Vagus nerve,diagnosis,1
Validity Of Screening Tests,epidemiology,1
Validity Of Screening Tests,other,1
Validity of Screening Tests,epidemiology,1
Validity of Screening Tests,other,1
Valve timing,mechanism,1
Valvular Heart Disease,diagnosis,11
Valvular Heart Disease,other,5
Valvular Heart Disease,management,3
Valvular Heart Disease,mechanism,3
Valvular Heart Disease,investigation,1
Valvular heart disease,diagnosis,4
Valvular heart disease,mechanism,3
Valvular heart disease,management,1
Valvular heart disease,other,1
Vancomycin,drug_of_choice,1
Variceal Bleeding,drug_of_choice,1
Varicella,diagnosis,1
Varicella,management,1
Varicella,other,1
Varicella Zoster Virus,anatomy_structure,1
Varicella Zoster Virus,management,1
Varicella zoster virus,anatomy_structure,1
Varicella zoster virus,epidemiology,1
Varicella-Zoster Virus,diagnosis,1
Varicella-Zoster Virus,epidemiology,1
Varicose Veins,management,1
Varicose Veins,other,1
Vasa Previa,anatomy_structure,1
Vasa Previa,diagnosis,1
Vasa Previa,mechanism,1
Vasa Previa,other,1
Vasa previa,mechanism,1
Vascular,diagnosis,52
Vascular,anatomy_structure,43
Vascular,other,35
Vascular,management,20
Vascular,mechanism,15
Vascular,epidemiology,12
Vascular,image_identification,9
Vascular,investigation,7
Vasculitis,diagnosis,24
Vasculitis,epidemiology,6
Vasculitis,other,6
Vasculitis,investigation,2
Vasculitis,drug_of_choice,1
Vasculitis,management,1
Vasculitis,mechanism,1
Vasomotor Rhinitis,diagnosis,2
Vasomotor rhinitis,diagnosis,2
Vbac,management,1
Vector Biology,epidemiology,1
Vector Borne Diseases,other,7
Vector Borne Diseases,epidemiology,1
Vector Control,epidemiology,5
Vector Control,other,3
Vector Control,management,2
Vector Control,anatomy_structure,1
Vector control,epidemiology,2
Vector control,management,1
Vector control,other,1
Vector-Borne Diseases,epidemiology,6
Vector-Borne Diseases,image_identification,1
Vector-Borne Diseases,management,1
Vector-borne Diseases,epidemiology,4
Vector-borne Diseases,image_identification,1
Vector-borne diseases,epidemiology,2
Vector-borne diseases,other,1
Veins,anatomy_structure,1
Venous Disorders,diagnosis,2
Venous Disorders,anatomy_structure,1
Venous Drainage,anatomy_structure,2
Venous Oxygen Saturation,other,1
Venous Sinus Thrombosis,diagnosis,1
Venous System,anatomy_structure,1
Venous Thromboembolism,diagnosis,4
Venous Thromboembolism,epidemiology,3
Venous Thromboembolism,investigation,1
Venous Thromboembolism,management,1
Venous Ulcer,epidemiology,1
Venous anatomy,anatomy_structure,2
Venous disorders,diagnosis,2
Venous drainage,anatomy_structure,3
Venous oxygen saturation,other,1
Venous sinus thrombosis,diagnosis,1
Venous system,anatomy_structure,5
Venous thromboembolism,management,2
Venous thromboembolism,diagnosis,1
Venous thromboembolism,drug_of_choice,1
Venous thromboembolism,investigation,1
Venous ulcer,epidemiology,1
Ventilation,management,2
Ventilation,other,2
Ventilation,mechanism,1
Ventilation Circuits,management,1
Ventilation Perfusion,other,1
Ventilation Perfusion Matching,other,2
Ventilation Perfusion Matching,mechanism,1
Ventilation circuits,management,1
Ventilation-Perfusion,mechanism,2
Ventilation-perfusion ratio,mechanism,1
Ventricular System,anatomy_structure,1
Ventricular Tachycardia,diagnosis,1
Ventricular action potential,image_identification,1
Ventricular system,anatomy_structure,5
Ventricular tachycardia,diagnosis,1
Verapamil,mechanism,1
Vertebral Anomalies,diagnosis,1
Vertebral Anomalies,epidemiology,1
Vertebral Column,anatomy_structure,1
Vertebral anomalies,diagnosis,1
Vertebral anomalies,epidemiology,1
Vertebral column,anatomy_structure,2
Vertebral levels,anatomy_structure,2
Vertical Gene Transfer,mechanism,1
Vertical transmission,epidemiology,1
Vertigo,management,1
Vesicovaginal Fistula,investigation,1
Vesicovaginal Fistula,management,1
Vesicular Lesions,diagnosis,1
Vesiculobullous Diseases,diagnosis,3
Vesiculobullous Lesions,image_identification,1
Vesiculobullous diseases,diagnosis,3
Vessel wall anatomy,anatomy_structure,1
Vestibular Apparatus,mechanism,1
Vestibular Disorders,mechanism,8
Vestibular Disorders,diagnosis,4
Vestibular Disorders,investigation,3
Vestibular Disorders,management,2
Vestibular Function Tests,investigation,1
Vestibular Physiology,mechanism,2
Vestibular System,diagnosis,2
Vestibular System,mechanism,1
Vestibular Testing,diagnosis,1
Vestibular apparatus,mechanism,1
Vestibular disorders,mechanism,7
Vestibular disorders,diagnosis,4
Vestibular disorders,investigation,2
Vestibular disorders,management,2
Vestibular function tests,investigation,1
Vestibular neuronitis,investigation,1
Vestibular schwannoma,anatomy_structure,1
Vestibular system,mechanism,8
Vestibular system,diagnosis,4
Vestibular testing,diagnosis,1
Vi antigen,diagnosis,1
Vibrio,other,5
Vibrio Cholerae,epidemiology,1
Vibrio Cholerae,other,1
Vibrio Parahaemolyticus,other,1
Vibrio cholerae,epidemiology,1
Vibrio cholerae,other,1
Vibrio parahaemolyticus,other,1
Vinca alkaloids,other,1
Violent behavior,management,1
Viral Classification,other,1
Viral Encephalitis,diagnosis,1
Viral Exanthems,diagnosis,2
Viral Exanthems,management,1
Viral Hemorrhagic Fevers,other,1
Viral Hepatitis,diagnosis,5
Viral Hepatitis,management,3
Viral Hepatitis,drug_of_choice,1
Viral Hepatitis,investigation,1
Viral Hepatitis,mechanism,1
Viral Histopathology,diagnosis,1
Viral Pathology,diagnosis,1
Viral Perinatal Transmission,mechanism,1
Viral Warts,diagnosis,1
Viral culture,investigation,1
Viral diagnostics,investigation,1
Viral hemorrhagic fevers,epidemiology,1
Viral hepatitis,diagnosis,1
Viral inclusions,other,1
Viral keratitis,investigation,1
Viral retinitis,diagnosis,1
Viral warts,diagnosis,1
Virology,other,142
Virology,diagnosis,64
Virology,epidemiology,41
Virology,mechanism,27
Virology,investigation,20
Virology,management,9
Virology,anatomy_structure,2
Virology,drug_of_choice,1
Virology,image_identification,1
Virulence factors,other,1
Visceral leishmaniasis,epidemiology,1
Viscosity,mechanism,2
Vision 2020,epidemiology,2
Vision Loss,diagnosis,1
Vision loss,diagnosis,2
Visual Acuity,other,2
Visual Analogue Scale,other,1
Visual Cycle,mechanism,1
Visual Disturbances,diagnosis,1
Visual Field Defects,diagnosis,5
Visual Field Defects,image_identification,2
Visual Field Defects,anatomy_structure,1
Visual Field Testing,investigation,1
Visual Fields,image_identification,3
Visual Fields,diagnosis,2
Visual Pathway,anatomy_structure,5
Visual Pathway,diagnosis,2
Visual Pathway Lesions,anatomy_structure,1
Visual Pathways,anatomy_structure,1
Visual Pathways / Optic Tract,other,1
Visual acuity,other,2
Visual cortex,anatomy_structure,1
Visual cycle,mechanism,1
Visual disturbances,diagnosis,1
Visual field defects,diagnosis,3
Visual field defects,image_identification,2
Visual field testing,investigation,1
Visual fields,image_identification,4
Visual fields,diagnosis,2
Visual fields,investigation,1
Visual pathway,anatomy_structure,2
Visual pathway,diagnosis,1
Visual pathway,mechanism,1
Visual pathway anatomy,diagnosis,1
Visual pathways,anatomy_structure,1
Vital Signs,epidemiology,3
Vital Statistics,epidemiology,3
Vital statistics,epidemiology,1
Vitamin A,diagnosis,1
Vitamin A,other,1
Vitamin A Deficiency,diagnosis,2
Vitamin A Deficiency,management,2
Vitamin A Deficiency,other,1
Vitamin A Deficiency / Retinoic Acid,other,1
Vitamin A Metabolism,anatomy_structure,1
Vitamin A deficiency,diagnosis,2
Vitamin A deficiency,management,2
Vitamin A deficiency,mechanism,1
Vitamin B1,diagnosis,1
Vitamin B12,investigation,1
Vitamin B12,other,1
Vitamin B12 Deficiency,diagnosis,1
Vitamin B12 deficiency,diagnosis,1
Vitamin B12 malabsorption,investigation,1
Vitamin B2 Metabolism,diagnosis,1
Vitamin C,mechanism,2
Vitamin C,other,1
Vitamin C Deficiency,mechanism,1
Vitamin Deficiencies,mechanism,2
Vitamin Deficiencies,diagnosis,1
Vitamin Deficiencies,management,1
Vitamin Deficiencies (Pellagra),other,1
Vitamin E Deficiency,other,1
Vitamin K,other,2
Vitamin K,management,1
Vitamin K Metabolism,other,2
Vitamin K Metabolism,mechanism,1
Vitamin Metabolism,other,1
Vitamin deficiencies,mechanism,1
Vitamin deficiencies,other,1
Vitamin transport,mechanism,1
Vitamins & Nutrition,other,201
Vitamins & Nutrition,mechanism,71
Vitamins & Nutrition,diagnosis,60
Vitamins & Nutrition,management,44
Vitamins & Nutrition,epidemiology,14
Vitamins & Nutrition,investigation,9
Vitamins & Nutrition,drug_of_choice,3
Vitamins & Nutrition,image_identification,3
Vitamins & Nutrition,anatomy_structure,2
Vitarmins,other,2
Vitiligo,diagnosis,2
Vitiligo,image_identification,1
Vitrectomy,management,1
Vitreous,anatomy_structure,2
Vitreous,diagnosis,2
Vitreous Diseases,diagnosis,1
Vitreous Disorders,epidemiology,1
Vitreous Hemorrhage,diagnosis,2
Vitreous Hemorrhage,management,2
Vitreous diseases,diagnosis,1
Vitreous disorders,epidemiology,1
Vitreous disorders,other,1
Vitreous hemorrhage,management,2
Vitreous hemorrhage,diagnosis,1
Vitreous humor,mechanism,1
Vocal Cord Lesions,diagnosis,1
Vocal cord lesions,diagnosis,1
Vocal cord muscles,anatomy_structure,1
Vocal cords,anatomy_structure,1
Voice Disorders,anatomy_structure,1
Voice disorders,mechanism,1
Voice disorders,other,1
Voice rehabilitation,image_identification,1
Volkmann Ischemic Contracture,anatomy_structure,1
Volume Of Distribution,mechanism,1
Volume of Distribution,mechanism,1
Volvulus,epidemiology,1
Vomiting,anatomy_structure,1
Von Willebrand Disease,diagnosis,1
Von Willebrand disease,diagnosis,1
Vulvar Cancer,diagnosis,1
Vulvar Diseases,management,1
Vulvar Disorders,diagnosis,3
Vulvar Disorders,drug_of_choice,1
Vulvar Pathology,diagnosis,3
Vulvar carcinoma,anatomy_structure,2
Vulvar carcinoma,mechanism,1
Vulvar diseases,management,1
Vulvar disorders,diagnosis,1
Vulvar disorders,management,1
Vulvar pathology,diagnosis,1
WHO Definitions,epidemiology,1
WHO STEPS approach,epidemiology,1
Warburg effect,mechanism,1
Warfarin,investigation,1
Warming technique,management,1
Warmth sensation,mechanism,1
Waste Classification,other,1
Waste Disposal,management,3
Waste Management,management,11
Waste Management,other,3
Waste Reduction,management,1
Waste disposal,other,2
Wastewater Treatment,other,1
Water Balance,diagnosis,1
Water Balance,other,1
Water Microbiology,investigation,1
Water Pollution,epidemiology,1
Water Purification,other,5
Water Purification,investigation,1
Water Purification,management,1
Water Quality,other,6
Water Quality,investigation,3
Water Quality,epidemiology,1
Water Quality Standards,other,1
Water Sample Collection,other,1
Water Sanitation,epidemiology,1
Water Sanitation,other,1
Water Supply And Sanitation,other,1
Water and electrolyte balance,drug_of_choice,1
Water microbiology,investigation,1
Water quality,investigation,2
Water quality,other,1
Water sample collection,other,1
Water sanitation,other,1
Water supply,other,1
Water supply and sanitation,other,1
Water testing,other,1
Water treatment,management,1
Waterborne Diseases,diagnosis,2
Waterborne Diseases,other,1
Waterborne diseases,diagnosis,2
Waterhouse-Friderichsen Syndrome,diagnosis,1
Waterhouse-Friderichsen syndrome,diagnosis,1
Weapons,other,1
Weber's syndrome,diagnosis,1
Weight Gain,other,2
Weight gain,other,1
Wernicke'S Encephalopathy,diagnosis,1
Wernicke's Encephalopathy,diagnosis,1
Wertheim's,management,1
White fibers,anatomy_structure,1
Who Steps Approach,epidemiology,1
Whole body imaging,investigation,1
Wilson Disease,diagnosis,4
Wilson Disease,investigation,3
Wilson Disease,drug_of_choice,1
Wilson disease,diagnosis,2
Wilson disease,investigation,2
Wilson disease,drug_of_choice,1
Wilson'S Disease,other,1
Wilson's disease,other,1
World Health Organization,other,1
Wound,diagnosis,1
Wound Care,management,3
Wound Care,diagnosis,2
Wound Care,image_identification,1
Wound Classification,diagnosis,1
Wound Complications,diagnosis,1
Wound Dehiscence,other,1
Wound Management,management,9
Wound Management,image_identification,1
Wound Management,other,1
Wound assessment,other,1
Wound classification,diagnosis,1
Wound management,management,1
Wound repair,other,1
Wounds,other,3
Wounds,image_identification,1
Wounds And Injuries,image_identification,1
Wounds And Ulcers,management,1
Wounds and Injuries,image_identification,1
Wounds and ulcers,management,1
Wrist,anatomy_structure,2
Wrist,diagnosis,1
Wrist,image_identification,1
Wrist,other,1
Wrist And Hand Conditions,anatomy_structure,1
Wrist Dislocations,anatomy_structure,1
Wrist Dislocations,diagnosis,1
Wrist Disorders,diagnosis,1
Wrist Injuries,other,3
Wrist Injuries,anatomy_structure,1
Wrist Injuries,diagnosis,1
Wrist Osteochondritis,diagnosis,1
Wrist anatomy,image_identification,1
Wrist and Hand Conditions,anatomy_structure,1
Wrist injuries,other,1
X-Linked Inheritance,diagnosis,1
X-linked inheritance,diagnosis,1
X-linked metabolic disorder,diagnosis,1
X-ray,other,21
X-ray,image_identification,13
X-ray,diagnosis,2
X-ray,anatomy_structure,1
X-ray,mechanism,1
Xenobiotic Metabolism,mechanism,2
Xenobiotic Metabolism,other,1
Xenobiotic metabolism,other,1
Xenobiotics,mechanism,1
Xeroderma Pigmentosum,mechanism,1
Xerophthalmia,diagnosis,2
Yaws,other,1
Yellow Fever,epidemiology,1
Yellow Fever,other,1
Yellow fever,epidemiology,1
Yellow fever,other,1
Yersinia pestis,epidemiology,1
Zenker Diverticulum,other,1
Zenker diverticulum,other,1
Zinc Supplementation,management,1
Ziprasidone,other,1
Zollinger-Ellison syndrome,diagnosis,1
Zonules,anatomy_structure,1
Zoonotic Diseases,epidemiology,1
Zoonotic diseases,epidemiology,1
caput succedaneum,diagnosis,1
cardiac output,mechanism,1
cerebellar agenesis,diagnosis,1
cerebellar vermis deficiency,diagnosis,1
clinical features,diagnosis,1
complex febrile seizures,epidemiology,1
connective Tissue,mechanism,1
diarrhoea,diagnosis,1
hCG,investigation,1
heat exchange,other,1
hydrocephalus,diagnosis,1
infant incubator,other,1
infantile spasm,drug_of_choice,1
ion channels,mechanism,1
meningitis,diagnosis,1
metabolic disorders,drug_of_choice,1
myelomeningocele,diagnosis,1
neonatal assessment,diagnosis,1
neonatal features,diagnosis,1
neonatal meningitis,diagnosis,1
occipital defect,diagnosis,1
p53,mechanism,1
perianal crust,diagnosis,1
prematurity,diagnosis,1
proprioception,mechanism,1
protein deficiency,diagnosis,1
qSOFA,management,1
scalp swelling,diagnosis,1
simple febrile seizures,epidemiology,1
vitamin B6,drug_of_choice,1
