item_a,item_b,co_occurrence
SUBJ:Pharmacology,SUBJ:Medicine,360
SUBJ:Pathology,SUBJ:Medicine,349
SUBJ:Medicine,SUBJ:Pathology,293
SUBJ:Microbiology,SUBJ:Medicine,208
SUBJ:Community Medicine,SUBJ:Microbiology,171
SUBJ:Physiology,SUBJ:Biochemistry,142
SUBJ:Pediatrics,SUBJ:Medicine,139
SUBJ:Microbiology,SUBJ:Community Medicine,134
SUBJ:Pathology,SUBJ:Biochemistry,126
SUBJ:Surgery,SUBJ:Medicine,126
SUBJ:Biochemistry,SUBJ:Physiology,122
SUBJ:Medicine,SUBJ:Physiology,121
SUBJ:Radiology,SUBJ:Medicine,121
SUBJ:Medicine,SUBJ:Pharmacology,120
SUBJ:Medicine,SUBJ:Microbiology,118
SUBJ:ENT,SUBJ:Anatomy,109
SUBJ:Biochemistry,SUBJ:Pediatrics,108
SUBJ:Orthopedics,SUBJ:Anatomy,107
SUBJ:Medicine,SUBJ:Biochemistry,106
SUBJ:Anatomy,SUBJ:ENT,105
SUBJ:Pharmacology,SUBJ:Microbiology,102
SUBJ:Biochemistry,SUBJ:Medicine,98
SUBJ:Biochemistry,SUBJ:Pathology,94
SUBJ:Community Medicine,SUBJ:Pediatrics,92
SUBJ:Microbiology,SUBJ:Pathology,87
SUBJ:Medicine,SUBJ:Radiology,87
SUBJ:Pharmacology,SUBJ:Psychiatry,87
SUBJ:Anatomy,SUBJ:Physiology,86
SUBJ:Pharmacology,SUBJ:Biochemistry,80
Endocrine Pharmacology,General Medicine,80
SUBJ:OBG,SUBJ:Pharmacology,79
Infectious Diseases,Microbiology,78
SUBJ:Physiology,SUBJ:Anatomy,78
SUBJ:Medicine,SUBJ:Surgery,78
Bacteriology,Infectious Diseases,76
SUBJ:Ophthalmology,SUBJ:Anatomy,76
SUBJ:Surgery,SUBJ:Pathology,75
SUBJ:Anaesthesia,SUBJ:Pharmacology,75
SUBJ:Surgery,SUBJ:Radiology,74
SUBJ:Microbiology,SUBJ:Dermatology,74
SUBJ:Orthopedics,SUBJ:Pediatrics,74
SUBJ:Community Medicine,SUBJ:OBG,74
SUBJ:OBG,SUBJ:Anatomy,73
SUBJ:Surgery,SUBJ:Anatomy,71
Bacteriology,Microbiology,71
SUBJ:Pathology,SUBJ:Surgery,70
SUBJ:Community Medicine,SUBJ:Medicine,69
SUBJ:Pharmacology,SUBJ:OBG,67
SUBJ:OBG,SUBJ:Medicine,67
SUBJ:Orthopedics,SUBJ:Radiology,66
SUBJ:Anatomy,SUBJ:Surgery,64
SUBJ:Dermatology,SUBJ:Microbiology,63
Dermatology,Microbiology,60
SUBJ:Medicine,SUBJ:Pediatrics,60
SUBJ:Pharmacology,SUBJ:Anaesthesia,60
SUBJ:Ophthalmology,SUBJ:Microbiology,60
Antenatal Care,Obstetric Complications,59
SUBJ:OBG,SUBJ:Radiology,59
SUBJ:Pathology,SUBJ:Microbiology,58
SUBJ:Pharmacology,SUBJ:Physiology,57
SUBJ:OBG,SUBJ:Pathology,57
Head And Neck,Head and Neck,57
SUBJ:Physiology,SUBJ:Medicine,56
SUBJ:Psychiatry,SUBJ:Medicine,55
SUBJ:Ophthalmology,SUBJ:Medicine,54
SUBJ:OBG,SUBJ:Physiology,54
General Medicine,Microbiology,53
General Medicine,Systemic Pathology,52
SUBJ:Medicine,SUBJ:Anatomy,51
SUBJ:Ophthalmology,SUBJ:Pediatrics,50
SUBJ:ENT,SUBJ:Surgery,50
SUBJ:Dermatology,SUBJ:Medicine,50
SUBJ:Microbiology,SUBJ:Pediatrics,49
SUBJ:Pediatrics,SUBJ:Community Medicine,49
Epidemiology,Microbiology,49
SUBJ:Radiology,SUBJ:Surgery,48
SUBJ:OBG,SUBJ:Pediatrics,48
SUBJ:Pediatrics,SUBJ:Pathology,47
SUBJ:Pediatrics,SUBJ:Biochemistry,46
SUBJ:Pediatrics,SUBJ:Microbiology,46
SUBJ:Orthopedics,SUBJ:Medicine,45
Biostatistics,Epidemiology,45
SUBJ:Pediatrics,SUBJ:Surgery,45
SUBJ:Anatomy,SUBJ:Orthopedics,44
SUBJ:Pathology,SUBJ:Pediatrics,44
Cardiology,Thorax,44
SUBJ:Anaesthesia,SUBJ:Medicine,44
SUBJ:Physiology,SUBJ:OBG,44
Epidemiology,Infectious Diseases,44
Infectious Diseases,Virology,43
SUBJ:Microbiology,SUBJ:Pharmacology,43
SUBJ:Dermatology,SUBJ:Pathology,43
SUBJ:Surgery,SUBJ:Pediatrics,41
SUBJ:Forensic Medicine,SUBJ:Medicine,40
SUBJ:Ophthalmology,SUBJ:Pathology,39
Fractures,Trauma,39
SUBJ:Anatomy,SUBJ:OBG,38
SUBJ:Biochemistry,SUBJ:Pharmacology,38
SUBJ:Medicine,SUBJ:Orthopedics,38
SUBJ:Psychiatry,SUBJ:Pediatrics,37
SUBJ:OBG,SUBJ:Microbiology,37
Infectious Diseases,Parasitology,36
Endocrine Pharmacology,Regional Anaesthesia,36
SUBJ:Anatomy,SUBJ:Medicine,36
Neoplasia,Systemic Pathology,36
Biochemistry,Vitamins & Nutrition,35
SUBJ:Radiology,SUBJ:Orthopedics,35
SUBJ:OBG,SUBJ:Surgery,35
SUBJ:ENT,SUBJ:Radiology,34
SUBJ:Radiology,SUBJ:Pediatrics,33
Microbiology,Parasitology,33
Fractures,Interventional Radiology,33
Microbiology,Virology,33
SUBJ:Microbiology,SUBJ:Biochemistry,32
SUBJ:OBG,SUBJ:Biochemistry,32
SUBJ:Anatomy,SUBJ:Ophthalmology,32
Infectious Diseases,Mycology,31
SUBJ:Psychiatry,SUBJ:Pharmacology,31
SUBJ:Orthopedics,SUBJ:Pathology,31
SUBJ:Forensic Medicine,SUBJ:Pathology,31
Biochemistry,CNS Physiology,31
Biochemistry,Systemic Pathology,30
Dermatology,Infectious Diseases,30
SUBJ:Forensic Medicine,SUBJ:Anatomy,30
Endocrine Pharmacology,Microbiology,30
SUBJ:Surgery,SUBJ:Dermatology,29
Endocrine Pharmacology,Obstetric Complications,29
Nephrology,Renal,29
Environment & Occupational Health,Neuroanatomy,29
SUBJ:Microbiology,SUBJ:OBG,28
Fractures,Neonatology,28
Labor & Delivery,Obstetric Complications,28
Microbiology,Systemic Pathology,28
SUBJ:Community Medicine,SUBJ:Biochemistry,28
SUBJ:Pharmacology,SUBJ:Pediatrics,27
SUBJ:Radiology,SUBJ:ENT,27
SUBJ:Pediatrics,SUBJ:Pharmacology,27
SUBJ:Pediatrics,SUBJ:OBG,27
General Medicine,Interventional Radiology,27
Head and Neck,Neuroanatomy,27
SUBJ:Ophthalmology,SUBJ:Pharmacology,27
Child Psychiatry,Endocrine Pharmacology,27
SUBJ:Forensic Medicine,SUBJ:OBG,26
Embryology,Neuroanatomy,26
SUBJ:Pediatrics,SUBJ:Radiology,26
SUBJ:Pediatrics,SUBJ:Physiology,26
Fractures,Neuroanatomy,25
Fractures,Growth & Development,25
SUBJ:ENT,SUBJ:Pathology,25
Growth & Development,Neonatology,25
SUBJ:ENT,SUBJ:Microbiology,25
SUBJ:Pathology,SUBJ:Orthopedics,25
SUBJ:Physiology,SUBJ:Pharmacology,24
SUBJ:Radiology,SUBJ:Pathology,24
SUBJ:Orthopedics,SUBJ:Surgery,24
SUBJ:Dermatology,SUBJ:Pharmacology,24
SUBJ:Medicine,SUBJ:Dermatology,24
SUBJ:Pharmacology,SUBJ:Ophthalmology,24
SUBJ:Pathology,SUBJ:OBG,23
Epidemiology,Immunization,23
SUBJ:ENT,SUBJ:Medicine,23
SUBJ:Ophthalmology,SUBJ:Biochemistry,23
Gynecologic Oncology,Neoplasia,23
Microbiology,Mycology,23
SUBJ:Radiology,SUBJ:Anatomy,23
Endocrine,Head & Neck,23
Endocrinology,Renal,22
Infectious Diseases,Pulmonology,22
SUBJ:Forensic Medicine,SUBJ:Biochemistry,22
Immunopathology,Virology,22
SUBJ:Forensic Medicine,SUBJ:Community Medicine,22
SUBJ:Community Medicine,SUBJ:Pharmacology,22
SUBJ:Pathology,SUBJ:Dermatology,22
Fractures,Systemic Pathology,22
Peripheral Nerves,Upper Limb,21
CNS Physiology,Endocrine Pharmacology,21
Bacteriology,Immunology,21
Cranial Nerves,Cranial nerves,21
Thanatology,Toxicology,21
Epidemiology,Virology,21
Biochemistry,Endocrine Pharmacology,21
Hematopathology,Systemic Pathology,21
Epidemiology,Tuberculosis,21
Embryology,Growth & Development,21
Environment & Occupational Health,Otology,21
Dermatology,Systemic Pathology,21
Cardiology,Endocrine Pharmacology,20
Cardiology,Valvular Heart Disease,20
SUBJ:Biochemistry,SUBJ:Anatomy,20
Epidemiology,Vitamins & Nutrition,20
SUBJ:Medicine,SUBJ:Ophthalmology,20
Pneumonia,Pulmonology,20
SUBJ:Anatomy,SUBJ:Pediatrics,20
SUBJ:Forensic Medicine,SUBJ:Psychiatry,20
SUBJ:Forensic Medicine,SUBJ:Pharmacology,20
Endocrinology,Growth & Development,20
SUBJ:Pathology,SUBJ:Physiology,20
Neonatology,Pulmonology,20
SUBJ:ENT,SUBJ:Pediatrics,20
SUBJ:Dermatology,SUBJ:Pediatrics,20
General Surgery,Neuroanatomy,19
SUBJ:Pharmacology,SUBJ:Pathology,19
SUBJ:Pathology,SUBJ:Radiology,19
SUBJ:Medicine,SUBJ:OBG,19
SUBJ:Ophthalmology,SUBJ:Physiology,19
Neurology,Vascular,19
Malaria,Parasitology,19
Cardiology,General Medicine,19
Inflammation & Healing,Systemic Pathology,19
Biochemistry,Neonatology,19
Epidemiology,Screening,19
Endocrine,Endocrinology,18
Helminthology,Parasitology,18
Histology,Neuroanatomy,18
Neuroanatomy,Upper Limb,18
Gynecologic Oncology,Hematopathology,18
SUBJ:OBG,SUBJ:Community Medicine,18
Head And Neck Anatomy,Head and Neck Anatomy,18
CNS Physiology,Pulmonology,18
Cardiology,Pulmonology,18
SUBJ:ENT,SUBJ:Physiology,18
Pulmonology,Thorax,18
Lens & Cataract,Squint & Pediatric Ophthalmology,18
SUBJ:Anatomy,SUBJ:Pathology,18
Peripheral nerves,Upper Limb,18
SUBJ:Surgery,SUBJ:Pharmacology,17
Child Psychiatry,General Medicine,17
Inborn Errors Of Metabolism,Inborn Errors of Metabolism,17
Cardiology,Embryology,17
Dermatology,Endocrine Pharmacology,17
Arrhythmias,Cardiology,17
Epidemiology,Neonatology,17
Neonatology,Systemic Pathology,17
Glaucoma,Squint & Pediatric Ophthalmology,16
Biochemistry,Genetics & Molecular Biology,16
SUBJ:Surgery,SUBJ:Orthopedics,16
SUBJ:Surgery,SUBJ:Microbiology,16
Neuroanatomy,Obstetric Complications,16
Anemia,Hematopathology,16
SUBJ:Surgery,SUBJ:Biochemistry,16
General Medicine,Infectious Diseases,16
Infectious Diseases,Neonatology,16
Child Psychiatry,Mood Disorders,16
Drowning,Thanatology,16
SUBJ:Medicine,SUBJ:Community Medicine,16
SUBJ:Anaesthesia,SUBJ:Surgery,16
Fractures,Hip Disorders,16
SUBJ:Pediatrics,SUBJ:Ophthalmology,16
Epidemiology,Study Designs,16
Endocrine Pharmacology,Neurology,16
SUBJ:Pharmacology,SUBJ:Dermatology,16
Medical Jurisprudence,Thanatology,16
SUBJ:Pharmacology,SUBJ:Community Medicine,16
Antimalarial Drugs,Antimalarial drugs,16
Fractures,Upper Limb,16
HIV/AIDS,Hiv/Aids,16
Immunology,Microbiology,16
Antidiabetic Drugs,Antidiabetic drugs,16
Head & Neck,Inflammation & Healing,16
Child Psychiatry,Schizophrenia & Psychosis,16
Fractures,General Medicine,15
SUBJ:Physiology,SUBJ:Pathology,15
Vestibular Disorders,Vestibular disorders,15
SUBJ:Medicine,SUBJ:Anaesthesia,15
Communicable Diseases,Epidemiology,15
SUBJ:Anatomy,SUBJ:Radiology,15
Dermatology,General Medicine,15
Hematopathology,Neonatology,15
SUBJ:Radiology,SUBJ:OBG,15
Contraception,Demography & Family Planning,15
Amino Acid Metabolism,Inborn Errors of Metabolism,15
SUBJ:Pathology,SUBJ:Anatomy,15
General Medicine,Neonatology,15
Biochemistry,Carbohydrate Metabolism,15
Glomerular Diseases,Glomerular diseases,15
Inflammation & Healing,Neoplasia,15
Child Psychiatry,Delusional Disorders,15
Delusional Disorders,Delusional disorders,15
Gynecologic Oncology,Obstetric Complications,14
Endocrine Pharmacology,Pulmonology,14
CNS Physiology,Neuroanatomy,14
Cranial Nerves,Neuroanatomy,14
SUBJ:Surgery,SUBJ:OBG,14
Cell Injury & Death,Systemic Pathology,14
Hematopathology,Lymphoma,14
Genetics & Molecular Biology,Hematopathology,14
Endocrinology,Reproductive,14
General Medicine,Obstetric Complications,14
Neonatology,Vitamins & Nutrition,14
SUBJ:Pediatrics,SUBJ:Anatomy,14
Gastrointestinal,Neoplasia,14
Hematopathology,Infectious Diseases,14
Biochemistry,General Medicine,14
General Medicine,Pulmonology,14
Biochemistry,Microbiology,14
Microbiology,Neonatology,14
Inborn Errors Of Metabolism,Inborn errors of metabolism,14
Lacrimal Apparatus,Lacrimal apparatus,14
Abdomen,Renal,14
SUBJ:Pathology,SUBJ:Community Medicine,13
Antenatal Care,Endocrine Pharmacology,13
Carbohydrate Metabolism,Inborn Errors of Metabolism,13
Audiology,Otology,13
Postmortem Changes,Thanatology,13
Neuroanatomy,Neurology,13
Maternal And Child Health,Maternal and Child Health,13
Hematopathology,Transfusion Medicine,13
SUBJ:Psychiatry,SUBJ:Community Medicine,13
Carbohydrate Metabolism,Vitamins & Nutrition,13
Local Anaesthetics,Regional Anaesthesia,13
Carbohydrate Metabolism,Enzymology,13
Endocrine,Reproductive,13
Peripheral Nerves,Peripheral nerves,13
HIV/AIDS,Infectious Diseases,13
Cardiology,Renal,13
Fractures,Neoplasia,13
Endocrine,Renal,13
Environment & Occupational Health,Interventional Radiology,13
Neonatology,Squint & Pediatric Ophthalmology,13
SUBJ:Anaesthesia,SUBJ:Anatomy,13
Embryology,Reproductive,13
Embryology,Head and Neck,13
Head And Neck,Neuroanatomy,13
Refractive Errors,Refractive errors,13
Cerebral circulation,Neuroanatomy,13
Epidemiology,Systemic Pathology,13
Endocrine Pharmacology,Neuromuscular Blocking Agents,13
SUBJ:Surgery,SUBJ:Anaesthesia,12
Neuroanatomy,Peripheral Nerves,12
SUBJ:Microbiology,SUBJ:Surgery,12
Immunology,Virology,12
SUBJ:ENT,SUBJ:Pharmacology,12
Infectious Diseases,Neurology,12
Dermatology,Neonatology,12
Epidemiology,National Health Programs,12
Brachial Plexus,Upper Limb,12
Gastroenterology,Gastrointestinal,12
SUBJ:Community Medicine,SUBJ:Ophthalmology,12
Gastroenterology,Infectious Diseases,12
Cardiology,Vascular,12
Genetics & Molecular Biology,Neoplasia,12
Diabetic retinopathy,Retina,12
Cardiology,Congenital Heart Disease,12
Cornea & Refractive,Infectious Diseases,12
Carbohydrate Metabolism,Glycolysis,12
Genetic Disorders,Genetic disorders,12
CNS Physiology,Cardiology,12
Antenatal Care,Labor & Delivery,12
SUBJ:Community Medicine,SUBJ:Pathology,12
SUBJ:Biochemistry,SUBJ:Community Medicine,12
Interventional Radiology,Obstetric Complications,12
Interventional Radiology,Systemic Pathology,12
Fractures,Spine,12
Dermatology,Scabies,12
Child Psychiatry,Delusional disorders,12
Histology,Inflammation & Healing,12
General Surgery,Interventional Radiology,11
Dermatology,Rheumatology,11
Endocrinology,Neonatology,11
Interventional Radiology,Neonatology,11
Congenital Anomalies,Neonatology,11
Arteries,Lower Limb,11
SUBJ:Anaesthesia,SUBJ:Physiology,11
Antiepileptic Drugs,Antiepileptic drugs,11
Endocrine Pharmacology,Pharmacokinetics,11
Lymphoma,Systemic Pathology,11
Gastroenterology,Systemic Pathology,11
Neonatology,Obstetric Complications,11
SUBJ:Microbiology,SUBJ:Ophthalmology,11
Genetics & Molecular Biology,Gynecologic Oncology,11
SUBJ:Medicine,SUBJ:ENT,11
Complement System,Immunology,11
Thanatology,Trauma,11
Genetics & Molecular Biology,Neurology,11
Infectious Diseases,Tuberculosis,11
Gynecologic Oncology,Systemic Pathology,11
Inflammation & Healing,Pulmonology,11
Joints & Arthritis,Rheumatology,11
Complement system,Immunology,11
Gynecologic Oncology,Interventional Radiology,11
Interventional Radiology,Neuroanatomy,11
Gastrointestinal,Interventional Radiology,11
Pelvic Anatomy,Pelvic anatomy,11
Child Psychiatry,Neurology,11
Biochemistry,Lipid Metabolism,11
Interventional Radiology,Neoplasia,11
Squint & Pediatric Ophthalmology,Strabismus,11
Demography & Family Planning,Epidemiology,11
Mechanical Injuries,Trauma,11
Ocular Anatomy,Ocular anatomy,11
Abdomen,Inflammation & Healing,11
Hematopathology,Inflammation & Healing,11
Biochemistry,Enzymology,11
Immunology,Systemic Pathology,11
Endocrine Pharmacology,Toxicology,11
SUBJ:Surgery,SUBJ:Physiology,10
Fractures,Joints & Arthritis,10
SUBJ:Pharmacology,SUBJ:Forensic Medicine,10
Abdominal Imaging,Interventional Radiology,10
Immunization,Vaccination,10
SUBJ:Surgery,SUBJ:Community Medicine,10
Glomerular Diseases,Renal,10
Lower Limb,Neuroanatomy,10
Age Estimation,Thanatology,10
Endocrinology,Infertility,10
Head & Neck,Neuroanatomy,10
Dyslipidemia,Lipid Metabolism,10
SUBJ:Microbiology,SUBJ:ENT,10
Hematopathology,Immunology,10
SUBJ:Medicine,SUBJ:Psychiatry,10
Breast & Endocrine Surgery,Neoplasia,10
SUBJ:Pediatrics,SUBJ:Dermatology,10
Epidemiology,Interventional Radiology,10
SUBJ:Radiology,SUBJ:Community Medicine,10
Amino Acid Metabolism,Amino acid metabolism,10
Amino acid metabolism,Inborn errors of metabolism,10
Postpartum Hemorrhage,Postpartum hemorrhage,10
Anticancer Drugs,Anticancer drugs,10
Antidiabetic Drugs,Endocrine Pharmacology,10
Bacteriology,Pulmonology,10
SUBJ:Community Medicine,SUBJ:Dermatology,10
Biostatistics,Research Methodology,10
Endocrinology,Pituitary Disorders,10
SUBJ:Community Medicine,SUBJ:Forensic Medicine,10
Antidiabetic drugs,Endocrine Pharmacology,10
Endocrine Pharmacology,Inhalational Anaesthetics,10
Neuroanatomy,Vascular,10
Biochemistry,Hematopathology,10
SUBJ:Anaesthesia,SUBJ:OBG,10
Infectious Diseases,Inflammation & Healing,10
Endocrine,Neoplasia,10
Anxiety & OCD,Child Psychiatry,10
Joints & Arthritis,Lower Limb,10
Embryology,Pancreas,10
Autonomic,Cardiology,10
Brachial Plexus,Brachial plexus,10
Blast injuries,Trauma,10
Disaster Management,Disaster management,10
Child Psychiatry,Hallucinations,10
Child Psychiatry,Mania,10
Child Psychiatry,Personality Disorders,10
Neuroanatomy,Thorax,10
Large Intestine,Large intestine,10
Microbiology,Vaccines,10
Immunopathology,Inflammation & Healing,10
Cornea & Refractive,Squint & Pediatric Ophthalmology,9
CNS Physiology,Gastrointestinal,9
Gastrointestinal,Neonatology,9
Infectious Diseases,Nose & PNS,9
Gynecologic Oncology,Urology,9
Gynecologic Oncology,Infertility,9
Neoplasia,Renal,9
Genetics & Molecular Biology,Inheritance patterns,9
Embryology,Gastrointestinal,9
SUBJ:Anaesthesia,SUBJ:ENT,9
Poisoning,Toxicology,9
Hematopathology,Leukemia,9
Endocrine Pharmacology,Neonatology,9
Cerebellum,Neuroanatomy,9
Coagulation,Hematopathology,9
Hematopathology,Myeloproliferative Neoplasms,9
Antenatal Care,Cardiology,9
SUBJ:Ophthalmology,SUBJ:Surgery,9
Interventional Radiology,Radiation Physics,9
SUBJ:Biochemistry,SUBJ:Microbiology,9
Coagulation Disorders,Hematopathology,9
Infectious Diseases,Nephrology,9
SUBJ:Ophthalmology,SUBJ:ENT,9
Autoimmune Diseases,Rheumatology,9
Cardiology,Neonatology,9
Cardiology,Electrocardiography,9
DNA Replication,Genetics & Molecular Biology,9
Hematopathology,Hemolytic Anemias,9
SUBJ:Pathology,SUBJ:Ophthalmology,9
Indian Penal Code,Medical Jurisprudence,9
SUBJ:Ophthalmology,SUBJ:Community Medicine,9
Cardiology,Interventional Radiology,9
SUBJ:Surgery,SUBJ:ENT,9
Hematopathology,Hemoglobinopathies,9
Antimicrobial Resistance,Antimicrobial resistance,9
Neuroanatomy,Squint & Pediatric Ophthalmology,9
Environment & Occupational Health,Factory Act,9
Retina,Squint & Pediatric Ophthalmology,9
Cell Injury & Death,Inflammation & Healing,9
SUBJ:Orthopedics,SUBJ:Microbiology,9
Cranial Nerves,Head and Neck,9
Immunology,Inflammation & Healing,9
Burns & Plastic,Thanatology,9
Inflammation & Healing,Trauma,9
Inflammation & Healing,Uveitis,9
Head & Neck,Neoplasia,9
Head and Neck,Throat & Larynx,9
Neuroanatomy,Spine,9
General Medicine,Hematopathology,9
Middle Ear,Middle ear,9
Inhalational Anaesthetics,Inhalational anaesthetics,9
Epidemiology,Neoplasia,9
Cornea & Refractive,Refractive errors,9
Head and Neck,Lymphatic System,9
Cranial Venous Sinuses,Cranial venous sinuses,9
Immunopathology,Rheumatology,9
Antipsychotic Drugs,Antipsychotic drugs,9
Otitis Media,Otitis media,9
Neuromuscular Blocking Agents,Regional Anaesthesia,9
Beta Blockers,Beta blockers,9
Epidemiology,General Medicine,9
Breast & Endocrine Surgery,Neonatology,9
Abdomen,Neoplasia,9
Inflammation & Healing,Lower Limb,9
Abdomen,Embryology,8
Neonatology,Renal,8
Carbohydrate Metabolism,Endocrinology,8
Immunology,Serology,8
Growth & Development,Vitamins & Nutrition,8
Head And Neck Surgery,Head and Neck Surgery,8
Emergency Medicine,Trauma,8
Contraception,Endocrine Pharmacology,8
Rheumatology,Vasculitis,8
Microbiology,Obstetric Complications,8
Dermatology,Mycology,8
Cranial nerves,Neuroanatomy,8
SUBJ:Pharmacology,SUBJ:Surgery,8
Gastrointestinal,Systemic Pathology,8
Genetic Disorders,Genetics & Molecular Biology,8
Genetics & Molecular Biology,Neonatology,8
SUBJ:Microbiology,SUBJ:Physiology,8
SUBJ:Forensic Medicine,SUBJ:Surgery,8
SUBJ:Community Medicine,SUBJ:Psychiatry,8
Cardiology,Endocrinology,8
Renal,Urology,8
Biochemistry,Endocrinology,8
Biochemistry,Metabolic Disorders,8
Antimicrobial Drugs,Antimicrobials,8
Amino Acid Metabolism,Protein Metabolism,8
Antimicrobial Resistance,Bacteriology,8
Antitubercular Drugs,Antitubercular drugs,8
Environmental Health,Water Quality,8
Environment & Occupational Health,Head And Neck Anatomy,8
Environment & Occupational Health,Head and Neck Anatomy,8
Environment & Occupational Health,General Surgery,8
Gastroenterology,Neonatology,8
Gas Exchange,Pulmonology,8
Carbohydrate Metabolism,Gluconeogenesis,8
Epidemiological Study Designs,Epidemiology,8
SUBJ:Pediatrics,SUBJ:Orthopedics,8
Cerebral Circulation,Neuroanatomy,8
Ketone Bodies,Lipid Metabolism,8
Endocrine Pharmacology,Local Anaesthetics,8
SUBJ:Psychiatry,SUBJ:Physiology,8
SUBJ:Psychiatry,SUBJ:Biochemistry,8
HIV,Infectious Diseases,8
Hiv/Aids,Infectious Diseases,8
SUBJ:Community Medicine,SUBJ:Surgery,8
SUBJ:Psychiatry,SUBJ:Forensic Medicine,8
Nephrology,Rheumatology,8
Metal Poisoning,Toxicology,8
General Medicine,Squint & Pediatric Ophthalmology,8
SUBJ:Anatomy,SUBJ:Dermatology,8
Biomedical Waste Management,Waste Management,8
Amino Acid Metabolism,Biochemistry,8
Endocrine Pharmacology,Infectious Diseases,8
Neuroanatomy,Systemic Pathology,8
Dermatology,Virology,8
Cardiology,Valvular heart disease,8
Hematopathology,Hemolytic anemias,8
Medical Jurisprudence,Medical Negligence,8
Trauma,Urology,8
Antenatal Care,Preeclampsia,8
Biochemistry,Immunology,8
Environment & Occupational Health,General Medicine,8
Neuromuscular Blockers,Neuromuscular blockers,8
Muscle Physiology,Muscle physiology,8
Ear,Otology,8
SUBJ:Anaesthesia,SUBJ:Pediatrics,8
Knee Injuries,Knee injuries,8
Brachial plexus,Upper Limb,8
CNS Physiology,Neurophysiology,8
Enzymology,Vitamins & Nutrition,8
Neoplasia,Pulmonology,8
Complement System,Complement system,8
Nail Disorders,Nail disorders,8
Obsessive-Compulsive Disorder,Obsessive-compulsive disorder,8
Embryology,Vascular,8
Lymphatic System,Lymphatic system,8
Heart,Thorax,8
Cerebral Circulation,Cerebral circulation,8
Anthropometry,Stature estimation,8
Mechanical Injuries,Mechanical injuries,8
Mechanical injuries,Trauma,8
Nystagmus,Vestibular system,8
Vestibular Disorders,Vestibular system,8
Vestibular disorders,Vestibular system,8
Cholesteatoma,Ear,8
Cornea & Refractive,Keratitis,8
Psychotic Disorders,Psychotic disorders,8
Systemic Pathology,Thanatology,8
Chlamydia,Microbiology,8
Endocrine Pharmacology,Glaucoma,8
Inflammation & Healing,Thorax,8
Radial Nerve,Upper Limb,8
Cardiology,Inflammation & Healing,8
Menstrual Disorders,Reproductive,8
Genetics & Molecular Biology,Nucleic Acids,7
Bacteriology,Gastroenterology,7
CNS Physiology,Neonatology,7
SUBJ:Biochemistry,SUBJ:Ophthalmology,7
Injuries & Trauma,Thanatology,7
Legal Procedures,Medical Jurisprudence,7
Bacteriology,Culture media,7
Culture Media,Culture media,7
Retina,Vascular,7
Infectious Diseases,Urology,7
Antenatal Care,Infectious Diseases,7
Endocrine Pharmacology,Gynecologic Oncology,7
Cardiology,Rheumatology,7
Airway Management,Regional Anaesthesia,7
Abdomen,Gastrointestinal,7
Cardiology,Cardiomyopathies,7
Autoimmune diseases,Rheumatology,7
Endocrinology,Gynecologic Oncology,7
Fractures,Vascular,7
Hematopathology,Neoplasia,7
Brainstem Syndromes,Neurology,7
Cell Physiology,Cell physiology,7
Renal,Systemic Pathology,7
Epidemiology,Health Indicators,7
Cardiology,Pericardial Diseases,7
Electrolyte Imbalance,Nephrology,7
Cardiology,Neurology,7
Antenatal Care,Ultrasound,7
Antenatal Care,General Medicine,7
SUBJ:Dermatology,SUBJ:OBG,7
SUBJ:Radiology,SUBJ:Pharmacology,7
Nematodes,Parasitology,7
Epidemiology,Public Health,7
Environmental Health,Water Purification,7
Head And Neck Anatomy,Neuroanatomy,7
Head and Neck Anatomy,Neuroanatomy,7
SUBJ:Pharmacology,SUBJ:ENT,7
Endocrinology,Thyroid Disorders,7
Endocrinology,Nephrology,7
Bronchial Asthma,Pulmonology,7
Epidemiological Study Designs,Study Designs,7
Gastrointestinal,General Medicine,7
Hand,Upper Limb,7
Inflammation & Healing,Renal,7
Epidemiology,Nose & PNS,7
Gastroenterology,Hepatology,7
Inhalational Anaesthetics,Regional Anaesthesia,7
Environment & Occupational Health,Epidemiology,7
General Surgery,Systemic Pathology,7
Neuroanatomy,Trauma,7
Gastroenterology,Pancreatitis,7
Gastroenterology,Gynecologic Oncology,7
Mediastinum,Thorax,7
Neonatal Resuscitation,Neonatology,7
Hepatitis,Virology,7
Interventional Radiology,Neuroimaging,7
Obstetric Complications,Regional Anaesthesia,7
Antiplatelet Drugs,Antiplatelet drugs,7
Antiarrhythmic Drugs,Antiarrhythmic drugs,7
Abdomen,Health Care Delivery,7
Embryology,Histology,7
Environment & Occupational Health,Rhinology,7
Sexual Assault,Thanatology,7
Bacteriology,Chlamydia,7
Biomedical Waste Management,Biomedical waste management,7
Cartilage,Histology,7
Neurophysiology,Sleep,7
Cardiology,Genetics & Molecular Biology,7
Helminths,Parasitology,7
Interventional Radiology,Trauma,7
Neoplasia,Otology,7
Amino Acid Metabolism,Vitamins & Nutrition,7
SUBJ:Radiology,SUBJ:Microbiology,7
Urinary System,Urinary system,7
Adverse Drug Reactions,Adverse drug reactions,7
Cestodes,Parasitology,7
Vaccines,Virology,7
Spinal Tuberculosis,Spinal tuberculosis,7
Osteology,Upper Limb,7
Facial Nerve,Head and Neck,7
Cardiology,Hematopathology,7
Inflammation & Healing,Pneumonia,7
Demography & Family Planning,Reproductive,7
Demography & Family Planning,Population pyramid,7
Infections of Bone & Joint,Throat & Larynx,7
Cornea & Refractive,Infectious keratitis,7
Congenital nasolacrimal duct obstruction,Lacrimal Apparatus,7
Congenital nasolacrimal duct obstruction,Lacrimal apparatus,7
Congenital Talipes Equinovarus,Fractures,7
Knee,Knee Injuries,7
Microbiology,Scabies,7
Endocrine Pharmacology,Pharmacodynamics,7
Antimicrobial Therapy,Antimicrobial therapy,7
Gastroenterology,Virology,7
Endocrine,General Medicine,7
Thorax,Trauma,7
Cardiology,Cardiothoracic,7
Facial Nerve,Facial nerve,7
Disaster Management,Epidemiology,7
Breast & Endocrine Surgery,Trauma,7
Chemotherapy & Anticancer,Endocrine Pharmacology,7
Neoplasia,Thorax,7
SUBJ:Physiology,SUBJ:Pediatrics,6
Bacteriology,Culture Media,6
Epidemiology,Research Methodology,6
SUBJ:Ophthalmology,SUBJ:Radiology,6
Cardiology,Emergency Medicine,6
Dermatology,Leprosy,6
Infectious Diseases,Leprosy,6
Airway Management,Emergency Medicine,6
Carbohydrate Metabolism,Inborn Errors Of Metabolism,6
Plant Poisons,Toxicology,6
Bacteriology,Gastrointestinal,6
Neoplasia,Neuropathology,6
Breast & Endocrine Surgery,Surgical Oncology,6
Environment & Occupational Health,Systemic Pathology,6
SUBJ:Pathology,SUBJ:ENT,6
Disease Transmission,Epidemiology,6
Lower Limb,Vascular,6
Oral Cavity,Oral cavity,6
Binocular Vision,Strabismus,6
Carbohydrate Metabolism,Clinical Biochemistry,6
Bronchodilators,Pulmonology,6
Gynecologic Oncology,Lymphoma,6
Apoptosis,Cell Injury & Death,6
Interstitial Lung Disease,Pulmonology,6
Nephrology,Systemic Pathology,6
Endocrine,Systemic Pathology,6
Acid-Base Balance,Acid-Base Disorders,6
Cardiac Arrhythmias,Cardiology,6
SUBJ:Pediatrics,SUBJ:ENT,6
Child Psychiatry,Psychotic Disorders,6
Pelvic Anatomy,Reproductive,6
Cardiology,Heart Failure,6
Antibodies,Immunology,6
Endocrine Pharmacology,Endocrinology,6
Endocrinology,General Medicine,6
Heavy Metal Poisoning,Toxicology,6
Heavy metal poisoning,Toxicology,6
Emergency Medicine,Neonatology,6
Antimicrobial Drugs,Antimicrobial drugs,6
Microbiology,Pulmonology,6
Hematopathology,Thalassemia,6
Regional Anaesthesia,Spinal Anaesthesia,6
Antidepressants,Psychopharmacology,6
Neurophysiology,Sensory Physiology,6
Fatty Acid Synthesis,Lipid Metabolism,6
DNA Replication,Dna Replication,6
Identification,Thanatology,6
Bacterial Toxins,Bacteriology,6
Poxviruses,Virology,6
Systemic Pathology,Virology,6
Immunization,Vaccines,6
Public Health,Vitamins & Nutrition,6
Immunology,Rheumatology,6
Growth & Development,Hip Disorders,6
Spinal Tuberculosis,Tuberculosis,6
Esophageal Disorders,Gastrointestinal,6
Pelvis And Perineum,Pelvis and Perineum,6
Antenatal Care,Gynecologic Oncology,6
SUBJ:Anaesthesia,SUBJ:Ophthalmology,6
Amino Acid Metabolism,Carbohydrate Metabolism,6
Cytokines,Immunology,6
Chromosomal Abnormalities,Chromosomal abnormalities,6
Histology,Neoplasia,6
Endocrine Pharmacology,Renal,6
Autoimmune Diseases,Rheumatoid Arthritis,6
EEG,Neurophysiology,6
Endocrine,Growth & Development,6
Infectious Diseases,Systemic Pathology,6
Embryology,Genetics & Molecular Biology,6
Nose & PNS,Parasitology,6
Gastroenterology,Peptic Ulcer Disease,6
Antimicrobials,Infectious Diseases,6
Glaucoma,Retina,6
Gastroenterology,Interventional Radiology,6
Genetics & Molecular Biology,Systemic Pathology,6
Coagulation,Vitamins & Nutrition,6
Amino Acid Metabolism,Inborn Errors Of Metabolism,6
Cerebral Cortex,Neuroanatomy,6
CNS Physiology,Obstetric Complications,6
Interventional Radiology,Vascular,6
Biochemistry,Gastrointestinal,6
Lipid-Lowering Drugs,Lipid-lowering drugs,6
Emergency Medicine,General Surgery,6
Histology,Renal,6
Ballistics,Thanatology,6
Immunodeficiency,Immunology,6
Infectious Diseases,Neoplasia,6
Abdomen,Neuroanatomy,6
Influenza,Virology,6
Cardiology,Systemic Pathology,6
CNS Physiology,General Medicine,6
CNS Physiology,Renal,6
Cardiology,Congenital heart disease,6
General Medicine,Neurology,6
Emergency Medicine,General Medicine,6
Immunization,Microbiology,6
Gastroenterology,General Medicine,6
Infertility,Reproductive,6
Diabetic Retinopathy,Retina,6
Diabetes Mellitus,Endocrinology,6
Dermatophytes,Mycology,6
Gastroenterology,Immunology,6
Amenorrhea,Endocrinology,6
Neoplasia,Urology,6
Binocular Vision,Binocular vision,6
Breast & Endocrine Surgery,General Surgery,6
Hematopathology,Vitamins & Nutrition,6
Amino acid metabolism,Inborn Errors Of Metabolism,6
Bacteriology,Dermatology,6
Head Injury,Head injury,6
Metabolic Bone Disease,Metabolic bone disease,6
Pelvis & Perineum,Reproductive,6
Surface Anatomy,Surface anatomy,6
Hematopathology,Pulmonology,6
Bioenergetics,Oxidative Phosphorylation,6
Genetics & Molecular Biology,Protein Synthesis,6
Antifungal Drugs,Antifungal drugs,6
Genetics & Molecular Biology,Virology,6
Diabetic Retinopathy,Diabetic retinopathy,6
Abdomen,Thorax,6
Peripheral Nerve Injuries,Peripheral nerve injuries,6
Uterine Prolapse,Uterine prolapse,6
Sleep Disorders,Sleep disorders,6
Hematopathology,Myeloproliferative neoplasms,6
Growth & Development,Ossification,6
Epidemiology,Growth & Development,6
Epidemiology,Plague,6
Micronutrients,Vitamins & Nutrition,6
Audiology,Hearing tests,6
Otology,Tympanic membrane,6
Nose & PNS,Septoplasty,6
Anterior segment,Ocular Anatomy,6
Anterior segment,Ocular anatomy,6
Optics And Refraction,Optics and Refraction,6
Cornea & Refractive,Herpes Keratitis,6
Cornea & Refractive,Herpes keratitis,6
Herpes Keratitis,Herpes keratitis,6
Interventional Radiology,Musculoskeletal Radiology,6
Knee,Knee injuries,6
Labor & Delivery,Neuroanatomy,6
Obstetric Complications,Systemic Pathology,6
Dermatology,Lichen Planus,6
Antifungal Agents,Antifungal agents,6
Neuroanatomy,Regional Anaesthesia,6
Child Psychiatry,Gender Identity Disorders,6
Substance-Related Disorders,Substance-related disorders,6
Organic Mental Disorders,Organic mental disorders,6
Conversion Disorder,Conversion disorder,6
Electroconvulsive Therapy,Electroconvulsive therapy,6
Hematopathology,Histology,6
Biochemistry,Pulmonology,6
CNS Physiology,Hematopathology,6
Hypersensitivity,Immunopathology,6
Metabolic Disorders,Metabolic disorders,6
Antimigraine Drugs,Antimigraine drugs,6
Endocrine Pharmacology,Systemic Pathology,6
Endocrine Pharmacology,Gout,6
Antihyperlipidemic Drugs,Lipid Metabolism,6
CNS Physiology,Vitamins & Nutrition,6
Grievous Hurt,Grievous hurt,6
Thanatology,Torture,6
Microbiology,Squint & Pediatric Ophthalmology,6
CNS Physiology,Systemic Pathology,6
General Medicine,General Surgery,6
Endocrine Pharmacology,Squint & Pediatric Ophthalmology,6
Child Psychiatry,Organic Mental Disorders,6
Inflammation & Healing,Neurology,6
Environment & Occupational Health,Head and Neck,6
Cornea & Refractive,Microbiology,6
Airway Devices,Airway Management,5
Endocrinology,Genetics & Molecular Biology,5
Firearm Injuries,Thanatology,5
Interventional Radiology,Urology,5
Parasitology,Protozoology,5
Neurology,Trauma,5
Genetics & Molecular Biology,Inheritance Patterns,5
Deficiency Diseases,Vitamins & Nutrition,5
Post-mortem Changes,Thanatology,5
Dermatology,Vitamins & Nutrition,5
Bacteriology,Food Poisoning,5
Rheumatology,Spondyloarthropathies,5
Acid-Base Balance,Pulmonology,5
Breast & Endocrine Surgery,Gynecologic Oncology,5
Gynecologic Oncology,Uterine Anomalies,5
Emergency Medicine,Regional Anaesthesia,5
CT & MRI,Ct & Mri,5
Bleeding disorders,Hematopathology,5
Neoplasia,Rhinology,5
Fractures,Inflammation & Healing,5
Hernia & Abdominal Wall,Inguinal Canal,5
Immunology,Pulmonology,5
Biochemistry,Lysosomal Storage Disorders,5
Neuropathology,Systemic Pathology,5
Antitubercular Drugs,Endocrine Pharmacology,5
Esophageal Disorders,Gastroenterology,5
Anticoagulants,Endocrine Pharmacology,5
Epidemiology,Study designs,5
Pulmonary Embolism,Pulmonology,5
Preventive Medicine,Vitamins & Nutrition,5
Rigor mortis,Thanatology,5
Sensory Physiology,Sensory physiology,5
CNS pharmacology,Cns Pharmacology,5
Lower Limb,Muscles,5
Cardiac Cycle,Cardiology,5
Antihypertensive Drugs,Antihypertensive drugs,5
CNS Pharmacology,Cns Pharmacology,5
Endocrine Pharmacology,Hematopathology,5
Biochemistry,Cell Injury & Death,5
Cardiology,Endocrine,5
Bacteriology,Vibrio,5
Bacteriology,Identification,5
Herpesviruses,Virology,5
Abdominal Aortic Aneurysm,Vascular,5
Infectious Diseases,Obstetric Complications,5
Otology,Otosclerosis,5
Environment & Occupational Health,Pulmonology,5
Lower Limb,Peripheral Nerves,5
Adverse Drug Reactions,Psychopharmacology,5
Autonomic,Endocrine Pharmacology,5
SUBJ:Forensic Medicine,SUBJ:Pediatrics,5
Biomedical Waste Management,Environmental Health,5
Biostatistics,Sampling Methods,5
Lipid Metabolism,Vitamins & Nutrition,5
Epidemiology,Mortality Indicators,5
Retina,Trauma,5
Environment & Occupational Health,Infectious Diseases,5
Neurology,Neuromuscular Disorders,5
Menstrual cycle,Reproductive,5
Growth & Development,Placenta,5
Embryology,Head & Neck,5
Carbohydrate Metabolism,Electron Transport Chain,5
Carbohydrate Metabolism,Glycogen Storage Diseases,5
Hematopathology,Plasma Cell Disorders,5
Infectious Diseases,Squint & Pediatric Ophthalmology,5
Environmental Health,Toxicology,5
Environmental Health,Infectious Diseases,5
Cardiology,ECG Interpretation,5
Endocrinology,Gastroenterology,5
Abnormal Uterine Bleeding,Abnormal uterine bleeding,5
General Medicine,Vascular,5
Antioxidants,Vitamins & Nutrition,5
Diuretics,Renal,5
Infectious Diseases,Otitis Media,5
COPD,Copd,5
COPD,Pulmonology,5
Dermatology,Vascular,5
Endocrine Pharmacology,Intravenous Anaesthetics,5
Interventional Radiology,Ultrasound,5
Psychopathology,Schizophrenia & Psychosis,5
Neurophysiology,Reflexes,5
Genetic disorders,Genetics & Molecular Biology,5
Hepatitis B,Virology,5
Bacteriology,Labor & Delivery,5
Rheumatoid Arthritis,Rheumatology,5
Antenatal Care,Growth & Development,5
Embryology,Urogenital System,5
Renal,Shock,5
Pulmonology,Renal,5
Child Psychiatry,Neonatology,5
Postmortem Changes,Postmortem changes,5
Postmortem changes,Thanatology,5
Gastroenterology,Inflammatory Bowel Disease,5
Joints & Arthritis,Thorax,5
Fractures,Infectious Diseases,5
Reproductive,Uterine Anomalies,5
Genetics & Molecular Biology,Growth & Development,5
Interventional Radiology,X-ray,5
Epidemiology,Parasitology,5
Endocrinology,Neurology,5
Gynecologic Oncology,Pelvic Inflammatory Disease,5
Gastrointestinal,Neuroanatomy,5
Emergency Medicine,Endocrine Pharmacology,5
Carbohydrate Metabolism,Renal,5
Epidemiology,HIV/AIDS,5
SUBJ:Anatomy,SUBJ:Forensic Medicine,5
Environmental Health,Waste Management,5
Immunization,Neonatology,5
Antenatal Care,Neuroanatomy,5
Dermatology,Skin Lesions,5
Abdominal Anatomy,Neuroanatomy,5
Critical Care,Pulmonology,5
SUBJ:Community Medicine,SUBJ:Physiology,5
SUBJ:Anatomy,SUBJ:Biochemistry,5
Endocrine Pharmacology,Gastroenterology,5
Enzymology,Lipid Metabolism,5
Neurology,Vitamins & Nutrition,5
Carbohydrate Metabolism,Lipid Metabolism,5
Inflammatory Bowel Disease,Inflammatory bowel disease,5
Hematopathology,Hemolytic anemia,5
Hemolytic Anemias,Hemolytic anemias,5
Chest Radiology,Interventional Radiology,5
Ocular motility,Strabismus,5
Dermatology,Nail Disorders,5
Hematopathology,Neurology,5
Trauma,Uveitis,5
General Medicine,Renal,5
SUBJ:Biochemistry,SUBJ:Dermatology,5
SUBJ:Biochemistry,SUBJ:Forensic Medicine,5
SUBJ:Forensic Medicine,SUBJ:Dermatology,5
Labor & Delivery,Postpartum Hemorrhage,5
Labor & Delivery,Postpartum hemorrhage,5
Fatty Acid Oxidation,Lipid Metabolism,5
Cardiology,Toxicology,5
Pulmonology,Systemic Pathology,5
Dissociative Disorders,Dissociative disorders,5
Congenital anomalies,Neonatology,5
Mycology,Systemic mycoses,5
Diuretics,Endocrine Pharmacology,5
Asphyxial Deaths,Asphyxial deaths,5
Neuro-ophthalmology,Visual fields,5
Epidemiology,Maternal Health,5
Demographic Cycle,Demography & Family Planning,5
Bacteriology,Virology,5
Gastric Carcinoma,Gastric carcinoma,5
Cranial nerves,Head and Neck,5
Genetics & Molecular Biology,Lipid Metabolism,5
SUBJ:Dermatology,SUBJ:Biochemistry,5
Inflammation & Healing,Microbiology,5
Clinical Pharmacology,Clinical Trials,5
Communicable Diseases,Public Health Programs,5
Sexual Disorders,Sexual disorders,5
Somatic Symptom Disorders,Somatic symptom disorders,5
Intravenous Anesthetics,Intravenous anesthetics,5
Asthma,Pulmonology,5
General Medicine,Nephrology,5
General Surgery,Hernia & Abdominal Wall,5
Hearing Loss,Hearing loss,5
SUBJ:Dermatology,SUBJ:Surgery,5
Bacteriology,Tuberculosis,5
Fractures,Metabolic Bone Disease,5
Urinary Bladder,Urinary bladder,5
Cardiac electrophysiology,Cardiology,5
TCA Cycle,Tca Cycle,5
Carbohydrate Metabolism,Uronic Acid Pathway,5
Protein Chemistry,Protein chemistry,5
Glomerular Diseases,Nephrotic syndrome,5
Glomerular diseases,Nephrotic syndrome,5
SUBJ:Pathology,SUBJ:Pharmacology,5
NSAIDs,Nsaids,5
Bacteriology,Staining techniques,5
Immunization,Virology,5
Cornea & Refractive,Refractive Errors,5
Retina,Uveitis,5
Chromosomal Disorders,Chromosomal disorders,5
Musculoskeletal Radiology,Musculoskeletal radiology,5
Endocrinology,Menopause,5
Bacteriology,Normal flora,5
SUBJ:Orthopedics,SUBJ:Biochemistry,5
Neuroanatomy,Ventricular system,5
Bioenergetics,Carbohydrate Metabolism,5
Genetic Code,Genetics & Molecular Biology,5
Myeloproliferative Neoplasms,Myeloproliferative neoplasms,5
Opioid Analgesics,Opioid analgesics,5
Blast Injuries,Blast injuries,5
Blast Injuries,Trauma,5
Immunology,Vaccines,5
Cestodes,Helminthology,5
Health Care Delivery,Social Security,5
Consumer Protection,Medical Jurisprudence,5
Nystagmus,Vestibular Disorders,5
Nystagmus,Vestibular disorders,5
Infectious Diseases,Retina,5
Bronchiectasis,Pulmonology,5
Spinal Tuberculosis,Spine,5
Spine,Tuberculosis,5
Congenital Talipes Equinovarus,Congenital talipes equinovarus,5
Fractures,Musculoskeletal Radiology,5
Arthroscopy,Knee,5
Endometriosis,Gynecologic Oncology,5
Breech Presentation,Obstetric Complications,5
Dermatology,Erythema Multiforme,5
Endocrine Pharmacology,General Anaesthetics,5
General Anaesthetics,Regional Anaesthesia,5
Chest Radiography,Chest radiography,5
Radiation Physics,Radiation physics,5
Child Psychiatry,Substance-Related Disorders,5
Child Psychiatry,Epidemiology,5
Biochemistry,Child Psychiatry,5
Child Psychiatry,Conversion Disorder,5
Embryology,Urogenital system,5
CNS Physiology,Carbohydrate Metabolism,5
Biochemistry,Urea Cycle,5
Biochemistry,Neoplasia,5
Cardiac Electrophysiology,Cardiac electrophysiology,5
Microbiology,Tuberculosis,5
Antihyperlipidemic Drugs,Antihyperlipidemic drugs,5
Antiplatelet Agents,Antiplatelet agents,5
Antineoplastic Agents,Antineoplastic agents,5
Antineoplastic Agents,Endocrine Pharmacology,5
Antineoplastic agents,Endocrine Pharmacology,5
Sexual Offences,Thanatology,5
Cholera,Microbiology,5
Bacteriology,Epidemiology,5
Immunodeficiency,Systemic Pathology,5
Epidemiology,Malaria,5
Dermatology,Epidemiology,5
Gastrointestinal,Inflammation & Healing,5
Squint & Pediatric Ophthalmology,Uveitis,5
Lower Limb,Trauma,5
Endocrine,Menstrual Disorders,5
Inflammation & Healing,X-ray,5
Neural Tube Defects,Neural tube defects,5
Neuromuscular Blocking Agents,Neuromuscular blocking agents,5
Breast & Endocrine Surgery,Interventional Radiology,5
Child Psychiatry,Organic mental disorders,5
Child Psychiatry,Eating Disorders,5
Infectious Diseases,Renal,5
Dermatology,Inflammation & Healing,5
Drug Metabolism,Endocrine Pharmacology,5
Asthma,Endocrine Pharmacology,5
Antiviral Agents,Antiviral agents,5
Antiviral Agents,Endocrine Pharmacology,5
Arsenic Poisoning,Arsenic poisoning,5
Bacteriology,General Medicine,5
CNS Physiology,Epidemiology,5
Antenatal Care,Thorax,5
Nutrition & Health,Vitamins & Nutrition,5
Obstetric Complications,Preeclampsia,5
Head & Neck,Histology,5
Gynecologic Oncology,Reproductive,4
Connective Tissue,Histology,4
Fluid And Electrolyte Balance,Fluid and Electrolyte Balance,4
CNS Physiology,Cell Signaling,4
Dna Repair,Genetics & Molecular Biology,4
Hematopathology,Iron Deficiency Anemia,4
Hematological Malignancies,Hematopathology,4
SUBJ:Microbiology,SUBJ:Forensic Medicine,4
Cranial Nerves,Head and Neck Anatomy,4
Neuro-ophthalmology,Visual Field Defects,4
Glaucoma,Ocular Pharmacology,4
Antenatal Care,Reproductive,4
Contraception,Gynecologic Oncology,4
Emergency Medicine,Fractures,4
Otology,Vestibular Disorders,4
Otology,Vestibular disorders,4
Metabolic Bone Disease,Rickets,4
SUBJ:Forensic Medicine,SUBJ:Microbiology,4
Obstetric Complications,Postpartum Hemorrhage,4
Mycology,Pulmonology,4
Connective Tissue Disorders,Connective tissue disorders,4
Public Health Programs,Vitamins & Nutrition,4
General Surgery,Vascular,4
Fractures,Lower Limb,4
Plant poisons,Toxicology,4
Age Estimation,Age estimation,4
SUBJ:Forensic Medicine,SUBJ:Radiology,4
Immunization,Vaccine Storage,4
SUBJ:ENT,SUBJ:Anaesthesia,4
Muscles,Upper Limb,4
Gastrointestinal,Neurotransmitters,4
Carbohydrate Metabolism,Energy Metabolism,4
Antiepileptic Drugs,Endocrine Pharmacology,4
Antiepileptic drugs,Endocrine Pharmacology,4
Adverse Drug Reactions,General Pharmacology,4
General Medicine,Lymphoma,4
Gynecologic Oncology,Renal,4
Bacterial Cell Wall,Microbiology,4
Environmental Health,Epidemiology,4
Gastroenterology,Viral Hepatitis,4
Infectious Diseases,Viral Hepatitis,4
Gynecologic Oncology,Pulmonology,4
Gastroenterology,Hematopathology,4
Endocrinology,Parathyroid disorders,4
Geriatrics,Neurology,4
Abdominal Anatomy,Vascular,4
Colorectal Surgery,Rectal Prolapse,4
Bariatric Surgery,Obesity,4
Cardiology,Hypertension,4
Bacterial Meningitis,Bacteriology,4
Head And Neck Oncology,Head and Neck Oncology,4
Cardiology,Pulmonary Embolism,4
Neoplasia,Sarcomas,4
Endocrine Pharmacology,Interventional Radiology,4
Amino Acid Metabolism,Inborn errors of metabolism,4
Cardiology,Fetal Circulation,4
Protein Metabolism,Vitamins & Nutrition,4
Cardiology,Lipid Metabolism,4
Lipid Metabolism,Lipoproteins,4
SUBJ:Physiology,SUBJ:Microbiology,4
Histopathology,Neoplasia,4
Immunology,Innate Immunity,4
Antianginal Drugs,Antianginal drugs,4
SUBJ:Pharmacology,SUBJ:Orthopedics,4
Adverse Drug Reactions,Antipsychotics,4
Antipsychotics,Psychopharmacology,4
Adverse drug reactions,Anticancer Drugs,4
Adverse drug reactions,Anticancer drugs,4
Autonomic,CNS Physiology,4
Infectious Diseases,Systemic Mycoses,4
Mycology,Systemic Mycoses,4
Bacteriology,Diphtheria,4
Health Indicators,Public Health,4
Epidemiology,Vector-Borne Diseases,4
Neuroanatomy,Otology,4
Neoplasia,Ocular oncology,4
Neurology,Squint & Pediatric Ophthalmology,4
Endocrine,Thyroid Neoplasms,4
Cardiology,ECG,4
Genetics & Molecular Biology,Neurocutaneous Syndromes,4
Congenital Heart Disease,Neonatology,4
PCOD,Pcod,4
Histopathology,Infectious Diseases,4
Epidemiology,Schizophrenia & Psychosis,4
Embryology,Placenta,4
Embryology,Pharyngeal Arches,4
Carbohydrate Metabolism,Krebs Cycle,4
Dna Replication,Genetics & Molecular Biology,4
Clinical Biochemistry,Enzymes,4
Immunization,Public Health,4
Immunization,Vaccination Schedule,4
Fluid And Electrolyte Management,Fluid and Electrolyte Management,4
Antenatal Care,Vitamins & Nutrition,4
Uterine Fibroids,Uterine fibroids,4
Gynecologic Oncology,Microbiology,4
History Of Anaesthesia,History of Anaesthesia,4
Esophageal Disorders,General Medicine,4
Mood Disorders,Neurotransmitters,4
Ear,Head and Neck,4
Inborn Errors Of Metabolism,Metabolic Disorders,4
Inborn Errors of Metabolism,Metabolic Disorders,4
Immunoglobulins,Immunology,4
Otitis Media,Otology,4
Audiology,Hearing Tests,4
Interventional Radiology,Pulmonology,4
Breast & Endocrine Surgery,Epidemiology,4
Cardiology,Rheumatic Fever,4
Metabolic Disorders,Neurology,4
Metastasis,Neoplasia,4
CNS Physiology,Dermatology,4
Intravenous Anaesthetics,Regional Anaesthesia,4
General Medicine,Pulmonary Embolism,4
SUBJ:Physiology,SUBJ:Psychiatry,4
Joints & Arthritis,Neuroanatomy,4
Ear Anatomy,Head and Neck Anatomy,4
Drug Metabolism,Pharmacokinetics,4
Endocrine,Endocrine Pharmacology,4
Antineoplastic Drugs,Antineoplastic drugs,4
Asphyxia,Asphyxial Deaths,4
Autopsy,Postmortem Examination,4
Demography & Family Planning,Health Indicators,4
Blindness,Epidemiology,4
Endocrine Pharmacology,Nephrology,4
Chest Radiology,Pulmonology,4
Enzymology,Genetics & Molecular Biology,4
Colorectal Cancer,Colorectal cancer,4
Breast & Endocrine Surgery,Thyroid Disorders,4
Breast & Endocrine Surgery,Thyroid Neoplasms,4
Epidemiology,Gastroenterology,4
Labor & Delivery,Obstetric Procedures,4
Neoplasia,Ovarian Neoplasms,4
Infectious Diseases,STIs,4
Neurology,Spinal Cord Syndromes,4
Electrolyte Imbalance,Renal,4
Immunopathology,Transplantation,4
Electrolyte Disorders,Nephrology,4
ECG Interpretation,Ecg Interpretation,4
Movement Disorders,Neurology,4
Cardiac Arrest Management,Endocrine Pharmacology,4
Peripheral Artery Disease,Vascular,4
Cell Signaling,Cell signaling,4
Gastrointestinal,Toxicology,4
Nephrology,Toxicology,4
Optics,Refractive Errors,4
Hand Anatomy,Upper Limb,4
Growth & Development,Neuroanatomy,4
Interventional Radiology,Neuroradiology,4
Lactation,Vitamins & Nutrition,4
Airway Management,Intubation Equipment,4
Child Psychiatry,Intellectual Disability,4
Coagulation Disorders,Systemic Pathology,4
Child Psychiatry,Cognitive Disorders,4
SUBJ:Medicine,SUBJ:Forensic Medicine,4
General Medicine,Rheumatology,4
Embryology,Renal,4
Neurology,Spinal Cord Lesions,4
Diagnostic Tests,Infectious Diseases,4
Hematopathology,Parasitology,4
Fever,Thermoregulation,4
Epidemiology,Hiv/Aids,4
Esophageal Disorders,Gastrointestinal Surgery,4
Nephrology,Vasculitis,4
Antiarrhythmic Drugs,Cardiology,4
Refractive Errors,Squint & Pediatric Ophthalmology,4
Conjunctivitis,Microbiology,4
Infectious Diseases,Trauma,4
Septic Arthritis,Septic arthritis,4
Neonatology,Neuroanatomy,4
Airway Assessment,Airway assessment,4
Dermatology,Pigmented Lesions,4
Pelvic anatomy,Reproductive,4
Dermatology,Neuroanatomy,4
Biochemistry,Endocrine,4
CNS Physiology,Endocrine,4
Antimicrobials,Bacteriology,4
Child Psychiatry,Thanatology,4
Antenatal Care,Endocrine,4
Infectious Diseases,Pneumonia,4
Trauma,Upper Limb,4
Histology,Integumentary System,4
Abdomen,Histology,4
Tetralogy Of Fallot,Tetralogy of Fallot,4
Kidney,Renal,4
Chemoreceptors,Pulmonology,4
Cardiology,Vitamins & Nutrition,4
Valvular Heart Disease,Valvular heart disease,4
SUBJ:Forensic Medicine,SUBJ:Physiology,4
Hematopathology,Virology,4
Antenatal Care,Immunization,4
Endocrine Pharmacology,Postpartum Hemorrhage,4
Child Psychiatry,Delirium,4
Epidemiological Studies,Epidemiology,4
Brain Anatomy,Neuroanatomy,4
Cardiology,Neuroanatomy,4
Drug Interactions,Psychopharmacology,4
Arboviruses,Virology,4
Immunology,Neonatology,4
Pulmonology,Trauma,4
Esophageal Disorders,Esophageal disorders,4
Fertilization,Reproductive,4
General Surgery,Trauma,4
Pulmonology,Sarcoidosis,4
Infectious Diseases,Osteomyelitis,4
Hematopathology,Hemolytic Anemia,4
Hemolytic Anemia,Hemolytic anemia,4
Innate Immunity,Innate immunity,4
Glomerular diseases,Renal,4
Diabetes Mellitus,Endocrine Pharmacology,4
Compartment Syndromes,Trauma,4
Hematopathology,Immunopathology,4
Colorectal Surgery,Gynecologic Oncology,4
Binocular vision,Strabismus,4
Thyroid Neoplasms,Thyroid neoplasms,4
Abdomen,Trauma,4
Antenatal Care,Anticoagulation,4
Nose & PNS,Rhinology,4
Neuro-ophthalmology,Visual Fields,4
Neuro-ophthalmology,Visual field defects,4
Visual Field Defects,Visual field defects,4
Maternal and Child Health,National Health Programs,4
Aortic diseases,Cardiology,4
CNS Physiology,Inflammation & Healing,4
SUBJ:Ophthalmology,SUBJ:Dermatology,4
Demographic Cycle,Maternal and Child Health,4
Demography & Family Planning,Maternal and Child Health,4
SUBJ:Dermatology,SUBJ:Community Medicine,4
Airway Management,Intubation,4
Cardiac Arrhythmias,Cardiac arrhythmias,4
Placenta Previa,Placenta previa,4
Breech Presentation,Breech presentation,4
Autopsy Techniques,Autopsy techniques,4
Parasitology,Trematodes,4
Peptic Ulcer Disease,Peptic ulcer disease,4
Hernia & Abdominal Wall,Neuroanatomy,4
Endocrine Pharmacology,Gastrointestinal,4
Immunology,Infectious Diseases,4
Dna Structure,Genetics & Molecular Biology,4
Porphyrin Metabolism,Porphyrin metabolism,4
Genetics & Molecular Biology,Reproductive,4
Embryology,Head And Neck,4
Histology,Reproductive,4
Joints & Arthritis,Upper Limb,4
Head And Neck,Head and neck,4
Colorectal Surgery,Colorectal surgery,4
Abdominal Vessels,Abdominal vessels,4
Abdominal Vessels,Gastrointestinal,4
Abdominal vessels,Gastrointestinal,4
Neuroanatomy,Orbit,4
Pulmonary Mechanics,Pulmonology,4
Cardiology,Hemodynamics,4
Neuroanatomy,Neurophysiology,4
Carbohydrate Metabolism,Genetics & Molecular Biology,4
Lipid Metabolism,Phospholipids,4
Amino Acid Metabolism,Urea Cycle,4
Cell Injury & Death,Regeneration,4
Cardiology,Epidemiology,4
Neoplasia,Pediatric Oncology,4
Pediatric Oncology,Pediatric oncology,4
Immunopathology,Infectious Diseases,4
Glomerular Diseases,Nephritic syndrome,4
Glomerular diseases,Nephritic syndrome,4
Liver Pathology,Liver pathology,4
Mechanical Asphyxia,Mechanical asphyxia,4
Bacteriology,Corynebacterium,4
Bacterial Toxins,Bacterial toxins,4
Infectious mononucleosis,Virology,4
Environmental Health,Environmental health,4
Bias,Epidemiology,4
Antimycobacterial Drugs,Antimycobacterial drugs,4
Breast & Endocrine Surgery,Maternal and Child Health,4
Breast & Endocrine Surgery,Vitamins & Nutrition,4
Optic Neuritis,Optic neuritis,4
Head Injury,Trauma,4
Chromosomal Disorders,Genetics & Molecular Biology,4
Pulmonology,Tuberculosis,4
Metabolic Disorders,Neonatology,4
Congenital Anomalies,Congenital anomalies,4
Fractures,Peripheral Nerve Injuries,4
Clubfoot,Fractures,4
Gynecologic Oncology,Menstrual Disorders,4
Sweat Gland Disorders,Sweat gland disorders,4
Atopic Dermatitis,Atopic dermatitis,4
Embryology,Squint & Pediatric Ophthalmology,4
Abdomen,Lymphoid Organs,4
Abdomen,Lymphoid organs,4
Lymphoid Organs,Lymphoid organs,4
Upper Limb,Wrist,4
Thorax,Vascular,4
Cranial Nerves,Facial Nerve,4
Cardiology,Exercise physiology,4
Oxidative Phosphorylation,Oxidative phosphorylation,4
Carbohydrate Metabolism,Citric Acid Cycle,4
Nucleotide Metabolism,Nucleotide metabolism,4
Inborn errors of metabolism,Pyrimidine Metabolism,4
Inborn errors of metabolism,Pyrimidine metabolism,4
Pyrimidine Metabolism,Pyrimidine metabolism,4
Angiogenesis,Growth & Development,4
Drug Dependence,Drug dependence,4
Endocrine Pharmacology,Glucocorticoids,4
Lipid Metabolism,Protein Metabolism,4
Cancer Chemotherapy,Cancer chemotherapy,4
Anticancer drugs,Endocrine Pharmacology,4
Inquest,Thanatology,4
Bacteriology,Microbial Pathogenesis,4
Bacteriology,Microbial pathogenesis,4
Microbial Pathogenesis,Microbial pathogenesis,4
Helminthology,Nematodes,4
Rabies,Virology,4
Acute phase response,Inflammation & Healing,4
Health planning,International Health,4
Health planning,International health,4
International Health,International health,4
Poisons,Toxicology,4
Hearing Tests,Hearing tests,4
Hearing loss,Hearing tests,4
Otitis Externa,Otitis externa,4
Ear,Otitis Media,4
Meniere Disease,Otology,4
Paranasal Sinuses,Paranasal sinuses,4
Infectious Diseases,Throat & Larynx,4
Growth & Development,Squint & Pediatric Ophthalmology,4
Aqueous humor,Ocular physiology,4
Cycloplegia,Optics And Refraction,4
Cycloplegia,Optics and Refraction,4
Inflammation & Healing,Scleritis,4
Glaucoma,Ocular pharmacology,4
Neuro-ophthalmology,Pupillary reflexes,4
Abdomen,Appendicitis,4
Postoperative Complications,Postoperative complications,4
Autism Spectrum Disorder,Autism spectrum disorder,4
Congenital Heart Disease,Down Syndrome,4
Environment & Occupational Health,Neonatology,4
Wilson Disease,Wilson disease,4
Prenatal Diagnosis,Prenatal diagnosis,4
CNS Physiology,Neurology,4
General Surgery,Nerve Injury,4
Fractures,Legg-Calvé-Perthes Disease,4
Fractures,Legg-Calvé-Perthes disease,4
Legg-Calvé-Perthes Disease,Legg-Calvé-Perthes disease,4
Growth & Development,Interventional Radiology,4
Congenital Talipes Equinovarus,Neonatology,4
Congenital talipes equinovarus,Fractures,4
Congenital talipes equinovarus,Neonatology,4
Metabolic Bone Disease,Systemic Pathology,4
Fractures,Patellofemoral Disorders,4
Dermatologic Signs,Dermatology,4
Acne,Dermatology,4
Cornea & Refractive,Lens & Cataract,4
Dermatology,Erythema multiforme,4
Erythema Multiforme,Erythema multiforme,4
Microbiology,Neisseria,4
Inflammation & Healing,Virology,4
Regional Anaesthesia,Upper Limb,4
Interventional Radiology,Radiation Dose,4
Child Psychiatry,Substance-related disorders,4
Mania,Mood Disorders,4
Child Psychiatry,Delusions,4
Endocrine Pharmacology,Epidemiology,4
Child Psychiatry,Electroconvulsive Therapy,4
Neuroanatomy,Reproductive,4
Abdominal Anatomy,Abdominal anatomy,4
Gastrointestinal,Thorax,4
Endocrine,Vitamins & Nutrition,4
Biochemistry,Lens & Cataract,4
Free Radicals And Antioxidants,Free Radicals and Antioxidants,4
Biochemistry,Inflammation & Healing,4
Systemic Pathology,Vascular,4
Endocrine Pharmacology,Pediatric Dosing,4
Endocrine Pharmacology,Pediatric dosing,4
Neonatology,Pediatric Dosing,4
Neonatology,Pediatric dosing,4
Pediatric Dosing,Pediatric dosing,4
Endocrine Pharmacology,Multiple Sclerosis,4
Antipsychotics,Endocrine Pharmacology,4
Endocrine Pharmacology,Neuropharmacology,4
Antitubercular drugs,Endocrine Pharmacology,4
Antimicrobial therapy,Infectious Diseases,4
General Medicine,Tuberculosis,4
General Medicine,Gout,4
Antiplatelet Agents,Endocrine Pharmacology,4
Antithyroid Drugs,Antithyroid drugs,4
Endocrine Pharmacology,Thanatology,4
Dermatology,Impetigo,4
Contraception,IUD,4
Epidemiology,Squint & Pediatric Ophthalmology,4
Ear,Neuroanatomy,4
Keratitis,Microbiology,4
Biochemistry,Metabolic disorders,4
Epidemiology,Neurology,4
Fractures,Head & Neck,4
Psoriatic Arthritis,Psoriatic arthritis,4
Hand And Wrist,Hand and Wrist,4
CNS Physiology,Reproductive,4
Epidemiology,Obstetric Complications,4
Neoplasia,Obstetric Complications,4
Dermatology,Dermatomyositis,4
Dermatology,Nail disorders,4
Lichen Planus,Lichen planus,4
Dermatology,Miliaria,4
Dermatology,Psoriasis,4
Endocrine Pharmacology,Neuromuscular blocking agents,4
Airway Management,Laryngeal Mask Airway,4
Antidepressants,Endocrine Pharmacology,4
Femoral Nerve,Femoral nerve,4
Femoral Nerve,Lower Limb,4
Femoral nerve,Lower Limb,4
Cranial nerves,Facial Nerve,4
Cranial nerves,Facial nerve,4
Abdomen,Cardiology,4
Peripheral Nervous System,Peripheral nervous system,4
CNS Physiology,Lipid Metabolism,4
Lysosomal Storage Disorders,Systemic Pathology,4
General Medicine,Inflammatory Bowel Disease,4
Antiviral Agents,Microbiology,4
Antiviral agents,Endocrine Pharmacology,4
Antiviral agents,Microbiology,4
Lower Limb,Upper Limb,4
Immunopathology,Thorax,4
Inflammation & Healing,Vitamins & Nutrition,4
CNS Physiology,Growth & Development,4
Inflammation & Healing,Neuroanatomy,4
Environment & Occupational Health,Head And Neck,4
Cranial nerves,Trigeminal nerve,4
Genetic Disorders,Systemic Pathology,4
Biochemistry,Obstetric Complications,4
Enzymology,Renal,4
Inflammation & Healing,Retina,4
Gastroenterology,Inflammation & Healing,4
Endocrine,Histology,4
Inflammation & Healing,Mycology,4
Antenatal Care,Inflammation & Healing,4
Abdomen,Abdominal Anatomy,3
Endocrine,Genetics & Molecular Biology,3
General Surgery,Regional Anaesthesia,3
General Surgery,Neonatology,3
Neurology,Neurosurgery,3
General Surgery,Urology,3
Adverse Drug Reactions,Endocrine Pharmacology,3
Critical Care,Sepsis,3
Cell Physiology,Membrane Transport,3
Body Fluids,Fluid Compartments,3
DNA Repair,Dna Repair,3
DNA Repair,Genetics & Molecular Biology,3
Carbohydrate Metabolism,Glucose Homeostasis,3
Amino Acid Metabolism,Metabolic Disorders,3
Post-Mortem Changes,Thanatology,3
Biomedical Waste Management,Infectious Diseases,3
Neuro-ophthalmology,Visual Pathway,3
Ocular Oncology,Squint & Pediatric Ophthalmology,3
Retinoblastoma,Squint & Pediatric Ophthalmology,3
SUBJ:Ophthalmology,SUBJ:Orthopedics,3
Autonomic,Ocular Pharmacology,3
Adverse Drug Reactions,Neurology,3
Emergency Medicine,Pulmonology,3
Gastrointestinal Surgery,Gynecologic Oncology,3
Obstetric Complications,Obstetric Terminology,3
Obstetric Complications,Terminology,3
Obstetric Terminology,Terminology,3
Antenatal Care,Gestational Age,3
Postpartum Hemorrhage,Postpartum Hemorrhage Management,3
Gynecologic Oncology,Infectious Diseases,3
Cardiology,Vasculitis,3
Glomerular Diseases,Nephrology,3
Fractures,Spondyloarthropathies,3
General Medicine,Spondyloarthropathies,3
Vitamin Deficiencies,Vitamins & Nutrition,3
Neuroanatomy,Spinal Cord,3
Interventional Radiology,Uroradiology,3
Child Psychiatry,Psychotherapy,3
Hematopathology,Leukemias,3
Amino Acid Metabolism,Inherited Metabolic Disorders,3
Laryngeal Muscles,Laryngeal muscles,3
PCPNDT Act,Pcpndt Act,3
Urological Procedures,Urology,3
Biochemistry,Inborn Errors Of Metabolism,3
Biochemistry,Inborn Errors of Metabolism,3
Inborn Errors of Metabolism,Lysosomal Storage Disorders,3
Genitourinary Pathology,Neoplasia,3
Breast & Endocrine Surgery,Surgical oncology,3
Gynecologic Oncology,Surgical Oncology,3
General Surgery,Gynecologic Oncology,3
General Medicine,Trauma,3
Drugs For Gout,Drugs for Gout,3
Antiarrhythmic Drugs,Endocrine Pharmacology,3
Movement Disorders,Psychopharmacology,3
Episiotomy,Obstetric Complications,3
Cranial Nerves,Neurology,3
Environment & Occupational Health,Neoplasia,3
Gastroenterology,Malabsorption,3
Rigor Mortis,Thanatology,3
Age estimation,Thanatology,3
Esophagus,Gastrointestinal,3
Biochemistry,Oxidative Phosphorylation,3
Antiemetics,Gastrointestinal,3
Antiulcer Drugs,Antiulcer drugs,3
Antiulcer drugs,Endocrine Pharmacology,3
Antihypertensive Drugs,Endocrine Pharmacology,3
Antihypertensive drugs,Endocrine Pharmacology,3
Immunomodulators,Immunopharmacology,3
Endocrine Pharmacology,Immunosuppressants,3
Anticoagulants,Hematopathology,3
Genetic Disorders,Hematopathology,3
Cardiology,Endocarditis,3
Genetic Disorders,Neonatology,3
General Surgery,Thanatology,3
Epidemiology,Maternal and Child Health,3
National Health Programs,Public Health Programs,3
Biostatistics,Inferential Statistics,3
Cardiology,Heart Sounds,3
Acute Kidney Injury,Nephrology,3
Hepatology,Wilson Disease,3
Autoimmune Disorders,Hematopathology,3
Endocrinology,Parathyroid Disorders,3
Parathyroid Disorders,Parathyroid disorders,3
Electrolyte Imbalance,Hyponatremia,3
Dementia,Neurology,3
Gastrointestinal Surgery,Neoplasia,3
Aortic Aneurysm,Vascular,3
Nephrology,Urology,3
Epilepsy,Neurology,3
Cervical Cancer,Gynecologic Oncology,3
Antimicrobial Agents,Antimicrobial Drugs,3
Fetal Anomalies,Obstetric Complications,3
Neuro-ophthalmology,Pupillary Reflexes,3
Dermatology,Papulosquamous,3
Interventional Radiology,Physics,3
Interventional Radiology,Radiation Safety,3
Peripheral Nervous System,Upper Limb,3
SUBJ:Dermatology,SUBJ:Anatomy,3
Coenzymes,Vitamins & Nutrition,3
Gene Expression,Genetics & Molecular Biology,3
Vitamin K Metabolism,Vitamins & Nutrition,3
Cellular Immunity,Immunology,3
Cardiology,Heart failure,3
Disease Transmission,Infectious Diseases,3
Infectious Diseases,Parvovirus B19,3
Parvovirus B19,Virology,3
Bacterial Meningitis,Infectious Diseases,3
Endophthalmitis,Infectious Diseases,3
Infectious Diseases,Leptospirosis,3
Heavy Metal Poisoning,Heavy metal poisoning,3
Air Pollution,Environmental Health,3
Bioterrorism,Bioterrorism Agents,3
Bioterrorism,Public Health,3
Bioterrorism Agents,Public Health,3
Environmental Health,Hospital Waste Management,3
Vector-Borne Diseases,Vector-borne Diseases,3
Endocrine Pharmacology,Environment & Occupational Health,3
Ocular oncology,Paediatric ophthalmology,3
Endocrine,Thyroid Pathology,3
Cardiology,Ischemic Heart Disease,3
Neurodegenerative disorders,Neurology,3
CNS Physiology,Endocrinology,3
Diabetes Insipidus,Endocrinology,3
Gastroenterology,Pancreatic Diseases,3
Labor & Delivery,Shoulder Dystocia,3
Antidepressants,Child Psychiatry,3
Mood Disorders,Psychopharmacology,3
Lymphatic System,Upper Limb,3
Hematopathology,Renal,3
Pain Management,Regional Anaesthesia,3
Abdominal Anatomy,Abdominal Vasculature,3
Enzyme Kinetics,Enzymology,3
Carbohydrate Metabolism,Genetic Disorders,3
Genetic Disorders,Lipid Metabolism,3
Carbohydrate Metabolism,Fasting Metabolism,3
Dermatology,Neoplasia,3
Glomerulonephritis,Nephrology,3
Neurology,Peripheral Neuropathy,3
Endocrine,Gastroenterology,3
Dermatology,Genodermatoses,3
Gynecologic Oncology,Uterine Fibroids,3
Genital Tuberculosis,Genital tuberculosis,3
Endocrine Pharmacology,Neuromuscular Blockers,3
Lower Limb,Lymphatic System,3
Hypothalamus,Neurophysiology,3
Cerebral Circulation,Neurophysiology,3
Cold Chain,Vaccine Storage,3
CNS Physiology,Environment & Occupational Health,3
Infectious Diseases,Otology,3
Environment & Occupational Health,Head & Neck,3
Neuroanatomy,Visual Pathway,3
Myasthenia Gravis,Neurology,3
Gastrointestinal Surgery,Intestinal Obstruction,3
Epidemiology,Gynecologic Oncology,3
Neonatal Care,Neonatology,3
Fractures,Perthes Disease,3
Hip Disorders,Perthes Disease,3
SUBJ:Dermatology,SUBJ:Physiology,3
Leprosy,Microbiology,3
Interventional Radiology,Pulmonary Embolism,3
Menstrual Cycle,Reproductive,3
Carbohydrate Metabolism,Glycogen Metabolism,3
Amino Acids,Protein Structure,3
Chromosomal abnormalities,Genetic disorders,3
Systemic Vasculitis,Vasculitis,3
Drug interactions,Endocrine Pharmacology,3
Vaccination,Virology,3
Epidemiology,HIV,3
Disease Surveillance,Epidemiology,3
Audiology,Hearing Loss,3
HIV,HIV/AIDS,3
HIV,Hiv/Aids,3
Growth & Development,Gynecologic Oncology,3
Occupational Lung Diseases,Pulmonology,3
Biochemistry,Nephrology,3
Cardiology,General Surgery,3
Fractures,Osteoporosis,3
Embryology,Head and Neck Anatomy,3
Brainstem Syndromes,Vascular,3
Cardiology,Shock,3
Renal,Urine Formation,3
Biogenic Amines,Neurotransmitters,3
Biochemistry,Cell Biology,3
Hematopathology,Platelet disorders,3
Genetics & Molecular Biology,Inherited Disorders,3
History Of Microbiology,History of Microbiology,3
Hematopathology,Microbiology,3
Neurology,Rheumatology,3
Peptic Ulcer Disease,Systemic Pathology,3
Cardiac Arrest,Cardiac Arrest Management,3
Nephrology,Systemic Vasculitis,3
Rheumatology,Systemic Vasculitis,3
Child Psychiatry,Growth & Development,3
Antifungal Drugs,Endocrine Pharmacology,3
Corticosteroids,Endocrine Pharmacology,3
CNS Physiology,Cell signaling,3
Metal Poisoning,Metal poisoning,3
Metal poisoning,Toxicology,3
Metal Poisoning,Nephrology,3
Environment & Occupational Health,Public Health Legislation,3
Biostatistics,Measures Of Disease Frequency,3
Biostatistics,Measures of Disease Frequency,3
Epidemiology,Measures Of Disease Frequency,3
Epidemiology,Measures of Disease Frequency,3
Measures Of Disease Frequency,Measures of Disease Frequency,3
Demography & Family Planning,Population Dynamics,3
Biostatistics,Demography & Family Planning,3
Paranasal Sinuses,Radiographic Views,3
Clinical Anatomy,Peripheral Nerves,3
Conjunctivitis,Infectious Diseases,3
Astigmatism,Refractive Errors,3
Inflammation & Healing,Surgical Materials,3
Inflammation & Healing,Suture Materials,3
Surgical Materials,Suture Materials,3
Gynecologic Oncology,Pancreatic Cancer,3
Head Injury Assessment,Trauma,3
Endocrine,Gynecologic Oncology,3
Infections of Bone & Joint,Infectious Diseases,3
Obstetric Complications,Shoulder Dystocia,3
SUBJ:OBG,SUBJ:Dermatology,3
Contraindications,Gynaecological Procedures,3
Contraception,Sterilization & Hospital Infection,3
Postpartum Complications,Postpartum complications,3
Menopause,Menopause Management,3
Esophageal Imaging,Gastrointestinal,3
Interventional Radiology,Uterine Anomalies,3
Esophageal Imaging,Interventional Radiology,3
Interventional Radiology,Neurology,3
Intraoperative Complications,Oculocardiac Reflex,3
Gynecologic Oncology,Neuroanatomy,3
Mediastinal Compartments,Mediastinum,3
Mediastinal Compartments,Thorax,3
Endocrinology,Graves Disease,3
Graves Disease,Thyroid Disorders,3
Alzheimer'S Disease,Alzheimer's Disease,3
Coagulation disorders,Hematopathology,3
Hematopathology,Lymphomas,3
Embryology,Gynecologic Oncology,3
Embryology,Neoplasia,3
Cardiogenic Shock,Cardiology,3
Gastrointestinal Surgery,General Surgery,3
Musculoskeletal System,Neuroanatomy,3
Spinal Cord Lesions,Spinal Cord Syndromes,3
Gas Exchange,Ventilation Perfusion Matching,3
Pulmonology,Ventilation Perfusion Matching,3
Amino Acid Metabolism,Renal,3
Amino Acids,Protein Metabolism,3
Hematopathology,Platelet Disorders,3
Hepatology,Neurology,3
Clinical Biochemistry,Enzymology,3
Identification,Parasitology,3
Gastrointestinal,Peptic Ulcer Disease,3
SUBJ:Pediatrics,SUBJ:Psychiatry,3
Anaerobic Bacteria,Bacteriology,3
National Health Programs,Tuberculosis,3
Environment & Occupational Health,Paranasal Sinus Imaging,3
Airway Management,Environment & Occupational Health,3
Inflammatory Bowel Disease,Systemic Pathology,3
Hand and Wrist,Neuroanatomy,3
Embryology,Obstetric Complications,3
Growth & Development,Obstetric Complications,3
Neuromuscular Blockers,Neuromuscular Pharmacology,3
Interventional Radiology,Thoracic Imaging,3
Genetic Syndromes,Genetics & Molecular Biology,3
Coagulation Disorders,Coagulation disorders,3
Neoplasia,Vascular,3
Genetics & Molecular Biology,Microbiology,3
Biochemistry,Purine Metabolism,3
Cardiac Arrest Management,Cardiology,3
Child Psychiatry,Neurocognitive Disorders,3
Platelet Disorders,Platelet disorders,3
Genetic Disorders,Neurology,3
Endocrine Pharmacology,Laxatives,3
Food Poisoning,Food poisoning,3
Immunization,Preventive Medicine,3
Conjunctivitis,Squint & Pediatric Ophthalmology,3
Infectious Diseases,Septic Arthritis,3
Parasitology,Systemic Pathology,3
Cystic Fibrosis,Pulmonology,3
Genetic Disorders,Pulmonology,3
Congenital Heart Disease,Tetralogy Of Fallot,3
Congenital Heart Disease,Tetralogy of Fallot,3
Neurophysiology,Pulmonology,3
Gastrointestinal,Inflammatory Bowel Disease,3
Autonomic,Neuromuscular Junction,3
Diuretics,Osmotic Diuretics,3
Antimicrobial Susceptibility Testing,Bacteriology,3
Carbohydrates,Vitamins & Nutrition,3
Refractive Errors,Strabismus,3
Antenatal Care,Eclampsia,3
Contraception,Reproductive,3
Juvenile Idiopathic Arthritis,Rheumatology,3
Rhinology,Sinusitis,3
Environment & Occupational Health,Laryngology,3
Cytokines,Inflammation & Healing,3
Neisseria Gonorrhoeae,Neisseria gonorrhoeae,3
Epidemiology,Public Health Programs,3
Biostatistics,Vitamins & Nutrition,3
Epidemiology,Pulmonology,3
Gastroenterology,Jaundice,3
Hyperthyroidism,Thyroid Disorders,3
Infectious Diseases,Meningitis,3
Breast & Endocrine Surgery,Reconstructive Surgery,3
Perineal Tears,Trauma,3
Uterine Anomalies,Uterine anomalies,3
General Medicine,Parasitology,3
Environment & Occupational Health,Trauma,3
Infertility,Interventional Radiology,3
Dermatology,Genetic Skin Disorders,3
Atrial Fibrillation,Cardiology,3
Antenatal Care,Placenta,3
Breast & Endocrine Surgery,Systemic Pathology,3
Genetics & Molecular Biology,Renal,3
Gynecologic Oncology,Pelvic Anatomy,3
Emergency Medicine,Endocrinology,3
Epithelium,Histology,3
General Anaesthesia,Neuromuscular blockers,3
Glycosaminoglycans,Lysosomal storage disorders,3
Vitamin C,Vitamins & Nutrition,3
Communicable diseases,Epidemiology,3
SUBJ:ENT,SUBJ:Orthopedics,3
Episiotomy Repair,Labor & Delivery,3
Fractures,Hip disorders,3
Apoptosis,Cell Death,3
Neoplasia,Neurology,3
Genetics & Molecular Biology,Immunodeficiency,3
Infant Feeding,Vitamins & Nutrition,3
Cardiology,Microcirculation,3
Maternal and Child Health,Vitamins & Nutrition,3
HIV,Hiv,3
HIV,Tuberculosis,3
Head and Neck,Neoplasia,3
Audiology,Hearing Loss Diagnosis,3
Electrolyte disorders,Neurology,3
Compartment Syndromes,Compartment syndromes,3
Compartment syndromes,Trauma,3
Neoplasia,Reproductive,3
Lysosomal Storage Disorders,Lysosomal storage disorders,3
Aphasia,Neuroanatomy,3
Electron Transport Chain,Electron transport chain,3
Sexual Assault,Sexual assault,3
Hearing loss,Otology,3
Head and neck anatomy,Pharynx,3
Herpesviridae,Infectious Diseases,3
ADHD,Child Psychiatry,3
Electrolyte disorders,Nephrology,3
Inflammation & Healing,Plastic Surgery,3
Perineal Tears,Perineal tears,3
Spine,Trauma,3
Fractures,Knee disorders,3
Autonomic,Head and Neck,3
Heme Synthesis,Heme synthesis,3
Carbohydrate Metabolism,Galactose Metabolism,3
Fungal morphology,Mycology,3
Mycology,Systemic Pathology,3
Clinical Pharmacology,Opioid Dependence,3
Clinical Trials,Opioid Dependence,3
Medicolegal Autopsy,Thanatology,3
Antidotes,Toxicology,3
Epidemiology,Maternal Mortality Ratio,3
Health Education,Public Health Programs,3
Communicable Diseases,Infectious Diseases,3
Biostatistics,Study Designs,3
Craniovertebral Junction,Craniovertebral junction,3
Craniovertebral junction,Neuroanatomy,3
Adverse drug reactions,Neurology,3
Airway Management,Pediatric Anaesthesia,3
Mechanical Ventilation,Pulmonology,3
Cardiac Arrhythmias,ECG interpretation,3
Cardiac arrhythmias,ECG interpretation,3
Neuroanatomy,Pelvic Anatomy,3
Neuroanatomy,Pelvis & Perineum,3
Purine Metabolism,Purine metabolism,3
Breech presentation,Labor & Delivery,3
Semen Detection,Thanatology,3
Autopsy,Autopsy Techniques,3
Autopsy,Autopsy techniques,3
Autopsy Techniques,Postmortem Examination,3
Autopsy techniques,Postmortem Examination,3
Infectious Diseases,Serology,3
Nephrology,Neurology,3
Pancreatic Disorders,Pancreatic disorders,3
Abdominal Wall Anatomy,Hernia & Abdominal Wall,3
Genitourinary tuberculosis,Infectious Diseases,3
Head and Neck,Head and Neck Anatomy,3
General Medicine,Gynecologic Oncology,3
Amenorrhea,Gynecologic Oncology,3
Birth Injuries,Neonatology,3
General Medicine,Metabolic Disorders,3
Visual Pathway,Visual pathway,3
Antenatal Care,Endocrinology,3
Acid-Base Disorders,Acid-base disorders,3
Endocrine,Gastrointestinal,3
Emergency Medicine,Toxicology,3
SUBJ:Physiology,SUBJ:ENT,3
Breast & Endocrine Surgery,Embryology,3
Autonomic,Head And Neck,3
Esophagus,Thorax,3
Autonomic,Thorax,3
Lymphatic system,Thorax,3
Abdomen,Vascular,3
Neuroanatomy,Urinary Bladder,3
Neuroanatomy,Urinary bladder,3
Spleen,Surface Anatomy,3
Spleen,Surface anatomy,3
Head and Neck,Lymphatic Drainage,3
Arteries,Head and neck,3
Arteries,Subclavian Artery,3
Arteries,Subclavian artery,3
Head and neck,Subclavian Artery,3
Head and neck,Subclavian artery,3
Subclavian Artery,Subclavian artery,3
Cerebellum,Neurophysiology,3
Gastrointestinal,Vitamins & Nutrition,3
Cell physiology,Membrane transport,3
Lipid Metabolism,Lipoprotein Disorders,3
Amino acid metabolism,Sulfur Metabolism,3
Amino acid metabolism,Sulfur metabolism,3
Sulfur Metabolism,Sulfur metabolism,3
Trace Elements,Trace elements,3
Clinical Biochemistry,Clinical biochemistry,3
DNA Structure,Dna Structure,3
Cell adhesion,Inflammation & Healing,3
Glomerular diseases,Infectious Diseases,3
Hepatobiliary surgery,Neoplasia,3
Endocrine Pharmacology,Insulin therapy,3
Estrogens,Reproductive,3
Plant Poisons,Plant poisons,3
Food adulteration,Toxicology,3
Bacteriology,Cholera,3
Bacterial morphology,Bacteriology,3
Bacteriology,Neisseria,3
Parasitology,Protozoa,3
Immunology,Parasitology,3
Health Education,Health education,3
Epidemiology,Vector Borne Diseases,3
Epidemiology,Vector control,3
Antimalarial Drugs,Chemoprophylaxis,3
Antimalarial drugs,Chemoprophylaxis,3
Obesity,Vitamins & Nutrition,3
Demography & Family Planning,Mortality Indicators,3
Environmental Health,Sanitation,3
Epidemiology,Genetics & Molecular Biology,3
Health Care Delivery,Primary health care,3
Maternal And Child Health,National Health Programs,3
National Health Programs,Vitamins & Nutrition,3
Ophthalmic Optics,Ophthalmic optics,3
Neuro-ophthalmology,Optic nerve disorders,3
Fractures,Orbit,3
Cardiology,Electrolyte disorders,3
Cerebral cortex,Neuroanatomy,3
Neonatology,Vascular,3
Neuroblastoma,Pediatric Oncology,3
Dentition,Growth & Development,3
Fractures,Shoulder,3
Endometriosis,Infertility,3
Antenatal Care,Obstetric examination,3
Fetal Surveillance,Fetal surveillance,3
Inhalational Anesthetics,Inhalational anesthetics,3
Epiphyses,Osteology,3
Axilla,Lymphatic system,3
Arterial Anastomoses,Arterial anastomoses,3
Arterial Anastomoses,Upper Limb,3
Arterial anastomoses,Upper Limb,3
Abdomen,Hepatobiliary system,3
Reproductive,Scrotum,3
Inguinal Region,Inguinal region,3
Inguinal Region,Reproductive,3
Inguinal region,Reproductive,3
Cerebral Arteries,Neuroanatomy,3
Cranial Venous Sinuses,Neuroanatomy,3
Cranial venous sinuses,Neuroanatomy,3
Cerebrospinal Fluid,Cerebrospinal fluid,3
Enteric nervous system,Gastrointestinal,3
Cell signaling,Endocrinology,3
Endocrinology,Hematopathology,3
Amino acid metabolism,Vitamins & Nutrition,3
Bioenergetics,Oxidative phosphorylation,3
Carbohydrate Metabolism,Citric acid cycle,3
Citric Acid Cycle,Citric acid cycle,3
Nucleic Acids,Nucleic acids,3
Cell Biology,Protein Synthesis,3
Dietary fiber,Vitamins & Nutrition,3
Cell Injury & Death,Liver Pathology,3
Cell Injury & Death,Histopathology,3
Epidemiology,Noncommunicable Diseases,3
Cardiology,Myocardial infarction,3
Gastrointestinal,Vascular,3
Colorectal cancer,Hereditary polyposis syndromes,3
Fatty Liver,Fatty liver,3
Fatty Liver,Liver pathology,3
Fatty liver,Liver pathology,3
Genodermatoses,Neurofibromatosis,3
SUBJ:Dermatology,SUBJ:Orthopedics,3
Transfusion Medicine,Transfusion medicine,3
Antidepressant Drugs,Antidepressant drugs,3
Intravenous fluids,Plasma Expanders,3
Intravenous fluids,Plasma expanders,3
Plasma Expanders,Plasma expanders,3
Medical Jurisprudence,Professional Ethics,3
Medical Legislation,Medical legislation,3
Medical Legislation,Medical qualifications,3
Medical legislation,Medical qualifications,3
Medical jurisprudence,Thanatology,3
Dactylography,Identification,3
Autopsy,Thanatology,3
Bruises,Trauma,3
SUBJ:Forensic Medicine,SUBJ:ENT,3
Gastrointestinal,Trauma,3
Asphyxial Deaths,Choking,3
Asphyxial deaths,Choking,3
Hematopathology,Thanatology,3
Antimicrobial resistance,Bacteriology,3
Intestinal Protozoa,Intestinal protozoa,3
Helminth Morphology,Helminth morphology,3
Helminth Morphology,Helminthology,3
Helminth Morphology,Parasitology,3
Helminth morphology,Helminthology,3
Helminth morphology,Parasitology,3
SUBJ:Anatomy,SUBJ:Microbiology,3
Mortality Indicators,Mortality indicators,3
Immunization,Immunology,3
Fluid And Electrolytes,Fluid and Electrolytes,3
Epidemiology,Vector Control,3
Vector Control,Vector control,3
Disease surveillance,Syndromic Surveillance,3
Disease surveillance,Syndromic surveillance,3
Syndromic Surveillance,Syndromic surveillance,3
Maternal Mortality,Maternal health,3
Maternal Mortality,Maternal mortality,3
Maternal health,Maternal mortality,3
Nystagmus,Vestibular System,3
Vestibular System,Vestibular system,3
Ataxia,Vestibular Disorders,3
Ataxia,Vestibular disorders,3
Ataxia,Vestibular system,3
Audiology,Hearing loss,3
Hearing Tests,Hearing loss,3
Occupational Deafness,Occupational deafness,3
CSF Leak,Ear,3
CSF Leak,Otology,3
CSF rhinorrhea,Rhinology,3
SUBJ:ENT,SUBJ:Biochemistry,3
Infectious Diseases,Tonsillitis,3
Head and Neck,Infectious Diseases,3
Oropharynx,Tonsillectomy,3
Tonsil Disorders,Tonsil disorders,3
Perioperative assessment,Tonsillectomy,3
Phonosurgery,Throat & Larynx,3
Nasal surgery,Septoplasty,3
Aqueous humor,Ocular Physiology,3
Ocular Physiology,Ocular physiology,3
Lacrimal Apparatus,Nasolacrimal obstruction,3
Lacrimal apparatus,Nasolacrimal obstruction,3
SUBJ:Ophthalmology,SUBJ:Anaesthesia,3
Oculoplasty,Ptosis,3
Ocular Surface Disease,Ocular surface disease,3
Plasma Cell Neoplasms,Plasma cell neoplasms,3
Electrolyte Disorders,Electrolyte disorders,3
Gastroenterology,Inflammatory bowel disease,3
Trauma,Vascular,3
Antimicrobials,Pulmonology,3
Prenatal Screening,Prenatal screening,3
Elbow Dislocation,Elbow dislocation,3
Elbow Dislocation,Obstetric Complications,3
Elbow dislocation,Obstetric Complications,3
Bone Pathology,Bone pathology,3
Bone Pathology,Systemic Pathology,3
Fractures,General Surgery,3
Nerve Injury,Neuroanatomy,3
Coxa Vara,Fractures,3
Coxa Vara,Hip Disorders,3
Hip Disorders,Interventional Radiology,3
SUBJ:Orthopedics,SUBJ:Dermatology,3
Metabolic bone disease,Rickets,3
Joints & Arthritis,Systemic Pathology,3
Fractures,Patellofemoral disorders,3
Interventional Radiology,Patellofemoral Disorders,3
Interventional Radiology,Patellofemoral disorders,3
Patellofemoral Disorders,Patellofemoral disorders,3
Fractures,Musculoskeletal radiology,3
Interventional Radiology,Musculoskeletal radiology,3
Arthroscopy,Joints & Arthritis,3
Obstetric Complications,Ultrasound,3
Antenatal Care,Uterus,3
Uterine Rupture,Uterine rupture,3
Obstetric Complications,Uterine Rupture,3
SUBJ:Physiology,SUBJ:Dermatology,3
Dermatology,Vesiculobullous Diseases,3
Dermatology,Vesiculobullous diseases,3
Vesiculobullous Diseases,Vesiculobullous diseases,3
Antifungal Therapy,Antifungal therapy,3
Dermatology,Pigmented lesions,3
Pigmented Lesions,Pigmented lesions,3
Dermatology,Porphyrias,3
Neonatology,Regional Anaesthesia,3
Chest Radiography,Interventional Radiology,3
Chest Radiography,Sarcoidosis,3
Chest radiography,Sarcoidosis,3
Interventional Radiology,Radiation physics,3
Child Psychiatry,Gender Dysphoria,3
Delusions,Schizophrenia & Psychosis,3
Child Psychiatry,Neuroanatomy,3
Mental Status Examination,Psychopathology,3
Endocrine Pharmacology,Schizophrenia & Psychosis,3
Delusional Disorders,Psychiatric syndromes,3
Delusional disorders,Psychiatric syndromes,3
Autonomic,Neurology,3
Conversion Disorder,General Medicine,3
Conversion Disorder,Seizure disorders,3
Conversion disorder,Seizure disorders,3
Somatization Disorder,Somatization disorder,3
Child Psychiatry,Impulse Control Disorders,3
Child Psychiatry,Trichotillomania,3
Child Psychiatry,Sleep disorders,3
Neonatology,Nocturnal Enuresis,3
Clavicle,Upper Limb,3
Neck muscles,Sternocleidomastoid,3
Head and Neck,Muscle anatomy,3
Thyroid Gland,Thyroid gland,3
Embryology,Notochord,3
Hematopathology,Hemodynamics,3
Gastric Secretions,Gastric secretions,3
Biochemistry,Cell Membrane Transport,3
Biochemistry,Electron Transport Chain,3
Biochemistry,Squint & Pediatric Ophthalmology,3
Abdomen,Protein Metabolism,3
Chromosomal Abnormalities,Neonatology,3
Immunopathology,Systemic Pathology,3
Pharmacokinetics,Protein Binding,3
Anticholinesterase Agents,Anticholinesterase agents,3
Beta Blockers,Endocrine Pharmacology,3
Beta blockers,Endocrine Pharmacology,3
General Medicine,Multiple Sclerosis,3
Parkinson'S Disease,Parkinson's disease,3
Antihelminthic Drugs,Antihelminthic drugs,3
Antifungal Agents,Endocrine Pharmacology,3
Antifungal agents,Endocrine Pharmacology,3
Antimalarial Drugs,Endocrine Pharmacology,3
Antimalarial drugs,Endocrine Pharmacology,3
Antiplatelet agents,Endocrine Pharmacology,3
Endocrine Pharmacology,General Surgery,3
Iron Preparations,Iron preparations,3
Antithyroid Drugs,Endocrine Pharmacology,3
Antithyroid drugs,Endocrine Pharmacology,3
Oral Hypoglycemics,Oral hypoglycemics,3
Biologic Agents,Biologic agents,3
Anticancer Drugs,Endocrine Pharmacology,3
Death Certificate,Thanatology,3
Dental Eruption,Dental eruption,3
Neuroanatomy,Thanatology,3
Drowning,Systemic Pathology,3
Biochemistry,Thanatology,3
Antimicrobial Therapy,Infectious Diseases,3
Bacteriology,Biochemistry,3
Gastroenterology,Microbiology,3
Environment & Occupational Health,Virology,3
Microbiology,Sterilization & Hospital Infection,3
Endocrine Pharmacology,Tuberculosis,3
Epidemiology,Gastrointestinal,3
Epidemiology,Viral Hepatitis,3
Microbiology,Viral Hepatitis,3
Typhoid,Vaccines,3
Drug Interactions,Endocrine Pharmacology,3
Gastrointestinal,Immunopathology,3
Breast & Endocrine Surgery,Health Promotion,3
Health Promotion,Maternal and Child Health,3
Breast & Endocrine Surgery,Postnatal care,3
Epidemiology,Iodine Deficiency Disorders,3
Vitamin A Deficiency,Vitamin A deficiency,3
Maternal And Child Health,Public Health,3
Maternal and Child Health,Public Health,3
Eustachian Tube,Eustachian tube,3
Cholesteatoma,Environment & Occupational Health,3
Environment & Occupational Health,Rhinitis,3
Cornea & Refractive,Refraction,3
Vitreous Hemorrhage,Vitreous hemorrhage,3
CNS Physiology,Squint & Pediatric Ophthalmology,3
Takayasu arteritis,Vasculitis,3
Systemic Pathology,Tuberculosis,3
Tourette Syndrome,Tourette syndrome,3
Neoplasia,Neuroanatomy,3
General Medicine,Klebsiella,3
Klebsiella,Microbiology,3
Neurology,Systemic Pathology,3
HIV,Virology,3
Anemia,Megaloblastic anemia,3
Biochemistry,Hemolytic anemia,3
Genetics & Molecular Biology,Thalassemia,3
Chromosomal Abnormalities,Down syndrome,3
Chromosomal abnormalities,Down syndrome,3
Neonatology,Pediatric Oncology,3
Endocrinology,Head & Neck,3
Burns & Plastic,Fluid Resuscitation,3
Endocrine Pharmacology,Iv Fluids,3
Fractures,Peripheral nerve injuries,3
Dislocations,Fractures,3
Cruciate ligament,Knee,3
Cruciate ligament,Knee Injuries,3
Cruciate ligament,Knee injuries,3
Ankle Injuries,Ankle injuries,3
Rheumatology,Systemic Pathology,3
Amniotic Fluid,Amniotic fluid,3
Amniotic Fluid,Obstetric Complications,3
Amniotic fluid,Obstetric Complications,3
Antenatal Care,Hematopathology,3
Obstetric Complications,Placenta,3
Obstetric Complications,Vasa Previa,3
Selective Estrogen Receptor Modulators,Selective estrogen receptor modulators,3
Contraception,Obstetric Complications,3
Gestational Trophoblastic Disease,Obstetric Complications,3
Antifungal Agents,Dermatology,3
Antifungal agents,Dermatology,3
Pityriasis Rubra Pilaris,Pityriasis rubra pilaris,3
Epidermolysis Bullosa,Genetic Skin Disorders,3
Dermatology,Genetics & Molecular Biology,3
Neuromuscular blocking agents,Regional Anaesthesia,3
Pulmonology,Toxicology,3
Interventional Radiology,Paranasal Sinus,3
Hematopathology,Thorax,3
General Medicine,Organic Mental Disorders,3
Antipsychotics,Child Psychiatry,3
Child Psychiatry,Perceptual Disorders,3
Child Psychiatry,Perceptual disorders,3
Perceptual Disorders,Perceptual disorders,3
Opioid Withdrawal,Opioid withdrawal,3
Extrapyramidal Side Effects,Extrapyramidal side effects,3
Hand,Neuroanatomy,3
Aortic Arch,Aortic arch,3
Abdomen,Duodenum,3
Growth & Development,Pancreas,3
Spermatic Cord,Spermatic cord,3
Head And Neck,Lymphatic System,3
Environment & Occupational Health,Facial nerve palsy,3
Facial nerve palsy,Neuroanatomy,3
Mechanoreceptors,Neurophysiology,3
Mechanoreceptors,Sensory receptors,3
Neurophysiology,Sensory receptors,3
Parasomnia,Sleep disorders,3
Sexual Dysfunction,Sexual dysfunction,3
Control Of Breathing,Control of Breathing,3
Cardiology,Histology,3
Cardiac Cycle,Cardiac cycle,3
Biochemistry,Renal,3
Biochemistry,Porphyrin Metabolism,3
Glycosaminoglycans,Proteoglycans,3
Systemic Pathology,Vasculitis,3
Abdomen,Gastroenterology,3
Drug metabolism,Endocrine Pharmacology,3
Antifungal drugs,Endocrine Pharmacology,3
Antimigraine Drugs,Triptans,3
Antimigraine drugs,Triptans,3
Embryology,Lower Limb,3
IPC,Injuries & Trauma,3
Paraphilias,Sexual Offences,3
Neoplasia,Vitamins & Nutrition,3
Antenatal Care,Contraception,3
Diphtheria,Microbiology,3
Enterococci,Microbiology,3
Lymphatic System,Neuroanatomy,3
Epidemiology,Maternal Mortality,3
Epidemiology,ICDS,3
ICDS,National Health Programs,3
Sleep Hygiene,Sleep hygiene,3
Environment & Occupational Health,Otitis Externa,3
Ear,Otosclerosis,3
Environment & Occupational Health,Laryngeal Anatomy,3
Refractive errors,Strabismus,3
Squint & Pediatric Ophthalmology,Trauma,3
Cardiology,Neoplasia,3
General Medicine,Vitamins & Nutrition,3
Antihyperlipidemic drugs,Lipid Metabolism,3
Biliary Tract Neoplasms,Neoplasia,3
Gastric Carcinoma,Molecular pathology,3
Gastric carcinoma,Molecular pathology,3
Inflammation & Healing,Pancreatitis,3
Breast & Endocrine Surgery,Head & Neck,3
Thyroid Disorders,Thyroid disorders,3
GERD,Gerd,3
Pulmonology,Tachypnea,3
Genetic Skin Disorders,Genetic skin disorders,3
Congenital Talipes Equinovarus,Ponseti Method,3
Dislocations,Upper Limb,3
Obstetric Complications,Placenta Previa,3
Cervical Incompetence,Gynecologic Oncology,3
Cervical Incompetence,Obstetric Complications,3
Antenatal Care,Genetics & Molecular Biology,3
Dermatology,Epidermis,3
Dermatology,Phototherapy,3
Antimicrobial Therapy,Endocrine Pharmacology,3
Antimicrobial therapy,Endocrine Pharmacology,3
Dermatology,Lichen planus,3
SUBJ:Radiology,SUBJ:Biochemistry,3
Neuroimaging,Systemic Pathology,3
Endocrine Pharmacology,Mood Stabilizers,3
Embryology,Venous system,3
Peripheral nerve injury,Radial Nerve,3
Peripheral nerve injury,Radial nerve,3
Peripheral nerve injury,Upper Limb,3
Radial Nerve,Radial nerve,3
Radial nerve,Upper Limb,3
Shoulder,Upper Limb,3
Anatomical Planes,Anatomical planes,3
Abdominal Regions,Abdominal regions,3
Abdomen,Lymphatic system,3
Pelvic Fascia,Pelvic fascia,3
Pelvic Fascia,Rectum,3
Pelvic fascia,Rectum,3
Head And Neck Lymphatics,Head and Neck,3
Head And Neck Lymphatics,Head and Neck Lymphatics,3
Head And Neck Lymphatics,Lymphatic System,3
Head and Neck,Head and Neck Lymphatics,3
Head and Neck Lymphatics,Lymphatic System,3
Facial nerve,Head and Neck,3
Cranial Nerves,Trigeminal nerve,3
Anterior Cerebral Artery,Anterior cerebral artery,3
Anterior Cerebral Artery,Cerebral circulation,3
Anterior Cerebral Artery,Neuroanatomy,3
Anterior cerebral artery,Cerebral circulation,3
Anterior cerebral artery,Neuroanatomy,3
Biochemistry,Protein Biochemistry,3
Inflammation & Healing,Vascular,3
Dermatology,Dermatopathology,3
Dermatopathology,Systemic Pathology,3
Dermatology,Neurofibromatosis,3
Cardiology,Squint & Pediatric Ophthalmology,3
IPC sections,Ipc Sections,3
IPC sections,Thanatology,3
Ipc Sections,Thanatology,3
Meningitis,Microbiology,3
E. Coli,E. coli,3
E. Coli,Microbiology,3
E. coli,Microbiology,3
Neonatology,Virology,3
General Medicine,Virology,3
Immunization,Vaccine schedule,3
Microbiology,Vector-Borne Diseases,3
Bio-Medical Waste Management,Waste Disposal,3
Environment & Occupational Health,Laryngeal Neoplasms,3
Refractive errors,Squint & Pediatric Ophthalmology,3
Amblyopia,Lens & Cataract,3
Amblyopia,Squint & Pediatric Ophthalmology,3
Head & Neck,Orbit,3
Pancreatic Carcinoma,Pancreatic carcinoma,3
Pancreatitis,Systemic Pathology,3
Pulmonology,Vital Signs,3
Chromosomal Disorders,Turner syndrome,3
Chromosomal disorders,Turner syndrome,3
Gynecologic Oncology,Vulvar carcinoma,3
Fetal Monitoring,Obstetric Complications,3
Dermatomyositis,Rheumatology,3
Dermatological Signs,Dermatology,3
Dermatological Signs,General Medicine,3
Dermatology,Parasitology,3
Alcohol Use Disorder,Substance Use,3
Head & Neck,Lower Limb,3
Enzymology,Hematopathology,3
Histology,Pulmonology,3
Abdomen,CT & MRI,3
Nerve Muscle,Neuroanatomy,3
Antigout drugs,Endocrine Pharmacology,3
Abdomen,Infectious Diseases,3
Neoplasia,Virology,3
Menstrual Disorders,Ultrasound,3
Reproduction,Reproductive,3
Infertility,Ultrasound,3
Abdomen,Antenatal Care,3
Menstrual Disorders,Neoplasia,3
Bacteriology,Inflammation & Healing,3
Inflammation & Healing,Rheumatology,3
Child Health,Legislation,3
Constitution,Health Legislation,3
Breast & Endocrine Surgery,Environment & Occupational Health,3
Health Planning,Squint & Pediatric Ophthalmology,3
Breast & Endocrine Surgery,Uterine anomalies,3
Helminthology,Infectious Diseases,2
Connective Tissue,Neuroanatomy,2
Neonatology,Pediatric Surgery,2
Adverse Drug Reactions,Pulmonology,2
CNS Physiology,Fluid And Electrolyte Balance,2
CNS Physiology,Fluid and Electrolyte Balance,2
Pressure Ulcers,Wound Care,2
Health Administration,Health Care Delivery,2
SUBJ:Dermatology,SUBJ:Ophthalmology,2
Cardiology,Renin-Angiotensin System,2
Cardiology,Heart Murmurs,2
Chemotherapy & Anticancer,Gynecologic Oncology,2
Autopsy Techniques,Thanatology,2
Fetal Circulation,Neuroanatomy,2
CNS Physiology,Cranial Nerves,2
SUBJ:Physiology,SUBJ:Surgery,2
Cell Signaling,Endocrine Pharmacology,2
Acid-Base Balance,Electrolyte Imbalance,2
Connective Tissue,Connective Tissue Biochemistry,2
Gynecologic Oncology,Hematological Malignancies,2
Cardiology,Immunology,2
Gynecologic Oncology,Molecular Pathology,2
Biologics,Immunopharmacology,2
Antiepileptics,CNS Pharmacology,2
Plant Poisoning,Toxicology,2
Post-Mortem Changes,Post-mortem Changes,2
Medical Jurisprudence,Paternity,2
Bacteriology,Serology,2
Bacteriology,Nose & PNS,2
Child Health,Epidemiology,2
Child Health,Vitamins & Nutrition,2
Environment & Occupational Health,Environmental Health,2
Intracranial Complications,Otology,2
Histology,Oral Cavity,2
Intraocular Foreign Body,Trauma,2
Cornea & Refractive,Ocular Surface Diseases,2
Adverse Drug Reactions,Neuropharmacology,2
Endocrinology,General Surgery,2
General Surgery,Renal,2
Electrolyte Imbalance,Fluid Balance,2
Electrolyte Imbalance,Sodium Disorders,2
Fluid Balance,Sodium Disorders,2
Hypertension,Hypertension Management,2
Gastrointestinal Surgery,Urology,2
Congenital anomalies,Uterine Anomalies,2
Gestational Trophoblastic Disease,Gynecologic Oncology,2
Gestational Trophoblastic Disease,Neoplasia,2
Fetal Presentation And Position,Fetal Presentation and Position,2
SUBJ:Surgery,SUBJ:Forensic Medicine,2
Congenital Anomalies,Gynecologic Oncology,2
Gynecologic Oncology,Pelvic Organ Prolapse,2
Embryology,Fetal Circulation,2
Immunization,Infectious Diseases,2
Microbiology,Varicella-Zoster Virus,2
Obstetric Complications,Varicella-Zoster Virus,2
Musculoskeletal Radiology,Neoplasia,2
Urology,Uroradiology,2
Neonatology,Paediatric Emergencies,2
Thyroid Carcinoma,Thyroid carcinoma,2
DNA repair,Genetics & Molecular Biology,2
Glaucoma,Visual fields,2
Ocular Motility,Strabismus,2
Copper Metabolism,Inherited Metabolic Disorders,2
Renal,Urolithiasis,2
CNS stimulants,Cns Stimulants,2
Membrane Potentials,Neurophysiology,2
Cochlear Implants,Otology,2
Ear Anatomy,Ear anatomy,2
Paranasal Sinus Imaging,Paranasal sinus imaging,2
Oral Lesions,Oral lesions,2
Abdominal Radiology,Abdominal radiology,2
Hearing Loss,Otology,2
Substance Abuse,Toxicology,2
SUBJ:OBG,SUBJ:Forensic Medicine,2
Identification,Toxicology,2
Medical Jurisprudence,Sexual Offences,2
Hematopathology,Labor & Delivery,2
Medical Entomology,Parasitology,2
Head and Neck Pathology,Systemic Pathology,2
Gastrointestinal,Microbiology,2
Systemic Pathology,Trauma,2
Antimicrobial Drugs,Endocrine Pharmacology,2
Gynecological Pathology,Neoplasia,2
Histology,Urinary System,2
Connective Tissue Disorders,Rheumatology,2
Connective tissue disorders,Rheumatology,2
Asphyxial Deaths,Injuries & Trauma,2
Asphyxial Deaths,Thanatology,2
Drugs For Gout,Endocrine Pharmacology,2
Drugs For Gout,General Medicine,2
Drugs for Gout,Endocrine Pharmacology,2
Drugs for Gout,General Medicine,2
General Surgery,Surgical Instruments,2
Antiarrhythmic Drugs,General Medicine,2
General Medicine,Thanatology,2
General Medicine,Toxicology,2
Head and Neck Anatomy,Throat & Larynx,2
Bacteriology,Diagnostic Microbiology,2
Immunopathology,Pulmonology,2
Pulmonology,Virology,2
Environmental Health,Water Sanitation,2
Esophageal Disorders,Esophageal Motility Disorders,2
Lymphedema,Vascular,2
Environment & Occupational Health,Gynecologic Oncology,2
Neonatology,Neoplasia,2
Anticoagulants,Venous thromboembolism,2
Nephrology,Urolithiasis,2
Cesarean Section,Labor & Delivery,2
Fractures,Knee Injuries,2
Rigor Mortis,Rigor mortis,2
Embryology,Hernia & Abdominal Wall,2
Infectious Diseases,Syphilis,2
Esophagus,Foreign bodies,2
Hematopathology,Lymphoid Neoplasms,2
Acute Leukemia,Hematopathology,2
Medical Ethics,Medical Jurisprudence,2
Fascia,Pelvic Anatomy,2
Lower Limb,Nerves,2
Joints & Arthritis,Muscles,2
Muscle Anatomy,Upper Limb,2
Arteries,Cardiology,2
Cerebrospinal Fluid,Neurology,2
SUBJ:Biochemistry,SUBJ:OBG,2
Bronchodilators,Endocrine Pharmacology,2
Antiulcer Drugs,Endocrine Pharmacology,2
Antiulcer Drugs,General Medicine,2
Antiulcer drugs,General Medicine,2
Antihypertensive Drugs,Obstetric Complications,2
Antihypertensive drugs,Obstetric Complications,2
CNS Pharmacology,General Pharmacology,2
Antimicrobial Agents,Antimicrobials,2
Chemotherapy & Anticancer,Oncology Drugs,2
Endocrine Pharmacology,Immunology,2
Endocrinology,Systemic Pathology,2
Genetic Counseling,Genetics & Molecular Biology,2
Vibrio Cholerae,Vibrio cholerae,2
Varicella zoster virus,Virology,2
SUBJ:Microbiology,SUBJ:Anatomy,2
Mycology,Virology,2
Environment & Occupational Health,Microbiology,2
Biostatistics,Health Indicators,2
Infectious Diseases,National Health Programs,2
Infectious Diseases,Public Health Programs,2
National Health Programs,Screening,2
Biostatistics,Descriptive Statistics,2
Biostatistics,Diagnostic Test Evaluation,2
Anemias,Hematopathology,2
Acid-Base Disorders,Pulmonology,2
Cardiology,Pulmonary Hypertension,2
Arrhythmias,Cardiac Arrhythmias,2
Functional Bowel Disorders,Gastroenterology,2
Lung Cancer,Pulmonology,2
Gastrointestinal,Hematopathology,2
Hepatology,Metabolic Disorders,2
Metabolic Disorders,Wilson Disease,2
Carbohydrate Metabolism,Purine Metabolism,2
Carbohydrate Metabolism,Rheumatology,2
Purine Metabolism,Rheumatology,2
Critical Care,Neurology,2
Autoimmune Disorders,Autoimmune disorders,2
Autoimmune Disorders,Immunology,2
Autoimmune disorders,Hematopathology,2
Autoimmune disorders,Immunology,2
Endocrinology,Genetic disorders,2
Endocrinology,Hypoglycemia,2
Dementia,Geriatrics,2
Encephalitis,Infectious Diseases,2
Critical Care,Trauma,2
Urological Surgery,Urology,2
Renal,Vascular,2
Pediatric Surgery,Urology,2
Undescended Testis,Urology,2
Child Health,Public Health,2
Neonatology,Paediatric Surgery,2
Neurology,Virology,2
Bacteriology,Meningitis,2
Gynecologic Oncology,HPV,2
Gestational Trophoblastic Disease,Hydatidiform Mole,2
Endocrinology,Polycystic Ovarian Syndrome,2
Antenatal Care,Liver Disorders,2
Fetal Anomalies,Neonatology,2
Antimicrobial Resistance,Infectious Diseases,2
Arthroplasty,Joints & Arthritis,2
Congenital Anomalies,Spinal Deformities,2
Scoliosis,Spinal Deformities,2
Gynecologic Oncology,Metabolic Disorders,2
Metabolic Disorders,Neoplasia,2
Dermatology,Obstetric Complications,2
Epidemiology,Radiation Physics,2
Abdominal Imaging,General Medicine,2
Contrast Media,Endocrine Pharmacology,2
Contrast Media,Interventional Radiology,2
Child And Adolescent Psychiatry,Child and Adolescent Psychiatry,2
Abdomen,Liver Anatomy,2
Head and Neck,Skull Foramina,2
Neuroanatomy,Skull Foramina,2
Lower Limb,Musculoskeletal Anatomy,2
Histology,Joints & Arthritis,2
Musculoskeletal Anatomy,Neuroanatomy,2
Energy Metabolism,Energy metabolism,2
Absorption,Gastrointestinal,2
Limbic System,Neuroanatomy,2
Cell Biology,Immunology,2
Immunology,Phagocytosis,2
Genetics & Molecular Biology,Immunology,2
Biotechnology,Immunology,2
Protein Metabolism,Urea Cycle,2
Biotechnology,Genetics & Molecular Biology,2
Cellular Physiology,Immunology,2
Humoral Immunity,Immunology,2
Hematopathology,Hemostasis,2
Growth & Development,Hematopathology,2
Antihypertensives,Cardiology,2
Bacteriology,Plague,2
Epidemiology,Vector-borne Diseases,2
Bacteriology,Gram positive cocci,2
Bacterial Meningitis,Bacterial meningitis,2
Bacterial meningitis,Bacteriology,2
Bacterial meningitis,Infectious Diseases,2
Infectious Diseases,Post-operative complications,2
Leptospirosis,Nose & PNS,2
SUBJ:Forensic Medicine,SUBJ:Orthopedics,2
Biostatistics,Regression Analysis,2
Entomology,Vector Control,2
Biomedical Waste Management,Hospital Waste Management,2
Health Indicators,Maternal Health,2
Research Methodology,Sampling Methods,2
Biostatistics,Data Analysis,2
Food Hygiene,Public Health,2
Fatty Acids,Lipid Metabolism,2
Infectious Diseases,Vector-borne Diseases,2
Environment & Occupational Health,Pharyngology,2
Pupil Disorders,Pupil disorders,2
Macular Disorders,Retina,2
Macular degeneration,Retina,2
Macular disorders,Retina,2
Neuro-ophthalmology,Ocular Motility Disorders,2
Neuro-ophthalmology,Ocular motility disorders,2
Neoplasia,Paediatric ophthalmology,2
Headache Disorders,Headache disorders,2
Headache Disorders,Neurology,2
Headache disorders,Neurology,2
Antimicrobial Drugs,Microbiology,2
Antimicrobial drugs,Antimicrobials,2
Bacteriology,Environment & Occupational Health,2
SUBJ:Microbiology,SUBJ:Radiology,2
Endocrinology,Neonatal Seizures,2
Neonatal Seizures,Neonatology,2
Neuromuscular Disorders,Neuromuscular disorders,2
Lung Mechanics,Pulmonology,2
Neurodegenerative Disorders,Neurodegenerative disorders,2
Neurodegenerative Disorders,Neurology,2
Molecular Pathology,Molecular pathology,2
Neurology,Pain Syndromes,2
Emergency Surgery,Trauma,2
Biliary System Diseases,Gallstones,2
Abdominal Emergencies,Shock,2
Neurocutaneous Syndromes,Neurology,2
HIV,Perinatal HIV,2
HIV,Perinatal Hiv,2
Perinatal HIV,Perinatal Hiv,2
Antenatal Care,Neural tube defects,2
Antenatal Care,Fetal anomalies,2
Bacteriology,Syphilis,2
Opioids,Regional Anaesthesia,2
SUBJ:Radiology,SUBJ:Forensic Medicine,2
Chest Radiography,X-ray,2
Child Psychiatry,Psychopharmacology,2
Psychopharmacology,Substance Abuse,2
Joints & Arthritis,Knee,2
Head & Neck,Pharyngeal Arches,2
Muscle Physiology,Smooth Muscle,2
Cardiology,Venous Thromboembolism,2
Vascular,Venous Thromboembolism,2
Hematopathology,Nephrology,2
Abdominal Vasculature,Vascular,2
Body Fluids,Neurophysiology,2
Electrophysiology,Neurophysiology,2
Membrane Transport,Renal,2
Carbohydrate Metabolism,Cell Biology,2
Lipid Metabolism,Peroxisomal Disorders,2
Nucleic Acids,Nucleotides,2
Genetics & Molecular Biology,Neurofibromatosis,2
Aortic Diseases,Cardiology,2
Hematopathology,Multiple Myeloma,2
Infectious Diseases,Neuropathology,2
Geriatrics,Polypharmacy,2
Antimicrobial Drugs,Mechanism of Action,2
Anticancer Drugs,Chemotherapy & Anticancer,2
Embolism,Thanatology,2
B Cell Activation,Immunology,2
Gastrointestinal,Infectious Diseases,2
Levels Of Prevention,Levels of Prevention,2
Levels Of Prevention,Public Health,2
Levels of Prevention,Prevention,2
Levels of Prevention,Public Health,2
Demography & Family Planning,Health Statistics,2
Epidemiology,Infant Mortality,2
Epidemiology,Toxicology,2
Macular Degeneration,Retina,2
Cranial Nerve Palsies,Neuro-ophthalmology,2
Extraocular Muscles,Ocular Anatomy,2
Extraocular Muscles,Squint & Pediatric Ophthalmology,2
Asthma Management,Pulmonology,2
Antimicrobials,Gastroenterology,2
Diarrhea,Gastroenterology,2
Dermatology,Gynecologic Oncology,2
Venous Disorders,Venous disorders,2
Pediatric Surgery,Pediatric surgery,2
Endocrinology,Neoplasia,2
Fluid & Electrolyte Balance,Gastroenterology,2
Neoplasia,Neuro-oncology,2
Gastroenterology,Vitamins & Nutrition,2
Cardiology,Fetal Physiology,2
Fetal Circulation,Fetal Physiology,2
Fractures,Obstetric Complications,2
SUBJ:Microbiology,SUBJ:Orthopedics,2
Compartment Syndrome,Vascular,2
Systemic Pathology,Uterine Fibroids,2
Obstetric Complications,Pelvimetry,2
Abnormal Uterine Bleeding,Gynecologic Oncology,2
Abnormal uterine bleeding,Gynecologic Oncology,2
Nevi,Pigmentary Disorders,2
Systemic Vasculitis,Systemic vasculitis,2
SUBJ:Biochemistry,SUBJ:Psychiatry,2
Ankle,Lower Limb,2
Cardiac Output,Cardiology,2
Cerebral Circulation,Hematopathology,2
Cellular Physiology,Muscle Physiology,2
Apolipoproteins,Lipid Metabolism,2
Endocrinology,Steroid Metabolism,2
Carbohydrate Metabolism,Starvation Metabolism,2
Protein Folding,Protein Structure,2
Cardiology,Infectious Diseases,2
Drug Elimination,Pharmacokinetics,2
Adverse Drug Reactions,Pharmacovigilance,2
Calcium Channel Blockers,Cardiology,2
Anticancer drugs,Chemotherapy & Anticancer,2
Criminal Law,Medical Jurisprudence,2
Asphyxia,Thanatology,2
Gastroenterology,Parasitology,2
Cold Chain,Immunization,2
IMNCI,Pulmonology,2
Demography & Family Planning,Infertility,2
Head & Neck,Vascular,2
Neuroimaging,Vascular,2
Epistaxis,Rhinology,2
Infectious Diseases,Pharyngology,2
Eye Anatomy,Neuroanatomy,2
Refraction,Refractive Errors,2
Endocrinology,Pituitary Gland,2
Copd,Pulmonology,2
Interstitial Lung Disease,Interventional Radiology,2
Neurology,Subarachnoid Hemorrhage,2
Endocrinology,Hypercalcemia,2
Gastrointestinal,Gynecologic Oncology,2
Abdominal Anatomy,Surgical Anatomy,2
Rheumatic Fever,Rheumatology,2
Neonatology,Nephrology,2
Bronchiolitis,Pulmonology,2
Acne Vulgaris,Dermatology,2
Dermatology,Pigmented Purpuric Dermatoses,2
Physics,Ultrasound,2
Cardiac Imaging,Cardiology,2
Cardiac Imaging,Interventional Radiology,2
Child Psychiatry,Psychoanalysis,2
Neuroanatomy,Regional Anatomy,2
Endocrine,Pituitary Hormones,2
Enzymes,Enzymology,2
Chromosomal Abnormalities,Genetic disorders,2
Pharmacokinetics,Pharmacokinetics Principles,2
Pharmacokinetics,Pharmacokinetics principles,2
Pharmacokinetics Principles,Pharmacokinetics principles,2
Cardiology,Drug Interactions,2
Cardiovascular Drugs,Drug Interactions,2
Neonatal Care,Neonatal care,2
Neonatal care,Neonatology,2
Contraception,Contraceptive Methods,2
Contraceptive Methods,Demography & Family Planning,2
Antineoplastic Drugs,Chemotherapy & Anticancer,2
Infectious Diseases,Infective Endocarditis,2
DNA viruses,Virology,2
Hepatitis B,Vaccination,2
Infectious Diseases,Sterilization & Hospital Infection,2
Epidemiology,Levels Of Prevention,2
National Health Programs,Tuberculosis Control,2
Epidemiology,Measles,2
Microbiology,Otitis Media,2
Ectopia Lentis,Lens & Cataract,2
Gait disorders,Neurology,2
Aphasia,Neurology,2
Environment & Occupational Health,Salivary Gland Disorders,2
Environment & Occupational Health,Salivary gland disorders,2
Salivary Gland Disorders,Salivary gland disorders,2
Cardiology,Peripheral Artery Disease,2
Gastroenterology,General Surgery,2
Liver Transplantation,Liver transplantation,2
Head and Neck Cancer,Surgical Oncology,2
Fetal Physiology,Growth & Development,2
Amniotic Fluid,Growth & Development,2
Episiotomy,Labor & Delivery,2
Antenatal Care,Oligohydramnios,2
Fetal Presentation,Labor & Delivery,2
Infertility,PCOS,2
Gas Laws,Pulmonology,2
SUBJ:Psychiatry,SUBJ:OBG,2
Delusional Disorders,Psychotic Disorders,2
Biostatistics,Normal Distribution,2
Histology,Musculoskeletal System,2
Diaphragm,Thoracic Anatomy,2
Histology,Oral Anatomy,2
Gastrointestinal,Mineral Metabolism,2
Inborn Errors of Metabolism,Purine Metabolism,2
Amino Acid Metabolism Disorders,Biochemistry,2
Biochemistry,Protein Structure,2
Pulmonology,Transfusion Medicine,2
Transfusion Medicine,Transfusion Reactions,2
Clinical Biochemistry,Ldh Isoenzymes,2
Enzymes,Ldh Isoenzymes,2
Endocrinology,Prolactinoma,2
Pituitary Disorders,Prolactinoma,2
Microbiology,Urology,2
Food Poisoning,Microbiology,2
Food Poisoning,Toxicology,2
History,History of Microbiology,2
History Of Microbiology,Microbiology,2
History of Microbiology,Microbiology,2
Electrolyte Disorders,Renal,2
Cardiology,Ecg Interpretation,2
Cardiology,Electrolyte Disorders,2
Cardiology,Electrophysiology,2
Esophageal Surgery,Gastrointestinal Surgery,2
Cardiac Arrest,Endocrine Pharmacology,2
Antiviral Drugs,Endocrine Pharmacology,2
Antiviral Drugs,Microbiology,2
CNS Physiology,Pharmacokinetics,2
Antimicrobial Resistance,Microbiology,2
Antimicrobial resistance,Microbiology,2
Adverse Drug Reactions,Gastrointestinal,2
Adverse Drug Reactions,Laxatives,2
Gastrointestinal,Laxatives,2
Antibiotic Resistance,Mycoplasma,2
Burns & Plastic,Fluid Management,2
Legal Definitions,Medical Jurisprudence,2
Metal poisoning,Nephrology,2
Antimicrobials,Chemoprophylaxis,2
Environmental Health,Food Hygiene,2
Airway Management,Surgical Procedures,2
Presbyopia,Refractive Errors,2
Clinical Signs,Squint & Pediatric Ophthalmology,2
Astigmatism,Optics,2
Breast & Endocrine Surgery,Prognosis,2
Pancreatic Diseases,Pancreatitis,2
Inflammation & Healing,Scarring,2
Fascia,Surgical Anatomy,2
Gastroenterology,Pancreatic Cancer,2
Gastrointestinal,Neonatal Gi Disorders,2
Neonatal Gi Disorders,Neonatology,2
Aneurysm,Vascular,2
Bone Pathology,Fractures,2
Wrist Dislocations,Wrist Injuries,2
Prioritization,Trauma,2
Antenatal Care,Peripartum Cardiomyopathy,2
Vulvar Disorders,Vulvar Pathology,2
Antenatal Care,Pre-eclampsia,2
Contraindications,Gynaecological procedures,2
Gynaecological Procedures,Gynaecological procedures,2
Growth & Development,Umbilical cord,2
Placenta,Umbilical cord,2
Postpartum Complications,Postpartum haemorrhage,2
Postpartum complications,Postpartum haemorrhage,2
Antenatal Care,Prenatal Screening,2
Fetal Lung Maturity,Labor & Delivery,2
Abnormal Uterine Bleeding,Uterine Pathology,2
Hormone Therapy,Menopause,2
Hormone Therapy,Menopause Management,2
Pigmentary Disorders,Skin Lesions,2
Contrast Media,Gastrointestinal,2
Radiation Physics,Radiotherapy,2
Endocrine,Skeletal Radiology,2
Skeletal Radiology,Skull Imaging,2
Esophageal Imaging,Gastroenterology,2
Gynecologic Oncology,Uterine Imaging,2
Fractures,X-ray,2
Child Psychiatry,Habit Disorders,2
Diabetic Neuropathy,Endocrinology,2
Diabetic Neuropathy,Neurology,2
Cranial Nerve Nuclei,Cranial Nerves,2
Ligaments,Musculoskeletal Anatomy,2
Coagulation Disorders,Genetics & Molecular Biology,2
Antiretroviral Drugs,Endocrine Pharmacology,2
Image Interpretation,Interventional Radiology,2
Carbohydrate Metabolism,Enzyme Kinetics,2
Alzheimer'S Disease,Neurology,2
Alzheimer's Disease,Neurology,2
Coagulation,Vitamin K Metabolism,2
Gynecologic Oncology,Radiation Oncology,2
Immunization,Public Health Programs,2
Critical Care,Organ Donation,2
Gastrointestinal,Histopathology,2
Histopathology,Systemic Pathology,2
Hematopathology,Sickle Cell Disease Complications,2
Introduction To Pathology,Introduction to Pathology,2
Emergency Medicine,Neonatal Resuscitation,2
Gastrointestinal Surgery,Neonatology,2
Cardiac Arrest Management,Emergency Medicine,2
Histology,Oral Cavity Anatomy,2
Neurology,Stroke Syndromes,2
Cranial Nerves,Pharynx,2
Cell Biology,Genetics & Molecular Biology,2
Amino Acid Metabolism,Neurotransmitters,2
Carbohydrate Metabolism,Catecholamine Metabolism,2
Catecholamine Metabolism,Clinical Biochemistry,2
Amino Acid Chemistry,Protein Metabolism,2
Carbohydrate Metabolism,Serotonin Metabolism,2
Clinical Biochemistry,Serotonin Metabolism,2
Diagnostic Tests,Parasitology,2
Squint & Pediatric Ophthalmology,Virology,2
Bacteriology,Toxicology,2
Hematopathology,Identification,2
Fever,Inflammation & Healing,2
Allergic Bronchopulmonary Aspergillosis,Pulmonology,2
Cardiology,Electrolyte Imbalance,2
ECG Interpretation,Electrolyte Imbalance,2
Ecg Interpretation,Electrolyte Imbalance,2
Arrhythmias,Cardiac Devices,2
ADHD,Growth & Development,2
Movement Disorders,Rheumatic Fever,2
Antipsychotics,Neuropharmacology,2
Antiplatelet Drugs,Cardiology,2
Metal Poisoning,Nephrotoxicity,2
Nephrotoxicity,Toxicology,2
Putrefaction,Thanatology,2
Growth & Development,Osteology,2
Growth & Development,Skull Anatomy,2
Osteology,Skull Anatomy,2
Biostatistics,Validity Of Screening Tests,2
Biostatistics,Validity of Screening Tests,2
Epidemiology,Validity Of Screening Tests,2
Epidemiology,Validity of Screening Tests,2
Validity Of Screening Tests,Validity of Screening Tests,2
Infectious Diseases,Water Purification,2
Interventional Radiology,Paranasal Sinus Imaging,2
Clinical Signs,General Medicine,2
General Medicine,Neuroanatomy,2
Breast & Endocrine Surgery,Prognostic Factors,2
Gastroenterology,Paediatric Surgery,2
Head Injury Assessment,Neurology,2
Fractures,Septic Arthritis,2
Emergency Medicine,Obstetric Complications,2
Growth & Development,Systemic Pathology,2
Antenatal Care,CNS Physiology,2
Obstetric Anaesthesia,Regional Anaesthesia,2
Antenatal Care,Fetal Lung Maturity,2
Antenatal Care,Fetal lung maturity,2
Fetal Lung Maturity,Fetal lung maturity,2
Pelvic Organ Prolapse,Pelvic organ prolapse,2
Breathing Circuits,Breathing circuits,2
Neonatal Skin Conditions,Neonatology,2
Dermatology,Paediatric Dermatology,2
Neonatology,Paediatric Dermatology,2
Interventional Radiology,Radiation Oncology,2
Cardiology,Thoracic Imaging,2
Anxiety & OCD,Trauma,2
Dream Analysis,Psychodynamic Theories,2
Growth & Development,Terminology,2
Genetic Disorders,Growth & Development,2
Brainstem Nuclei,Cranial Nerves,2
Genetic Syndromes,Genetic syndromes,2
Genetic syndromes,Genetics & Molecular Biology,2
Interventional Radiology,Urogenital Imaging,2
Urogenital Imaging,Urology,2
Aldosterone Regulation,Endocrine,2
Aldosterone Regulation,Renal,2
Bleeding Disorders,Hematopathology,2
Gout,Toxicology,2
Organ Donation,Organ donation,2
Fluid and Electrolyte Management,Neonatology,2
Diaphragm,Thorax,2
Immunology,Neurology,2
Cardiac Cycle,Jugular Venous Pulse,2
Amino Acid Metabolism,Neonatology,2
Neonatology,Purine Metabolism,2
Carbohydrate Metabolism,Neonatology,2
Infectious Diseases,Viral Exanthems,2
Transfusion Reactions,Transfusion reactions,2
Antiarrhythmic drugs,Cardiology,2
Gastroenterology,Laxatives,2
Obstetric Complications,Thanatology,2
Bacteriology,Diagnostic Tests,2
Immunopathology,Transplant Rejection,2
Transplant Rejection,Transplantation,2
Hepatitis Viruses,Virology,2
Parasitology,Toxoplasmosis,2
Bacteriology,Food poisoning,2
Epidemiology,Measures Of Association,2
Epidemiology,Measures of Association,2
Measures Of Association,Measures of Association,2
Interventional Radiology,Paranasal Sinuses,2
Extraocular Muscles,Neuroanatomy,2
Fever,Prostaglandins,2
Prostaglandins,Thermoregulation,2
Cardiology,Cardiomyopathy,2
Cardiomyopathies,Cardiomyopathy,2
Electrolyte Disorders,Electrolyte Imbalance,2
Inflammation & Healing,Skin Lesions,2
Growth & Development,Karyotype,2
Chest Imaging,Pulmonology,2
Brain Malformations,Neuroimaging,2
Congenital Uterine Anomalies,Uterine Anomalies,2
Endocrine Pharmacology,Osteoporosis,2
Amino Acid Metabolism,Metabolic disorders,2
Head injury,Trauma,2
Biochemistry,Cardiology,2
Biochemistry,Cell signaling,2
Fractures,Hematopathology,2
Epidemiology,Preventive Medicine,2
Vitamin K,Vitamins & Nutrition,2
Anticoagulants,General Medicine,2
Dermatology,Lymphoma,2
Brainstem Syndromes,Stroke Syndromes,2
Health Care Delivery,Histology,2
Cranial Nerves,Head & Neck,2
Breast & Endocrine Surgery,Gastrointestinal Surgery,2
Aging,Pulmonology,2
Autonomic,Neurophysiology,2
Nerve Conduction,Neurophysiology,2
Metabolic Disorders,Peroxisomal Disorders,2
Enzymology,Metabolic Disorders,2
Metabolic Disorders,Protein Metabolism,2
Carbohydrate Metabolism,Diabetes Mellitus,2
SUBJ:Biochemistry,SUBJ:Surgery,2
Collagen,Connective Tissue,2
Hyperlipoproteinemia,Lipid Metabolism,2
Histology,Vitamins & Nutrition,2
Gastrointestinal,Inflammatory bowel disease,2
Head and Neck,Salivary Glands,2
Enzymology,Lysosomal Storage Diseases,2
Antimicrobials,Pharmacokinetics,2
Autonomic,Cholinergic Drugs,2
Adverse Drug Reactions,Antimicrobial Drugs,2
Corynebacterium Diphtheriae,Corynebacterium diphtheriae,2
Clinical Trials,Growth & Development,2
General Pharmacology,Pharmacodynamics,2
Child Abuse,Neonatology,2
Gastrointestinal,Parasitology,2
Parasitology,Pulmonology,2
Bacteriology,Diagnostic tests,2
Inferential Statistics,Research Methodology,2
Epidemiological Indicators,Epidemiology,2
Anxiety & OCD,Phobias,2
Chemotherapy & Anticancer,Pediatric Oncology,2
Arrhythmias,Cardiac Electrophysiology,2
Immunodeficiency,Infectious Diseases,2
Diagnostic Criteria,Infective Endocarditis,2
Abdominal Wall Defects,Embryology,2
Immunology,Transplantation,2
Neonatology,Patent Ductus Arteriosus,2
Fragile X Syndrome,Genetics & Molecular Biology,2
Fractures,Wrist Injuries,2
Infectious Diseases,Septic arthritis,2
Infections of Bone & Joint,Vaginal discharge,2
Antenatal Care,Vaccination,2
Fetal Head Diameters,Labor & Delivery,2
Endocrine Pharmacology,Reproductive,2
Endocrine Pharmacology,Postpartum Hemorrhage Management,2
Child Psychiatry,Sleep Disorders,2
Child Psychiatry,Obsessive-Compulsive Disorder,2
Chest Radiology,General Medicine,2
Cardiac Arrhythmias,ECG Interpretation,2
Antepartum Hemorrhage,Placenta Praevia,2
Cardiac Arrhythmias,ECG,2
Conjunctiva,Conjunctival disorders,2
Ocular motility,Squint & Pediatric Ophthalmology,2
Environment & Occupational Health,Sinusitis,2
Bacteriology,Gram-Positive Bacteria,2
Bacteriology,Gram-positive Bacteria,2
Gram-Positive Bacteria,Gram-positive Bacteria,2
Brain Anatomy,Cerebral Cortex,2
Neurophysiology,Peripheral Nerves,2
Cardiology,Neurophysiology,2
Amino Acid Metabolism,Nitric Oxide,2
Anemia,Neurology,2
Anemia,Macrocytic Anemia,2
Hematopathology,Macrocytic Anemia,2
Anticancer drugs,Antineoplastic Agents,2
Drug Interactions,Pulmonology,2
Autonomic,Gastrointestinal,2
Cardiology,Diuretics,2
Antimicrobials,Mechanism of Action,2
Child Abuse,Thanatology,2
Arboviruses,Infectious Diseases,2
Bacterial Toxins,Immunology,2
Infectious Diseases,Subcutaneous Mycoses,2
Mycology,Subcutaneous Mycoses,2
Bacteriology,Parasitology,2
Immunization,Wound Management,2
Epidemiology,Influenza,2
Epidemiology,Screening Tests,2
Gynecologic Oncology,Screening,2
Emergency Medicine,Neurology,2
Systemic Pathology,Valvular Heart Disease,2
Acid-Base Balance,CNS Physiology,2
Acid-Base Balance,General Medicine,2
Antineoplastic Drugs,Hematopathology,2
Gastroenterology,Irritable Bowel Syndrome,2
Endocrinology,Hyperthyroidism,2
Endocrinology,Pituitary disorders,2
Brainstem,Neuroanatomy,2
Heart Failure,Pulmonology,2
Pleural Effusion,Pulmonology,2
Meningitis,Neurology,2
Breast & Endocrine Surgery,Thyroid disorders,2
Melanoma,Skin Neoplasms,2
General Medicine,Genetics & Molecular Biology,2
Fractures,Rheumatology,2
Infectious Diseases,Vaginitis,2
Antenatal Care,Teratogenicity,2
Antenatal Care,Obstetric History,2
Basic Life Support,Basic life support,2
Basic Life Support,Resuscitation,2
Depressive Disorders,Mood Disorders,2
Gross Anatomy,Upper Limb,2
Connective Tissue Disorders,Genetics & Molecular Biology,2
Molecular Pathology,Neoplasia,2
Cranial Nerves,Neuro-ophthalmology,2
CNS Physiology,Regional Anaesthesia,2
Congenital Heart Disease Imaging,Interventional Radiology,2
Dermatology,General Surgery,2
Oxygen Delivery Systems,Pulmonology,2
Carbohydrate Metabolism,Metabolic Pathways,2
Gynecologic Oncology,Virology,2
Neonatology,Otology,2
Heme Synthesis,Toxicology,2
Endocrine Pharmacology,Migraine,2
Migraine,Neurology,2
Biochemistry,Gastroenterology,2
Identification,Obstetric Complications,2
Obstetric Complications,Pelvic Anatomy,2
Obstetric Complications,Pelvic anatomy,2
Antenatal Care,Cervical Insufficiency,2
Monitoring,Neuromuscular Blockade,2
Carbohydrate Metabolism,Enzyme Deficiencies,2
Hematopathology,Lysosomal Storage Disorders,2
Neck Masses,Neck masses,2
Immunology,Innate immunity,2
Gunshot Wounds,Thanatology,2
Consent,Medical Jurisprudence,2
Diabetic Emergencies,Endocrinology,2
Endocrine Pharmacology,Pituitary Disorders,2
Dermatophytosis,Mycology,2
Head & Neck,Salivary Gland,2
Genetics & Molecular Biology,Nephrology,2
Antiemetic Side Effects,Antiemetics,2
Antimicrobials,Fluoroquinolones,2
Endocrine Pharmacology,Pituitary Hormones,2
Hyponatremia,Neurology,2
Acid-Base Disorders,Fluid and Electrolyte Balance,2
Diuretics,Thiazide Diuretics,2
Cranial Nerves,Skull Base,2
Cranial Nerves,Skull Foramina,2
Skull Base,Skull Foramina,2
Ankle Injuries,Ligament Injuries,2
Shoulder Region,Shoulder region,2
Shoulder Region,Upper Limb,2
Shoulder region,Upper Limb,2
Adverse drug reactions,Neuromuscular Blockers,2
Adverse drug reactions,Neuromuscular blockers,2
Enzymology,Lysosomal Storage Disorders,2
Collagen Metabolism,Vitamin C,2
Collagen Metabolism,Vitamins & Nutrition,2
Dyslipidemias,Familial Hypercholesterolemia,2
Dyslipidemias,Lipid Metabolism,2
Familial Hypercholesterolemia,Lipid Metabolism,2
Environmental Health,Vitamins & Nutrition,2
Epidemiology,Surveillance,2
Bias In Screening,Bias in Screening,2
Bias In Screening,Epidemiology,2
Bias in Screening,Epidemiology,2
Infectious Dermatoses,Infectious dermatoses,2
Legal Medicine,Sexual Offenses,2
Post-Mortem Changes,Post-mortem changes,2
Arrhythmias,Atrial Fibrillation,2
Labor & Delivery,Trauma,2
Neoplasia,Orbit,2
Endocrinology,Hypertension,2
Diuretics,Nephrology,2
High Altitude Physiology,Pulmonology,2
Pulmonology,Thromboembolism,2
Cell Injury & Death,Gangrene,2
Breast & Endocrine Surgery,Pheochromocytoma,2
Hiv,Infectious Diseases,2
Hiv,Tuberculosis,2
Head And Neck,Neoplasia,2
Hearing Loss Diagnosis,Hearing Tests,2
Consent,Medical Ethics,2
Legal Aspects,Thanatology,2
General Medicine,Valvular Heart Disease,2
Infectious Diseases,Sepsis,2
Filariasis,Parasitology,2
Neuroanatomy,Uterine support,2
Uterine Support,Uterine support,2
Endocrine Pharmacology,Pre-Eclampsia Eclampsia Management,2
Endocrine Pharmacology,Pre-eclampsia Eclampsia management,2
Obstetric Complications,Pre-Eclampsia Eclampsia Management,2
Obstetric Complications,Pre-eclampsia Eclampsia management,2
Pre-Eclampsia Eclampsia Management,Pre-eclampsia Eclampsia management,2
Episiotomy Repair,Episiotomy repair,2
Episiotomy Repair,Obstetric Procedures,2
Episiotomy repair,Labor & Delivery,2
Episiotomy repair,Obstetric Procedures,2
Endocrine,Neuroanatomy,2
Crystal Arthropathy,Rheumatology,2
Crystal arthropathies,Rheumatology,2
Genetics & Molecular Biology,Inheritance,2
Granulomatous diseases,Inflammation & Healing,2
Immunology,Systemic Sclerosis,2
Rheumatology,Systemic Sclerosis,2
Endocrine,Thyroid neoplasms,2
Acute Leukemia,Acute leukemia,2
Acute Leukemia,Hematologic malignancies,2
Acute leukemia,Hematologic malignancies,2
Glycosaminoglycans,Lysosomal Storage Disorders,2
Communicable Diseases,Communicable diseases,2
High altitude physiology,Pulmonology,2
Psychotic Disorders,Schizophrenia & Psychosis,2
Cell Injury & Death,General Medicine,2
Esophageal Disorders,Interventional Radiology,2
Abdominal Anatomy,General Surgery,2
Neurophysiology,Sensory Receptors,2
Sensory Physiology,Sensory Receptors,2
Embryology,Neonatology,2
Hernia & Abdominal Wall,Neonatology,2
Fractures,Neurology,2
Hand muscles,Upper Limb,2
Methanol poisoning,Toxicology,2
Fatty acid oxidation,Lipid Metabolism,2
Electron transport chain,Oxidative phosphorylation,2
Occupational Poisoning,Toxicology,2
Antimetabolites,Chemotherapy & Anticancer,2
Infectious Diseases,Tropical medicine,2
Molecular Diagnostics,Molecular diagnostics,2
Antimicrobials,Tuberculosis,2
Antithyroid Drugs,Endocrine,2
Antenatal Care,Anticoagulants,2
Drug Formulations,Local Anesthetics,2
Cardiology,Pediatric emergencies,2
Hematopathology,Plasma cell disorders,2
Immunohistochemistry,Neoplasia,2
Gastrointestinal,Immunology,2
Hematopathology,Vasculitis,2
Renal,Vasculitis,2
Ear,Hearing loss,2
Airway Management,Tracheostomy,2
Cranial nerves,Head and neck anatomy,2
Head And Neck Anatomy,Head and neck anatomy,2
Fundoscopy,Retina,2
Orbit,Thyroid eye disease,2
Contraception,Postpartum Care,2
Epidemiology,Maternal Health Indicators,2
Maternal Health,Maternal Health Indicators,2
National Health Programs,School Health,2
Food Adulteration,Toxicology,2
Herpesviridae,Virology,2
Congenital Anomalies,Pulmonology,2
Endocrine Pharmacology,Local Anesthetics,2
Gastroenterology,Pancreatic Disorders,2
Anemia,Vitamins & Nutrition,2
Gynecologic Oncology,Neurology,2
Cleft Lip And Palate,Cleft lip and palate,2
Cleft Lip And Palate,Congenital anomalies,2
Cleft lip and palate,Congenital anomalies,2
Dermatology,Surgical Oncology,2
Embryology,Implantation,2
Implantation,Reproductive,2
Antenatal Care,Fallopian tube anatomy,2
Perineal tears,Trauma,2
Hand Muscles,Musculoskeletal System,2
Hand Muscles,Neuroanatomy,2
CNS Stimulants,Cns Stimulants,2
CNS Stimulants,Endocrine Pharmacology,2
Cns Stimulants,Endocrine Pharmacology,2
Endocrine,Glucose metabolism,2
Carbohydrate Metabolism,Inborn errors of metabolism,2
Neurology,Wilson Disease,2
Infectious Diseases,Systemic mycoses,2
Systemic Mycoses,Systemic mycoses,2
Fungal morphology,Identification,2
Identification,Mycology,2
Biochemistry,Lipid-Lowering Drugs,2
Biochemistry,Lipid-lowering drugs,2
Endocrine Pharmacology,Lipid-Lowering Drugs,2
Endocrine Pharmacology,Lipid-lowering drugs,2
Dermatology,Toxicology,2
Antenatal Care,Legal aspects,2
Molecular pathology,Neoplasia,2
Drug Toxicity,Eclampsia,2
Drug Toxicity,Obstetric Complications,2
Eclampsia,Obstetric Complications,2
Autoimmune Disorders,Gastroenterology,2
Autoimmune Disorders,Genetics & Molecular Biology,2
Gastroenterology,Genetics & Molecular Biology,2
Cochlear implant,Otology,2
ANCA vasculitis,Rheumatology,2
Hematopathology,Malabsorption,2
Pulmonology,X-ray,2
Conjunctiva,Ocular surface lesions,2
School Health,Vitamins & Nutrition,2
Health Education,Health Promotion,2
Aortic Imaging,Cardiology,2
Aneurysms,Vascular,2
Head Injury,Neurosurgery,2
Head injury,Neurosurgery,2
Craniovertebral Junction,Neuroanatomy,2
Congenital CNS malformations,Neuroanatomy,2
Autoimmune Blistering Diseases,Autoimmune blistering diseases,2
Airway Management,Difficult Airway,2
Airway Management,Medical Devices,2
Cancer Staging,Gynecologic Oncology,2
Cancer Staging,Staging,2
Gynecologic Oncology,Staging,2
Cardiology,Pericardial diseases,2
Pericardial Diseases,Pericardial diseases,2
Acid-Base Balance,Metabolic Acidosis,2
Diabetes Mellitus,Diabetes mellitus,2
Hydatid Disease,Hydatid disease,2
Postoperative Care,Postoperative care,2
Abdominal Imaging,Gastroenterology,2
Femoral Triangle,Lower Limb,2
Pelvic Anatomy,Pelvis & Perineum,2
Growth & Development,Neurophysiology,2
Galactose Metabolism,Inborn Errors of Metabolism,2
External Cephalic Version,External cephalic version,2
Maternal and child health,PCPNDT Act,2
Maternal and child health,Pcpndt Act,2
Knee injuries,Ligament injuries,2
Pelvic floor,Pelvis & Perineum,2
Breech Presentation,Labor & Delivery,2
Benign Uterine Disorders,Benign uterine disorders,2
Benign Uterine Disorders,Uterine pathology,2
Benign uterine disorders,Uterine pathology,2
Gout,Uric acid metabolism,2
Strychnine Poisoning,Strychnine poisoning,2
Diagnostic Tests,Diagnostic tests,2
Antipsychotic drugs,Psychopharmacology,2
Diabetic Ketoacidosis (DKA),Diabetic Ketoacidosis (Dka),2
Diabetic Ketoacidosis (DKA),Emergency Medicine,2
Diabetic Ketoacidosis (DKA),Endocrinology,2
Diabetic Ketoacidosis (Dka),Emergency Medicine,2
Diabetic Ketoacidosis (Dka),Endocrinology,2
Embryology,Thorax,2
Gastroenterology,Pancreatic disorders,2
Antimicrobials,Surgical Prophylaxis,2
Gastroenterology,Peptic ulcer disease,2
Abdominal Wall Anatomy,Inguinal Canal,2
Chronic Pancreatitis,Chronic pancreatitis,2
Chronic pancreatitis,Pancreas,2
Head And Neck Anatomy,Head and Neck,2
Neonatal Jaundice,Neonatology,2
Gastrointestinal,Histology,2
Demography & Family Planning,Health indicators,2
Health Indicators,Health indicators,2
Neuroanatomy,Visual pathway,2
Immunology,Trauma,2
Head And Neck,Parotid gland,2
Head and Neck,Parotid gland,2
Paraneoplastic Syndromes,Pulmonology,2
Critical Care,Epidemiology,2
Occupational poisoning,Toxicology,2
DNA structure,Dna Structure,2
DNA structure,Genetics & Molecular Biology,2
Connective tissue,Histology,2
Gynaecological Surgery,Gynaecological surgery,2
Cervical Cancer,Cervical cancer,2
Cervical Cancer,Gynaecologic oncology,2
Cervical cancer,Gynaecologic oncology,2
Inborn errors of metabolism,Lysosomal storage disorders,2
Granulomatous Diseases,Sarcoidosis,2
Endocrine Pharmacology,Growth & Development,2
Infections of Bone & Joint,Otology,2
Bacteriology,Rickettsial Diseases,2
Gait biomechanics,Lower Limb,2
Autonomic,Esophagus,2
Esophagus,Head And Neck,2
Esophagus,Head and Neck,2
Esophagus,Peripheral Nerves,2
Cardiology,Coronary arteries,2
Esophageal motility,Gastrointestinal,2
Pericardium,Thorax,2
Cardiology,Heart,2
Head and neck,Neuroanatomy,2
Abdomen,Pancreas,2
Hepatobiliary System,Hepatobiliary system,2
Pain Medicine,Pain medicine,2
Head and Neck,Pharyngeal Muscles,2
Head and Neck,Pharynx,2
Pharyngeal Muscles,Pharynx,2
Head and Neck,Nasal Cavity,2
Head and Neck,Skull,2
Head and Neck,Trigeminal Nerve,2
Cranial Nerves,Head and neck,2
Cranial nerves,Head and neck,2
Brain,Neuroanatomy,2
Cardiac cycle,Cardiology,2
Autonomic,Peripheral Nervous System,2
Endocrinology,Glucose transport,2
Cell physiology,Membrane Transport,2
Membrane Transport,Membrane transport,2
Cell Physiology,Membrane biology,2
Cell physiology,Membrane biology,2
Enzymology,Purine Metabolism,2
Bioenergetics,Electron Transport Chain,2
Endocrinology,Lipid Metabolism,2
Integrated Metabolism,Lipid Metabolism,2
Amino acid metabolism,Protein Metabolism,2
SUBJ:Biochemistry,SUBJ:Orthopedics,2
Nucleotide Metabolism,Purine Metabolism,2
Nucleotide Metabolism,Pyrimidine Metabolism,2
DNA Structure,Genetics & Molecular Biology,2
Carbohydrate Chemistry,Glycosaminoglycans,2
Amino Acid Metabolism,Protein Chemistry,2
Immunology,Primary immunodeficiency,2
Genetic disorders,Neurocutaneous syndromes,2
Atherosclerosis,Cardiology,2
Neoplasia,Pediatric oncology,2
Glomerular diseases,Immunopathology,2
Glomerular Diseases,Infectious Diseases,2
Glomerular Diseases,Vasculitis,2
Glomerular diseases,Vasculitis,2
Nephritic syndrome,Vasculitis,2
Hepatobiliary Surgery,Hepatobiliary surgery,2
Hepatobiliary Surgery,Neoplasia,2
Neoplasia,Thyroid Neoplasms,2
Endometrial Carcinoma,Endometrial carcinoma,2
Adrenergic Blockers,Adrenergic blockers,2
Adrenergic Blockers,Autonomic,2
Adrenergic blockers,Autonomic,2
Antihypertensive Drugs,Cardiology,2
Corticosteroids,Renal,2
Progestins,Reproductive,2
Antimicrobials,Antivirals,2
Antenatal Care,Antimicrobials,2
Antimalarials,Antimicrobials,2
Antimalarials,Antiprotozoal drugs,2
Antimicrobials,Antiprotozoal drugs,2
Adverse drug reactions,Antimicrobials,2
Criminal Law,Legal Medicine,2
Asphyxial Deaths,Hanging,2
Fractures,Mechanical Asphyxia,2
Fractures,Mechanical asphyxia,2
Corrosive poisoning,Toxicology,2
Inorganic poisoning,Toxicology,2
Pesticide poisoning,Toxicology,2
Bacteriology,Streptococci,2
Bacteriology,Mycoplasma,2
Bacterial Morphology,Bacterial morphology,2
Bacterial toxins,Bacteriology,2
Bacteriology,Rickettsial diseases,2
Rickettsial Diseases,Rickettsial diseases,2
Genetics & Molecular Biology,Infectious Diseases,2
Infectious mononucleosis,Serology,2
Serology,Virology,2
Cell-mediated immunity,Immunology,2
Epidemiology,Mortality measures,2
Disease surveillance,Epidemiology,2
Antimycobacterial Drugs,Tuberculosis,2
Antimycobacterial drugs,Tuberculosis,2
Bacterial diseases,Immunization,2
Health Indicators,Maternal And Child Health,2
Health Indicators,Maternal and Child Health,2
Epidemiology,Vital Statistics,2
Maternal Health,Vitamins & Nutrition,2
Environmental Health,Radiation Hazards,2
Social Sciences,Sociology,2
Air pollution,Environmental health,2
Genetic Counseling,Genetic counseling,2
Child health,Vitamins & Nutrition,2
Myopia,Refractive Errors,2
Myopia,Refractive errors,2
Allergic Eye Disease,Conjunctiva,2
Anterior segment,Uveitis,2
Systemic associations,Uveitis,2
Glaucoma,Uveitis,2
Retinopathy Of Prematurity,Retinopathy of prematurity,2
Neuro-ophthalmology,Optic Neuritis,2
Neuro-ophthalmology,Optic neuritis,2
Extraocular Muscles,Extraocular muscles,2
Eyelid disorders,Neoplasia,2
Orbit,Proptosis,2
Coloboma,Congenital Ocular Anomalies,2
Coloboma,Congenital ocular anomalies,2
Congenital Ocular Anomalies,Congenital ocular anomalies,2
Ocular Oncology,Ocular oncology,2
Pulmonology,Rheumatology,2
Immunology,Nephrology,2
Inborn errors of metabolism,Trace Elements,2
Inborn errors of metabolism,Trace elements,2
Neoplasia,Neurocutaneous Syndromes,2
Antimalarial drugs,Malaria,2
Plastic Surgery,Plastic surgery,2
Biliary Disease,Biliary disease,2
Breast & Endocrine Surgery,Nuclear Medicine,2
Breast & Endocrine Surgery,Parathyroid Disorders,2
Nuclear Medicine,Parathyroid Disorders,2
Resuscitation,Trauma,2
Airway foreign bodies,Pulmonology,2
Airway foreign bodies,Thoracic Surgery,2
Airway foreign bodies,Thoracic surgery,2
Pulmonology,Thoracic Surgery,2
Pulmonology,Thoracic surgery,2
Thoracic Surgery,Thoracic surgery,2
Gastroenterology,Pediatric Emergencies,2
Gastroenterology,Pediatric emergencies,2
Pediatric Emergencies,Pediatric emergencies,2
Chromosomal disorders,Genetics & Molecular Biology,2
Dysmorphic Syndromes,Dysmorphic syndromes,2
Dysmorphic Syndromes,Genetics & Molecular Biology,2
Dysmorphic syndromes,Genetics & Molecular Biology,2
Hematopathology,Sickle Cell Disease,2
Endocrinology,Puberty,2
Neurology,Seizures,2
Congenital disorders,Gastroenterology,2
Jaundice,Neonatology,2
Fractures,Shoulder injuries,2
Elbow Dislocation,Fractures,2
Airway Management,Trauma,2
Benign Bone Lesions,Benign bone lesions,2
Compartment Syndrome,Compartment syndrome,2
Osteoarthritis,Rheumatology,2
Fetal Medicine,Fetal medicine,2
Antenatal Care,Ultrasonography,2
Genital Tuberculosis,Infertility,2
Genital tuberculosis,Infertility,2
Uterine Adhesions,Uterine adhesions,2
Obstetric Pelvis,Pelvimetry,2
Adverse Drug Reactions,Prostaglandins,2
Infectious Diseases,Labor & Delivery,2
Cesarean Section,Cesarean section,2
Labor & Delivery,Malpresentation,2
Connective Tissue Diseases,Dermatomyositis,2
Inhalational Anaesthetics,Medical gases,2
Inhalational anaesthetics,Medical gases,2
Nuclear Medicine,Renal,2
Nuclear Medicine,Uroradiology,2
Nuclear Medicine,Radiation physics,2
Sleep Physiology,Sleep physiology,2
Embryology,Upper Limb,2
Skeletal System,Skeletal system,2
Joints & Arthritis,Pelvis & Perineum,2
Lymphatic system,Upper Limb,2
Breast & Endocrine Surgery,Lymphatic system,2
Hand anatomy,Upper Limb,2
Autonomic,Pelvis & Perineum,2
Lymphatic System,Thorax,2
Head and Neck,Lymphatic system,2
Head and Neck,Orbit,2
Fascial Spaces,Head And Neck,2
Fascial Spaces,Head and Neck,2
Cerebral Circulation,Head and Neck,2
Cerebral circulation,Head and Neck,2
Meninges,Neuroanatomy,2
Cranial Venous Sinuses,Head and Neck,2
Cranial venous sinuses,Head and Neck,2
Cranial Venous Sinuses,Orbit,2
Cranial venous sinuses,Orbit,2
Neuroanatomy,Thalamus,2
Endocrinology,Obesity,2
Pulmonary Function Tests,Pulmonology,2
Exercise Physiology,Muscle Physiology,2
Autonomic,Peripheral Nerves,2
Autonomic,Peripheral nerves,2
Reproductive,Spermatogenesis,2
Cardiology,Cerebral circulation,2
Abdomen,Hepatobiliary System,2
Hematopathology,Reproductive,2
Neurophysiology,Synaptic Transmission,2
Bioenergetics,Citric Acid Cycle,2
Bioenergetics,Citric acid cycle,2
Amino Acid Metabolism,Neurotransmitter Biochemistry,2
One Carbon Metabolism,Vitamins & Nutrition,2
Mineral Metabolism,Mineral metabolism,2
Mineral Metabolism,Vitamins & Nutrition,2
Mineral metabolism,Vitamins & Nutrition,2
Starvation Metabolism,Starvation metabolism,2
Plasma Proteins,Thyroid Hormones,2
Amyloidosis,Inflammation & Healing,2
Cardiology,Cell Injury & Death,2
Abdomen,Peritoneum,2
Aortic Dissection,Aortic dissection,2
Aortic Dissection,Vascular,2
Aortic dissection,Vascular,2
Rheumatic Fever,Rheumatic fever,2
Cardiology,Hypertrophy,2
Inheritance Patterns,Inheritance patterns,2
Urinary Tract Pathology,Urinary tract pathology,2
Acute Leukemias,Acute leukemias,2
Acute Leukemias,Hematopathology,2
Acute leukemias,Hematopathology,2
Hematopathology,Myelodysplastic Syndromes,2
Hematopathology,Myelodysplastic syndromes,2
Myelodysplastic Syndromes,Myelodysplastic syndromes,2
Colorectal cancer,Hereditary Polyposis Syndromes,2
Hereditary Polyposis Syndromes,Hereditary polyposis syndromes,2
Colorectal Cancer,Epidemiology,2
Colorectal cancer,Epidemiology,2
Bilirubin Metabolism,Bilirubin metabolism,2
Neurocutaneous Syndromes,Neurocutaneous syndromes,2
Breast & Endocrine Surgery,Inflammation & Healing,2
Calcium Channel Blockers,Calcium channel blockers,2
Antianginal Drugs,Cardiology,2
Antianginal drugs,Cardiology,2
Antihistamines,Pulmonology,2
Adverse drug effects,Antiepileptic Drugs,2
Adverse drug effects,Antiepileptic drugs,2
General Anaesthesia,Neuromuscular Blockers,2
Contraception,Drug interactions,2
Gastrointestinal,Portal hypertension,2
Fibrinolytics,Hemostasis,2
Antimicrobial Susceptibility Testing,Antimicrobial susceptibility testing,2
Antimicrobial susceptibility testing,Bacteriology,2
Antiretroviral Drugs,Antiretroviral drugs,2
Autonomic,Neuromuscular junction,2
Neuromuscular Junction,Neuromuscular junction,2
Adverse drug reactions,Endocrine Pharmacology,2
Legal Medicine,Legal medicine,2
Dowry death,Thanatology,2
SUBJ:Forensic Medicine,SUBJ:Ophthalmology,2
Exhumation,Legal Medicine,2
Firearm injuries,Wounds,2
Asphyxial deaths,Strangulation,2
Infanticide,Thanatology,2
Amoebiasis,Parasitology,2
Bacteriology,Koch postulates,2
Diagnostic Microbiology,Diagnostic microbiology,2
Bacteriology,Neonatology,2
Bacillus anthracis,Bacteriology,2
Intestinal Protozoa,Parasitology,2
Intestinal protozoa,Parasitology,2
Lymph Node,Lymph node,2
Lymph Node,Lymphoid organs,2
Lymph node,Lymphoid organs,2
Bacteriology,Bioterrorism,2
Communicable Diseases,Growth & Development,2
Health Indicators,Social Medicine,2
Levels Of Prevention,Levels of prevention,2
Epidemiology,Mortality indicators,2
Measles,Virology,2
National Tuberculosis Control,Tuberculosis,2
SUBJ:Community Medicine,SUBJ:Radiology,2
Fluid And Electrolytes,Gastroenterology,2
Fluid and Electrolytes,Gastroenterology,2
Malaria,Medical entomology,2
Yellow Fever,Yellow fever,2
Disease Surveillance,Disease surveillance,2
Demography & Family Planning,Mortality indicators,2
Environmental Health,Housing,2
Insecticides,Vector Control,2
Biostatistics,Sampling methods,2
Sampling Methods,Sampling methods,2
Health Care Delivery,Primary health centre,2
National Health Programs,Vector Borne Diseases,2
SUBJ:Community Medicine,SUBJ:ENT,2
Head And Neck Surgery,Neck Dissection,2
Head and Neck Surgery,Neck Dissection,2
Otology,Tympanic Membrane,2
Inner ear fluids,Otology,2
Otology,Trauma,2
Hearing loss,Occupational Deafness,2
Hearing loss,Occupational deafness,2
Ear,Otitis media,2
Cholesteatoma,Otitis media,2
Mastoid surgery,Otitis media,2
Mastoid Surgery,Mastoid surgery,2
Otitis Media,Tympanic membrane,2
Eustachian tube,Otitis media,2
Inflammation & Healing,Otitis media,2
Acute Suppurative Otitis Media,Otitis Media,2
Hearing disorders,Otology,2
Ear,Hearing Loss,2
Sleep Apnea,Sleep apnea,2
Nasal Septum,Nasal septum,2
Nasal Polyps,Nasal polyps,2
SUBJ:ENT,SUBJ:Dermatology,2
Paranasal sinuses,Rhinology,2
Head and neck anatomy,Lymphatic Drainage,2
Head and neck anatomy,Lymphatic drainage,2
Lymphatic Drainage,Lymphatic drainage,2
Head And Neck,Lymphatic drainage,2
Head and Neck,Lymphatic drainage,2
Head And Neck,Infectious Diseases,2
Throat & Larynx,Tuberculosis,2
Salivary Glands,Salivary glands,2
Infectious Diseases,Tonsil disorders,2
Congenital Anomalies,Head and Neck,2
Congenital Anomalies,Otology,2
Interventional Radiology,Rhinology,2
Ocular Anatomy,Posterior segment,2
Ocular anatomy,Posterior segment,2
Lens & Cataract,Refractive Errors,2
Lens & Cataract,Refractive errors,2
Ophthalmic investigations,Retina,2
Binocular Vision,Ocular motility,2
Binocular vision,Ocular motility,2
Lens & Cataract,Ocular examination,2
Conjunctiva,Infectious Eye Diseases,2
Conjunctiva,Infectious eye diseases,2
Infectious Eye Diseases,Infectious eye diseases,2
Cornea & Refractive,Trauma,2
Ocular Anatomy,Sclera,2
Ocular anatomy,Sclera,2
Lens & Cataract,Refraction,2
Congenital eye disorders,Lens & Cataract,2
Pupillary Reflexes,Pupillary reflexes,2
Extraocular muscles,Ocular anatomy,2
Cranial nerve palsies,Neuro-ophthalmology,2
Neuro-ophthalmology,Nystagmus,2
Hypertensive Retinopathy,Hypertensive retinopathy,2
Hypertensive Retinopathy,Retina,2
Hypertensive retinopathy,Retina,2
Eyelid disorders,Ptosis,2
Eyelid Anatomy,Eyelid anatomy,2
Lacrimal System,Lacrimal system,2
Cornea & Refractive,Metabolic disorders,2
Lens & Cataract,Trauma,2
Ocular Surface Disease,Ocular surface,2
Ocular surface,Ocular surface disease,2
Cornea & Refractive,Refractive surgery,2
Pituitary Disorders,Pituitary disorders,2
Hematopathology,Plasma cell neoplasms,2
Acid-base disorders,Pulmonology,2
Hematopathology,Transfusion medicine,2
Critical Care,Vascular,2
Neurology,Seizure disorders,2
Multiple sclerosis,Neurology,2
Cirrhosis,Gastroenterology,2
Hematopathology,Megaloblastic Anemia,2
Hematopathology,Megaloblastic anemia,2
Megaloblastic Anemia,Megaloblastic anemia,2
Neuromuscular disorders,Rheumatology,2
Antiprotozoal Drugs,Antiprotozoal drugs,2
Neurology,Neuromuscular Junction Disorders,2
Cleft Lip And Palate,Cleft Lip and Palate,2
Colorectal surgery,Gynecologic Oncology,2
Intestinal Obstruction,Intestinal obstruction,2
Esophageal disorders,Gastrointestinal Surgery,2
Urethral Injuries,Urethral injuries,2
Scrotal Disorders,Urology,2
Acute Pancreatitis,Clinical Signs,2
Splenic Injury,Trauma,2
Hemorrhagic Shock,Trauma,2
Acute Scrotum,Acute scrotum,2
Acute Scrotum,Testicular torsion,2
Acute scrotum,Testicular torsion,2
Growth & Development,Weight Gain,2
Congenital heart disease,Prostaglandins,2
Congenital Heart Disease,Congenital heart disease,2
Infantile Spasm,Infantile spasm,2
Neonatal Jaundice,Neonatal jaundice,2
Anal Fissure,Anal fissure,2
Steroid Biosynthesis,Steroid biosynthesis,2
Biochemistry,Prenatal Screening,2
Biochemistry,Prenatal screening,2
Infectious Diseases,Neonatal diagnosis,2
Embryology,Osteology,2
Biochemistry,Fractures,2
Vertebral Anomalies,Vertebral anomalies,2
Bone pathology,Systemic Pathology,2
Kyphosis,Spine,2
Spinal tuberculosis,Spine,2
Spinal tuberculosis,Tuberculosis,2
Legg-Calvé-Perthes Disease,Neonatology,2
Legg-Calvé-Perthes disease,Neonatology,2
Hip Disorders,Radiological Lines,2
Interventional Radiology,Radiological Lines,2
Bone Diseases,Bone diseases,2
Bone Diseases,Interventional Radiology,2
Bone diseases,Interventional Radiology,2
Cranial Nerve Disorders,Environment & Occupational Health,2
Environment & Occupational Health,Otosclerosis,2
Fractures,Spinal Canal Stenosis,2
Fractures,Myositis Ossificans,2
Arthroscopy,Knee Injuries,2
Arthroscopy,Knee injuries,2
Endocrine Pharmacology,Endometriosis,2
Infertility,Systemic Pathology,2
Gynecologic Oncology,Pelvic anatomy,2
Breech Delivery,Breech Presentation,2
Breech Delivery,Obstetric Complications,2
Endocrine Pharmacology,Postpartum hemorrhage,2
Diabetes Mellitus,Gestational Diabetes,2
Endocrine,PCOD,2
Endocrine,Pcod,2
Bullous Diseases,Dermatology,2
Bullous Diseases,Systemic Pathology,2
Dermatology,Eczema,2
Dermatology,Tinea Capitis,2
Microbiology,Tinea Capitis,2
Dermatitis Herpetiformis,Dermatitis herpetiformis,2
Dermatitis Herpetiformis,Dermatology,2
Dermatitis herpetiformis,Dermatology,2
Microbiology,Neisseria Gonorrhoeae,2
Microbiology,Neisseria gonorrhoeae,2
Dermatology,Lupus Vulgaris,2
Dermatology,Lupus vulgaris,2
Lupus Vulgaris,Lupus vulgaris,2
Biostatistics,Immunology,2
Biostatistics,Immunopathology,2
Immunology,Immunopathology,2
Endocrine Pharmacology,Scabies,2
Dermatophytes,Microbiology,2
Behçet'S Syndrome,Behçet's syndrome,2
Dermatology,Erythroderma,2
Porphyrias,Systemic Pathology,2
Halothane,Inhalational Anaesthetics,2
Halothane,Inhalational anaesthetics,2
Benzodiazepines,Endocrine Pharmacology,2
Head & Neck,Virology,2
Interventional Radiology,Pulmonary embolism,2
Pulmonary Embolism,Pulmonary embolism,2
Chest Radiography,Staging,2
Chest radiography,Staging,2
Sarcoidosis,Staging,2
Coarctation of aorta,Interventional Radiology,2
Coarctation of aorta,Rib Notching,2
Coarctation of aorta,Rib notching,2
Interventional Radiology,Rib Notching,2
Interventional Radiology,Rib notching,2
Rib Notching,Rib notching,2
Interventional Radiology,Pericardial Diseases,2
Gastrointestinal,Radiographic signs,2
Child Psychiatry,History Of Psychiatry,2
Child Psychiatry,History of psychiatry,2
History Of Psychiatry,History of psychiatry,2
Delusions,Mania,2
Mania,Schizophrenia & Psychosis,2
SUBJ:Psychiatry,SUBJ:Anatomy,2
Attention Deficit Hyperactivity Disorder,Child Psychiatry,2
Autonomic,General Medicine,2
Epidemiology,Substance-Related Disorders,2
Epidemiology,Substance-related disorders,2
Endocrine Pharmacology,Opioid Withdrawal,2
Child Psychiatry,Drug dependence,2
Drug dependence,Endocrine Pharmacology,2
Prognosis,Schizophrenia & Psychosis,2
Biochemistry,Schizophrenia & Psychosis,2
Biochemistry,Mood Disorders,2
General Medicine,Mood Disorders,2
Epidemiology,Reproductive,2
Anxiety & OCD,Endocrine Pharmacology,2
Impulse Control Disorders,Trichotillomania,2
Parasomnias,Sleep disorders,2
Enuresis,Sleep disorders,2
Electroconvulsive Therapy,General Medicine,2
Contraindications,Electroconvulsive Therapy,2
Feeding And Eating Disorders,Pica,2
Child Psychiatry,Neurocognitive disorders,2
Neurocognitive Disorders,Neurocognitive disorders,2
Foot anatomy,Lower Limb,2
Lower Limb,Venous system,2
Lower Limb,Tibialis anterior,2
Knee,Neuroanatomy,2
Neuroanatomy,Pulmonology,2
Abdominal Anatomy,Hepatobiliary anatomy,2
Abdominal anatomy,Hepatobiliary anatomy,2
Trigeminal Nerve,Trigeminal nerve,2
Cervical Vertebrae,Cervical vertebrae,2
Cervical Vertebrae,Head & Neck,2
Nasal Cavity,Nasal cavity,2
Environment & Occupational Health,Paranasal Sinuses,2
Head and Neck,Sternocleidomastoid,2
Muscle anatomy,Sternocleidomastoid,2
Adrenergic Pharmacology,Adrenergic pharmacology,2
Nerve Muscle,Thorax,2
Eicosanoids,Lipid Metabolism,2
Biochemistry,Reproductive,2
Insulin Secretion,Insulin secretion,2
Biochemistry,Neuroanatomy,2
Oxygen Transport,Pulmonology,2
Coagulation Cascade,Hemostasis,2
Biochemistry,Enzymes,2
Biochemistry,Pentose Phosphate Pathway,2
Biochemistry,Carbohydrates,2
Energy Metabolism,Muscle Physiology,2
Carbohydrate Metabolism,Neurophysiology,2
Enzymology,Gangliosidoses,2
Protein Structure,Protein structure,2
Histology,Protein Metabolism,2
Biochemistry,Protein Metabolism,2
Protein Synthesis,Protein synthesis,2
Biochemistry,Heme Synthesis,2
Biochemistry,Protein Chemistry,2
Free Radicals,Free Radicals And Antioxidants,2
Free Radicals,Free Radicals and Antioxidants,2
Antioxidants,Free Radicals And Antioxidants,2
Antioxidants,Free Radicals and Antioxidants,2
Enzymes,Free Radicals,2
Dermatology,Hypersensitivity,2
Arteriosclerosis,Hypertension,2
Microbiology,Vascular,2
General Medicine,Thrombocytopenia,2
Systemic Pathology,Thrombocytopenia,2
Routes Of Administration,Routes of Administration,2
Endocrine Pharmacology,Protein Binding,2
Endocrine Pharmacology,Protein binding,2
Protein Binding,Protein binding,2
Biochemistry,Pharmacokinetics,2
Autonomic,Beta Blockers,2
Autonomic,Beta blockers,2
Antimigraine Drugs,Endocrine Pharmacology,2
Antimigraine Drugs,Neurology,2
Antimigraine drugs,Endocrine Pharmacology,2
Antimigraine drugs,Neurology,2
Endocrine Pharmacology,NMDA receptors,2
NMDA receptors,Neuropharmacology,2
Adverse effects,Diuretics,2
CNS Physiology,Cardiac Glycosides,2
Cardiac Glycosides,Endocrine Pharmacology,2
Endocrine Pharmacology,NSAIDs,2
Endocrine Pharmacology,Nsaids,2
Endocrine Pharmacology,Fluoroquinolones,2
Heparin-Induced Thrombocytopenia,Heparin-induced thrombocytopenia,2
Chemotherapy Agents,Chemotherapy agents,2
Chemotherapy Agents,Endocrine Pharmacology,2
Chemotherapy agents,Endocrine Pharmacology,2
Antihyperlipidemic Drugs,Endocrine Pharmacology,2
Antihyperlipidemic drugs,Endocrine Pharmacology,2
Endocrine Pharmacology,Vitamins & Nutrition,2
Antiplatelet Agents,General Medicine,2
Antiplatelet agents,General Medicine,2
Endocrine Pharmacology,Insulin Therapy,2
Insulin Therapy,Insulin therapy,2
Androgens,Endocrine Pharmacology,2
Antidiabetic Drugs,General Medicine,2
Antidiabetic drugs,General Medicine,2
Epidemiology,Obesity,2
Medical Law,Thanatology,2
Anthropometry,Thanatology,2
Fetal Biometry,Obstetric Complications,2
Fractures,Thanatology,2
Firearm Injuries,Firearm injuries,2
Firearm injuries,Thanatology,2
Biochemistry,Semen Detection,2
Alcohol Intoxication,Alcohol intoxication,2
Clostridium,Microbiology,2
Bacteriology,Systemic Pathology,2
Impetigo,Microbiology,2
Microbiology,Typhoid Fever,2
Bacteriology,Campylobacter jejuni,2
Chlamydia,General Medicine,2
Enterococcus,Microbiology,2
RNA viruses,Virology,2
Transmission,Virology,2
Polio,Virology,2
Babesiosis,Parasitology,2
Biochemistry,Complement System,2
Biochemistry,Complement system,2
Prevention,Primordial Prevention,2
Anti-Tubercular Drugs,Anti-tubercular drugs,2
Anti-Tubercular Drugs,Endocrine Pharmacology,2
Epidemiology,Tuberculosis Control,2
Epidemiology,Tuberculosis control,2
General Medicine,Tuberculosis Control,2
General Medicine,Tuberculosis control,2
Tuberculosis Control,Tuberculosis control,2
Chickenpox,Epidemiology,2
Epidemiology,Polio Eradication,2
Malaria,Microbiology,2
Immunization,Travel Medicine,2
Drug Interactions,Drug interactions,2
Drug Interactions,Microbiology,2
Drug interactions,Microbiology,2
Anthropometry,Vitamins & Nutrition,2
Vitamin B12,Vitamins & Nutrition,2
Leishmaniasis,Microbiology,2
Biomedical Waste,Biomedical Waste Management,2
Biomedical Waste,Waste Management,2
Blindness,Squint & Pediatric Ophthalmology,2
Antenatal Care,Maternal Health,2
Environment & Occupational Health,Vestibular Disorders,2
Environment & Occupational Health,Vestibular disorders,2
Ear,Environment & Occupational Health,2
Embryology,Environment & Occupational Health,2
Chronic Otitis Media,Environment & Occupational Health,2
Environment & Occupational Health,Tinnitus,2
Epidemiology,Head & Neck,2
SUBJ:ENT,SUBJ:Community Medicine,2
Environment & Occupational Health,Pharynx,2
Neuroanatomy,Pharynx,2
Optics,Refraction,2
Immunopathology,Trauma,2
Myopia,Posterior staphyloma,2
Diplopia,Strabismus,2
Neuro-ophthalmology,Neuroanatomy,2
Lymphoma,Neoplasia,2
Orbital Diseases,Orbital diseases,2
Retina,Retinoblastoma,2
Eyelid Disorders,Eyelid disorders,2
Eyelid disorders,Squint & Pediatric Ophthalmology,2
Neonatology,Pediatric Emergencies,2
Electrolyte Disturbances,Electrolyte disturbances,2
Microbiology,Pneumonia,2
Endocrine Pharmacology,Iron Preparations,2
Endocrine Pharmacology,Iron preparations,2
Interventional Radiology,Tuberculosis,2
Pneumocystis Pneumonia,Pneumocystis pneumonia,2
Chest Radiology,Chest radiology,2
Chest radiology,Interventional Radiology,2
Electrolyte disorders,Hypernatremia,2
Ankylosing Spondylitis,Ankylosing spondylitis,2
Multiple Sclerosis,Multiple sclerosis,2
Fluid and Electrolyte Balance,Hypernatremia,2
Inflammatory Bowel Disease,Ulcerative colitis,2
Gout,Joints & Arthritis,2
Dermatology,Endocrinology,2
Enzyme Deficiencies,Pentose Phosphate Pathway,2
General Medicine,Sarcoidosis,2
Dermatology,Keratoderma,2
Keratoderma,Rheumatology,2
General Medicine,Metabolic Acidosis,2
General Medicine,Metabolic acidosis,2
Metabolic Acidosis,Metabolic acidosis,2
Gastroenterology,Pulmonology,2
Microbiology,Rheumatology,2
HIV,Molecular diagnostics,2
Molecular diagnostics,Virology,2
Conduction abnormalities,Electrocardiography,2
Hematopathology,Microcytic anemia,2
Hematopathology,Iron deficiency anemia,2
Iron Deficiency Anemia,Iron deficiency anemia,2
Biochemistry,Hemolytic Anemia,2
Biochemistry,Hemoglobinopathies,2
Body Surface Area,Burns & Plastic,2
Cryptorchidism,Pediatric Surgery,2
Hernia & Abdominal Wall,Nerve injury,2
Foot And Ankle,Foot and Ankle,2
Pyloric Stenosis,Pyloric stenosis,2
Fistula In Ano,Fistula in ano,2
Surgical Materials,Surgical materials,2
Breast & Endocrine Surgery,General Medicine,2
DVT risk factors,Venous Thromboembolism,2
Breast & Endocrine Surgery,Infectious Diseases,2
Cardiothoracic,Thorax,2
Intellectual Disability,Intellectual disability,2
Micronutrient Deficiency,Micronutrient deficiency,2
Measles,Neonatology,2
Leukemia,Neoplasia,2
Chromosomal Abnormalities,Genetics & Molecular Biology,2
Endocrinology,Precocious Puberty,2
Hydrocephalus,Interventional Radiology,2
Growth & Development,Hematopoiesis,2
Neonatology,Vitamin A Deficiency,2
Neonatology,Vitamin A deficiency,2
Endocrine Pharmacology,Neonatal Resuscitation,2
Neonatology,Vasculitis,2
Fractures,Knee Disorders,2
Knee Disorders,Knee disorders,2
Knee Disorders,Neuroanatomy,2
Knee disorders,Neuroanatomy,2
Lumbar Canal Stenosis,Lumbar canal stenosis,2
Ankle Injuries,Ligament injuries,2
Ankle injuries,Ligament injuries,2
Bone Pathology,Inflammation & Healing,2
Dactylitis,Psoriatic Arthritis,2
Dactylitis,Psoriatic arthritis,2
Crystal Arthropathy,Systemic Pathology,2
Hand And Wrist,Neuroanatomy,2
Compartment Syndrome,Fractures,2
Antenatal Care,Urinary System,2
Antenatal Care,Urinary system,2
Antenatal Care,Beta hCG,2
Obstetric Complications,Prenatal Diagnosis,2
Gynecologic Oncology,Neonatology,2
Antenatal Care,Systemic Pathology,2
Selective Estrogen Receptor Modulators,Tamoxifen,2
Selective estrogen receptor modulators,Tamoxifen,2
Caesarean Section,Placenta Previa,2
Antenatal Care,Neoplasia,2
Contraception,Epidemiology,2
Endocrine Pharmacology,Oral Contraceptives,2
Endocrine Pharmacology,Oral contraceptives,2
Contraception,Oral Contraceptives,2
Pityriasis Rosea,Pityriasis rosea,2
Dermatological Pharmacology,Dermatological pharmacology,2
Dermatological Pharmacology,Dermatology,2
Dermatological Pharmacology,Endocrine Pharmacology,2
Dermatological pharmacology,Dermatology,2
Dermatological pharmacology,Endocrine Pharmacology,2
Pemphigus Vulgaris,Pemphigus vulgaris,2
Infectious Diseases,Nail disease,2
Infectious Diseases,Onychomycosis,2
Nail disease,Onychomycosis,2
Ketamine,Regional Anaesthesia,2
Barbiturates,Thiopentone,2
Airway Management,Laryngeal mask airway,2
Oxygen Toxicity,Pulmonology,2
CT Physics,Ct Physics,2
CT Physics,Interventional Radiology,2
Ct Physics,Interventional Radiology,2
Abdominal imaging,Interventional Radiology,2
Movement Disorders,Systemic Pathology,2
Interventional Radiology,Renal,2
Interventional Radiology,Urogenital Radiology,2
Venous Thromboembolism,Venous thromboembolism,2
Chest Radiology,HRCT,2
Chest Radiology,Interstitial Lung Disease,2
HRCT,Interstitial Lung Disease,2
Chest radiography,Interventional Radiology,2
Chest,General Medicine,2
Chest,Interventional Radiology,2
Child Psychiatry,Suicide,2
Child Psychiatry,Mental State Examination,2
General Medicine,Organic mental disorders,2
Perception,Perception Disorders,2
Antipsychotic drugs,Extrapyramidal Side Effects,2
Antipsychotic drugs,Extrapyramidal side effects,2
Neuroleptic Malignant Syndrome,Neuroleptic malignant syndrome,2
Autism Spectrum Disorders,Child Psychiatry,2
Autism Spectrum Disorders,Neonatology,2
Neurology,Organic Mental Disorders,2
Neurology,Organic mental disorders,2
Neonatology,Pneumonia,2
Neonatology,Thorax,2
Biochemistry,Neural Tube Defects,2
Cubital Fossa,Upper Limb,2
Aortic Arch,Vascular,2
Aortic arch,Vascular,2
Cardiac Anatomy,Thorax,2
Neuroanatomy,Renal,2
Abdominal Vasculature,Coeliac Trunk,2
Duodenum,Gastrointestinal,2
Embryology,Urinary bladder,2
Gastrointestinal,Mesenteries,2
Neuroanatomy,Pelvic anatomy,2
Abdomen,Kidney,2
Inguinal Canal,Inguinal canal,2
Head & Neck,Muscles Of The Head And Neck,2
Head & Neck,Muscles of the head and neck,2
Muscles Of The Head And Neck,Muscles of the head and neck,2
Parotid Gland,Parotid gland,2
Lymphatic Drainage,Lymphatic System,2
Environment & Occupational Health,Facial Nerve Palsy,2
Facial Nerve Palsy,Facial nerve palsy,2
Facial Nerve Palsy,Neuroanatomy,2
Cranial nerves,Head & Neck,2
Environment & Occupational Health,Histology,2
Embryology,Neural crest,2
Autonomic,Neuroanatomy,2
Embryology,Pituitary gland,2
Pituitary Gland,Pituitary gland,2
Carpal Bones,Upper Limb,2
Active Transport,Membrane Transport,2
Hematopathology,Plasma proteins,2
Hematopathology,Viscosity,2
Plasma proteins,Viscosity,2
Electromyography,Neurophysiology,2
Gas exchange,Pulmonology,2
Alveolar Gas Equation,Pulmonology,2
Acid-Base Balance,Renal,2
Enzymes,Protein digestion,2
Biochemistry,Energy Metabolism,2
Lipid Metabolism,Lipid Transport,2
Antioxidants,Biochemistry,2
Coenzymes,Enzymology,2
Urea Cycle,Urea cycle,2
Molecular chaperones,Protein chemistry,2
Cell Injury & Death,Trauma,2
Immunology,Lymph Node,2
Genetics & Molecular Biology,Karyotyping,2
Hematopathology,Vascular,2
Histology,Vascular,2
Hematopathology,Iron metabolism,2
Leukemia,Systemic Pathology,2
Biochemistry,Protein chemistry,2
Clinical Pharmacology,Endocrine Pharmacology,2
Drug Metabolism,Drug metabolism,2
Anticholinergic Drugs,Anticholinergic drugs,2
Anticholinergic Drugs,Endocrine Pharmacology,2
Anticholinergic drugs,Endocrine Pharmacology,2
Anticholinesterase Agents,Autonomic,2
Anticholinesterase agents,Autonomic,2
Muscarinic Antagonists,Muscarinic antagonists,2
ACE inhibitors,Ace Inhibitors,2
ACE inhibitors,Endocrine Pharmacology,2
Ace Inhibitors,Endocrine Pharmacology,2
Antiarrhythmic drugs,Endocrine Pharmacology,2
Endocrine Pharmacology,Oral Hypoglycemics,2
Endocrine Pharmacology,Oral hypoglycemics,2
General Medicine,Oral Hypoglycemics,2
General Medicine,Oral hypoglycemics,2
Asthma,General Medicine,2
Antidiarrheal Drugs,Antidiarrheal drugs,2
Endocrine Pharmacology,Nephrotoxicity,2
Adverse Drug Effects,Adverse drug effects,2
Endocrine Pharmacology,IV Fluids,2
IV Fluids,Iv Fluids,2
Grievous Hurt,Thanatology,2
Grievous hurt,Thanatology,2
Ballistics,Homicide,2
Ballistics,Suicide,2
Manner Of Death,Manner of death,2
Manner Of Death,Thanatology,2
Manner of death,Thanatology,2
Ballistic Injuries,Ballistic injuries,2
Ballistic Injuries,Thanatology,2
Ballistic injuries,Thanatology,2
Child Psychiatry,Sexual Disorders,2
Child Psychiatry,Sexual disorders,2
Arsenic Poisoning,Toxicology,2
Arsenic poisoning,Toxicology,2
Antibiotic Resistance,Genetics & Molecular Biology,2
Epidemiology,Universal Precautions,2
Microbiology,Universal Precautions,2
Enterobacteriaceae,Microbiology,2
Anthrax,Microbiology,2
Bacteriology,Streptococcus,2
Diphtheria,General Medicine,2
Clinical Specimen Collection,General Medicine,2
Clinical Specimen Collection,Microbiology,2
Obstetric Complications,Pelvic Inflammatory Disease,2
Immunology,Typhoid Fever,2
Biochemistry,Virology,2
Immunology,Prozone phenomenon,2
Foodborne Illnesses,Foodborne illnesses,2
Foodborne Illnesses,Microbiology,2
Foodborne illnesses,Microbiology,2
Antiseptics And Disinfectants,Antiseptics and Disinfectants,2
Antiseptics And Disinfectants,Infectious Diseases,2
Antiseptics and Disinfectants,Infectious Diseases,2
Health Indicators,PQLI,2
Blinding,Study Design,2
Epidemiology,Infant Mortality Rate,2
Epidemiology,Mortality,2
Selection Bias,Selection bias,2
Selection Bias,Study design,2
Selection bias,Study design,2
Neonatology,Vaccines,2
Neonatology,Pertussis,2
HIV/AIDS,Risk groups,2
Hiv/Aids,Risk groups,2
Biochemistry,Epidemiology,2
Epidemiology,Water Quality,2
Epidemiology,Water quality,2
Water Quality,Water quality,2
Epidemiology,Thanatology,2
Epidemiology,Health Education,2
RNTCP,Screening,2
RNTCP,Tuberculosis,2
Screening,Tuberculosis,2
Ear,Meniere'S Disease,2
Ear,Meniere's disease,2
Meniere'S Disease,Meniere's disease,2
Ear pathology,Otosclerosis,2
Chronic Suppurative Otitis Media,Environment & Occupational Health,2
Dermatology,Syphilis,2
General Medicine,Syphilis,2
Environment & Occupational Health,Vasomotor Rhinitis,2
Environment & Occupational Health,Vasomotor rhinitis,2
Vasomotor Rhinitis,Vasomotor rhinitis,2
CSF leak,Csf Leak,2
Environment & Occupational Health,Neuroradiology,2
Environment & Occupational Health,Laryngeal Disorders,2
Caldwell-Luc,Caldwell-Luc Surgery,2
Caldwell-Luc,Caldwell-Luc surgery,2
Caldwell-Luc,Maxillary sinus,2
Caldwell-Luc Surgery,Caldwell-Luc surgery,2
Caldwell-Luc Surgery,Maxillary sinus,2
Caldwell-Luc surgery,Maxillary sinus,2
Squint & Pediatric Ophthalmology,Systemic Pathology,2
Lens & Cataract,Ophthalmic biomaterials,2
Horner Syndrome,Horner syndrome,2
Cornea & Refractive,Glaucoma,2
Emphysema,Pulmonology,2
Cardiology,Coronary artery disease,2
Cardiology,Obstetric Complications,2
Biochemistry,Hepatobiliary Pathology,2
Biochemistry,Hepatobiliary pathology,2
Hepatobiliary Pathology,Hepatobiliary pathology,2
Hepatobiliary Pathology,Systemic Pathology,2
Hepatobiliary pathology,Systemic Pathology,2
Diabetes Mellitus,Endocrine,2
Carbohydrate Metabolism,Glycemic Control,2
Electrolyte Disorders,Neurology,2
Electrolyte disorders,Hyponatremia,2
Emergency Medicine,Head Injury,2
Emergency Medicine,Head injury,2
Neurological Disorders,Neurological disorders,2
Breast & Endocrine Surgery,Microbiology,2
Neuroanatomy,Salivary Gland,2
Environment & Occupational Health,Neck Dissection,2
General Surgery,Neck Dissection,2
Surgical Prophylaxis,Surgical prophylaxis,2
Rhabdomyolysis,Trauma,2
General Surgery,Neoplasia,2
Gastric Carcinoma,Oncogenes,2
Gastric carcinoma,Oncogenes,2
Molecular pathology,Oncogenes,2
General Surgery,Wound Management,2
Abdominal Aortic Aneurysm,Abdominal aortic aneurysm,2
Abdominal aortic aneurysm,Vascular,2
Neoplasia,Precancerous Lesions,2
Nerve Supply,Upper Limb,2
General Medicine,Neoplasia,2
ARDS,Ards,2
IQ classification,Intellectual Disability,2
Growth & Development,Milestones,2
Obstetric Complications,Oligohydramnios,2
Kawasaki Disease,Kawasaki disease,2
Forearm Muscles,Upper Limb,2
Clinical Tests,Hip,2
Clinical Tests,Hip Disorders,2
Hip,Hip Disorders,2
Foot and Ankle,Fractures,2
Antenatal Care,Pulmonology,2
Immunization,Interventional Radiology,2
Immunization,Obstetric Complications,2
Fetal Surveillance,Obstetric Complications,2
Fetal surveillance,Obstetric Complications,2
Neuroanatomy,Placenta,2
Biochemistry,Gynecologic Oncology,2
Microbiology,Pelvic Inflammatory Disease,2
Antenatal Care,Fallopian tube,2
Dermatology,Genetic skin disorders,2
Dermatology,Psoriatic Arthritis,2
Atopic Dermatitis,Dermatology,2
Atopic dermatitis,Dermatology,2
MRI Safety,Mri Safety,2
Interventional Radiology,Nuclear Medicine,2
Biochemistry,Interventional Radiology,2
Drug Administration,Drug administration,2
Drug Administration,Endocrine Pharmacology,2
Drug administration,Endocrine Pharmacology,2
Subarachnoid Hemorrhage,Subarachnoid hemorrhage,2
Interventional Radiology,Joints & Arthritis,2
Interventional Radiology,Squint & Pediatric Ophthalmology,2
Child Psychiatry,Psychology,2
CNS Physiology,Sleep,2
Child Psychiatry,Tourette Syndrome,2
Child Psychiatry,Tourette syndrome,2
Child Psychiatry,Extrapyramidal Symptoms,2
Endocrine Pharmacology,Extrapyramidal Symptoms,2
Catatonia,Schizophrenia & Psychosis,2
Immunodeficiency,Neonatology,2
Gastrointestinal,Head & Neck,2
Hepatobiliary System,Neuroanatomy,2
Neuroanatomy,Spermatic Cord,2
Neuroanatomy,Spermatic cord,2
Cranial nerves,Environment & Occupational Health,2
CNS Physiology,Pulmonary Function Tests,2
Biochemistry,Hemoglobin,2
Fetal Circulation,Oxygen Transport,2
Amino Acid Metabolism,Citric Acid Cycle,2
Biochemistry,Dermatology,2
Amino Acids,Protein Chemistry,2
Vitamin A,Vitamins & Nutrition,2
Biochemistry,Nucleotide Metabolism,2
Biochemistry,Nucleotide metabolism,2
Biochemistry,Nucleic Acids,2
Biochemistry,Collagen,2
Collagen,Protein Biochemistry,2
Heme synthesis,Porphyrin metabolism,2
Lipid Metabolism,Systemic Pathology,2
Hemolytic Uremic Syndrome,Microangiopathic Hemolytic Anemia,2
Plasma Cell Neoplasms,Systemic Pathology,2
Plasma cell neoplasms,Systemic Pathology,2
Occupational Lung Diseases,Pneumoconiosis,2
Pneumoconiosis,Pulmonology,2
Occupational lung disease,Pneumoconiosis,2
Alzheimer disease,Neurology,2
Salivary Gland Imaging,Salivary gland imaging,2
Neonatology,Retinoblastoma,2
Biochemistry,Drug Metabolism,2
Antiemetic Drugs,Antiemetic drugs,2
Chemotherapy & Anticancer,General Medicine,2
Opioid Withdrawal,Substance Use,2
Opioid withdrawal,Substance Use,2
Genetics & Molecular Biology,Horizontal Gene Transfer,2
Anaerobic Bacteria,Microbiology,2
Food Microbiology,Microbiology,2
Microbiology,Syphilis,2
Microbiology,Streptococcus,2
Bacterial Cell Wall,Biochemistry,2
E. Coli,General Medicine,2
E. coli,General Medicine,2
Culture Media,Microbiology,2
Culture media,Microbiology,2
Microbiology,Protozoology,2
Epidemic Investigation,Epidemiology,2
Biostatistics,Standardization,2
Epidemiology,Standardization,2
Antimicrobial Therapy,Pulmonology,2
Antimicrobial therapy,Pulmonology,2
Microbiology,Plague,2
Epidemiology,Rheumatic Heart Disease,2
Child Health,National Health Programs,2
Biomedical Waste Management,Waste disposal,2
Biomedical waste management,Waste disposal,2
Environment & Occupational Health,Fractures,2
Histology,Infectious Diseases,2
Environment & Occupational Health,Facial Nerve,2
Facial Nerve,Neuroanatomy,2
Chorda tympani,Neuroanatomy,2
Ear,Palate,2
Head and Neck Oncology,Paranasal Sinus,2
Head & Neck,Infectious Diseases,2
Laryngeal Cancer,Laryngeal cancer,2
Biostatistics,Head & Neck,2
Head & Neck,Laryngeal Nerve Palsy,2
Mastoidectomy,Otology,2
CNS Physiology,Visual Acuity,2
CNS Physiology,Visual acuity,2
Squint & Pediatric Ophthalmology,Visual Acuity,2
Squint & Pediatric Ophthalmology,Visual acuity,2
Visual Acuity,Visual acuity,2
Cornea & Refractive,Histology,2
Metabolic disorders,Neonatology,2
General Medicine,Metabolic Syndrome,2
General Medicine,Insulin Resistance,2
Insulin Resistance,Systemic Pathology,2
Epidemiology,Metabolic Syndrome,2
Cardiology,Hypertrophic Cardiomyopathy,2
Language,Neuroanatomy,2
Neurology,Toxicology,2
Adrenergic Agonists,Adrenergic agonists,2
Adrenergic agonists,Endocrine Pharmacology,2
Neuroanatomy,Neuropathology,2
Bone Imaging,Bone imaging,2
Bone Imaging,Radiopharmaceuticals,2
Bone imaging,Radiopharmaceuticals,2
Laparoscopic Surgery,Postoperative Complications,2
Laparoscopic Surgery,Postoperative complications,2
Damage Control Surgery,Emergency Medicine,2
Damage Control Surgery,General Surgery,2
Breast & Endocrine Surgery,Duct ectasia,2
Liver Transplant,Paracetamol Poisoning,2
Endocrine Pharmacology,GERD,2
Gastroesophageal Reflux Disease,Gastroesophageal reflux disease,2
Peptic Ulcer Disease,Upper GI Surgery,2
Hydrocele,Scrotal Swelling,2
Hydrocele,Scrotal swelling,2
Scrotal Swelling,Scrotal swelling,2
Dehydration,Pediatric Emergency,2
Genetic disorders,Systemic Pathology,2
Dermatology,Ichthyosis,2
Biochemistry,Innate Immunity,2
Biochemistry,Innate immunity,2
Innate Immunity,Microbiology,2
Innate immunity,Microbiology,2
Biochemistry,Parasitology,2
Fractures,Shoulder Dislocation,2
Growth & Development,Neonatal examination,2
Fractures,Ponseti Method,2
Infertility,Obstetric Complications,2
Obstetric Complications,Placenta previa,2
Biochemistry,Placental Hormones,2
Obstetric Complications,Placental Hormones,2
First Trimester,Obstetric Complications,2
Gestational Diabetes,Gestational diabetes,2
Obstetric Complications,Perineal Tears,2
Epidermis,Histology,2
Dermatology,Herpes zoster,2
Dermatology,Neonatal Skin Disorders,2
Dermatology,Neonatal skin disorders,2
Neonatal Skin Disorders,Neonatal skin disorders,2
Radiation Safety,Radiation safety,2
Interventional Radiology,Microbiology,2
Abdomen,Neurology,2
Head & Neck,Laryngeal Muscles,2
Head & Neck,Laryngeal muscles,2
Cardiology,Head & Neck,2
Cardiology,Lower Limb,2
Liver Anatomy,Liver anatomy,2
Hernia & Abdominal Wall,Inguinal region,2
Carbohydrate Metabolism,Endocrine,2
Local Anaesthetics,Neurology,2
Hepcidin,Iron Metabolism,2
Pulmonology,Ventilation-Perfusion,2
Histology,Toxicology,2
Enzymology,Histology,2
Enzymology,Heme synthesis,2
Heme synthesis,Lead poisoning,2
Metabolic Disorders,Systemic Pathology,2
Lipid Metabolism,Renal,2
Abdomen,Lipid Metabolism,2
Gastrointestinal,Protein Metabolism,2
Protein Metabolism,Renal,2
Cardiology,Rheumatic Heart Disease,2
Genetics & Molecular Biology,Mutation,2
Cell Injury & Death,Hematopathology,2
Cell Injury & Death,Neoplasia,2
Follicular Lymphoma,Follicular lymphoma,2
Follicular Lymphoma,Hematopathology,2
Follicular Lymphoma,Lymphoma,2
Follicular lymphoma,Hematopathology,2
Follicular lymphoma,Lymphoma,2
Foreign Body Airway Obstruction,Foreign body airway obstruction,2
Immunopathology,Thanatology,2
Bacteriology,Immunopathology,2
Renal,Toxicology,2
Anxiolytics,Child Psychiatry,2
Antiretroviral therapy,Infectious Diseases,2
Histology,Mycology,2
Bacteriology,Histology,2
Food poisoning,Microbiology,2
Cardiac Arrest,Cardiac arrest,2
Cardiac Arrest,Emergency Medicine,2
Cardiac arrest,Emergency Medicine,2
Anticoagulant therapy,Endocrine Pharmacology,2
Biochemistry,Drug metabolism,2
Conjunctival Lesions,Conjunctival lesions,2
Conjunctival Lesions,Squint & Pediatric Ophthalmology,2
Conjunctival lesions,Squint & Pediatric Ophthalmology,2
Autonomic,Inflammation & Healing,2
Antenatal Care,Virology,2
Regional Anaesthesia,Spine,2
Abdomen,Pulmonology,2
Head & Neck,Thorax,2
Antimicrobials,Cardiology,2
Cardiology,Child Psychiatry,2
Carbohydrate Metabolism,Inflammation & Healing,2
Endocrine Pharmacology,Mood stabilizers,2
General Medicine,Mood Stabilizers,2
General Medicine,Mood stabilizers,2
Mood Stabilizers,Mood stabilizers,2
Carbohydrate Metabolism,Thorax,2
Cardiology,Immunopathology,2
Gastroenterology,Immunopathology,2
Epidemiology,Health Services,2
Neurology,Pulmonology,2
Contraception,Labor & Delivery,2
Demographic Transition,Demographic transition,2
Demographic Transition,Infertility,2
Demographic transition,Infertility,2
Disaster Management,Public Health,2
Systemic Pathology,Vitamins & Nutrition,2
Epidemiology,Health Services Evaluation,2
Genetics & Molecular Biology,Parasitology,2
Aortic pathology,Thoracic imaging,2
Inflammation & Healing,Throat & Larynx,2
Breast & Endocrine Surgery,Pediatric surgery,2
Neonatology,Pediatric surgery,2
Breast & Endocrine Surgery,Neuroanatomy,2
Immunopathology,Lower Limb,2
Fractures,Urology,2
Lower Limb,Renal,2
Cardiology,Trauma,2
Emergency Medicine,Fat Embolism,2
Emergency Medicine,Fat embolism,2
Fat Embolism,Fat embolism,2
Fat Embolism,Fractures,2
Fat embolism,Fractures,2
Fractures,Scaphoid,2
Dislocations,Wrist,2
Reproductive,Ultrasound,2
Amniotic Band Syndrome,Obstetric Complications,2
Breast & Endocrine Surgery,Obstetric Complications,2
Antenatal Care,Menstrual Disorders,2
Histology,Labor & Delivery,2
Inflammation & Healing,Menstrual Disorders,2
Inflammation & Healing,Reproductive,2
Antenatal Care,Uterine Anomalies,2
Obstetric Complications,Uterine Involution,2
Gastroenterology,Infertility,2
Gastroenterology,Ultrasound,2
Inflammation & Healing,Upper Limb,2
Abdomen,Thanatology,2
CT & MRI,Head & Neck,2
Endocrinology,Inflammation & Healing,2
Endocrinology,Mycology,2
Gynecologic imaging,Uterine anomalies,2
Brainstem,Stroke syndromes,2
Trauma,X-ray,2
Biochemistry,Genetic Disorders,2
Inflammation & Healing,Joints & Arthritis,2
Abdominal Anatomy,Embryology,1
Histology,Microscopic Anatomy,1
Airway Devices,Oxygen Therapy,1
Airway Management,Oxygen Therapy,1
Female Genital Anatomy,Gynecologic Oncology,1
Female Genital Anatomy,Reproductive,1
Gynecologic Oncology,Postpartum Physiology,1
Obstetric Complications,Postpartum Physiology,1
Biochemistry,Cellular Aging,1
Cellular Aging,Systemic Pathology,1
Biochemistry,Mendelian Inheritance,1
Genetics & Molecular Biology,Mendelian Inheritance,1
Cancer Biology,Cellular Metabolism,1
Cancer Biology,Neoplasia,1
Cellular Metabolism,Neoplasia,1
Aging,Cellular Aging,1
Aging,Health Promotion,1
Cellular Aging,Health Promotion,1
Cell Biology,General Physiology,1
Excretory System,Urology,1
General Surgery,Pediatric Surgery,1
General Surgery,Neurology,1
General Surgery,Neurosurgery,1
CNS Physiology,General Surgery,1
Fluid And Electrolyte Balance,General Surgery,1
Fluid and Electrolyte Balance,General Surgery,1
Dermatology,Pressure Ulcers,1
Dermatology,Wound Care,1
Abdominal Abscesses,Abdominal Surgery,1
Abdominal Abscesses,Infections of Bone & Joint,1
Abdominal Surgery,Infections of Bone & Joint,1
Disaster Management,Triage,1
Disaster Management,Triage Categories,1
Triage,Triage Categories,1
Health Administration,Public Health,1
Health Care Delivery,Public Health,1
Biomedical Waste Management,Immunization,1
Infectious Diseases,Protozoology,1
Gynecologic Oncology,Parasitology,1
Emergency Procedures,Trauma,1
Dermatological Syndromes,Skin Disorders,1
Dermatological Syndromes,Squint & Pediatric Ophthalmology,1
Skin Disorders,Squint & Pediatric Ophthalmology,1
Infectious Diseases,Wound Management,1
Clinical Scores,Critical Care,1
Clinical Scores,Sepsis,1
Neuroanatomy,Spinal Cord Injury,1
Anticoagulants,Cardiology,1
Gynaecological Procedures,Hysteroscopy,1
Gynaecological Procedures,Uterine Pathology,1
Hysteroscopy,Uterine Pathology,1
Chemotherapy & Anticancer,Surgical Oncology Principles,1
Gynecologic Oncology,Surgical Oncology Principles,1
IPC Sections,Medical Jurisprudence,1
IPC Sections,Obstetric Complications,1
Medical Jurisprudence,Obstetric Complications,1
Fractures,Peripheral Nerves,1
Fetal Circulation,Obstetric Complications,1
General Surgery,Peripheral Nerves,1
Deficiency Diseases,Squint & Pediatric Ophthalmology,1
Squint & Pediatric Ophthalmology,Vitamins & Nutrition,1
Connective Tissue,Glycosaminoglycans,1
Connective Tissue Biochemistry,Glycosaminoglycans,1
Alkaptonuria,Amino Acid Metabolism,1
Alkaptonuria,Metabolic Disorders,1
Cancer Presentation,Clinical Pathology,1
Cancer Presentation,Neoplasia,1
Clinical Pathology,Neoplasia,1
Anemia,Iron Deficiency Anemia,1
Cellular Adaptations,Cervical Pathology,1
Cellular Adaptations,Neoplasia,1
Cervical Pathology,Neoplasia,1
Cardiology,Rheumatic Fever And Rhd,1
Cardiology,Rheumatic Fever and RHD,1
Immunology,Rheumatic Fever And Rhd,1
Immunology,Rheumatic Fever and RHD,1
Rheumatic Fever And Rhd,Rheumatic Fever and RHD,1
Bone Marrow Failure Syndromes,Hematopathology,1
Genetic Syndromes In Cancer,Genetic Syndromes in Cancer,1
Genetic Syndromes In Cancer,Gynecologic Oncology,1
Genetic Syndromes In Cancer,Molecular Pathology,1
Genetic Syndromes in Cancer,Gynecologic Oncology,1
Genetic Syndromes in Cancer,Molecular Pathology,1
Gynecologic Oncology,Lymphoma Classification,1
Hematopathology,Lymphoma Classification,1
Biologics,Immunosuppressants,1
Immunopharmacology,Immunosuppressants,1
Antimicrobials,Drug Interactions,1
Antiepileptics,Neurology,1
CNS Pharmacology,Neurology,1
Anti-Obesity Drugs,Anti-obesity drugs,1
Anti-Obesity Drugs,Carbohydrate Metabolism,1
Anti-Obesity Drugs,Endocrine Pharmacology,1
Anti-obesity drugs,Carbohydrate Metabolism,1
Anti-obesity drugs,Endocrine Pharmacology,1
Carbohydrate Metabolism,Endocrine Pharmacology,1
Pediatric Poisoning,Plant Poisoning,1
Pediatric Poisoning,Toxicology,1
Clinical Features,Poisoning Symptoms,1
Clinical Features,Toxicology,1
Poisoning Symptoms,Toxicology,1
Autopsy findings,Post-Mortem Lividity,1
Autopsy findings,Post-mortem Lividity,1
Autopsy findings,Post-mortem changes,1
Post-Mortem Lividity,Post-mortem Lividity,1
Post-Mortem Lividity,Post-mortem changes,1
Post-mortem Lividity,Post-mortem changes,1
Paraphilias,Sexual Disorders,1
Emergency Medicine,Environmental Medicine,1
Emergency Medicine,Heat Stroke,1
Environmental Medicine,Heat Stroke,1
General Microbiology,Toxins,1
Pediatric Infectious,Virology,1
Bacteriology,Foodborne Illnesses,1
Culture Media,Gastroenterology,1
Culture media,Gastroenterology,1
Public Health Indicators,Public Health Indices,1
Public Health Indicators,Vitamins & Nutrition,1
Public Health Indices,Vitamins & Nutrition,1
Infectious Diseases,Measles Virus,1
Measles Virus,Virology,1
Epidemiology,Vaccinology,1
Immunization,Vaccinology,1
Environment & Occupational Health,Environmental Monitoring,1
Environmental Health,Environmental Monitoring,1
Health Administration,Health System Organization,1
Health Administration,Public Health Programs,1
Health System Organization,Public Health Programs,1
Environmental Health,Public Health,1
Health Program Evaluation,Health Systems,1
Health Education,Learning Domains,1
Ocular Physiology,Physics,1
Gastrointestinal,Membrane Transport,1
Clinical Examination,Clinical Skills,1
Clinical Examination,History Taking,1
Clinical Skills,History Taking,1
ENT Pharmacology,ENT Procedures,1
ENT Pharmacology,Ent Procedures,1
ENT Pharmacology,Otolaryngology Procedures,1
ENT Procedures,Ent Procedures,1
ENT Procedures,Otolaryngology Procedures,1
Ent Procedures,Otolaryngology Procedures,1
Otolaryngology Emergencies,Pediatric ENT,1
Otolaryngology Emergencies,Tonsillectomy Complications,1
Pediatric ENT,Tonsillectomy Complications,1
Chronic Otitis Media Complications,Intracranial Complications,1
Chronic Otitis Media Complications,Otology,1
Histology,Tongue Anatomy,1
Oral Cavity,Tongue Anatomy,1
Visual Field Defects,Visual Pathway,1
Imaging,Intraocular Foreign Body,1
Imaging,Trauma,1
Ocular Oncology,Retinoblastoma,1
Fundus Examination,Retina,1
Fundus Examination,Vascular,1
Genetic Disorders,Inborn Errors of Metabolism,1
Genetic Disorders,Squint & Pediatric Ophthalmology,1
Inborn Errors of Metabolism,Squint & Pediatric Ophthalmology,1
Cornea & Refractive,Eyelid Disorders,1
Eyelid Disorders,Ocular Surface Diseases,1
Rheumatology,Squint & Pediatric Ophthalmology,1
Spondyloarthropathies,Squint & Pediatric Ophthalmology,1
Autonomic,Glaucoma,1
Neurology,Neuropharmacology,1
Acute Coronary Syndrome,Cardiology,1
Acute Coronary Syndrome,Emergency Medicine,1
Gynecologic Oncology,Mediastinal Masses,1
Hematopathology,Mediastinal Masses,1
Emergency Medicine,Pneumonia,1
Connective Tissue Diseases,Dermatology,1
Connective Tissue Diseases,Rheumatology,1
Infectious Diseases,Pulmonary Eosinophilia,1
Pulmonary Eosinophilia,Pulmonology,1
Chronic Kidney Disease,Hypertension,1
Chronic Kidney Disease,Hypertension Management,1
Thoracic Surgery,Trauma Surgery,1
Head And Neck Surgery,Surgical Anatomy,1
Head and Neck Surgery,Surgical Anatomy,1
Gynecologic Oncology,Prostate Cancer,1
Prostate Cancer,Urology,1
Abdomen,Interventional Radiology,1
Abdomen,Perforation,1
Interventional Radiology,Perforation,1
Abdominal Imaging,Intestinal Obstruction,1
Interventional Radiology,Intestinal Obstruction,1
Electrolyte Imbalance,Paediatric Surgery,1
Electrolyte Imbalance,Pyloric Stenosis,1
Paediatric Surgery,Pyloric Stenosis,1
Antenatal Care,Gravidity Parity,1
Gynecologic Oncology,Postpartum Amenorrhea,1
Gynecologic Oncology,Postpartum complications,1
Postpartum Amenorrhea,Postpartum complications,1
Congenital anomalies,Gynecologic Oncology,1
Antenatal Care,Gestational Age Calculation,1
Gestational Age,Gestational Age Calculation,1
Postpartum Hemorrhage,Surgical Procedures,1
Postpartum Hemorrhage Management,Surgical Procedures,1
Antenatal Care,Fetal Presentation,1
Antenatal Care,Fetal Presentation And Position,1
Antenatal Care,Fetal Presentation and Position,1
Fetal Presentation,Fetal Presentation And Position,1
Fetal Presentation,Fetal Presentation and Position,1
Congenital Anomalies,Transverse Vaginal Septum,1
Gynecologic Oncology,Transverse Vaginal Septum,1
Gynecologic Oncology,Vaginal Discharge,1
Infectious Diseases,Vaginal Discharge,1
Antenatal Care,Immunology,1
Immunology,Obstetric Complications,1
Pelvic Organ Prolapse,Urology,1
Endocrinology,Rickets,1
Neonatology,Rickets,1
Infectious Diseases,Vaccination,1
Infectious Diseases,Paediatric Neurological Disorders,1
Neurology,Paediatric Neurological Disorders,1
Chromosomal Disorders,Dysmorphology,1
Chromosomal Disorders,Genetic Disorders,1
Dysmorphology,Genetic Disorders,1
Fractures,Pediatric Bone Disorders,1
Neonatology,Pediatric Bone Disorders,1
Fractures,Osteoporosis Management,1
General Medicine,Osteoporosis Management,1
Emergency Medicine,Hip Injuries,1
Fractures,Hip Injuries,1
Autoimmune Skin Diseases,Bullous Disorders,1
Hyperkeratosis,Skin Conditions,1
Hyperkeratosis,Vitamins & Nutrition,1
Skin Conditions,Vitamins & Nutrition,1
Endocrine Pharmacology,Local Anaesthetic Toxicity,1
Local Anaesthetic Toxicity,Regional Anaesthesia,1
Neuroanatomy,Spinal Cord Anatomy,1
Spinal Cord,Spinal Cord Anatomy,1
General Anesthesia,Neuromuscular Blockers,1
SUBJ:Radiology,SUBJ:Anaesthesia,1
Congenital Heart Disease,Congenital Heart Disease Imaging,1
Congenital Heart Disease,Pediatric Radiology,1
Congenital Heart Disease Imaging,Pediatric Radiology,1
Abdominal Imaging,Bowel Obstruction,1
Abdominal Imaging,X-ray,1
Bowel Obstruction,X-ray,1
Bone Disorders,Musculoskeletal System,1
Bone Disorders,Pediatric Bone Diseases,1
Musculoskeletal System,Pediatric Bone Diseases,1
Cell Injury & Death,Effects Of Radiation,1
Cell Injury & Death,Effects of Radiation,1
Cell Injury & Death,Radiation Biology,1
Effects Of Radiation,Effects of Radiation,1
Effects Of Radiation,Radiation Biology,1
Effects of Radiation,Radiation Biology,1
SUBJ:Radiology,SUBJ:Physiology,1
Musculoskeletal Imaging,Musculoskeletal Radiology,1
Musculoskeletal Imaging,Neoplasia,1
Intracranial Complications,Otitis Media Complications,1
Otitis Media Complications,Otology,1
Rheumatology,Seronegative Spondyloarthropathies,1
Seronegative Spondyloarthropathies,Spondyloarthropathies,1
Abdomen,Abdominal Pain,1
Abdominal Pain,Gastrointestinal,1
Acute Chest Pain Evaluation,Cardiology,1
Acute Chest Pain Evaluation,Chest Pain,1
Cardiology,Chest Pain,1
Abdominal Radiology,General Surgery,1
Abdominal Radiology,Interventional Radiology,1
Interventional Radiology,Paediatric Emergencies,1
Child Psychiatry,Substance Use,1
General Medicine,Substance Use,1
Child Psychiatry,Psychopathology,1
ARDS,Pulmonology,1
Gastroenterology,Wilson disease,1
Gastrointestinal Surgery,Vitamins & Nutrition,1
B-cell neoplasms,Lymphomas,1
Molecular pathology,Thyroid Carcinoma,1
Molecular pathology,Thyroid carcinoma,1
Horner syndrome,Neuro-ophthalmology,1
Carbohydrate Metabolism,Neonatal Disorders,1
Inborn Errors Of Metabolism,Neonatal Disorders,1
Inborn Errors of Metabolism,Neonatal Disorders,1
Congenital CNS Anomalies,Neuroimaging,1
Head Injury,Neuroimaging,1
Abdominal Imaging,Biliary Diseases,1
Endometriosis,Ovarian Pathology,1
Abdominal Imaging,Plain Radiography,1
Renal,Urinary Tract Stones,1
Urinary Tract Stones,Urolithiasis,1
Esophageal Disorders,Foreign Bodies,1
Gastric Surgery,Vitamins & Nutrition,1
Pain Physiology,Somatosensory System,1
Pain Physiology,Sensory Receptors,1
Oral Cavity Anatomy,Taste Sensation,1
Glucose Metabolism,Glucose metabolism,1
Glucose Metabolism,Insulin resistance,1
Glucose metabolism,Insulin resistance,1
CNS stimulants,Sleep pharmacology,1
Cns Stimulants,Sleep pharmacology,1
Membrane Potentials,Membrane potentials,1
Membrane potentials,Neurophysiology,1
Cerebellar Anatomy,Cerebellar anatomy,1
Cerebellar Anatomy,Cerebellar lesions,1
Cerebellar anatomy,Cerebellar lesions,1
Cochlear Implants,Cochlear implants,1
Cochlear implants,Otology,1
Ear Anatomy,External ear,1
Ear anatomy,External ear,1
Airway Management,Difficult airway,1
Laryngeal Muscles,Voice disorders,1
Laryngeal muscles,Voice disorders,1
Paranasal Sinus Imaging,Sinonasal obstruction,1
Paranasal sinus imaging,Sinonasal obstruction,1
Intraoperative staining,Oral Lesions,1
Intraoperative staining,Oral lesions,1
Abdominal Radiology,Intestinal obstruction,1
Abdominal radiology,Intestinal obstruction,1
Oral Anatomy,Oral anatomy,1
Oral Anatomy,Taste sensation,1
Oral anatomy,Taste sensation,1
Esophageal diverticula,Pharyngeal Disorders,1
Esophageal diverticula,Pharyngeal disorders,1
Pharyngeal Disorders,Pharyngeal disorders,1
Nasal Surgery,Rhinoplasty,1
Age Estimation,Ossification Centers,1
Radiculopathy,Spinal Nerves,1
Clinical Examination,Knee Ligament Injuries,1
Hand Anatomy,Peripheral Nerves,1
Fractures,Knee Radiology,1
Peripheral Nerves,Spinal Nerves,1
Ankle Anatomy,Lower Limb,1
Amputations,Vascular,1
Medico-Legal Autopsy,Thanatology,1
Firearm Wounds,Thanatology,1
Growth & Development,Multiple Gestation,1
Alcohol Poisoning,Toxicology,1
Abortion Methods,Antenatal Care,1
Antenatal Care,Obstetric Legislation,1
MTP Act,Medical Jurisprudence,1
MTP Act,Mtp Act,1
Medical Jurisprudence,Mtp Act,1
Medical Jurisprudence,PCPNDT Act,1
Medical Jurisprudence,Pcpndt Act,1
Special Senses,Taste Physiology,1
Urolithiasis,Urology,1
Esophageal Disorders,Gastroesophageal Reflux Disease,1
Testicular Torsion,Urology,1
Negative Pressure Wound Therapy,Wound Care,1
Anti-Reflux Surgery,Esophageal Surgery,1
Biopsy,Surgical Oncology,1
Inflammation & Healing,Skin Grafts,1
Chronic Wounds,Vascular,1
Neck Swellings,Thyroid Swellings,1
Surgical Drains,Surgical Instruments,1
Antimetabolites,Nucleotide Metabolism,1
Connective Tissue Disorders,Genetic Disorders,1
Anemias,Red Cell Disorders,1
Alcohols and Glycols,Toxicology,1
Genetic disorders,Ocular Manifestations Of Systemic Diseases,1
Genetic disorders,Ocular manifestations of systemic diseases,1
Ocular Manifestations Of Systemic Diseases,Ocular manifestations of systemic diseases,1
Bacterial Structure And Virulence,Bacterial structure and virulence,1
Bacterial Structure And Virulence,Bacterial virulence,1
Bacterial Structure And Virulence,Bacteriology,1
Bacterial structure and virulence,Bacterial virulence,1
Bacterial structure and virulence,Bacteriology,1
Bacterial virulence,Bacteriology,1
Cell Injury & Death,Cell death,1
Head and Neck Oncology,Nasal And Paranasal Sinus Disorders,1
Head and Neck Oncology,Nasal and paranasal sinus disorders,1
Nasal And Paranasal Sinus Disorders,Nasal and paranasal sinus disorders,1
Head and Neck Pathology,Salivary Gland Pathology,1
Salivary Gland Pathology,Systemic Pathology,1
Inborn Errors Of Metabolism,Lysosomal Storage Disorders,1
Neuropathology,Trauma,1
General Medicine,Nose & PNS,1
Antimicrobial Drugs,Antitubercular Drugs,1
Gynecological Pathology,Systemic Pathology,1
Immunomodulators,Monoclonal Antibodies,1
Neuroanatomy,Urinary System,1
Genitourinary Pathology,Systemic Pathology,1
Benign Uterine Conditions,Benign uterine conditions,1
Benign Uterine Conditions,Menopause,1
Benign Uterine Conditions,Uterine disorders,1
Benign uterine conditions,Menopause,1
Benign uterine conditions,Uterine disorders,1
Menopause,Uterine disorders,1
Breech delivery,Fetal maneuvers,1
Breech delivery,Labor & Delivery,1
Fetal maneuvers,Labor & Delivery,1
Nerve entrapment,Neurology,1
Nerve entrapment,Peripheral neuropathy,1
Neurology,Peripheral neuropathy,1
Gynecologic Oncology,Surgical oncology,1
Surgical Oncology,Surgical oncology,1
Autoimmune diseases,Connective Tissue Disorders,1
Autoimmune diseases,Connective tissue disorders,1
General Surgery,Surgical Oncology,1
Environment & Occupational Health,Head And Neck Pathology,1
Environment & Occupational Health,Head and Neck Pathology,1
Head And Neck Pathology,Head and Neck Pathology,1
Head And Neck Pathology,Systemic Pathology,1
Abdominal Surgery,General Surgery,1
Abdominal Surgery,Neuroanatomy,1
Antiarrhythmics,Cardiology,1
Hearing Assessment,Otology,1
Head And Neck Anatomy,Throat & Larynx,1
Biliary Tract,Biliary Tract Surgery,1
Biliary Tract,Surgical Complications,1
Biliary Tract Surgery,Surgical Complications,1
Esophageal Motility Disorders,Gastroenterology,1
Benign Skin Lesions,Congenital Anomalies,1
Benign Skin Lesions,Neoplasia,1
Congenital Anomalies,Neoplasia,1
Episiotomy,Perineal Anatomy,1
Obstetric Complications,Perineal Anatomy,1
Bone Metabolism,Endocrinology,1
Bone Metabolism,Metabolic Bone Diseases,1
Endocrinology,Metabolic Bone Diseases,1
Congenital Anomalies,Congenital Malformations,1
Congenital Malformations,Neonatology,1
Disease Occurrence,Disease Patterns,1
Disease Occurrence,Epidemiology,1
Disease Patterns,Epidemiology,1
Disease Transmission,Measures Of Disease Transmission,1
Disease Transmission,Measures of Disease Transmission,1
Epidemiology,Measures Of Disease Transmission,1
Epidemiology,Measures of Disease Transmission,1
Measures Of Disease Transmission,Measures of Disease Transmission,1
Endocrine Pharmacology,Preoperative Management,1
Endocrine Pharmacology,Preoperative Medication,1
Preoperative Management,Preoperative Medication,1
Fractures,Pediatric Hip Conditions,1
Hip Disorders,Pediatric Hip Conditions,1
Experimental Study Designs,Research Methodology,1
Surgical Instruments,Surgical Procedures,1
Surgical Instruments,Surgical Techniques,1
Surgical Procedures,Surgical Techniques,1
Endocrine Pharmacology,Paediatric Emergencies,1
General Surgery,Lymphedema,1
Endocrine,Gastrointestinal Surgery,1
Gastrointestinal Surgery,Head & Neck,1
Arterial Supply Of Face,Arterial Supply of Face,1
Arterial Supply Of Face,Head & Neck,1
Arterial Supply Of Face,Neuroanatomy,1
Arterial Supply of Face,Head & Neck,1
Arterial Supply of Face,Neuroanatomy,1
Neurology,Peripheral Nerves,1
Neonatology,Neurosurgery,1
Neoplasia,Neurosurgery,1
Endocrinology,Postpartum Complications,1
Obstetric Complications,Umbilical Cord,1
Endocrine Pharmacology,Venous thromboembolism,1
Obstetric Complications,Pelvic Floor,1
Obstetric Complications,Uterine Prolapse,1
Pelvic Floor,Uterine Prolapse,1
Inflammation & Healing,Nose & PNS,1
Cardiology,Coronary Artery Disease,1
Coronary Artery Disease,Endocrine Pharmacology,1
Epidemiology,Health Program Evaluation,1
Epidemiology,Health program evaluation,1
Health Program Evaluation,Health program evaluation,1
Health Program Evaluation,National Health Programs,1
Health program evaluation,National Health Programs,1
Research Methodology,Study Designs,1
Research Methodology,Study designs,1
Study Designs,Study designs,1
CNS Physiology,High Altitude Sickness,1
CNS Physiology,High altitude sickness,1
High Altitude Sickness,High altitude sickness,1
High Altitude Sickness,Pulmonology,1
High altitude sickness,Pulmonology,1
Embryology,Gross Anatomy,1
Embryology,Umbilical Cord Anatomy,1
Gross Anatomy,Umbilical Cord Anatomy,1
Metabolic Disorders,Nephrology,1
Metabolic Disorders,Urolithiasis,1
Child Abuse,Sexual Offences,1
Hematological Markers,Hematopathology,1
Hematological Markers,Neoplasia,1
Lysosomal Storage Disorders,Mucopolysaccharidosis,1
Antitubercular Therapy,Tuberculosis,1
Preventive Health,Preventive Medicine,1
Preventive Health,Vitamins & Nutrition,1
Gastrointestinal,Prokinetic Drugs,1
Gastroenterology,Hepatobiliary Diseases,1
Hepatobiliary Diseases,Malabsorption,1
Thoracic Imaging,X-ray,1
Lumbar Plexus,Lumbar plexus,1
Lumbar Plexus,Peripheral Nervous System,1
Lumbar plexus,Peripheral Nervous System,1
Neoplasia,Skeletal imaging,1
Antenatal Care,Medical jurisprudence,1
Legitimacy,Medical jurisprudence,1
Urethral Stricture,Urethral stricture,1
Urethral Stricture,Urological surgery,1
Urethral stricture,Urological surgery,1
Scrotal Emergencies,Testicular torsion,1
Negative pressure therapy,Wound Care,1
Hernia & Abdominal Wall,Inguinal Region Anatomy,1
Inflammation & Healing,Skin Graft Physiology,1
Breast & Endocrine Surgery,Neck Mass Evaluation,1
Endocrine Pharmacology,Oxidative Phosphorylation,1
Local Anesthetics,Topical anesthesia,1
Advanced cardiac life support,Cardiac Arrest,1
Copper Metabolism,Wilson Disease,1
Infectious Dermatoses,Leprosy,1
Head and Neck,Laryngeal Anatomy,1
Age Estimation,Medicolegal Radiology,1
Instrumental Delivery,Obstetric Complications,1
General Surgery,Obstetric Complications,1
Obstetric Complications,Surgical Instruments,1
Genetic Syndromes,Neuro-Oncology,1
Lacrimal Disorders,Paediatric Ophthalmology,1
Metabolic Bone Disorders,Rickets,1
Hematological Malignancies,Leukemias,1
Chromosomal Disorders,Gonadal Dysgenesis,1
Congenital Anomalies,Neonatal Surgical Conditions,1
Neonatal Surgical Conditions,Neonatology,1
Asthma,Drug Hypersensitivity,1
Sensory Physiology,Taste Perception,1
Cellular Physiology,Neurophysiology,1
Psychopharmacology,Substance Use,1
Intracranial hemorrhage,Neuroimaging,1
Lung malignancies,Thoracic Imaging,1
Surgical Instruments,Urological Procedures,1
Surgical Instruments,Urology,1
Negative pressure wound therapy,Wound Care,1
Abdominal Imaging,Pancreatic disorders,1
Bacteriology,Urolithiasis,1
Infectious Diseases,Urolithiasis,1
Esophagus,Foreign Bodies,1
Foreign Bodies,Foreign bodies,1
Pain physiology,Sensory Physiology,1
Pain physiology,Sensory physiology,1
Oral Cavity,Special Senses,1
Oral cavity,Special Senses,1
Autonomic,CNS pharmacology,1
Autonomic,Cns Pharmacology,1
Cell Physiology,Membrane physiology,1
Cell physiology,Membrane physiology,1
Head and Neck Imaging,Neoplasia,1
Neurotology,Vestibular Disorders,1
Airway Management,Laryngology,1
Plain Radiography,X-ray,1
Acute Lung Injury,Pulmonology,1
Congenital Anomalies,Gastrointestinal,1
External Eye Lesions,Neoplasia,1
Metabolic Disorders,Trace Element Metabolism,1
Carbohydrate Metabolism,Inherited Metabolic Disorders,1
Congenital Brain Malformations,Neuroradiology,1
Intracranial Hemorrhage,Neuroradiology,1
Nasal Surgery,Rhinology,1
Age Estimation,Skeletal Age,1
Epiphyseal Plate,Fractures,1
Hand Muscles,Peripheral Nerves,1
Amputation Levels,Lower Limb,1
Body Preservation,Post-Mortem Changes,1
Clinical Pharmacology,Neuromuscular Blockers,1
Anaesthetic Complications,Anaesthetic Drugs,1
Anaesthetic Complications,Post-operative Complications,1
Anaesthetic Drugs,Post-operative Complications,1
Anaesthetic Monitoring,Depolarizing Neuromuscular Blockers,1
Anaesthetic Monitoring,Neuromuscular Blockers,1
Depolarizing Neuromuscular Blockers,Neuromuscular Blockers,1
Airway Management,Endotracheal Intubation,1
Airway Management,Intubation Complications,1
Endotracheal Intubation,Intubation Complications,1
Fascia,Pelvic Fascia,1
Pelvic Anatomy,Pelvic Fascia,1
Abdominal Anatomy,Abdominal Plexuses,1
Abdominal Anatomy,Autonomic,1
Abdominal Plexuses,Autonomic,1
Muscles,Nerves,1
Foot,Foot Anatomy,1
Foot,Tendons,1
Foot Anatomy,Tendons,1
Cranial Nerves,Skull,1
Cranial Nerves,Skull Base Anatomy,1
Skull,Skull Base Anatomy,1
Muscle Anatomy,Muscles,1
Pelvis & Perineum,Perineum Anatomy,1
Cardiology,Veins,1
General Physiology,Pulmonology,1
General Physiology,Pain Physiology,1
SUBJ:Physiology,SUBJ:Radiology,1
Endocrinology,Pancreatic Hormones,1
Endocrinology,Energy Metabolism,1
CSF Analysis,Cerebrospinal Fluid,1
CSF Analysis,Neurology,1
Lipid Metabolism,Lysosomal Storage Disorders,1
Electrophoresis,Lipid Metabolism,1
Carbohydrate Metabolism,Digestion,1
Chromatography,Labor & Delivery,1
Genetic Techniques,Genetics & Molecular Biology,1
Genetics & Molecular Biology,Molecular Diagnostics,1
Genetics & Molecular Biology,Prenatal Diagnosis,1
Enzymology,Liver Function Tests,1
Alzheimer'S Disease Drugs,Alzheimer's disease drugs,1
Alzheimer'S Disease Drugs,Endocrine Pharmacology,1
Alzheimer'S Disease Drugs,Neurology,1
Alzheimer's disease drugs,Endocrine Pharmacology,1
Alzheimer's disease drugs,Neurology,1
Antiepileptic Drugs,Neurology,1
Antiepileptic drugs,Neurology,1
Endocrine Pharmacology,Teratogenicity,1
Neonatology,Teratogenicity,1
Endocrine Pharmacology,Opioid Antagonists,1
Endocrine Pharmacology,Opioid antagonists,1
Opioid Antagonists,Opioid antagonists,1
CNS Pharmacology,Parkinsonism,1
Cns Pharmacology,Parkinsonism,1
Antiepileptics,Cns Pharmacology,1
Adverse Drug Reactions,Teratogenicity,1
General Pharmacology,Teratogenicity,1
CNS Pharmacology,Migraine,1
Cns Pharmacology,Migraine,1
CNS Pharmacology,Drug Interactions,1
Drug Interactions,General Pharmacology,1
Adverse Drug Reactions,CNS Pharmacology,1
Antimicrobial Pharmacology,Meningitis,1
Endocrine Pharmacology,General Pharmacology,1
Mood Disorders,Mood Stabilizers,1
Mood Disorders,Teratogenicity,1
Mood Stabilizers,Teratogenicity,1
Antimicrobial Agents,Drug Monitoring,1
Antimicrobials,Drug Monitoring,1
Drug Side Effects,Immunomodulators,1
Drug Side Effects,Immunopharmacology,1
Antiretroviral Drugs,Antiviral Agents,1
Antiretroviral Drugs,Drug Side Effects,1
Antiviral Agents,Drug Side Effects,1
Gynecologic Oncology,Targeted Therapy,1
Surgical Oncology,Targeted Therapy,1
Antifungal Drugs,Antimicrobial Agents,1
Antifungal Drugs,Drug Toxicity,1
Antimicrobial Agents,Drug Toxicity,1
Chemotherapy & Anticancer,Receptor Inhibitors,1
Oncology Drugs,Receptor Inhibitors,1
Chemotherapy & Anticancer,Targeted Therapy,1
Oncology Drugs,Targeted Therapy,1
Immunology,Immunosuppressants,1
Chelating Agents,Chelating agents,1
Chelating Agents,Endocrine Pharmacology,1
Chelating Agents,General Medicine,1
Chelating agents,Endocrine Pharmacology,1
Chelating agents,General Medicine,1
Anti-Gout Drugs,Anti-gout drugs,1
Anti-Gout Drugs,Endocrine Pharmacology,1
Anti-Gout Drugs,General Medicine,1
Anti-gout drugs,Endocrine Pharmacology,1
Anti-gout drugs,General Medicine,1
Dermatology,Topical Corticosteroids,1
Dermatology,Topical corticosteroids,1
Endocrine Pharmacology,Topical Corticosteroids,1
Endocrine Pharmacology,Topical corticosteroids,1
Topical Corticosteroids,Topical corticosteroids,1
General Medicine,Hemoglobinopathies,1
Hemoglobinopathies,Systemic Pathology,1
Apoptosis,Cellular Adaptation And Injury,1
Apoptosis,Cellular Adaptation and Injury,1
Cell Injury & Death,Cellular Adaptation And Injury,1
Cell Injury & Death,Cellular Adaptation and Injury,1
Cellular Adaptation And Injury,Cellular Adaptation and Injury,1
Endocarditis,Valvular Heart Disease,1
Endocrine,Valvular Heart Disease,1
Interstitial Lung Disease,Interstitial Lung Diseases,1
Interstitial Lung Diseases,Pulmonology,1
Genetic Counseling,Neonatology,1
Inheritance Patterns,Neonatology,1
Bacteriology,Vibrio Cholerae,1
Bacteriology,Vibrio cholerae,1
Vibrio,Vibrio Cholerae,1
Vibrio,Vibrio cholerae,1
Immunology,MHC Class I,1
Immunology,MHC molecules,1
Immunology,Mhc Class I,1
MHC Class I,MHC molecules,1
MHC Class I,Mhc Class I,1
MHC molecules,Mhc Class I,1
Bacteriology,Staphylococcus Aureus,1
Bacteriology,Staphylococcus aureus,1
Bacteriology,Virulence factors,1
Staphylococcus Aureus,Staphylococcus aureus,1
Staphylococcus Aureus,Virulence factors,1
Staphylococcus aureus,Virulence factors,1
Bacteriology,Streptococcus Agalactiae,1
Bacteriology,Streptococcus agalactiae,1
Identification,Streptococcus Agalactiae,1
Identification,Streptococcus agalactiae,1
Streptococcus Agalactiae,Streptococcus agalactiae,1
Chlamydia,Diagnostic microbiology,1
Herpesviruses,Varicella Zoster Virus,1
Herpesviruses,Varicella zoster virus,1
Varicella Zoster Virus,Varicella zoster virus,1
Varicella Zoster Virus,Virology,1
Infectious Diseases,Mucormycosis,1
Mucormycosis,Mycology,1
Bacterial Cell Wall,Endocrine Pharmacology,1
Environment & Occupational Health,Mycology,1
General Surgery,Road Traffic Accidents,1
Road Traffic Accidents,Thanatology,1
Firearms,Firearms Injuries,1
Firearms,Thanatology,1
Firearms Injuries,Thanatology,1
Electrocution,Emergency Medicine,1
Electrocution,Thanatology,1
Emergency Medicine,Thanatology,1
Behavioral Science,Health Education,1
Behavioral Science,Health Psychology,1
Health Education,Health Psychology,1
Health System,National Health Programs,1
Health System,Rural Health,1
National Health Programs,Rural Health,1
Social Determinants,Social Stratification,1
Social Determinants,Sociology,1
Social Stratification,Sociology,1
Health Policy,Primary Health Care,1
Health Policy,Public Health,1
Primary Health Care,Public Health,1
Community Health,Community Participation,1
Community Health,Health Promotion,1
Community Participation,Health Promotion,1
Epidemiology,Maternal And Child Health,1
Health Care Delivery,Primary Health Care,1
Communicable Diseases,Malaria,1
Health Care Delivery,Public Health Administration,1
IMNCI,Maternal And Child Health,1
IMNCI,Maternal and Child Health,1
Communicable Diseases,Disease Control Programs,1
Communicable Diseases,Disease Surveillance,1
Public Health Programs,Screening,1
Biostatistics,Diagnostic Tests,1
Diagnostic Test Evaluation,Diagnostic Tests,1
Insecticides,Toxicology,1
International Law,Medical Ethics,1
Immunology,Transfusion Medicine,1
Gynecologic Oncology,Plasma Cell Dyscrasias,1
Hematopathology,Plasma Cell Dyscrasias,1
Immunology,Protein Metabolism,1
Immunology,Proteins,1
Protein Metabolism,Proteins,1
Gynecologic Oncology,Myeloproliferative Neoplasms,1
Anemias,Genetics & Molecular Biology,1
Cardiology,Physical Examination,1
Heart Sounds,Physical Examination,1
Emergency Medicine,Pericardial Diseases,1
Pulmonary Hypertension,Pulmonology,1
Cardiology,Thrombolytic Agents,1
Cardiology,Thrombolytics,1
Thrombolytic Agents,Thrombolytics,1
Infectious Diseases,Lung Pathology,1
Lung Pathology,Pulmonology,1
Acute Kidney Injury,Fluid Electrolyte Balance,1
Fluid Electrolyte Balance,Nephrology,1
Gynecologic Oncology,Lung Cancer,1
Electrolytes,Renal,1
Antenatal Care,Autoimmune Disorders,1
Endocrinology,Thymoma Associations,1
Gynecologic Oncology,Thymoma Associations,1
Critical Care,Therapeutic Apheresis,1
Neurology,Therapeutic Apheresis,1
Gout Arthritis,Metabolic Disorders,1
Gout Arthritis,Rheumatology,1
Metabolic Disorders,Rheumatology,1
Electrolyte Imbalance,Endocrinology,1
Electrolyte Imbalance,Parathyroid Disorders,1
Electrolyte Imbalance,Parathyroid disorders,1
Genetic disorders,Parathyroid Disorders,1
Genetic disorders,Parathyroid disorders,1
Carbohydrate Metabolism,Hypoglycemia,1
Hyponatremia,Nephrology,1
Encephalitis,Neurology,1
Motor Neuron Disease,Neuroanatomy,1
Motor Neuron Disease,Neurology,1
Guillain Barre Syndrome,Neurology,1
Gastroenterology,Metabolic Liver Diseases,1
Gastroenterology,Squint & Pediatric Ophthalmology,1
Metabolic Liver Diseases,Squint & Pediatric Ophthalmology,1
Scrotal Swellings,Urology,1
Emergency Medicine,Ureteric Stones,1
Emergency Medicine,Urology,1
Ureteric Stones,Urology,1
Surgical Complications,Urological Surgery,1
Surgical Complications,Urology,1
Renal,Urological Procedures,1
Abdominal Anatomy,Renal,1
History of Medicine,Organ Transplantation,1
History of Medicine,Transplantation,1
Organ Transplantation,Transplantation,1
Pediatric Surgery,Undescended Testis,1
Surgical Procedures,Urological Surgery,1
Surgical Procedures,Urology,1
Gynecologic Oncology,Urological Oncology,1
Urological Oncology,Urology,1
Gastric Surgery,Gastrointestinal Surgery,1
Gastric Surgery,Gynecologic Oncology,1
Congenital Anomalies,Pancreas,1
Congenital Anomalies,Pancreatic Surgery,1
Pancreas,Pancreatic Surgery,1
Breast & Endocrine Surgery,Pancreas,1
Neoplasia,Pancreas,1
Colorectal Surgery,Proctology,1
Proctology,Rectal Prolapse,1
Biliary Injuries,Biliary Surgery,1
Biliary Injuries,Obstetric Complications,1
Biliary Surgery,Obstetric Complications,1
Biliary Surgery,Liver Transplantation,1
Cysts,Spleen,1
Cysts,Splenic Pathology,1
Spleen,Splenic Pathology,1
Bariatric Surgery,Morbid Obesity Surgery,1
Morbid Obesity Surgery,Obesity,1
Scoring Systems,Trauma,1
Splenic Injury Management,Trauma,1
Laparoscopic Complications,Laparoscopy,1
Laparoscopic Complications,Obstetric Complications,1
Laparoscopy,Obstetric Complications,1
Infectious Diseases,Splenomegaly,1
ITP,Splenectomy,1
ITP,Surgical Management Of Itp,1
ITP,Surgical Management of ITP,1
Splenectomy,Surgical Management Of Itp,1
Splenectomy,Surgical Management of ITP,1
Surgical Management Of Itp,Surgical Management of ITP,1
Abdominal Aortic Aneurysm,Aortic Aneurysm,1
SAH Prognostic Scales,Sah Prognostic Scales,1
SAH Prognostic Scales,Scoring Systems,1
SAH Prognostic Scales,Subarachnoid Hemorrhage,1
Sah Prognostic Scales,Scoring Systems,1
Sah Prognostic Scales,Subarachnoid Hemorrhage,1
Scoring Systems,Subarachnoid Hemorrhage,1
Child Health,Child Mortality Determinants,1
Child Mortality Determinants,Public Health,1
Neonatal Surgery,Neonatology,1
Neonatal Surgery,Paediatric Surgery,1
Hypertension,Neurology,1
Endocrinology,Metabolic Disorders,1
Bacterial Meningitis,Meningitis,1
Infectious Diseases,Pediatric Sinusitis,1
Pediatric Sinusitis,Pulmonology,1
Genetic Disorders,Muscular Dystrophies,1
Genetic Disorders,Neuromuscular Disorders,1
Muscular Dystrophies,Neuromuscular Disorders,1
Bone Metabolism,Vitamin C Deficiency,1
Bone Metabolism,Vitamins & Nutrition,1
Vitamin C Deficiency,Vitamins & Nutrition,1
Antiepileptic Drug Contraindications,Antiepileptic Drugs,1
Antiepileptic Drug Contraindications,Epilepsy Syndromes,1
Antiepileptic Drugs,Epilepsy Syndromes,1
Genetic Disorders,Neurocutaneous Syndromes,1
Genetic Disorders,Tuberous Sclerosis,1
Neurocutaneous Syndromes,Tuberous Sclerosis,1
Androgen Insensitivity Syndrome,Endocrinology,1
Androgen Insensitivity Syndrome,Growth & Development,1
Amenorrhea,Post-Abortion Complications,1
Amenorrhea,Secondary Amenorrhea,1
Post-Abortion Complications,Secondary Amenorrhea,1
Infertility,Menstrual Cycle,1
Amenorrhea,Congenital Anomalies,1
Amenorrhea,Reproductive,1
Congenital Anomalies,Reproductive,1
Cervical Cancer,HPV,1
Genitourinary Fistulas,Post-operative Complications,1
Genitourinary Fistulas,Vesicovaginal Fistula,1
Post-operative Complications,Vesicovaginal Fistula,1
Antenatal Care,Gestational Trophoblastic Disease,1
Antenatal Care,Hydatidiform Mole,1
Gestational Trophoblastic Disease,Invasive Mole,1
Hydatidiform Mole,Invasive Mole,1
Cervical Precancerous Lesions,Neoplasia,1
Cervical Precancerous Lesions,PAP Smear,1
Neoplasia,PAP Smear,1
Gynaecological Cancers,Gynaecological Malignancies,1
Gynaecological Cancers,Sentinel Lymph Node Biopsy,1
Gynaecological Malignancies,Sentinel Lymph Node Biopsy,1
Polycystic Ovarian Syndrome,Reproductive,1
Congenital Anomalies,Neural Tube Defects,1
Congenital Anomalies,Prenatal Diagnosis,1
Neural Tube Defects,Prenatal Diagnosis,1
Alpha-Fetoprotein,Alpha-fetoprotein,1
Alpha-Fetoprotein,Neoplasia,1
Alpha-fetoprotein,Neoplasia,1
Antenatal Care,Multiple Gestation,1
Multiple Gestation,Ultrasound,1
Genetics & Molecular Biology,Obstetric Complications,1
Genetics & Molecular Biology,Prenatal Screening,1
Obstetric Complications,Prenatal Screening,1
Fetal Conditions,Neonatology,1
Fetal Conditions,Obstetric Complications,1
Antimicrobial Resistance,Bacterial Pathogenesis,1
Bacterial Pathogenesis,Infectious Diseases,1
Eye Anatomy,Inflammation & Healing,1
Cornea & Refractive,Eye Diseases,1
Lysosomal Storage Disorders,Ocular Manifestations,1
Pupillary Reflexes,Visual Pathway,1
Congenital Syndromes,Cranial Nerve Palsies,1
Congenital Syndromes,Eyelid Disorders,1
Cranial Nerve Palsies,Eyelid Disorders,1
Audiology,Hearing Mechanisms,1
Audiology,Inner Ear Physiology,1
Hearing Mechanisms,Inner Ear Physiology,1
Cornea & Refractive,Eye Banking,1
Cornea & Refractive,Surgical Techniques,1
Eye Banking,Surgical Techniques,1
Drug therapy,Otology,1
Drug therapy,Otosclerosis,1
Electrophysiology,Neuro-ophthalmology,1
Electrophysiology,Ophthalmic investigations,1
Neuro-ophthalmology,Ophthalmic investigations,1
CSF leak,Diagnosis,1
CSF leak,Rhinology,1
Diagnosis,Rhinology,1
Neuro-Otology,Neuro-otology,1
Neuro-Otology,Neuroanatomy,1
Neuro-Otology,Vestibular schwannoma,1
Neuro-otology,Neuroanatomy,1
Neuro-otology,Vestibular schwannoma,1
Neuroanatomy,Vestibular schwannoma,1
Airway Management,Head And Neck Oncology,1
Airway Management,Head and Neck Oncology,1
Airway Management,Nasopharyngeal carcinoma,1
Head And Neck Oncology,Nasopharyngeal carcinoma,1
Head and Neck Oncology,Nasopharyngeal carcinoma,1
Laryngeal anatomy,Larynx Anatomy,1
Laryngeal anatomy,Ligaments,1
Larynx Anatomy,Ligaments,1
Bronchoscopy,Pulmonology,1
Endocrine Pharmacology,Laryngeal Disorders,1
Endocrine Pharmacology,Throat & Larynx,1
Laryngeal Disorders,Throat & Larynx,1
Laryngeal Procedures,Laryngeal Surgery,1
Laryngeal Procedures,Surgical Instruments,1
Laryngeal Surgery,Surgical Instruments,1
Joints & Arthritis,Knee Anatomy,1
Cartilage Physiology,Geriatrics,1
Cartilage Physiology,Joints & Arthritis,1
Geriatrics,Joints & Arthritis,1
SUBJ:Orthopedics,SUBJ:Physiology,1
Arthroplasty,Hip Arthroplasty,1
Hip Arthroplasty,Joints & Arthritis,1
Cardiology,Postoperative Complications,1
Postoperative Complications,Pulmonary Embolism,1
Congenital Anomalies,Spine,1
Spinal Deformities,Spine,1
Congenital Anomalies,Scoliosis,1
Spinal Cord Injuries,Spinal Cord Injury,1
Spinal Cord Injuries,Trauma,1
Spinal Cord Injury,Trauma,1
Gynecologic Oncology,Sarcomas,1
Rotator Cuff,Shoulder Clinical Tests,1
Rotator Cuff,Shoulder Examination,1
Shoulder Clinical Tests,Shoulder Examination,1
Median Nerve,Peripheral Nerves,1
Median Nerve,Upper Limb,1
Bone Pathology,Endocrine,1
Bone Pathology,Metabolic Bone Disease,1
Endocrine,Metabolic Bone Disease,1
Drug Induced Pigmentation,Drug Side Effects,1
Drug Induced Pigmentation,Pigmentation,1
Drug Side Effects,Pigmentation,1
Dermatology,Pustular Psoriasis,1
Obstetric Complications,Pustular Psoriasis,1
Histopathology Stains,Microbiology,1
Histopathology Stains,Systemic Pathology,1
General Medicine,Papulosquamous,1
Epidemiology,Radiation Biology,1
Interventional Radiology,Radiation Biology,1
Interventional Radiology,Pediatric Cardiac Imaging,1
Neonatology,Pediatric Cardiac Imaging,1
Physics,Radiation Safety,1
Physics,Radiation Physics,1
Epidemiology,Radiation Safety,1
Acute Kidney Injury,General Medicine,1
Acute Kidney Injury,Interventional Radiology,1
Behavioral therapy,Psychotherapy,1
Health psychology,Psychotherapy,1
Psychotic disorders,Substance Related Disorders,1
Psychotic disorders,Substance Use,1
Substance Related Disorders,Substance Use,1
Autism spectrum disorder,Child And Adolescent Psychiatry,1
Autism spectrum disorder,Child and Adolescent Psychiatry,1
Autism spectrum disorder,Growth & Development,1
Child And Adolescent Psychiatry,Growth & Development,1
Child and Adolescent Psychiatry,Growth & Development,1
Cognitive behavioral therapy,Psychotherapy,1
Cognitive behavioral therapy,Thought disorders,1
Psychotherapy,Thought disorders,1
Emergency Psychiatry,Emergency psychiatry,1
Emergency Psychiatry,Suicide risk assessment,1
Emergency psychiatry,Suicide risk assessment,1
Lymphatic system,Pelvic Anatomy,1
Lymphatic system,Reproductive,1
Geriatric Psychiatry,Mood Disorders,1
Neurology,Stroke,1
Stroke,Vascular,1
Abdominal Anatomy,Liver Anatomy,1
Bone Classification,Head and Neck,1
Bone Classification,Osteology,1
Head and Neck,Osteology,1
Lower Limb,Peripheral Nervous System,1
Peripheral Nerves,Peripheral Nervous System,1
Brachial Plexus,Peripheral Nervous System,1
Musculoskeletal Anatomy,Vascular,1
Congenital Anomalies,Growth & Development,1
Congenital Anomalies,Thoracic Anatomy,1
Growth & Development,Thoracic Anatomy,1
Genitourinary Anatomy,Male Genitourinary System,1
Histology,Musculoskeletal Anatomy,1
Joints & Arthritis,Musculoskeletal Anatomy,1
Female Genital Anatomy,Pelvic Anatomy,1
Female Genital Anatomy,Pelvic Viscera,1
Pelvic Anatomy,Pelvic Viscera,1
Neuroanatomy,Ventricular System,1
Dermatology,Embryology,1
Dermatology,Growth & Development,1
Musculoskeletal Anatomy,Peripheral Nerves,1
Brain Vasculature,Brain vasculature,1
Brain Vasculature,Neuroanatomy,1
Brain vasculature,Neuroanatomy,1
Arteries,Head and Neck Anatomy,1
Arteries,Neck Anatomy,1
Arteries,Neck anatomy,1
Head and Neck Anatomy,Neck Anatomy,1
Head and Neck Anatomy,Neck anatomy,1
Neck Anatomy,Neck anatomy,1
Neuroanatomy,Spinal Nerve Lesions,1
Neuroanatomy,Spinal nerve lesions,1
Neuroanatomy,Spinal nerves,1
Spinal Nerve Lesions,Spinal nerve lesions,1
Spinal Nerve Lesions,Spinal nerves,1
Spinal nerve lesions,Spinal nerves,1
Abdominal Anatomy,Pancreas Anatomy,1
Abdominal Anatomy,Pancreas anatomy,1
Abdominal Anatomy,Pancreas relations,1
Pancreas Anatomy,Pancreas anatomy,1
Pancreas Anatomy,Pancreas relations,1
Pancreas anatomy,Pancreas relations,1
Cranial nerves,Mandibular Nerve Branches,1
Cranial nerves,Mandibular nerve branches,1
Mandibular Nerve Branches,Mandibular nerve branches,1
Mandibular Nerve Branches,Neuroanatomy,1
Mandibular nerve branches,Neuroanatomy,1
Carbohydrate Metabolism,Energy expenditure,1
Carbohydrate Metabolism,Energy metabolism,1
Energy Metabolism,Energy expenditure,1
Energy expenditure,Energy metabolism,1
Endocrinology,Receptors,1
Receptors,Renal,1
Gastrointestinal,Smooth Muscle,1
Neurotransmitters,Smooth Muscle,1
Fluid Dynamics,Pulmonology,1
Cardiology,Pathophysiology,1
Heart Failure,Pathophysiology,1
Cell Biology,Phagocytosis,1
Carbohydrate Metabolism,Coenzymes,1
Gene Expression,Immunology,1
Protein Metabolism,Vitamin K Metabolism,1
Carbohydrate Metabolism,Metabolic Disorders,1
Glucose Homeostasis,Metabolic Disorders,1
Biotechnology,Hybridoma Technology,1
Hybridoma Technology,Immunology,1
Nitrogen Metabolism,Protein Metabolism,1
Nitrogen Metabolism,Urea Cycle,1
Biotechnology,Recombinant DNA Technology,1
Biotechnology,Recombinant Dna Technology,1
Genetics & Molecular Biology,Recombinant DNA Technology,1
Genetics & Molecular Biology,Recombinant Dna Technology,1
Recombinant DNA Technology,Recombinant Dna Technology,1
Biotechnology,Reporter Genes,1
Genetics & Molecular Biology,Reporter Genes,1
Drug-Induced Hemolysis,Drug-induced Hemolysis,1
Drug-Induced Hemolysis,Genetics & Molecular Biology,1
Drug-Induced Hemolysis,Hematopathology,1
Drug-induced Hemolysis,Genetics & Molecular Biology,1
Drug-induced Hemolysis,Hematopathology,1
Cardiology,Lipoproteins,1
Cellular Physiology,Phagocytosis,1
Autoimmune Diseases,Autoimmunity,1
Autoimmune Diseases,Hematopathology,1
Autoimmunity,Hematopathology,1
Drug Eruptions,Drug Reactions,1
Drug Eruptions,Hypersensitivity,1
Drug Reactions,Hypersensitivity,1
Antibodies,Humoral Immunity,1
Apoptosis,Cell Biology,1
Apoptosis,Cellular Pathology,1
Cell Biology,Cellular Pathology,1
Cell Biology,Cellular Immunity,1
Coagulation Disorders,Hemostasis,1
Complement System,Innate Immunity,1
Immunology,Oxidative Stress,1
Immunology,Reactive Oxygen Species,1
Oxidative Stress,Reactive Oxygen Species,1
Growth & Development,Thrombopoietic Agents,1
Hematopathology,Thrombopoietic Agents,1
Antitubercular Drugs,Vitamins & Nutrition,1
Antitubercular drugs,Vitamins & Nutrition,1
Postpartum Hemorrhage,Uterotonic drugs,1
Postpartum hemorrhage,Uterotonic drugs,1
Anticancer Drugs,Breast & Endocrine Surgery,1
Anticancer drugs,Breast & Endocrine Surgery,1
Antianginal Drugs,Ischemic heart disease,1
Antianginal drugs,Ischemic heart disease,1
Endocrine Pharmacology,Water and electrolyte balance,1
Antiviral Pharmacology,Antiviral drugs,1
Antiviral Pharmacology,HIV,1
Antiviral drugs,HIV,1
Antihypertensives,Lithium,1
Cardiology,Lithium,1
Adverse drug reactions,Immunomodulators,1
Adverse drug reactions,Immunopharmacology,1
Antifungal Pharmacology,Antifungal drugs,1
Antifungal Pharmacology,Electrolyte imbalance,1
Antifungal drugs,Electrolyte imbalance,1
Bone metabolism,Musculoskeletal Pharmacology,1
Bone metabolism,Osteoporosis,1
Musculoskeletal Pharmacology,Osteoporosis,1
Arrhythmias,Cardiac glycosides,1
Cardiac glycosides,Cardiology,1
Neuropharmacology,Opioids,1
Neuropharmacology,Receptor pharmacology,1
Opioids,Receptor pharmacology,1
Cardiology,Pulmonary hypertension,1
Heart failure,Pulmonary hypertension,1
Antiemetics,Pharmacokinetics,1
Gastrointestinal,Pharmacokinetics,1
Enzyme Inhibitors,General Pharmacology,1
Enzyme Inhibitors,Toxicology,1
General Pharmacology,Toxicology,1
Gynaecological Pharmacology,Reproductive,1
Gynaecological Pharmacology,Uterine Disorders,1
Reproductive,Uterine Disorders,1
Anticancer Drugs,Molecular targeted therapy,1
Anticancer drugs,Molecular targeted therapy,1
Menopause,Reproductive,1
Antidiabetic Drugs,Endocrinology,1
Endocrine Pharmacology,Opioid Pharmacology,1
Neurology,Opioid Pharmacology,1
Endocrine Pharmacology,Migraine Prophylaxis,1
General Medicine,Migraine Prophylaxis,1
Chemotherapy Adverse Effects,Endocrine Pharmacology,1
Chemotherapy Adverse Effects,General Medicine,1
Diabetes Mellitus Management,Endocrinology,1
Diabetes Mellitus Management,General Medicine,1
Drug Adverse Effects,Endocrine Pharmacology,1
Drug Adverse Effects,General Medicine,1
Infectious Diseases,Plague,1
Fungal Toxins,Mycology,1
Fungal Toxins,Toxins,1
Mycology,Toxins,1
Bacterial Virulence Factors,Bacteriology,1
Bacteriology,Campylobacter,1
Campylobacter,Gastrointestinal,1
Infectious Diseases,Viral Perinatal Transmission,1
Viral Perinatal Transmission,Virology,1
Infectious Diseases,Neglected Tropical Diseases,1
Infectious Diseases,Yaws,1
Neglected Tropical Diseases,Yaws,1
Acute Phase Reactants,C-Reactive Protein,1
Acute Phase Reactants,C-reactive protein,1
Acute Phase Reactants,Immunology,1
C-Reactive Protein,C-reactive protein,1
C-Reactive Protein,Immunology,1
C-reactive protein,Immunology,1
Acute Cystitis,Clinical Pathology,1
Acute Cystitis,Infectious Diseases,1
Clinical Pathology,Infectious Diseases,1
Infectious Diseases,Sterile Pyuria,1
Nephrology,Sterile Pyuria,1
Nematodes,Toxocariasis,1
Parasitology,Toxocariasis,1
Antigen Properties,Antigen properties,1
Antigen Properties,Antigens,1
Antigen Properties,Immunology,1
Antigen properties,Antigens,1
Antigen properties,Immunology,1
Antigens,Immunology,1
Bacteriology,Gram Positive Cocci,1
Gram Positive Cocci,Gram positive cocci,1
Gram Positive Cocci,Identification,1
Gram positive cocci,Identification,1
Bacteriology,Nocardiosis,1
Nocardiosis,Pulmonology,1
Endophthalmitis,Post-operative complications,1
Bacteriology,Streptococcus Pneumoniae,1
Bacteriology,Streptococcus pneumoniae,1
Gram positive cocci,Streptococcus Pneumoniae,1
Gram positive cocci,Streptococcus pneumoniae,1
Streptococcus Pneumoniae,Streptococcus pneumoniae,1
Diphtheria,Infectious Diseases,1
Child Abuse,Non-Accidental Injury,1
Child Abuse,Non-accidental injury,1
Child Abuse,Trauma,1
Non-Accidental Injury,Non-accidental injury,1
Non-Accidental Injury,Trauma,1
Non-accidental injury,Trauma,1
SUBJ:Pediatrics,SUBJ:Forensic Medicine,1
Gunshot Residue Analysis,Gunshot residue analysis,1
Gunshot Residue Analysis,Thanatology,1
Gunshot residue analysis,Thanatology,1
Head Injuries,Head injuries,1
Head Injuries,Thanatology,1
Head Injuries,Trauma,1
Head injuries,Thanatology,1
Head injuries,Trauma,1
Injury Patterns,Injury patterns,1
Injury Patterns,Thanatology,1
Injury Patterns,Trauma,1
Injury patterns,Thanatology,1
Injury patterns,Trauma,1
Chemical Poisons,Chemical poisons,1
Chemical Poisons,Thanatology,1
Chemical Poisons,Toxicology,1
Chemical poisons,Thanatology,1
Chemical poisons,Toxicology,1
Road Traffic Injuries,Road traffic injuries,1
Road Traffic Injuries,Thanatology,1
Road Traffic Injuries,Trauma,1
Road traffic injuries,Thanatology,1
Road traffic injuries,Trauma,1
Dental Anatomy,Numbering Systems,1
Regression Analysis,Research Methodology,1
Cardiology,Diet,1
International Health,Public Health,1
International Health,World Health Organization,1
Public Health,World Health Organization,1
Epidemiology,McKeown's Theory,1
Epidemiology,Mckeown'S Theory,1
McKeown's Theory,Mckeown'S Theory,1
McKeown's Theory,Public Health,1
Mckeown'S Theory,Public Health,1
Water Purification,Water Quality,1
Air Pollution,Indoor Air Pollution,1
Environmental Health,Indoor Air Pollution,1
Entomology,Vector Borne Diseases,1
Vector Borne Diseases,Vector Control,1
Diagnostic Test Evaluation,Epidemiology,1
National Health Programs,National Screening Programs,1
National Screening Programs,Screening,1
Biostatistics,Maternal Health,1
Biostatistics,Measures Of Skewness,1
Biostatistics,Measures of Skewness,1
Data Analysis,Measures Of Skewness,1
Data Analysis,Measures of Skewness,1
Measures Of Skewness,Measures of Skewness,1
Food Hygiene,Food Safety,1
Food Safety,Public Health,1
Fatty Acids,Vitamins & Nutrition,1
Environmental Health,Mosquito Control,1
Environmental Health,Vector Control,1
Mosquito Control,Vector Control,1
Epidemiology,Japanese Encephalitis,1
Infectious Diseases,Japanese Encephalitis,1
Infectious Diseases,Vector-Borne Diseases,1
Health Indicators,Mortality Indicators,1
Biostatistics,Standardization Of Rates,1
Biostatistics,Standardization of Rates,1
Epidemiology,Standardization Of Rates,1
Epidemiology,Standardization of Rates,1
Standardization Of Rates,Standardization of Rates,1
Airway Management,Neonatology,1
General Surgery,Pharyngology,1
Environment & Occupational Health,Oral Cavity Lesions,1
General Surgery,Oral Cavity Lesions,1
Endocrine Pharmacology,Otosclerosis Treatment,1
Environment & Occupational Health,Otosclerosis Treatment,1
Otology,Systemic Pathology,1
Neuro-ophthalmology,Pupil Disorders,1
Neuro-ophthalmology,Pupil disorders,1
Macular Disorders,Macular degeneration,1
Macular Disorders,Macular disorders,1
Macular degeneration,Macular disorders,1
Neuro-ophthalmology,Ocular motility,1
Ocular Motility Disorders,Ocular motility,1
Ocular Motility Disorders,Ocular motility disorders,1
Ocular motility,Ocular motility disorders,1
Infectious Diseases,Neuro-ophthalmology,1
Ocular oncology,Retinoblastoma,1
Paediatric ophthalmology,Retinoblastoma,1
Emergency Medicine,Retina,1
Headache Disorders,Squint & Pediatric Ophthalmology,1
Headache disorders,Squint & Pediatric Ophthalmology,1
Diabetic retinopathy,Endocrine Pharmacology,1
Endocrine Pharmacology,Retina,1
Genetics & Molecular Biology,Headache Disorders,1
Genetics & Molecular Biology,Headache disorders,1
Environmental Physiology,Hematopathology,1
Antimicrobial drugs,Microbiology,1
Antimicrobials,Microbiology,1
Lung pathology,Microbiology,1
Lung pathology,Pulmonology,1
Endocrinology,Signal Transduction,1
Thyroid Neoplasms,Thyroid Pathology,1
Chest Radiology,Pulmonary Imaging,1
Inflammatory Disorders,Lymph Node Pathology,1
Metabolic Disorders,Mitochondrial Diseases,1
Metabolic Disorders,Mitochondrial Disorders,1
Mitochondrial Diseases,Mitochondrial Disorders,1
Critical Care,Vitamins & Nutrition,1
Cardiology,Intraoperative Complications,1
Cardiology,Intraoperative Monitoring,1
Intraoperative Complications,Intraoperative Monitoring,1
ECG,Ischemic Heart Disease,1
Endocrine,Pancreatic Disorders,1
Endocrinology,Pancreatic Disorders,1
Endocrinology,Hypoglycemia In Children,1
Endocrinology,Hypoglycemia in Children,1
Hypoglycemia,Hypoglycemia In Children,1
Hypoglycemia,Hypoglycemia in Children,1
Hypoglycemia In Children,Hypoglycemia in Children,1
Gastroenterology,Laryngeal Disorders,1
Gastroenterology,Laryngology,1
Laryngeal Disorders,Laryngology,1
Cardiology,Hypothyroidism Management,1
Cardiology,Hypothyroidism management,1
Endocrinology,Hypothyroidism Management,1
Endocrinology,Hypothyroidism management,1
Hypothyroidism Management,Hypothyroidism management,1
Neurology,Neuromuscular disorders,1
Lung Mechanics,Lung mechanics,1
Lung mechanics,Pulmonology,1
Infectious Diseases,Neurodegenerative Disorders,1
Infectious Diseases,Neurodegenerative disorders,1
Biochemistry,Molecular Pathology,1
Biochemistry,Molecular pathology,1
Molecular Pathology,Systemic Pathology,1
Molecular pathology,Systemic Pathology,1
Gastroenterology,Portal Hypertension,1
Gastroenterology,Portal hypertension,1
Neonatology,Portal Hypertension,1
Neonatology,Portal hypertension,1
Portal Hypertension,Portal hypertension,1
CNS Physiology,Diabetes Insipidus,1
Acute Lymphoblastic Leukemia,Gynecologic Oncology,1
Acute Lymphoblastic Leukemia,Hematopathology,1
Acid-Base Balance,Respiration,1
Acid-Base Disorders,Respiration,1
Bacterial Vaginosis,Bacteriology,1
Bacterial Vaginosis,Reproductive,1
Bacteriology,Reproductive,1
Genetic Disorders,Thalassemia,1
Complex Regional Pain Syndrome,Neurology,1
Complex Regional Pain Syndrome,Pain Syndromes,1
Electrolyte Imbalance,Magnesium Toxicity,1
Electrolyte Imbalance,Toxicology,1
Magnesium Toxicity,Toxicology,1
Gastric carcinoma,Gastrointestinal,1
Acid base disorders,Endocrinology,1
Endocrinology,Neurosurgery,1
Neurosurgery,Pituitary Disorders,1
Nephrology,Parathyroid Disorders,1
Burn Assessment,Burns & Plastic,1
Burn Assessment,Paediatric Surgery,1
Burns & Plastic,Paediatric Surgery,1
Prostate Surgery Complications,Urology,1
Bacteriology,Urology,1
Biliary System Diseases,Biliary Tract,1
Biliary Tract,Gallstones,1
Cadaveric Donation,Organ Donation And Transplantation,1
Cadaveric Donation,Organ Donation and Transplantation,1
Cadaveric Donation,Organ Transplantation,1
Organ Donation And Transplantation,Organ Donation and Transplantation,1
Organ Donation And Transplantation,Organ Transplantation,1
Organ Donation and Transplantation,Organ Transplantation,1
Abdominal Emergencies,Peritonitis,1
Peritonitis,Shock,1
GCS,Head Injury,1
GCS,Neurological Assessment,1
Head Injury,Neurological Assessment,1
Paediatric Genitourinary Disorders,Phimosis,1
Paediatric Genitourinary Disorders,Urology,1
Phimosis,Urology,1
Prostate Anatomy,TURP,1
Prostate Anatomy,Urological Procedures,1
TURP,Urological Procedures,1
Gynecologic Oncology,Pelvic Floor Surgery,1
Gynecologic Oncology,Stress Incontinence,1
Pelvic Floor Surgery,Stress Incontinence,1
Amoebic Liver Abscess,Liver Abscess,1
Amoebic Liver Abscess,Liver Diseases,1
Liver Abscess,Liver Diseases,1
Bladder Cancer,Urological Oncology,1
Gastroenterology,Variceal Bleeding,1
Hematuria,Urological Symptoms,1
Chronic Pancreatitis,Pancreatic Surgery,1
Cutaneous Manifestations,Genetic Syndromes,1
Abdominal Pain,Gastroenterology,1
Abdominal Pain,Pancreatic Diseases,1
Gallstone Disease,Pancreatic Diseases,1
Congenital Anomalies,Paediatric Surgery,1
Neonatology,Premature Infant Management,1
Premature Infant Management,Vitamins & Nutrition,1
Fractures,Paediatric Hip Disorders,1
Joints & Arthritis,Paediatric Hip Disorders,1
Paediatric Surgery,Undescended Testis,1
Paediatric Surgery,Urology,1
Gastroenterology,Pediatric GI Disorders,1
Gastroenterology,Pediatric Gi Disorders,1
Neonatology,Pediatric GI Disorders,1
Neonatology,Pediatric Gi Disorders,1
Pediatric GI Disorders,Pediatric Gi Disorders,1
Endocrine,Neonatology,1
Antenatal Care,Placenta Praevia,1
Obstetric Complications,Placenta Praevia,1
Biochemistry,Clinical Pathology,1
Biochemistry,Hormonal Assays,1
Clinical Pathology,Hormonal Assays,1
Amenorrhoea,Endocrinology,1
Amenorrhoea,Gynecologic Oncology,1
Antenatal Care,Maternal physiology,1
Endocrinology,PCOD,1
Endocrinology,Pcod,1
Antenatal Care,Liver disorders,1
Contraception,Epilepsy,1
Contraceptives,Hormonal Contraceptives,1
Contraceptives,Hormonal contraceptives,1
Contraceptives,Hormones,1
Hormonal Contraceptives,Hormonal contraceptives,1
Hormonal Contraceptives,Hormones,1
Hormonal contraceptives,Hormones,1
HIV,Perinatal transmission,1
Perinatal HIV,Perinatal transmission,1
Perinatal Hiv,Perinatal transmission,1
Antenatal Care,Tuberculosis,1
Abnormal Uterine Bleeding,Dysfunctional uterine bleeding,1
Abnormal Uterine Bleeding,Endometrial pathology,1
Dysfunctional uterine bleeding,Endometrial pathology,1
Congenital syndromes,Infertility,1
Antenatal Care,Congenital Anomalies Screening,1
Congenital Anomalies Screening,Neural tube defects,1
Labor & Delivery,Obstetric maneuvers,1
Obstetric maneuvers,Shoulder Dystocia,1
Endocrine Pharmacology,Menorrhagia Management,1
Endocrine Pharmacology,Menstrual Disorders,1
Menorrhagia Management,Menstrual Disorders,1
Bacteriology,Chlamydia Trachomatis,1
Bacteriology,Chlamydia trachomatis,1
Chlamydia Trachomatis,Chlamydia trachomatis,1
Chlamydia Trachomatis,Infectious Diseases,1
Chlamydia trachomatis,Infectious Diseases,1
Endocrinology,Primary Amenorrhoea,1
Genetics & Molecular Biology,Primary Amenorrhoea,1
Koebner Phenomenon,Skin Disorders,1
Autoimmune Skin Diseases,Cicatrising Alopecia,1
Autoimmune Skin Diseases,Hair Disorders,1
Cicatrising Alopecia,Hair Disorders,1
Erythema Nodosum,Panniculitis,1
Erythema Nodosum,Systemic Diseases,1
Panniculitis,Systemic Diseases,1
Histopathology,Leprosy,1
CNS Effects,Inhalational Anaesthetics,1
Cardiology,Intravenous Anaesthetics,1
Cardiology,Patient Management,1
Intravenous Anaesthetics,Patient Management,1
Opioids,Spinal Anaesthesia,1
Airway Management,Anaesthesia Complications,1
Airway Management,Patient Safety,1
Anaesthesia Complications,Patient Safety,1
Anaesthesia In Systemic Diseases,Anaesthesia in Systemic Diseases,1
Anaesthesia In Systemic Diseases,Patient Assessment,1
Anaesthesia In Systemic Diseases,Regional Anaesthesia,1
Anaesthesia in Systemic Diseases,Patient Assessment,1
Anaesthesia in Systemic Diseases,Regional Anaesthesia,1
Patient Assessment,Regional Anaesthesia,1
Anaesthesia Monitoring,Intraoperative Awareness,1
Anaesthesia Monitoring,Patient Safety,1
Intraoperative Awareness,Patient Safety,1
Airway Devices,Emergency Medicine,1
Contraindications,Local Anaesthetics,1
Contraindications,Regional Anaesthesia,1
Bone Imaging,Metastasis Imaging,1
Bone Imaging,Oncologic Imaging,1
Metastasis Imaging,Oncologic Imaging,1
Radiation Biology,Radiation Effects,1
Radiation Biology,Radiation Safety,1
Radiation Effects,Radiation Safety,1
Contrast Media,Contrast Nephropathy Prevention,1
Contrast Media,Nephrology,1
Contrast Nephropathy Prevention,Nephrology,1
Congenital Anomalies,Fetal Imaging,1
Congenital Anomalies,Fetal Ultrasonography,1
Fetal Imaging,Fetal Ultrasonography,1
Chest Radiography,Lung Anatomy,1
Lung Anatomy,X-ray,1
CT Imaging,CT Scan Limitations,1
CT Imaging,Ct Scan Limitations,1
CT Imaging,Diagnostic Accuracy,1
CT Scan Limitations,Ct Scan Limitations,1
CT Scan Limitations,Diagnostic Accuracy,1
Ct Scan Limitations,Diagnostic Accuracy,1
Chest Radiography,Congenital Cardiac Imaging,1
Chest Radiography,Congenital Heart Disease,1
Congenital Cardiac Imaging,Congenital Heart Disease,1
Contrast Media,Contrast Media Properties,1
Contrast Media,Radiography Principles,1
Contrast Media Properties,Radiography Principles,1
Growth & Development,Intellectual Disability,1
Growth & Development,Intellectual Disability Classification,1
Intellectual Disability,Intellectual Disability Classification,1
Opioid Dependence Treatment,Psychopharmacology,1
Opioid Dependence Treatment,Substance Abuse,1
Alcohol Dependence Treatment,Psychopharmacology,1
Alcohol Dependence Treatment,Substance Abuse,1
Alcohol Withdrawal Syndrome,Delirium,1
Alcohol Withdrawal Syndrome,Substance Abuse,1
Delirium,Substance Abuse,1
Behavioral Science,Health Behavior Models,1
Behavioral Science,Health Promotion,1
Health Behavior Models,Health Promotion,1
Joints & Arthritis,Osteoarthritis,1
Knee,Osteoarthritis,1
Fractures,Nerve Injuries,1
Bone Deformities,Fractures,1
Bone Deformities,Growth & Development,1
Knee Pain,Patellofemoral Pain Syndrome,1
Knee Pain,Sports Injuries,1
Patellofemoral Pain Syndrome,Sports Injuries,1
Limb Replantation Principles,Replantation,1
Limb Replantation Principles,Trauma Surgery,1
Replantation,Trauma Surgery,1
Humerus Anatomy,Muscles,1
Humerus Anatomy,Upper Limb,1
Embryology,Germ Layer Derivatives,1
Embryology,Germ Layers,1
Germ Layer Derivatives,Germ Layers,1
Axillary Lymph Nodes,Lymphatic System,1
Axillary Lymph Nodes,Upper Limb,1
Abdominal Anatomy,Inguinal Region,1
Abdominal Anatomy,Pelvic Anatomy,1
Inguinal Region,Pelvic Anatomy,1
Lung Fissures,Surface Anatomy,1
Lung Fissures,Thoracic Anatomy,1
Surface Anatomy,Thoracic Anatomy,1
Cavernous Sinus,Head & Neck,1
Cavernous Sinus,Neuroanatomy,1
Cranial Vasculature,Head and Neck Anatomy,1
Cranial Vasculature,Vascular,1
Head and Neck Anatomy,Vascular,1
Head and Neck Anatomy,Osteology,1
Head and Neck Anatomy,Skull Bones,1
Osteology,Skull Bones,1
Head and Neck Anatomy,Histology,1
Head and Neck Anatomy,Laryngeal Anatomy,1
Histology,Laryngeal Anatomy,1
Neck Anatomy,Neck Vasculature,1
Neck Anatomy,Vascular,1
Neck Vasculature,Vascular,1
Gastrointestinal,Secretions,1
Cardiology,Fluid Balance,1
Gastrointestinal,Secretion Regulation,1
Cell Biology,Muscle Physiology,1
Carbohydrate Metabolism,Metabolic Regulation,1
Genetic Disorders,Glycogen Storage Diseases,1
Carbohydrate Metabolism,Glucose Transporters,1
Genetic Disorders,Glucose Transporters,1
Fatty Acid Synthesis,Metabolic Pathways,1
Lipid Metabolism,Metabolic Pathways,1
Chyluria,Nephrology,1
Chyluria,Vitamins & Nutrition,1
Nephrology,Vitamins & Nutrition,1
Genetic Disorders,Peroxisomal Disorders,1
Amino Acids,Enzymology,1
Carbohydrate Metabolism,Urea Cycle,1
Krebs Cycle,Urea Cycle,1
Amino Acids,Spectroscopy,1
Nucleic Acid Metabolism,Purine Metabolism,1
Genetics & Molecular Biology,Transposons,1
Collagen Structure,Collagen structure,1
Collagen Structure,Connective Tissue,1
Collagen Structure,Proteins,1
Collagen structure,Connective Tissue,1
Collagen structure,Proteins,1
Connective Tissue,Proteins,1
Cell Biology,Protein Degradation,1
Cell Biology,Protein Metabolism,1
Cell Biology,Protein degradation,1
Protein Degradation,Protein Metabolism,1
Protein Degradation,Protein degradation,1
Protein Metabolism,Protein degradation,1
Clinical Biochemistry,LDH isoforms,1
Clinical Biochemistry,Ldh Isoforms,1
Enzymes,LDH isoforms,1
Enzymes,Ldh Isoforms,1
LDH isoforms,Ldh Isoforms,1
Cell Adhesion,Cell Adhesion Molecules,1
Cell Adhesion,Cell Biology,1
Cell Adhesion,Cell adhesion molecules,1
Cell Adhesion Molecules,Cell Biology,1
Cell Adhesion Molecules,Cell adhesion molecules,1
Cell Biology,Cell adhesion molecules,1
Neurofibromatosis,Neurology,1
Aortic Diseases,Vascular,1
Bronchial Asthma,Lung Diseases,1
Lung Diseases,Pulmonology,1
Kidney Diseases,Renal,1
Kidney Diseases,Tubulointerstitial Diseases,1
Renal,Tubulointerstitial Diseases,1
Multiple Myeloma,Plasma Cell Disorders,1
Hematopathology,Leukaemia,1
Hematopathology,Leukaemia Complications,1
Leukaemia,Leukaemia Complications,1
Alcoholic Liver Disease,Liver Pathology,1
Gynaecological Oncology,Reproductive,1
Immunopharmacology,Rheumatology,1
ADH Analogs,Endocrine Pharmacology,1
Anaesthetic Drugs,Neuromuscular Blockers,1
Geriatric Medicine,Geriatrics,1
Geriatric Medicine,Polypharmacy,1
Antimicrobial Agents,Sulfonamides,1
Antimicrobial Drugs,Sulfonamides,1
Antimicrobial Agents,Mechanism of Action,1
Anticancer Drugs,Tyrosine Kinase Inhibitors,1
Chemotherapy & Anticancer,Tyrosine Kinase Inhibitors,1
Legal Terms,Medical Ethics And Law,1
Legal Terms,Medical Ethics and Law,1
Legal Terms,Medical Jurisprudence,1
Medical Ethics And Law,Medical Ethics and Law,1
Medical Ethics And Law,Medical Jurisprudence,1
Medical Ethics and Law,Medical Jurisprudence,1
Fingerprints,Identification,1
Fingerprints,Thanatology,1
Autopsy technique,Thanatology,1
Blast injuries,Thanatology,1
Poisons and Antidotes,Toxicology,1
Corrosive Poisons,Toxicology,1
History of Medicine,Toxicology,1
Embolism,Post-Mortem Changes,1
Embolism,Post-mortem Changes,1
Bacteriology,Clinical Microbiology,1
Clinical Microbiology,Diagnostic Microbiology,1
Gastroenterology,Paediatric Diarrhea,1
Infectious Diseases,Paediatric Diarrhea,1
Infectious Diseases,Musculoskeletal Tuberculosis,1
Musculoskeletal Tuberculosis,Tuberculosis,1
Malaria,Malaria Life Cycle,1
Malaria Life Cycle,Parasitology,1
Congenital Toxoplasmosis,Infectious Diseases,1
Congenital Toxoplasmosis,Squint & Pediatric Ophthalmology,1
Cell Culture,Cell Lines,1
Cell Culture,Virology,1
Cell Lines,Virology,1
Poxviruses,Systemic Pathology,1
HIV Life Cycle,HIV Pathogenesis,1
HIV Life Cycle,Hiv Life Cycle,1
HIV Life Cycle,Virology,1
HIV Pathogenesis,Hiv Life Cycle,1
HIV Pathogenesis,Virology,1
Hiv Life Cycle,Virology,1
Antigen-Antibody Reactions,Immunology,1
Antigen-Antibody Reactions,Serology,1
Adaptive Immunity,B Cell Activation,1
Adaptive Immunity,Immunology,1
Levels Of Prevention,Prevention,1
Prevention,Public Health,1
Public Health,Vaccination,1
Immunization,Measles,1
Measles,Vaccination Schedule,1
Diphtheria,Immunization,1
Diphtheria,Vaccines,1
Diarrhea Management,Fluid And Electrolyte Management,1
Diarrhea Management,Fluid and Electrolyte Balance,1
Diarrhea Management,Fluid and Electrolyte Management,1
Fluid And Electrolyte Management,Fluid and Electrolyte Balance,1
Fluid and Electrolyte Balance,Fluid and Electrolyte Management,1
Infectious Diseases,Treatment Protocols,1
Leprosy,Treatment Protocols,1
Chemotherapy & Anticancer,Epidemiology,1
Demography & Family Planning,Reproduction,1
Health Statistics,Reproduction,1
Infant Mortality,Public Health,1
Environmental Health,Environmental Sanitation,1
Environmental Sanitation,Infectious Diseases,1
National Health Programs,Public Health,1
National Health Programs,Social Welfare,1
Public Health,Social Welfare,1
Ocular Anatomy,Optics,1
Allergic Eye Disease,Conjunctival Disorders,1
Inflammatory Eye Disease,Uvea,1
Glaucoma,Ocular Surgery,1
Ocular Anatomy,Squint & Pediatric Ophthalmology,1
Neoplasia,Orbital Neoplasms,1
Orbital Neoplasms,Systemic Pathology,1
Ocular Anatomy,Pupillary Abnormalities,1
Ocular Anatomy,Pupillary Disorders,1
Pupillary Abnormalities,Pupillary Disorders,1
Congenital Eye Anomalies,Iris Anomalies,1
Congenital Eye Anomalies,Ocular Anatomy,1
Iris Anomalies,Ocular Anatomy,1
Cardiology,ECG Abnormalities,1
Cardiology,Ecg Abnormalities,1
ECG Abnormalities,ECG Interpretation,1
ECG Abnormalities,Ecg Abnormalities,1
ECG Interpretation,Ecg Abnormalities,1
Asthma Classification,Asthma Management,1
Asthma Classification,Pulmonology,1
Glomerulonephritis,IgA Nephropathy,1
Glomerulonephritis,Iga Nephropathy,1
IgA Nephropathy,Iga Nephropathy,1
IgA Nephropathy,Nephrology,1
Iga Nephropathy,Nephrology,1
Antimicrobials,H. Pylori Treatment,1
Antimicrobials,H. pylori Treatment,1
Gastroenterology,H. Pylori Treatment,1
Gastroenterology,H. pylori Treatment,1
H. Pylori Treatment,H. pylori Treatment,1
Diarrhea,Pathophysiology,1
Gastroenterology,Pathophysiology,1
Endocrine Pharmacology,Peripheral Neuropathy,1
Infectious Diseases,Viral Encephalitis,1
Neurology,Viral Encephalitis,1
Immunology,Plasma Cell Disorders,1
Immunology,Systemic Lupus Erythematosus,1
Rheumatology,Systemic Lupus Erythematosus,1
Genodermatoses,Gynecologic Oncology,1
Breast & Endocrine Surgery,Cardiology,1
Breast & Endocrine Surgery,Venous Thromboembolism,1
Skin manifestations,Venous Disorders,1
Skin manifestations,Venous disorders,1
Gastrointestinal,Gastrointestinal Surgery,1
Gastrointestinal,Pseudo-obstruction,1
Gastrointestinal Surgery,Pseudo-obstruction,1
Pediatric Surgery,Umbilical lesions,1
Pediatric surgery,Umbilical lesions,1
Fascia,Male genitourinary,1
Male genitourinary,Pelvic Anatomy,1
Hepatology,Neoplasia,1
Cardiology,Genetic syndromes,1
Dehydration Management,Fluid & Electrolyte Balance,1
Dehydration Management,Gastroenterology,1
Cardiology,Genetic Syndromes,1
Neoplasia,Paediatric Oncology,1
Neuro-oncology,Paediatric Oncology,1
Growth & Development,Physical Examination,1
Diarrhoea Management,Gastroenterology,1
Diarrhoea Management,Vitamins & Nutrition,1
Bronchopulmonary Dysplasia,Neonatology,1
Bronchopulmonary Dysplasia,Pulmonology,1
Gastroenterology,Hyperbilirubinemia,1
Gastroenterology,Liver Disorders,1
Hyperbilirubinemia,Liver Disorders,1
Pediatric Oncology,Prognosis,1
Dislocations,Elbow Injuries,1
Dislocations,Trauma,1
Elbow Injuries,Trauma,1
Deformities,Spinal Deformities,1
Deformities,Spinal Disorders,1
Spinal Deformities,Spinal Disorders,1
Infectious Diseases,Spinal Tuberculosis,1
Compartment Syndrome,Volkmann Ischemic Contracture,1
Vascular,Volkmann Ischemic Contracture,1
Fetal Disorders,Fetal disorders,1
Fetal Disorders,Neonatology,1
Fetal disorders,Neonatology,1
Gynecologic Oncology,Uterine fibroids,1
Systemic Pathology,Uterine fibroids,1
Genital Tuberculosis,Gynecologic Oncology,1
Genital Tuberculosis,Microbiology,1
Genital tuberculosis,Gynecologic Oncology,1
Genital tuberculosis,Microbiology,1
Antenatal Care,Hepatology,1
Hepatology,Obstetric Complications,1
Neuroanatomy,Pelvimetry,1
Abnormal Uterine Bleeding,Endocrine Pharmacology,1
Abnormal uterine bleeding,Endocrine Pharmacology,1
Gynaecological Surgery Complications,Post-operative complications,1
Gynaecological Surgery Complications,Urogenital fistulas,1
Post-operative complications,Urogenital fistulas,1
Antenatal Care,Fetal surveillance,1
Fetal Presentation And Position,Fetal presentation,1
Fetal Presentation And Position,Malpresentations,1
Fetal Presentation and Position,Fetal presentation,1
Fetal Presentation and Position,Malpresentations,1
Fetal presentation,Malpresentations,1
Nevi,Pigmented lesions,1
Pigmentary Disorders,Pigmented lesions,1
Mucocutaneous disorders,Systemic Vasculitis,1
Mucocutaneous disorders,Systemic vasculitis,1
History Of Anaesthesia,History of anaesthesia,1
History Of Anaesthesia,Stages of anaesthesia,1
History of Anaesthesia,History of anaesthesia,1
History of Anaesthesia,Stages of anaesthesia,1
History of anaesthesia,Stages of anaesthesia,1
Anaesthetic Agents,Endocrine Pharmacology,1
Anaesthetic Agents,Neuromuscular Blockers,1
Anaesthetic Agents,Emergency Medicine,1
Anaesthetic Agents,Induction Agents,1
Emergency Medicine,Induction Agents,1
Analgesia,Endocrine Pharmacology,1
Analgesia,Opioid Analgesics,1
Endocrine Pharmacology,Opioid Analgesics,1
Computed Tomography (CT),Computed Tomography (Ct),1
Computed Tomography (CT),Imaging Modalities,1
Computed Tomography (Ct),Imaging Modalities,1
Carotid Artery Stenosis,General Medicine,1
Carotid Artery Stenosis,Vascular,1
Nuclear Medicine,Physics,1
Nuclear Medicine,Radioisotopes,1
Physics,Radioisotopes,1
Amphetamine Abuse,Schizophrenia & Psychosis,1
Amphetamine Abuse,Substance Abuse,1
Schizophrenia & Psychosis,Substance Abuse,1
Diagnostic Tests,Sexual Dysfunction,1
Hand Anatomy,Osteology,1
Histology,Muscle Physiology,1
Hand Anatomy,Tendons & Bursae,1
Muscles,Pelvis And Perineum,1
Muscles,Pelvis and Perineum,1
Ear,Head And Neck,1
Pulmonary Circulation,Pulmonology,1
Hypothalamic Functions,Hypothalamus,1
Hypothalamic Functions,Neurophysiology,1
Nerve Fibers,Neurophysiology,1
Nerve Fibers,Sensory Pathways,1
Neurophysiology,Sensory Pathways,1
Hematopathology,Neurophysiology,1
Appetite Regulation,Hypothalamus,1
Appetite Regulation,Neurophysiology,1
Kidney Function,Renal,1
Kidney Function,Urine Concentration,1
Renal,Urine Concentration,1
Cellular Physiology,Gastrointestinal,1
Endocrine,Geriatrics,1
Circulatory Physiology,Gastrointestinal,1
Enzymology,Glycolysis,1
Enzymology,Protein Chemistry,1
Carbohydrate Chemistry,Carbohydrates,1
Carbohydrate Chemistry,Sugar Chemistry,1
Carbohydrates,Sugar Chemistry,1
Clinical Biochemistry,Urinalysis,1
Amino Acids,Analytical Biochemistry,1
Amyloidosis,Cell Injury & Death,1
Inflammation & Healing,Urinary System Pathology,1
Renal,Urinary System Pathology,1
Hematopathology,Myeloid Neoplasms,1
Myeloid Neoplasms,Neoplasia,1
Hemolytic Anemias,Immunology,1
Familial Adenomatous Polyposis,Genetic Syndromes,1
Familial Adenomatous Polyposis,Skin Pathology,1
Genetic Syndromes,Skin Pathology,1
Autoimmune Disorders,Muscle Diseases,1
Autoimmune Disorders,Muscle Pathology,1
Muscle Diseases,Muscle Pathology,1
Histopathology,Neoplasms,1
Histopathology,Ocular Pathology,1
Neoplasms,Ocular Pathology,1
Beta-blockers,Glaucoma,1
Beta-blockers,Ocular Pharmacology,1
Antihistamines,Autacoids,1
Antihistamines,Drug Metabolism,1
Autacoids,Drug Metabolism,1
Diuretics,Nephron Physiology,1
Nephron Physiology,Renal,1
Antiepileptic Drugs,CNS Pharmacology,1
Antiepileptic Drugs,Cns Pharmacology,1
Endocannabinoids,Neuropharmacology,1
Endocannabinoids,Neurotransmitters,1
Neuropharmacology,Neurotransmitters,1
Antidiabetic drugs,PCOS management,1
Endocrine Pharmacology,PCOS management,1
Clinical Pharmacology,Drug interactions,1
Clinical Pharmacology,Oral contraceptives,1
Drug interactions,Oral contraceptives,1
Cardiology,Drug mechanism,1
Cardiology,Lipid lowering drugs,1
Drug mechanism,Lipid lowering drugs,1
Anticoagulants,Drug administration routes,1
Drug administration routes,Hematopathology,1
Antiretroviral drugs,Drug side effects,1
Antiretroviral drugs,Infectious Diseases,1
Drug side effects,Infectious Diseases,1
Anticancer drugs,Oncology Pharmacology,1
Chemotherapy & Anticancer,Oncology Pharmacology,1
Clinical Pharmacology,Drug toxicity,1
Clinical Pharmacology,Hepatotoxicity,1
Drug toxicity,Hepatotoxicity,1
Bacteriology,Clostridioides Difficile,1
Bacteriology,Clostridioides difficile,1
Clostridioides Difficile,Clostridioides difficile,1
Clostridioides Difficile,Gastroenterology,1
Clostridioides difficile,Gastroenterology,1
Bacteriology,Sterilization & Hospital Infection,1
Bacteriology,Sterilization Methods,1
Bacteriology,Sterilization methods,1
Sterilization & Hospital Infection,Sterilization Methods,1
Sterilization & Hospital Infection,Sterilization methods,1
Sterilization Methods,Sterilization methods,1
Lab techniques,Microscopy,1
Bacteriology,Neisseria Meningitidis Vaccine,1
Bacteriology,Neisseria meningitidis vaccine,1
Bacteriology,Vaccinology,1
Neisseria Meningitidis Vaccine,Neisseria meningitidis vaccine,1
Neisseria Meningitidis Vaccine,Vaccinology,1
Neisseria meningitidis vaccine,Vaccinology,1
Infectious Diseases,Post-Streptococcal Glomerulonephritis,1
Infectious Diseases,Post-streptococcal Glomerulonephritis,1
Nephrology,Post-Streptococcal Glomerulonephritis,1
Nephrology,Post-streptococcal Glomerulonephritis,1
Post-Streptococcal Glomerulonephritis,Post-streptococcal Glomerulonephritis,1
Anaerobes,Bacterial Classification,1
Anaerobes,Bacterial classification,1
Anaerobes,Bacteriology,1
Bacterial Classification,Bacterial classification,1
Bacterial Classification,Bacteriology,1
Bacterial classification,Bacteriology,1
Foodborne diseases,Parasitology,1
Foodborne diseases,Taeniasis,1
Parasitology,Taeniasis,1
Gastroenterology,Giardiasis,1
Giardiasis,Parasitology,1
Aspergillus,Infectious Diseases,1
Aspergillus,Mycology,1
Antibodies,Immunoglobulins,1
Global Health,Growth & Development,1
Global Health,Public Health,1
Growth & Development,Public Health,1
Disability,Health Definitions,1
Disability,Public Health Concepts,1
Health Definitions,Public Health Concepts,1
Cold Chain,Vaccine storage,1
Immunization,Vaccine storage,1
Vaccine Storage,Vaccine storage,1
Childhood Pneumonia,Childhood pneumonia,1
Childhood Pneumonia,IMNCI,1
Childhood Pneumonia,Pulmonology,1
Childhood pneumonia,IMNCI,1
Childhood pneumonia,Pulmonology,1
Antimalarial Drugs,Antimalarials,1
Antimalarial Drugs,Paediatric dosing,1
Antimalarial drugs,Antimalarials,1
Antimalarial drugs,Paediatric dosing,1
Antimalarials,Paediatric dosing,1
Classification,Epidemiology,1
Classification,Nose & PNS,1
Disease surveillance,Integrated Disease Surveillance Project,1
Disease surveillance,National Health Programs,1
Integrated Disease Surveillance Project,National Health Programs,1
Contraception,Natural Family Planning,1
Contraception,Natural family planning,1
Demography & Family Planning,Natural Family Planning,1
Demography & Family Planning,Natural family planning,1
Natural Family Planning,Natural family planning,1
Demography & Family Planning,Fertility Rates,1
Demography & Family Planning,Fertility rates,1
Fertility Rates,Fertility rates,1
Fertility Rates,Infertility,1
Fertility rates,Infertility,1
Epidemiology,Sociology,1
Epidemiology,Health Administration,1
Epidemiology,Health Care Delivery,1
CNS Physiology,Special Senses,1
Environment & Occupational Health,Special Senses,1
Audiology,CNS Physiology,1
Audiology,Environment & Occupational Health,1
Head & Neck,Neuroimaging,1
Hearing Tests,Otology,1
Acoustic Neuroma,Neoplasia,1
Acoustic Neuroma,Neuro-otology,1
Neoplasia,Neuro-otology,1
Environment & Occupational Health,Nasal Anatomy,1
Head & Neck,Nasal Anatomy,1
Epistaxis,Nasal Bleeding,1
Nasal Bleeding,Rhinology,1
Nasopharyngeal Angiofibroma,Neoplasia,1
Nasopharyngeal Angiofibroma,Rhinology,1
Infectious Diseases,Retropharyngeal Abscess,1
Pharyngology,Retropharyngeal Abscess,1
Maxillary Sinus,Obstetric Complications,1
Maxillary Sinus,Oral Surgery,1
Obstetric Complications,Oral Surgery,1
Nasal Septum Surgery,Nasal Surgery,1
Nasal Septum Surgery,Surgical Approaches,1
Nasal Surgery,Surgical Approaches,1
Eye Anatomy,Visual Pathway,1
Ophthalmic Drugs,Refraction,1
Ophthalmic Drugs,Refractive Errors,1
Conjunctivitis,Infectious Eye Diseases,1
Conjunctivitis,Trachoma,1
Infectious Eye Diseases,Trachoma,1
Cornea & Refractive,Infectious Eye Diseases,1
Inflammatory Eye Diseases,Uveitis,1
Lens & Cataract,Ocular Manifestations of Systemic Disease,1
Emergency Ophthalmology,Glaucoma,1
Optic Nerve,Visual Field Defects,1
Ocular Examination,Ocular Motility,1
Lacrimal System,Ophthalmic Surgery,1
Ascites,Gastroenterology,1
Ascites,Hepatology,1
Calciphylaxis,Endocrinology,1
Calciphylaxis,Nephrology,1
Neurosurgery,Subarachnoid Hemorrhage,1
Gastroenterology,Liver Biopsy,1
Hepatology,Liver Biopsy,1
Hypercalcemia,Nephrology,1
Gynecologic Oncology,Rheumatoid Arthritis Complications,1
Gynecologic Oncology,Rheumatology,1
Rheumatoid Arthritis Complications,Rheumatology,1
Vitamin E Deficiency,Vitamins & Nutrition,1
Autoimmune disorders,Myasthenia Gravis,1
Autoimmune disorders,Neurology,1
Inflammation & Healing,Tissue Repair,1
Metabolic disorders,Vitamins & Nutrition,1
Colorectal Cancer Precursors,Gastrointestinal,1
Colorectal Cancer Precursors,Gynecologic Oncology,1
Emergency Medicine,Gastrointestinal Surgery,1
Emergency Medicine,Intestinal Obstruction,1
Congenital Anomalies,Head And Neck Surgery,1
Congenital Anomalies,Head and Neck Surgery,1
Abdominal Anatomy,Hernia & Abdominal Wall,1
Hernia & Abdominal Wall,Surgical Anatomy,1
Rhinology,Sinus Surgery,1
Rhinology,Surgical Procedures,1
Sinus Surgery,Surgical Procedures,1
Growth & Development,Nephrology,1
Cardiology,Prostaglandins,1
Bronchiolitis,Infectious Diseases,1
Epidemiology,Neonatal Care,1
Congenital Hypothyroidism,Endocrinology,1
Congenital Hypothyroidism,Neonatology,1
Congenital Anomalies,Spinal Anomalies,1
Congenital Anomalies,Spinal Disorders,1
Spinal Anomalies,Spinal Disorders,1
Bone Disorders,Skeletal Radiology,1
Bone Disorders,Spinal Imaging,1
Skeletal Radiology,Spinal Imaging,1
Gynecologic Oncology,Metastasis,1
Arthritis Imaging,Joints & Arthritis,1
Arthritis Imaging,Rheumatology,1
Clinical Signs,Endocrinology,1
Clinical Signs,Metabolic Bone Disorders,1
Endocrinology,Metabolic Bone Disorders,1
Abnormal Uterine Bleeding,Definitions,1
Abnormal Uterine Bleeding,Menstrual Disorders,1
Definitions,Menstrual Disorders,1
Caesarean Section,Labor & Delivery,1
Perineal Tear,Surgical Sutures,1
Perineal Tear,Trauma,1
Surgical Sutures,Trauma,1
Antenatal Care,Uterine Fibroids,1
Endometritis,Gynecologic Oncology,1
Endometritis,Microbiology,1
Gynecologic Oncology,Polycystic Ovarian Syndrome,1
Gynecologic Oncology,Vaginitis,1
Microbiology,Vaginitis,1
Acne Vulgaris,CNS Physiology,1
Bullous Disorders,Dermatology,1
Behcet'S Syndrome,Behcet's Syndrome,1
Behcet'S Syndrome,Dermatology,1
Behcet'S Syndrome,General Medicine,1
Behcet's Syndrome,Dermatology,1
Behcet's Syndrome,General Medicine,1
Pigmented Purpuric Dermatoses,Vascular,1
History Of Anaesthesia,History of Medicine,1
History Of Anaesthesia,Regional Anaesthesia,1
History of Anaesthesia,History of Medicine,1
History of Anaesthesia,Regional Anaesthesia,1
History of Medicine,Regional Anaesthesia,1
Endoscopy,Gastroenterology,1
Endoscopy,Gastrointestinal,1
Gynecologic Oncology,Imaging,1
Gynecologic Oncology,Oncology Imaging,1
Imaging,Oncology Imaging,1
History Of Psychiatry,History of Psychiatry,1
Alcohol Use Disorder,Alcohol Withdrawal,1
Alcohol Use Disorder,Substance Abuse,1
Alcohol Withdrawal,Substance Abuse,1
Sleep Disorders,Sleep Physiology,1
Arrhythmias,General Medicine,1
Neuroanatomy,Peripheral nerves,1
Axilla,Neuroanatomy,1
Axilla,Regional Anatomy,1
Joints & Arthritis,Regional Anatomy,1
Neuroanatomy,Pericardium,1
Neuroanatomy,Thoracic Anatomy,1
Pericardium,Thoracic Anatomy,1
Neuroanatomy,Venous Drainage,1
Neuroanatomy,Venous drainage,1
Vascular,Venous Drainage,1
Vascular,Venous drainage,1
Venous Drainage,Venous drainage,1
Neck Anatomy,Pharynx,1
Eye Anatomy,Head and Neck Anatomy,1
Innervation,Joints & Arthritis,1
Sensory Physiology,Special Senses,1
Appetite Regulation,Endocrine,1
Pituitary Hormones,Reproductive,1
GI Secretions,Gastrointestinal,1
GI Secretions,Gi Secretions,1
Gastrointestinal,Gi Secretions,1
GI Absorption,Gastrointestinal,1
GI Absorption,Gi Absorption,1
Gastrointestinal,Gi Absorption,1
Cell Membrane Physiology,Cell Physiology,1
Cell Membrane Physiology,Membrane Transport,1
Connective Tissue,Eye Anatomy,1
Connective Tissue Biochemistry,Eye Anatomy,1
Carbohydrate Metabolism,Lysosomal Storage Disorders,1
Amino Acid Structure And Classification,Amino Acid Structure and Classification,1
Amino Acid Structure And Classification,Amino Acids,1
Amino Acid Structure And Classification,Protein Structure,1
Amino Acid Structure and Classification,Amino Acids,1
Amino Acid Structure and Classification,Protein Structure,1
Nucleotide Metabolism,Purine And Pyrimidine Metabolism,1
Nucleotide Metabolism,Purine Synthesis,1
Nucleotide Metabolism,Purine and Pyrimidine Metabolism,1
Purine And Pyrimidine Metabolism,Purine Synthesis,1
Purine And Pyrimidine Metabolism,Purine and Pyrimidine Metabolism,1
Purine Synthesis,Purine and Pyrimidine Metabolism,1
Nucleic Acid Structure,Nucleic Acids,1
Nucleic Acid Structure,Nucleotides,1
Biomolecular Interactions,Chemical Bonds,1
Biomolecular Interactions,Genetics & Molecular Biology,1
Chemical Bonds,Genetics & Molecular Biology,1
Enzymes,Extracellular Matrix,1
Enzymology,Extracellular Matrix,1
Cellular Immunity,Cytokines,1
Cellular Pathology,Inflammation & Healing,1
Endocrinology,Genetic Disorders,1
Chromosomal Abnormalities,Growth & Development,1
Chromosomal abnormalities,Growth & Development,1
Genetic disorders,Growth & Development,1
Histology,Histopathology,1
Cell metabolism,Neoplasia,1
Autoimmune disorders,Systemic Vasculitis,1
Autoimmune disorders,Systemic vasculitis,1
Autoimmune disorders,Vasculitis,1
Systemic vasculitis,Vasculitis,1
Gastric Malignancies,Gastric malignancies,1
Gastric Malignancies,Gastrointestinal,1
Gastric Malignancies,Lymphoma,1
Gastric malignancies,Gastrointestinal,1
Gastric malignancies,Lymphoma,1
Gastrointestinal,Lymphoma,1
Drug dosing,Pharmacokinetics,1
Drug dosing,Pharmacokinetics Principles,1
Drug dosing,Pharmacokinetics principles,1
Drug calculations,Pharmacokinetics,1
Drug calculations,Pharmacokinetics Principles,1
Drug calculations,Pharmacokinetics principles,1
Cardiology,Cardiovascular Drugs,1
CNS Drugs,CNS Pharmacology,1
CNS Drugs,Receptor Pharmacology,1
CNS Pharmacology,Receptor Pharmacology,1
CNS Pharmacology,Parkinson Disease Drugs,1
CNS Pharmacology,Parkinson Disease Treatment,1
Parkinson Disease Drugs,Parkinson Disease Treatment,1
Cardiology,Hypertension Management,1
Antimicrobial Agents,Drug Sources,1
Adverse Drug Reactions,Antimicrobial Agents,1
Adverse Drug Reactions,Ototoxicity,1
Dyslipidemia,Dyslipidemia Management,1
Dyslipidemia,Dyslipidemia management,1
Dyslipidemia Management,Dyslipidemia management,1
Dyslipidemia Management,Lipid Metabolism,1
Dyslipidemia management,Lipid Metabolism,1
Neonatal Care,Vitamin K,1
Neonatal care,Vitamin K,1
Neonatology,Vitamin K,1
Contraception,Contraceptive methods,1
Contraceptive Methods,Contraceptive methods,1
Contraceptive methods,Demography & Family Planning,1
Drug interactions,Endocrine,1
Antimicrobials,Antineoplastic Drugs,1
Antimicrobials,Antineoplastic drugs,1
Antimicrobials,Chemotherapy & Anticancer,1
Antineoplastic drugs,Chemotherapy & Anticancer,1
IPC sections,Legal Aspects Of Injury,1
IPC sections,Legal aspects of injury,1
IPC sections,Medical jurisprudence,1
Legal Aspects Of Injury,Legal aspects of injury,1
Legal Aspects Of Injury,Medical jurisprudence,1
Legal aspects of injury,Medical jurisprudence,1
Osteology,Pelvic Girdle,1
Osteology,Pelvic anatomy,1
Osteology,Pelvic girdle,1
Pelvic Girdle,Pelvic anatomy,1
Pelvic Girdle,Pelvic girdle,1
Pelvic anatomy,Pelvic girdle,1
Asphyxia,Neck Injuries,1
Asphyxial Deaths,Neck Injuries,1
Head Injuries,Head Injury,1
Head Injuries,Intracranial Hemorrhage,1
Head Injury,Intracranial Hemorrhage,1
Fetal Viability,Medical Jurisprudence,1
Autopsy,Postmortem Procedures,1
Postmortem Examination,Postmortem Procedures,1
Postmortem Findings,Toxicology,1
Bacterial Typing,Bacteriology,1
Bacterial Typing,Identification,1
Bacteriology,Infective Endocarditis,1
Bacterial Characteristics,Bacteriology,1
Bacterial Characteristics,Vibrio,1
DNA viruses,Dna Viruses,1
Dna Viruses,Virology,1
Exanthems,Infectious Diseases,1
Environment & Occupational Health,HIV,1
Labor & Delivery,Mycology,1
Culture Media,Labor & Delivery,1
Epidemiology,Levels of Prevention,1
Public Health,Vaccines,1
Disease Surveillance,Public Health,1
Health Indicators,Mortality,1
Mortality,Public Health,1
Communicable Diseases,Measles,1
National AIDS Control Programme,National Aids Control Programme,1
National AIDS Control Programme,National Health Programs,1
National AIDS Control Programme,STDs,1
National Aids Control Programme,National Health Programs,1
National Aids Control Programme,STDs,1
National Health Programs,STDs,1
Communicable Diseases,Rabies,1
Communicable Diseases,Rabies Prophylaxis,1
Rabies,Rabies Prophylaxis,1
Communicable Diseases,Typhus,1
Communicable Diseases,Vector-Borne Diseases,1
Communicable Diseases,Vector-borne Diseases,1
Typhus,Vector-Borne Diseases,1
Typhus,Vector-borne Diseases,1
Health Indicators,Health Statistics,1
Water Quality,Water Sanitation,1
Blindness,Causes Of Blindness,1
Blindness,Causes of Blindness,1
Causes Of Blindness,Causes of Blindness,1
Causes Of Blindness,Epidemiology,1
Causes of Blindness,Epidemiology,1
HIV/AIDS,HIV/AIDS Control,1
HIV/AIDS,Hiv/Aids Control,1
HIV/AIDS,Public Health Programs,1
HIV/AIDS Control,Hiv/Aids Control,1
HIV/AIDS Control,Public Health Programs,1
Hiv/Aids Control,Public Health Programs,1
Neurology,Trigeminal Neuralgia,1
Pain Syndromes,Trigeminal Neuralgia,1
Neoplasia,Rhinophyma,1
Neoplasia,Skin Conditions,1
Rhinophyma,Skin Conditions,1
Microbiology,Pediatric ENT,1
Otitis Media,Pediatric ENT,1
Audiology,Hearing Loss Classification,1
Hearing Loss,Hearing Loss Classification,1
Epidemiology,Rhinitis,1
Microbiology,Rhinitis,1
Laryngeal Diseases,Laryngeal Pathology,1
Laryngeal Diseases,Specific Signs,1
Laryngeal Pathology,Specific Signs,1
Macular Function,Ophthalmic Investigations,1
Cornea & Refractive,Specific Signs,1
Glandular Anatomy,Ocular Adnexa Anatomy,1
Diabetic Retinopathy,Macular Diseases,1
Ectopia Lentis,Systemic Diseases with Ocular Manifestations,1
Lens & Cataract,Systemic Diseases with Ocular Manifestations,1
Neuro-ophthalmology,Optic Neuropathies,1
Neuro-ophthalmology,Optic Neuropathy,1
Optic Neuropathies,Optic Neuropathy,1
Neoplasia,Paediatric Ophthalmology,1
Neoplasia,Retinoblastoma,1
Paediatric Ophthalmology,Retinoblastoma,1
Classifications,Trauma,1
Antenatal Care,Metabolic Changes,1
Leukemia,Myeloproliferative Neoplasms,1
Pulmonology,Sleep Apnea,1
Pulmonology,Sleep Disorders,1
Sleep Apnea,Sleep Disorders,1
Dialysis Complications,Nephrology,1
Dialysis Complications,Renal,1
Enzymology,Genetic Disorders,1
Environmental Lung Disease,Occupational Lung Diseases,1
Environmental Lung Disease,Pulmonology,1
Drug-Induced Conditions,Drug-induced conditions,1
Drug-Induced Conditions,Endocrine Pharmacology,1
Drug-Induced Conditions,Rheumatology,1
Drug-induced conditions,Endocrine Pharmacology,1
Drug-induced conditions,Rheumatology,1
Endocrine Pharmacology,Rheumatology,1
Neurosurgery,Vascular,1
Chest Radiology,Lung Imaging Findings,1
Chest Radiology,Pneumonia,1
Lung Imaging Findings,Pneumonia,1
Diagnostic Microbiology,HIV Diagnostics,1
Diagnostic Microbiology,Hiv Diagnostics,1
Diagnostic Microbiology,Virology,1
HIV Diagnostics,Hiv Diagnostics,1
HIV Diagnostics,Virology,1
Hiv Diagnostics,Virology,1
Congenital Heart Disease,Pediatric Arrhythmias,1
Congenital Heart Disease,Pediatric Cardiology,1
Pediatric Arrhythmias,Pediatric Cardiology,1
Cardiac Imaging Findings,Cardiac Radiology,1
Cardiac Imaging Findings,Cardiomyopathy,1
Cardiac Radiology,Cardiomyopathy,1
Neuroanatomy,Salivary Gland Disorders,1
Neuroanatomy,Salivary gland disorders,1
Cardiology,Peripheral artery disease,1
General Surgery,Peripheral Artery Disease,1
General Surgery,Peripheral artery disease,1
Peripheral Artery Disease,Peripheral artery disease,1
Gastroenterology,Liver Transplantation,1
Gastroenterology,Liver transplantation,1
General Surgery,Liver Transplantation,1
General Surgery,Liver transplantation,1
Colorectal Cancer,General Surgery,1
Colorectal Cancer,Systemic Pathology,1
Colorectal cancer,General Surgery,1
Colorectal cancer,Systemic Pathology,1
Gastroenterology,Malabsorption Syndromes,1
Malabsorption,Malabsorption Syndromes,1
Thyroid Disorders,Thyroid Neoplasms,1
Biliary Tract Anomalies,Congenital Anomalies,1
Biliary Tract Anomalies,Hepatobiliary System,1
Congenital Anomalies,Hepatobiliary System,1
Head And Neck Neoplasms,Head and Neck Cancer,1
Head And Neck Neoplasms,Head and Neck Neoplasms,1
Head And Neck Neoplasms,Surgical Oncology,1
Head and Neck Cancer,Head and Neck Neoplasms,1
Head and Neck Neoplasms,Surgical Oncology,1
Head and Neck Cancer,Oral Cavity Neoplasms,1
Oral Cavity Neoplasms,Surgical Oncology,1
Disease Prevention And Control,Disease Prevention and Control,1
Disease Prevention And Control,Epidemiology,1
Disease Prevention And Control,Gastroenterology,1
Disease Prevention and Control,Epidemiology,1
Disease Prevention and Control,Gastroenterology,1
Cardiology,Congenital Heart Defects,1
Congenital Heart Defects,Congenital Heart Disease,1
Genetic inheritance,Genetics & Molecular Biology,1
Congenital Tuberculosis,Infectious Diseases,1
Congenital Tuberculosis,Tuberculosis,1
Autoimmune Diseases,Coeliac Disease,1
Autoimmune Diseases,Gastroenterology,1
Coeliac Disease,Gastroenterology,1
Metabolic Disorders,Reye Syndrome,1
Neurology,Reye Syndrome,1
Erythematous Skin Lesions,Paediatric Dermatology,1
Erythematous Skin Lesions,Skin Lesions,1
Paediatric Dermatology,Skin Lesions,1
Epidemiology,Non-communicable Diseases,1
Hand Anatomy,Hand Nerves,1
Hand Anatomy,Nerve Injuries,1
Hand Nerves,Nerve Injuries,1
Diagnostic Criteria,Rheumatology,1
Diagnostic Criteria,Spondyloarthropathies,1
Bone Neoplasms,Neoplasia,1
Bone Neoplasms,Syndromes,1
Neoplasia,Syndromes,1
Hand Anatomy,Hand Spaces,1
Hand Anatomy,Infections of Bone & Joint,1
Hand Spaces,Infections of Bone & Joint,1
Amniotic Fluid,Antenatal Care,1
Postpartum Hemorrhage,Puerperium,1
Antenatal Care,Ovarian Pathology,1
Pelvic Inflammatory Disease,Reproductive,1
Antenatal Care,Intrauterine Fetal Death,1
Episiotomy,Obstetric Procedures,1
Gynecologic Oncology,Ovarian Neoplasms,1
Bacteriology,STIs,1
Acne,Acne Management,1
Acne,Skin Disorders,1
Acne Management,Skin Disorders,1
Autoimmune Diseases,Hair Disorders,1
Autoimmune Diseases,Hair Loss,1
Hair Disorders,Hair Loss,1
Clinical Signs,Infectious Diseases,1
Clinical Signs,STIs,1
Headache,Regional Anesthesia Complications,1
Headache,Spinal Anesthesia Complications,1
Regional Anesthesia Complications,Spinal Anesthesia Complications,1
Anesthesia,Local Anesthetics,1
Inhalational Anesthetics,Obstetric Complications,1
Anesthesia,Muscle Relaxants,1
Anesthesia,Neuromuscular Blockers,1
Muscle Relaxants,Neuromuscular Blockers,1
Gas Exchange,Gas Laws,1
SUBJ:Physiology,SUBJ:Anaesthesia,1
Contrast Media,Contrast Media Safety,1
Contrast Media,Renal,1
Contrast Media Safety,Renal,1
Cardiology,Coarctation Of Aorta Imaging,1
Cardiology,Coarctation of Aorta Imaging,1
Coarctation Of Aorta Imaging,Coarctation of Aorta Imaging,1
Coarctation Of Aorta Imaging,Congenital Heart Disease,1
Coarctation of Aorta Imaging,Congenital Heart Disease,1
Head and Neck Imaging,Sinus Imaging,1
Head and Neck Imaging,Sinus Radiography,1
Sinus Imaging,Sinus Radiography,1
Fluorosis Imaging,Joints & Arthritis,1
Fluorosis Imaging,Metabolic Bone Disease,1
Joints & Arthritis,Metabolic Bone Disease,1
Breast & Endocrine Surgery,Imaging Techniques,1
Abnormal Behavior,Thanatology,1
Psychopathology,Psychotic Disorders,1
Reproductive,Somatic Symptom Disorders,1
Delusional Disorder,Delusional Disorders,1
Delusional Disorder,Psychotic Disorders,1
Anxiety & OCD,Obsessive Compulsive Disorder,1
Head and Neck Anatomy,Laryngeal Muscles,1
Laryngeal Muscles,Throat & Larynx,1
Neck Anatomy,Thoracic Inlet Anatomy,1
Neck Anatomy,Thorax,1
Thoracic Inlet Anatomy,Thorax,1
Environment & Occupational Health,Pharynx And Larynx,1
Environment & Occupational Health,Pharynx and Larynx,1
Neuroanatomy,Pharynx And Larynx,1
Neuroanatomy,Pharynx and Larynx,1
Pharynx And Larynx,Pharynx and Larynx,1
Dental Anatomy,Histology,1
Dental Anatomy,Oral Anatomy,1
Endocrine Pharmacology,Neuromuscular Disorders,1
Cognitive Disorders,Neurophysiology,1
Cell Biology,Nuclear Transport,1
Biochemistry,DNA Replication,1
Biochemistry,Dna Replication,1
Biochemistry,Protein Folding,1
Cell Biology,Protein Folding,1
Biochemistry,Catecholamine Metabolism,1
Catecholamine Metabolism,Endocrinology,1
Amino Acid Metabolism Disorders,Nephrology,1
Hematopathology,Protein Structure,1
Biochemistry,Serotonin Metabolism,1
Endocrinology,Serotonin Metabolism,1
Infectious Diseases,Viral Histopathology,1
Systemic Pathology,Viral Histopathology,1
Genetics & Molecular Biology,Syndromes,1
Genetics & Molecular Biology,Neuromuscular disorders,1
Pulmonology,Transfusion Reactions,1
Hepatology,Metabolic disorders,1
Gastric Neoplasms,Gastrointestinal,1
Gastric Neoplasms,Neoplasia,1
Genetics & Molecular Biology,Patterns Of Inheritance,1
Genetics & Molecular Biology,Patterns of Inheritance,1
Inherited Disorders,Patterns Of Inheritance,1
Inherited Disorders,Patterns of Inheritance,1
Patterns Of Inheritance,Patterns of Inheritance,1
Hematopathology,Hodgkin Lymphoma,1
Hodgkin Lymphoma,Lymphoma,1
Granulomatous Diseases,Inflammation & Healing,1
Clinical Biochemistry,LDH Isoenzymes,1
Enzymes,LDH Isoenzymes,1
LDH Isoenzymes,Ldh Isoenzymes,1
Organ Pathology,Pulmonology,1
Organ Pathology,Renal,1
Chest Radiology,Thoracic Imaging,1
Pulmonology,Thoracic Imaging,1
Hemoglobinopathies,Neonatology,1
Diagnostic Tests,Gastric Disorders,1
Diagnostic Tests,Gastroenterology,1
Gastric Disorders,Gastroenterology,1
Diabetic complications,Mycology,1
Diagnostic tests,Parasitology,1
Conjunctivitis,Virology,1
Diagnostic Techniques,Diagnostic techniques,1
Diagnostic Techniques,Sample collection,1
Diagnostic techniques,Sample collection,1
Microbiology,Toxicology,1
History,History Of Microbiology,1
History,Microbiology,1
Microbiology,Nephrology,1
Biochemistry,Thermoregulation,1
CNS Physiology,Thermoregulation,1
Allergic Lung Diseases,Immunology,1
Allergic Lung Diseases,Pulmonology,1
ECG Interpretation,Electrolyte Disorders,1
Ecg Interpretation,Electrolyte Disorders,1
Arrhythmia Management,Cardiology,1
Arrhythmia Management,Electrophysiology,1
Movement Disorders,Rheumatology,1
Genetics & Molecular Biology,Phakomatoses,1
Neurology,Phakomatoses,1
Gastroenterology,Liver Diseases,1
Gastroenterology,Rheumatology,1
Liver Diseases,Rheumatology,1
Electrolyte Disorders,Endocrinology,1
COPD Classification,Copd Classification,1
COPD Classification,Pulmonology,1
Copd Classification,Pulmonology,1
Antifungal Drugs,Microbiology,1
Drugs For Neurological Disorders,Drugs for Neurological Disorders,1
Drugs For Neurological Disorders,Endocrine Pharmacology,1
Drugs For Neurological Disorders,General Medicine,1
Drugs for Neurological Disorders,Endocrine Pharmacology,1
Drugs for Neurological Disorders,General Medicine,1
Corticosteroids,General Medicine,1
Drugs For Peptic Ulcer,Drugs for Peptic Ulcer,1
Drugs For Peptic Ulcer,Endocrine Pharmacology,1
Drugs For Peptic Ulcer,General Medicine,1
Drugs for Peptic Ulcer,Endocrine Pharmacology,1
Drugs for Peptic Ulcer,General Medicine,1
Endocrine Pharmacology,Psychopharmacology,1
Cell signaling,Endocrine Pharmacology,1
CNS pharmacology,Endocrine Pharmacology,1
CNS pharmacology,Neurology,1
Cns Pharmacology,Endocrine Pharmacology,1
Cns Pharmacology,Neurology,1
Antimicrobial Resistance,Endocrine Pharmacology,1
Antimicrobial resistance,Endocrine Pharmacology,1
Antibiotic Classification,Antimicrobials,1
Antibiotic Therapy,Antimicrobials,1
Antibiotic Therapy,Infectious Diseases,1
Antibiotic Resistance,Bacterial Resistance Mechanisms,1
Bacterial Resistance Mechanisms,Mycoplasma,1
Cardiovascular Drugs,Phosphodiesterase Inhibitors,1
Drug Interactions,Phosphodiesterase Inhibitors,1
Burn Management,Burns & Plastic,1
Burn Management,Fluid Management,1
Legal Definitions,Medico-Legal Aspects Of Birth,1
Legal Definitions,Medico-legal Aspects of Birth,1
Medical Jurisprudence,Medico-Legal Aspects Of Birth,1
Medical Jurisprudence,Medico-legal Aspects of Birth,1
Medico-Legal Aspects Of Birth,Medico-legal Aspects of Birth,1
Insanity And Criminal Responsibility,Insanity and Criminal Responsibility,1
Insanity And Criminal Responsibility,Legal Sections,1
Insanity And Criminal Responsibility,Medical Jurisprudence,1
Insanity and Criminal Responsibility,Legal Sections,1
Insanity and Criminal Responsibility,Medical Jurisprudence,1
Legal Sections,Medical Jurisprudence,1
Gastrointestinal,Metal Poisoning,1
Gastrointestinal,Metal poisoning,1
Principles,Thanatology,1
Child Health,Child Welfare Legislation,1
Child Health,Child welfare legislation,1
Child Welfare Legislation,Child welfare legislation,1
Child Welfare Legislation,Public Health,1
Child welfare legislation,Public Health,1
National Health Programs,National TB Elimination Program,1
National Health Programs,National Tb Elimination Program,1
National TB Elimination Program,National Tb Elimination Program,1
National TB Elimination Program,Tuberculosis Control,1
National Tb Elimination Program,Tuberculosis Control,1
Biostatistics,Screening For Diseases,1
Biostatistics,Screening for Diseases,1
Epidemiology,Screening For Diseases,1
Epidemiology,Screening for Diseases,1
Screening For Diseases,Screening for Diseases,1
Antimicrobial Drugs,Chemoprophylaxis,1
Clinical Signs,Hematopathology,1
Hematopathology,Squint & Pediatric Ophthalmology,1
CNS Physiology,Extraocular Muscles,1
CNS Physiology,Ocular Anatomy,1
Bacteriology,Conjunctivitis,1
Operative Techniques,Surgical Instruments,1
Gastrointestinal,Neonatal GI Disorders,1
Neonatal GI Disorders,Neonatal Gi Disorders,1
Neonatal GI Disorders,Neonatology,1
Head Injury Assessment,Neurological Assessment,1
Neurological Assessment,Trauma,1
Abdominal Aortic Aneurysm,Aneurysm,1
Hand Anatomy,Tendons,1
Tendons,Upper Limb,1
Bone Pathology,Neoplasia,1
Neuroanatomy,Wrist Dislocations,1
Neuroanatomy,Wrist Injuries,1
Bone Lesions,Radiological Signs,1
Bone Lesions,Systemic Pathology,1
Radiological Signs,Systemic Pathology,1
Fractures,Prioritization,1
Autoimmune Diseases,Immunopathology,1
Immunopathology,Rheumatoid Arthritis,1
Fractures,Infections of Bone & Joint,1
Growth & Development,Head and Neck,1
Interventional Radiology,Posterior Fossa Anomalies,1
Neuroradiology,Posterior Fossa Anomalies,1
Antenatal Care,Neurological Complications,1
Antenatal Care,Peripheral Neuropathy,1
Neurological Complications,Peripheral Neuropathy,1
Endocrine,Thyroid Physiology,1
Gynaecological Oncology,Vulvar Disorders,1
Gynaecological Oncology,Vulvar Pathology,1
Antenatal Care,Fertilization,1
Antenatal Care,Fertilization Concepts,1
Fertilization,Fertilization Concepts,1
Embryology,Fetal Organogenesis,1
Fetal Organogenesis,Growth & Development,1
Obstetric Anaesthesia,Pre-eclampsia Management,1
Antenatal Care,Antihypertensives,1
Antihypertensives,Pre-eclampsia,1
Contraindications,Dilation and curettage,1
Dilation and curettage,Gynaecological Procedures,1
Dilation and curettage,Gynaecological procedures,1
Embryology,Fetal circulation,1
Fetal circulation,Growth & Development,1
Demography & Family Planning,Sterilization & Hospital Infection,1
Labor & Delivery,Postpartum Complications,1
Labor & Delivery,Postpartum complications,1
Labor & Delivery,Postpartum haemorrhage,1
Pelvic Organ Prolapse Management,Uterine Prolapse,1
Pelvic Organ Prolapse Management,Uterine Prolapse Management,1
Uterine Prolapse,Uterine Prolapse Management,1
Airway Equipment,Airway Management,1
Airway Equipment,Intubation Equipment,1
Airway Assessment,Difficult Airway,1
Anaesthesia Monitoring,Neuromuscular Blockade,1
Anaesthesia Monitoring,Neuromuscular Monitoring,1
Neuromuscular Blockade,Neuromuscular Monitoring,1
Anaesthesia Circuits,Pulmonology,1
Neuromuscular Blockers,Pharmacodynamics,1
Nevi,Skin Lesions,1
Neonatal Skin,Vascular,1
Allergy,Atopic Dermatitis,1
Allergy,Paediatric Dermatology,1
Atopic Dermatitis,Paediatric Dermatology,1
Contrast Media,Esophageal Imaging,1
Endocrine,Skull Imaging,1
Brain Imaging,Interventional Radiology,1
Brain Imaging,Neurology,1
Interventional Radiology,Uterine Imaging,1
Cardiology,Thoracic CT,1
Cardiology,Thoracic Ct,1
Interventional Radiology,Thoracic CT,1
Interventional Radiology,Thoracic Ct,1
Thoracic CT,Thoracic Ct,1
Abdominal CT,Abdominal Ct,1
Abdominal CT,Interventional Radiology,1
Abdominal CT,Neuroanatomy,1
Abdominal Ct,Interventional Radiology,1
Abdominal Ct,Neuroanatomy,1
Abdominal Arteries,Interventional Radiology,1
Abdominal Arteries,Neuroanatomy,1
Behavioral Therapy,Sexual Dysfunctions,1
Addiction Psychiatry,Emergency Psychiatry,1
Epidemiology,Parasitic Diseases,1
Parasitic Diseases,Parasitology,1
Carbohydrate Metabolism,Xenobiotic Metabolism,1
Carbohydrate Metabolism,Xenobiotics,1
Xenobiotic Metabolism,Xenobiotics,1
Anaesthetic Complications,Intraoperative Complications,1
Anaesthetic Complications,Oculocardiac Reflex,1
Cranial Nerve Nuclei,Neuroanatomy,1
Ligaments,Pelvis & Perineum,1
Musculoskeletal Anatomy,Pelvis & Perineum,1
Neonatology,Neurocutaneous Syndromes,1
General Medicine,Post-Operative Complications,1
General Medicine,Post-operative Complications,1
Post-Operative Complications,Post-operative Complications,1
Post-Operative Complications,Squint & Pediatric Ophthalmology,1
Post-operative Complications,Squint & Pediatric Ophthalmology,1
Glaucoma,Neuroanatomy,1
Female Pelvic Anatomy,Gynecologic Oncology,1
Female Pelvic Anatomy,Neuroanatomy,1
Pelvic Inflammatory Disease,Systemic Pathology,1
Musculoskeletal System,Neoplasia,1
Musculoskeletal System,Systemic Pathology,1
Child Psychiatry,Delirium And Dementia,1
Child Psychiatry,Delirium and Dementia,1
Cognitive Disorders,Delirium And Dementia,1
Cognitive Disorders,Delirium and Dementia,1
Delirium And Dementia,Delirium and Dementia,1
Human Papillomavirus (HPV),Human Papillomavirus (Hpv),1
Human Papillomavirus (HPV),Microbiology,1
Human Papillomavirus (HPV),Virology,1
Human Papillomavirus (Hpv),Microbiology,1
Human Papillomavirus (Hpv),Virology,1
Antiretroviral Drugs,Antiretroviral Therapy (ART),1
Antiretroviral Drugs,Antiretroviral Therapy (Art),1
Antiretroviral Therapy (ART),Antiretroviral Therapy (Art),1
Antiretroviral Therapy (ART),Endocrine Pharmacology,1
Antiretroviral Therapy (Art),Endocrine Pharmacology,1
Image Interpretation,X-ray,1
Genitourinary Radiology,Image Interpretation,1
Genitourinary Radiology,Interventional Radiology,1
Biochemistry,Gene Transfer,1
Gene Transfer,Genetics & Molecular Biology,1
Carbohydrate Metabolism,Enzyme Regulation,1
Enzyme Kinetics,Enzyme Regulation,1
Alzheimer'S Disease,Geriatrics,1
Alzheimer's Disease,Geriatrics,1
Anticoagulants,Drug monitoring,1
Clinical manifestations,HIV/AIDS,1
Clinical manifestations,Infectious Diseases,1
Gynecologic Oncology,Radiation therapy,1
Radiation Oncology,Radiation therapy,1
Gynecologic Oncology,Liver pathology,1
Liver pathology,Systemic Pathology,1
Public Health Programs,Vaccines,1
Coagulation disorders,Hemophilia,1
Hematopathology,Hemophilia,1
Bleeding disorders,Leukemia,1
Gynecologic Oncology,Lymphomas,1
Imaging,Pulmonary,1
Imaging,Thoracic Imaging,1
Pulmonary,Thoracic Imaging,1
Contraception,Hormonal Contraceptives,1
Endocrine Pharmacology,Hormonal Contraceptives,1
Metabolic Disorders,Metal Poisoning,1
Metabolic Disorders,Toxicology,1
Endocrine Pharmacology,Musculoskeletal Pharmacology,1
Endocrine Pharmacology,Osteoporosis Drugs,1
Musculoskeletal Pharmacology,Osteoporosis Drugs,1
Head Injury Management,Neurosurgery,1
Head Injury Management,Trauma,1
Neurosurgery,Trauma,1
Cardiogenic Shock,Critical Care,1
Cardiology,Critical Care,1
Neonatology,Sickle Cell Disease Complications,1
Introduction To Pathology,Systemic Pathology,1
Introduction to Pathology,Systemic Pathology,1
Dehydration Management,Emergency Medicine,1
Dehydration Management,Neonatology,1
Biochemistry,Rheumatology,1
Critical Care,General Medicine,1
Critical Care,Neonatology,1
Head and Neck Anatomy,Larynx Anatomy,1
Muscles,Musculoskeletal Anatomy,1
Cranial Nerves,Pharynx And Tonsils,1
Cranial Nerves,Pharynx and Tonsils,1
Pharynx,Pharynx And Tonsils,1
Pharynx,Pharynx and Tonsils,1
Pharynx And Tonsils,Pharynx and Tonsils,1
Diaphragm,Thoracic Cavity Anatomy,1
Thoracic Anatomy,Thoracic Cavity Anatomy,1
Dental Anatomy,Oral Cavity,1
Autoimmune Disorders,Neurology,1
Autoimmune Disorders,Neuromuscular Disorders,1
Gastrointestinal,Nutrient Absorption,1
Cognitive Disorders,Neuropsychiatry,1
Protein Metabolism,Protein Structure And Function,1
Protein Metabolism,Protein Structure and Function,1
Protein Structure And Function,Protein Structure and Function,1
Carbohydrate Metabolism,Vitamin Metabolism,1
Vitamin Metabolism,Vitamins & Nutrition,1
Amino Acid Chemistry,Amino Acids,1
Histopathology,Viral Pathology,1
Infectious Diseases,Viral Pathology,1
Hematological Disorders,Hematopathology,1
Hematological Disorders,Immunology,1
Cell-mediated Immunity,Immunology,1
Neoplasia,Urogenital Pathology,1
Systemic Pathology,Urogenital Pathology,1
Hepatitis,Viral Hepatitis,1
Viral Hepatitis,Virology,1
Bacteriology,Gram Positive Bacteria,1
Gram Positive Bacteria,Infectious Diseases,1
Diagnostic Tests,Labor & Delivery,1
Diagnostic Tests,Tuberculosis,1
Labor & Delivery,Tuberculosis,1
Bacteriology,Gram Negative Bacteria,1
Gram Negative Bacteria,Infectious Diseases,1
Infectious Diseases,Transplant Complications,1
Transplant Complications,Virology,1
Inflammation & Healing,Thermoregulation,1
Allergic Bronchopulmonary Aspergillosis,Immunology,1
Cardiac Devices,Cardiology,1
Endocrine Pharmacology,Movement Disorders,1
Esophageal Disorders,Surgical Procedures,1
Gastrointestinal Surgery,Surgical Procedures,1
Cryoglobulinemia,Cryoglobulinemia Etiology,1
Cryoglobulinemia,Hepatology,1
Cryoglobulinemia Etiology,Hepatology,1
Electrolyte Imbalance,Hypokalemic Metabolic Alkalosis,1
Hypokalemic Metabolic Alkalosis,Nephrology,1
COPD,COPD Staging,1
COPD,Copd Staging,1
COPD Staging,Copd Staging,1
COPD Staging,Pulmonology,1
Copd Staging,Pulmonology,1
ABPI Interpretation,Abpi Interpretation,1
ABPI Interpretation,Peripheral Artery Disease,1
ABPI Interpretation,Vascular,1
Abpi Interpretation,Peripheral Artery Disease,1
Abpi Interpretation,Vascular,1
Antifungal Agents,Mechanism of Action,1
Antiviral Agents,Hepatitis,1
Drug Absorption,Pharmacokinetics,1
Corticosteroids,Dosing,1
Dosing,Endocrine Pharmacology,1
Anti-Inflammatory Agents,Anti-inflammatory Agents,1
Anti-Inflammatory Agents,Gout,1
Anti-inflammatory Agents,Gout,1
Dyslipidemia Drugs,Endocrine Pharmacology,1
Cell Physiology,Signal Transduction,1
Muscle Relaxants,Neurology,1
Anaerobic Bacteria,Antimicrobial Resistance,1
Antibiotic Classification,Antimicrobial Drugs,1
Antibiotic Selection,Antibiotic selection,1
Antibiotic Selection,Antimicrobials,1
Antibiotic Selection,Clinical Pharmacology,1
Antibiotic selection,Antimicrobials,1
Antibiotic selection,Clinical Pharmacology,1
Antimicrobials,Clinical Pharmacology,1
Antibiotic Resistance,Bacterial Characteristics,1
Bacterial Characteristics,Mycoplasma,1
Cardiology,PDE5 inhibitors,1
Cardiology,Pde5 Inhibitors,1
Drug Interactions,PDE5 inhibitors,1
Drug Interactions,Pde5 Inhibitors,1
PDE5 inhibitors,Pde5 Inhibitors,1
Burn Resuscitation,Burn resuscitation,1
Burn Resuscitation,Burns & Plastic,1
Burn Resuscitation,Fluid Management,1
Burn resuscitation,Burns & Plastic,1
Burn resuscitation,Fluid Management,1
Definitions,Legal Definitions,1
Definitions,Legal definitions,1
Definitions,Medical Jurisprudence,1
Legal Definitions,Legal definitions,1
Legal definitions,Medical Jurisprudence,1
Criminal Law,Insanity Defense,1
Criminal Law,Insanity defense,1
Insanity Defense,Insanity defense,1
Insanity Defense,Medical Jurisprudence,1
Insanity defense,Medical Jurisprudence,1
Heavy Metal Poisoning,Poisoning Signs,1
Heavy metal poisoning,Poisoning Signs,1
Poisoning Signs,Toxicology,1
Post-mortem Changes,Putrefaction,1
Criminalistics,Thanatology,1
Mummification,Post-mortem Changes,1
Mummification,Thanatology,1
Child Health,Child Rights Legislation,1
Child Health,Medical Ethics and Law,1
Child Rights Legislation,Medical Ethics and Law,1
Environment & Occupational Health,Medical Ethics and Law,1
Factory Act,Medical Ethics and Law,1
Demography & Family Planning,Fertility Indicators,1
National Health Programs,Revised National TB Control Program,1
National Health Programs,Revised National Tb Control Program,1
Revised National TB Control Program,Revised National Tb Control Program,1
Revised National TB Control Program,Tuberculosis,1
Revised National Tb Control Program,Tuberculosis,1
Chemoprophylaxis,Communicable Diseases,1
Chemoprophylaxis,Meningococcal Disease Control,1
Communicable Diseases,Meningococcal Disease Control,1
Airway Management,General Surgery,1
Clinical Signs,Neuroanatomy,1
Neuroanatomy,Ocular Muscles,1
Ocular Muscles,Squint & Pediatric Ophthalmology,1
Surgical Equipment,Surgical Instruments,1
Inflammation & Healing,Skin Disorders,1
Scarring,Skin Disorders,1
Fascia,Musculoskeletal System,1
Musculoskeletal System,Surgical Anatomy,1
Gastrointestinal,Paediatric Surgery,1
Aortic Aneurysm Management,Cardiology,1
Aortic Aneurysm Management,Vascular,1
Hand and Wrist,Tenosynovitis,1
Neuroanatomy,Tenosynovitis,1
Dislocations,Wrist Injuries,1
Dislocations,Wrist injuries,1
Wrist Injuries,Wrist injuries,1
Fractures,Wrist anatomy,1
Bone Lesions,Bone lesions,1
Bone Lesions,Radiological signs,1
Bone lesions,Radiological signs,1
Autoimmune diseases,Rheumatoid Arthritis Pathology,1
Rheumatoid Arthritis Pathology,Rheumatology,1
Fractures,Septic arthritis,1
Cranial Anatomy,Neonatology,1
Cranial Anatomy,Neuroanatomy,1
Neonatology,Neuroimaging,1
Emergency Medicine,Labor & Delivery,1
Congenital Uterine Anomalies,Gynecologic Oncology,1
Congenital Uterine Anomalies,Interventional Radiology,1
Gynecologic Oncology,Vulvar Pathology,1
Gynecologic Oncology,Vulvar pathology,1
Systemic Pathology,Vulvar Pathology,1
Systemic Pathology,Vulvar pathology,1
Vulvar Pathology,Vulvar pathology,1
CNS Physiology,Fertilization,1
Fertilization,Obstetric Complications,1
Obstetric Anaesthesia,Obstetric Complications,1
Obstetric Anaesthesia,Obstetric anaesthesia,1
Obstetric Complications,Obstetric anaesthesia,1
Obstetric anaesthesia,Regional Anaesthesia,1
Endocrine Pharmacology,Pre-Eclampsia Management,1
Endocrine Pharmacology,Pre-eclampsia management,1
Obstetric Complications,Pre-Eclampsia Management,1
Obstetric Complications,Pre-eclampsia management,1
Pre-Eclampsia Management,Pre-eclampsia management,1
Contraception,Sterilization techniques,1
Demography & Family Planning,Sterilization techniques,1
Antenatal Care,Postpartum Complications,1
Antenatal Care,Postpartum complications,1
Antenatal Care,Postpartum haemorrhage,1
Antenatal Care,Fetal well-being,1
Fetal Lung Maturity,Fetal well-being,1
Fetal lung maturity,Fetal well-being,1
Abnormal uterine bleeding,Uterine Disorders,1
Abnormal uterine bleeding,Uterine disorders,1
Abnormal uterine bleeding,Uterine pathology,1
Uterine Disorders,Uterine disorders,1
Uterine Disorders,Uterine pathology,1
Uterine disorders,Uterine pathology,1
Pelvic Organ Prolapse,Pessary management,1
Pelvic organ prolapse,Pessary management,1
Hormone therapy,Menopause,1
Hormone therapy,Menopause Management,1
Hormone therapy,Menopause management,1
Menopause,Menopause management,1
Menopause Management,Menopause management,1
Airway Devices,Airway devices,1
Airway Devices,Anaesthesia equipment,1
Airway Management,Airway devices,1
Airway Management,Anaesthesia equipment,1
Airway devices,Anaesthesia equipment,1
Airway Assessment,Pre-operative evaluation,1
Airway assessment,Pre-operative evaluation,1
Anaesthesia Monitoring,Anaesthesia depth,1
Anaesthesia Monitoring,Anaesthesia monitoring,1
Anaesthesia Monitoring,Neuromuscular monitoring,1
Anaesthesia depth,Anaesthesia monitoring,1
Anaesthesia depth,Neuromuscular monitoring,1
Anaesthesia monitoring,Neuromuscular monitoring,1
Breathing Circuits,Ventilation,1
Breathing circuits,Ventilation,1
Endocrine Pharmacology,Neuromuscular Pharmacology,1
Pigmented Lesions,Skin Lesions,1
GI Contrast Studies,Gastrointestinal,1
GI Contrast Studies,Gi Contrast Studies,1
GI Contrast Studies,Interventional Radiology,1
Gastrointestinal,Gi Contrast Studies,1
Gi Contrast Studies,Interventional Radiology,1
Radiation Oncology,Radiation Physics,1
Interventional Radiology,Skeletal Radiology,1
Interventional Radiology,Skull Imaging,1
Reproductive,Uterine Imaging,1
Neuroimaging,Neurology,1
Gynaecological Imaging,Gynecologic Oncology,1
Gynaecological Imaging,Interventional Radiology,1
Fractures,Skeletal Imaging,1
Interventional Radiology,Skeletal Imaging,1
Abdominal Anatomy,Interventional Radiology,1
Child Psychiatry,Male Sexual Dysfunction,1
General Medicine,Male Sexual Dysfunction,1
Psychological Concepts,Psychotherapy,1
Behavioral Disorders,Child And Adolescent Psychiatry,1
Behavioral Disorders,Child and Adolescent Psychiatry,1
Genetic Disorders,Terminology,1
Alcohol Withdrawal,Substance-Related And Addictive Disorders,1
Alcohol Withdrawal,Substance-Related and Addictive Disorders,1
Substance-Related And Addictive Disorders,Substance-Related and Addictive Disorders,1
Identification,Vector-Borne Diseases,1
Identification,Vector-borne Diseases,1
Parasitology,Vector-Borne Diseases,1
Parasitology,Vector-borne Diseases,1
Surgical Materials,Vascular,1
Anesthetic Agents,Drug Metabolism,1
Anesthetic Agents,General Anesthetics,1
Drug Metabolism,General Anesthetics,1
Cranial Nerves,Diabetes Mellitus,1
Cranial Nerves,Diabetic Neuropathy,1
Diabetes Mellitus,Diabetic Neuropathy,1
Anesthetic Complications,Intraoperative Complications,1
Anesthetic Complications,Oculocardiac Reflex,1
Brainstem Nuclei,Cranial Nerve Nuclei,1
Infectious Diseases,Parvovirus,1
Ligaments,Pelvic Girdle,1
Ligaments,Pelvic Ligaments,1
Pelvic Girdle,Pelvic Ligaments,1
Auditory Implants,Cochlear And Brainstem Implants,1
Auditory Implants,Cochlear and Brainstem Implants,1
Auditory Implants,Neurotology,1
Cochlear And Brainstem Implants,Cochlear and Brainstem Implants,1
Cochlear And Brainstem Implants,Neurotology,1
Cochlear and Brainstem Implants,Neurotology,1
Glaucoma,Optic Disc Evaluation,1
Glaucoma,Optic nerve,1
Optic Disc Evaluation,Optic nerve,1
Coagulation Disorders,Genetic mutations,1
Coagulation disorders,Genetic mutations,1
Pelvic Inflammatory Disease Complications,Pelvic inflammatory disease,1
Pelvic Inflammatory Disease Complications,Uterine pathology,1
Pelvic inflammatory disease,Uterine pathology,1
Cognitive Disorders,Neurology,1
Antiretroviral Drugs,Obstetric Complications,1
Biochemistry,Enzyme Kinetics,1
Kidney Stones,Renal,1
Kidney Stones,Urolithiasis,1
Alzheimer'S Disease,Neurodegenerative Diseases,1
Alzheimer's Disease,Neurodegenerative Diseases,1
Neurodegenerative Diseases,Neurology,1
Anticoagulants,Drug Monitoring,1
Anticoagulants,Warfarin,1
Drug Monitoring,Warfarin,1
Dermatology,Hematopathology,1
Hepatic Pathology,Thromboembolism,1
Imaging,Pulmonary Embolism,1
Imaging,Pulmonology,1
Environmental Health,Gout,1
Bone Metabolism,Drugs Affecting Bone Metabolism,1
Bone Metabolism,Drugs affecting bone metabolism,1
Bone Metabolism,Osteoporosis,1
Drugs Affecting Bone Metabolism,Drugs affecting bone metabolism,1
Drugs Affecting Bone Metabolism,Osteoporosis,1
Drugs affecting bone metabolism,Osteoporosis,1
Amino acid metabolism,Metabolic Disorders,1
Head Injury,Intracranial Haemorrhage,1
Head Injury,Intracranial haemorrhage,1
Intracranial Haemorrhage,Intracranial haemorrhage,1
Critical Care,Organ donation,1
SUBJ:Anaesthesia,SUBJ:Forensic Medicine,1
Cardiogenic Shock,Emergency Medicine,1
CNS Physiology,Nitric Oxide,1
Endocrine Pharmacology,Nitric Oxide,1
Gastroenterology,Histopathology,1
Basic Pathology,Systemic Pathology,1
Emergency Medicine,Fluid And Electrolyte Management,1
Emergency Medicine,Fluid and Electrolyte Management,1
Fluid And Electrolyte Management,Neonatology,1
Dermatology,Histology,1
General Medicine,Purine Metabolism,1
Arrhythmias,Endocrinology,1
Bowel Anastomosis,Gastrointestinal Surgery,1
Bowel Anastomosis,Surgical Techniques,1
Gastrointestinal Surgery,Surgical Techniques,1
Head and Neck Anatomy,Pharyngeal Arches,1
Oral Anatomy,Oral Cavity Anatomy,1
Muscles,Throat & Larynx,1
Fascia,Thoracic Anatomy,1
Fascia,Thorax,1
Thoracic Anatomy,Thorax,1
Cranial Nerves,Pharyngeal Anatomy,1
Pharyngeal Anatomy,Pharynx,1
Diaphragm,Diaphragmatic Openings,1
Diaphragmatic Openings,Thorax,1
Immunology,Neuromuscular Junction,1
Neurology,Neuromuscular Junction,1
Cardiology,Jugular Venous Pulse,1
Brain Waves,EEG,1
Brain Waves,Neurophysiology,1
Counter-Current Mechanism,Counter-current Mechanism,1
Counter-Current Mechanism,Renal,1
Counter-Current Mechanism,Urine Formation,1
Counter-current Mechanism,Renal,1
Counter-current Mechanism,Urine Formation,1
General Medicine,Neurocognitive Disorders,1
Biochemistry,Metabolism Disorders,1
Metabolism Disorders,Neonatology,1
Genetics & Molecular Biology,Protein Folding,1
Genetics & Molecular Biology,Protein Structure,1
Carbohydrate Metabolism,Vitamin B2 Metabolism,1
Vitamin B2 Metabolism,Vitamins & Nutrition,1
Amino Acid Metabolism,Amino Acid Transport Defects,1
Amino Acid Transport Defects,Renal,1
Amino Acid Properties,Amino Acids,1
Amino Acid Properties,Protein Structure,1
Histopathology,Viral Exanthems,1
Coagulation,Platelet Disorders,1
Coagulation,Platelet disorders,1
Genetic Syndromes,Gynecologic Oncology,1
Genetic syndromes,Gynecologic Oncology,1
Genetic disorders,Neurology,1
Pulmonary,Transfusion Medicine,1
Pulmonary,Transfusion Reactions,1
Pulmonary,Transfusion reactions,1
Transfusion Medicine,Transfusion reactions,1
Genetics & Molecular Biology,Squint & Pediatric Ophthalmology,1
Genetics & Molecular Biology,X-Linked Inheritance,1
Genetics & Molecular Biology,X-linked inheritance,1
Squint & Pediatric Ophthalmology,X-Linked Inheritance,1
Squint & Pediatric Ophthalmology,X-linked inheritance,1
X-Linked Inheritance,X-linked inheritance,1
Clinical Biochemistry,LDH isoenzymes,1
Enzymes,LDH isoenzymes,1
LDH isoenzymes,Ldh Isoenzymes,1
Experimental Models,Immunology,1
Experimental Models,T Cell Immunity,1
Experimental Models,T cell immunity,1
Immunology,T Cell Immunity,1
Immunology,T cell immunity,1
T Cell Immunity,T cell immunity,1
Cellular Pathology,Gynecologic Oncology,1
Cellular Pathology,Neoplasia,1
Hematopathology,Musculoskeletal,1
Hematopathology,Sickle cell disease complications,1
Musculoskeletal,Sickle Cell Disease Complications,1
Musculoskeletal,Sickle cell disease complications,1
Sickle Cell Disease Complications,Sickle cell disease complications,1
Antifungal Drugs,Mechanism of Action,1
Antiviral Drugs,HIV,1
Antiviral Drugs,Hepatitis,1
HIV,Hepatitis,1
Corticosteroids,Endocrinology,1
Anti-Inflammatory Drugs,Anti-gout Drugs,1
Anti-Inflammatory Drugs,Anti-inflammatory Drugs,1
Anti-Inflammatory Drugs,Inflammation & Healing,1
Anti-gout Drugs,Anti-inflammatory Drugs,1
Anti-gout Drugs,Inflammation & Healing,1
Anti-inflammatory Drugs,Inflammation & Healing,1
Anticholinergics,Gastrointestinal,1
Anticholinergics,Peptic Ulcer Disease,1
Adverse Effects,Antipsychotics,1
Adverse Effects,Psychopharmacology,1
Antiplatelet drugs,Cardiology,1
Endocrinology,Lipid-Lowering Drugs,1
Endocrinology,Lipid-lowering drugs,1
CNS pharmacology,Muscle relaxants,1
Cns Pharmacology,Muscle relaxants,1
Antimicrobials,Endocrine Pharmacology,1
Endocrine Pharmacology,Mycoplasma,1
Microbiology,Mycoplasma,1
Cardiology,Erectile Dysfunction Drugs,1
Endocrine Pharmacology,Erectile Dysfunction Drugs,1
Burn Management,Emergency Medicine,1
Burn Management,General Surgery,1
Poisoning,Thanatology,1
Environmental Health,Metal Poisoning,1
Child Health,Health Legislation,1
Child Health,Public Health Legislation,1
Health Legislation,Public Health Legislation,1
Environment & Occupational Health,Occupational Health Legislation,1
Occupational Health Legislation,Public Health Legislation,1
Antimicrobial Resistance,Bacterial Resistance,1
Bacterial Resistance,Bacteriology,1
Herpes Viruses,Infectious Diseases,1
Herpes Viruses,Virology,1
Bacteriology,Helicobacter Pylori,1
Bacteriology,Helicobacter pylori,1
Diagnostic Tests,Helicobacter Pylori,1
Diagnostic Tests,Helicobacter pylori,1
Helicobacter Pylori,Helicobacter pylori,1
Hepatitis B Markers,Hepatitis Viruses,1
Hepatitis B Markers,Virology,1
Diagnostic Tests,Toxoplasmosis,1
Diagnostic Microbiology,Labor & Delivery,1
History Of Microbiology,History of Medicine,1
History Of Microbiology,Microbiology principles,1
History of Medicine,History of Microbiology,1
History of Medicine,Microbiology principles,1
History of Microbiology,Microbiology principles,1
Immunocompromised hosts,Infectious Diseases,1
Immunocompromised hosts,Virology,1
Demographic Indicators,Demography & Family Planning,1
National Health Programs,Revised National Tuberculosis Control Program (RNTCP),1
National Health Programs,Revised National Tuberculosis Control Program (Rntcp),1
Revised National Tuberculosis Control Program (RNTCP),Revised National Tuberculosis Control Program (Rntcp),1
Revised National Tuberculosis Control Program (RNTCP),Tuberculosis,1
Revised National Tuberculosis Control Program (Rntcp),Tuberculosis,1
Chemoprophylaxis,Infectious Diseases,1
Biostatistics,Measures Of Association,1
Biostatistics,Measures of Association,1
Communicable Diseases,Epidemiological Rates,1
Epidemiological Rates,Epidemiology,1
Biostatistics,Contraception,1
Environmental Health,Water Quality Standards,1
Water Quality,Water Quality Standards,1
Communicable Diseases,Disease Transmission,1
Renal,Tubulopathies,1
Allergic Bronchopulmonary Aspergillosis,Infectious Diseases,1
ECG,ECG Interpretation,1
ECG,Ecg Interpretation,1
ECG,Electrolyte Imbalance,1
Arrhythmias,Cardiac Arrhythmias Management,1
Cardiac Arrhythmias Management,Cardiac Devices,1
Movement Disorders,Neurological Disorders,1
Movement Disorders,Sydenham Chorea Management,1
Neurological Disorders,Sydenham Chorea Management,1
Neurocutaneous Syndromes,Neurofibromatosis,1
Esophageal Disorders,Esophageal Surgery,1
Esophageal Surgery,Gastroenterology,1
Cardiac Arrest,Cardiology,1
Cryoglobulinemia,Hematopathology,1
Cryoglobulinemia,Infectious Diseases,1
COPD,Chronic Obstructive Pulmonary Disease,1
Chronic Obstructive Pulmonary Disease,Pulmonology,1
Breast & Endocrine Surgery,Prognostic Scores,1
Neuroanatomy,Surgical Anatomy,1
Neuroanatomy,Surgical Procedures,1
Surgical Anatomy,Surgical Procedures,1
Gynecologic Oncology,Pancreas,1
Pancreas,Pancreatic Cancer,1
Gastroenterology,Pyloric Stenosis,1
Neonatology,Pyloric Stenosis,1
Genetics & Molecular Biology,Oncogenes,1
Gynecologic Oncology,Oncogenes,1
Cranial Sutures And Fontanelles,Cranial Sutures and Fontanelles,1
Cranial Sutures And Fontanelles,Growth & Development,1
Cranial Sutures And Fontanelles,Skull,1
Cranial Sutures and Fontanelles,Growth & Development,1
Cranial Sutures and Fontanelles,Skull,1
Growth & Development,Skull,1
Carbohydrate Metabolism,Purine Metabolism Disorders,1
Genetic Disorders,Purine Metabolism Disorders,1
Infectious Diseases,Neonatal Ophthalmology,1
Neonatal Ophthalmology,Squint & Pediatric Ophthalmology,1
Hand Surgery,Tendon Disorders,1
Hand Surgery,Wrist And Hand Conditions,1
Hand Surgery,Wrist and Hand Conditions,1
Tendon Disorders,Wrist And Hand Conditions,1
Tendon Disorders,Wrist and Hand Conditions,1
Wrist And Hand Conditions,Wrist and Hand Conditions,1
Carpal Injuries,Wrist Dislocations,1
Carpal Injuries,Wrist Injuries,1
Bone Cysts,Interventional Radiology,1
Bone Cysts,Neoplasia,1
Immunology,Inflammatory Arthritis,1
Inflammatory Arthritis,Rheumatology,1
Placenta,Placenta And Fetal Membranes,1
Placenta,Placenta and Fetal Membranes,1
Placenta,Umbilical Cord,1
Placenta And Fetal Membranes,Placenta and Fetal Membranes,1
Placenta And Fetal Membranes,Umbilical Cord,1
Placenta and Fetal Membranes,Umbilical Cord,1
Contraception,Family Planning Methods,1
Demography & Family Planning,Family Planning Methods,1
Complications of Puerperium,Postpartum Complications,1
Complications of Puerperium,Postpartum Haemorrhage,1
Postpartum Complications,Postpartum Haemorrhage,1
Antenatal Care,Prenatal Diagnosis And Screening,1
Antenatal Care,Prenatal Diagnosis and Screening,1
Prenatal Diagnosis And Screening,Prenatal Diagnosis and Screening,1
Prenatal Diagnosis And Screening,Prenatal Screening,1
Prenatal Diagnosis and Screening,Prenatal Screening,1
Pelvic Organ Prolapse,Pessary,1
Contraindications,D&C,1
D&C,Gynaecological Procedures,1
Complicated Deliveries,Delivery Complications,1
Complicated Deliveries,Shoulder Dystocia,1
Delivery Complications,Shoulder Dystocia,1
DSD,Growth & Development,1
DSD,Karyotype,1
Antenatal Care,Nerve Compression,1
Antenatal Care,Thyroid Hormones,1
Endocrine,Thyroid Hormones,1
Dermatology,Gynaecological Cancers,1
Dermatology,Gynaecological Oncology,1
Gynaecological Cancers,Gynaecological Oncology,1
Antenatal Care,Multiple Pregnancies,1
Multiple Pregnancies,Reproductive,1
Embryology,Fetal Physiology,1
Obstetric Anaesthesia,Pre-eclampsia,1
Antihypertensive Drugs,Antihypertensives,1
Antihypertensive Drugs,Pre-eclampsia Management,1
Antihypertensives,Pre-eclampsia Management,1
Neonatal Dermatology,Neonatal Skin Conditions,1
Neonatal Dermatology,Vascular,1
Neonatal Skin Conditions,Vascular,1
Airway Devices,Anaesthesia Equipment,1
Airway Management,Anaesthesia Equipment,1
Airway Management,Preoperative Assessment,1
Intraoperative Monitoring,Neuromuscular Monitoring,1
Anaesthesia Circuits,Anaesthesia Equipment,1
Anaesthesia Circuits,Ventilation,1
Anaesthesia Equipment,Ventilation,1
Autonomic,Neuromuscular Blockers,1
Autonomic,Neuromuscular Pharmacology,1
Endocrine,Skeletal Imaging,1
Skeletal Imaging,Skeletal Radiology,1
Gynecological Imaging,Gynecological Radiology,1
Gynecological Imaging,Uterine Anomalies,1
Gynecological Radiology,Uterine Anomalies,1
Male Sexual Dysfunction,Urology,1
Emotional Processing,Psychotherapy Concepts,1
Childhood Behavioral Disorders,Habit Disorders,1
Growth & Development,Psychiatric Terminology,1
Alcohol Withdrawal,Substance Use,1
Histology,Muscle Anatomy,1
Muscle Anatomy,Musculoskeletal System,1
Muscle Physiology,Musculoskeletal System,1
Biogenic Amines,Carbohydrate Metabolism,1
Carbohydrate Metabolism,Neurotransmitters,1
Genitourinary Pathology,Gynecologic Oncology,1
Chest Imaging,Lung Pathology Imaging,1
Lung Pathology Imaging,Pulmonology,1
Infectious Diseases,Malaria,1
Head and Neck Anatomy,Nerves,1
Head and Neck Anatomy,Peripheral Nerves,1
Nerves,Peripheral Nerves,1
Operative Surgery,Surgical Instruments,1
Bone Pathology,Infectious Diseases,1
Bone Pathology,Trauma,1
Brain Malformations,Congenital Malformations,1
Congenital Malformations,Neuroimaging,1
Congenital Uterine Anomalies,Infertility,1
Infertility,Uterine Anomalies,1
Abnormal Uterine Bleeding,Uterine Causes Of Aub,1
Abnormal Uterine Bleeding,Uterine Causes of AUB,1
Uterine Causes Of Aub,Uterine Causes of AUB,1
Uterine Causes Of Aub,Uterine Pathology,1
Uterine Causes of AUB,Uterine Pathology,1
Dermatology,Nevi And Moles,1
Dermatology,Nevi and Moles,1
Nevi And Moles,Nevi and Moles,1
Nevi And Moles,Skin Lesions,1
Nevi and Moles,Skin Lesions,1
Brain MRI,Brain Mri,1
Brain MRI,Interventional Radiology,1
Brain MRI,Neuroimaging,1
Brain Mri,Interventional Radiology,1
Brain Mri,Neuroimaging,1
Bone Imaging,Interventional Radiology,1
Bone Imaging,X-ray,1
Aortic Imaging,Interventional Radiology,1
Aortic Imaging,Thoracic Imaging,1
Abdominal Imaging,Vascular,1
General Medicine,Liver Pathology,1
Liver Pathology,Systemic Pathology,1
General Surgery,Imaging Interpretation,1
Imaging Interpretation,Interventional Radiology,1
Embryology,Systemic Pathology,1
Gout,Rheumatology,1
Rheumatology,Toxicology,1
Cardiovascular Drugs,Endocrine Pharmacology,1
Cardiovascular Drugs,Osteoporosis,1
Amino Acid Metabolism,Enzymes,1
Enzymes,Metabolic disorders,1
Classification,Organ donation,1
Classification,Transplantation,1
Organ donation,Transplantation,1
Cardiogenic Shock,Shock,1
Cardiology,Cell signaling,1
General Pathology,Introduction To Pathology,1
General Pathology,Introduction to Pathology,1
Fluid & Electrolyte Balance,Paediatric Gastroenteritis,1
Gastroenterology,Paediatric Gastroenteritis,1
Neonatal Resuscitation,Resuscitation,1
Neonatology,Resuscitation,1
Alzheimer'S Disease,Dementia,1
Alzheimer'S Disease,Neurocognitive Disorders,1
Alzheimer's Disease,Dementia,1
Alzheimer's Disease,Neurocognitive Disorders,1
Dementia,Neurocognitive Disorders,1
Coagulation,Vitamin K,1
General Medicine,HIV/AIDS,1
General Medicine,Hiv/Aids,1
HIV/AIDS,Microbiology,1
Hiv/Aids,Microbiology,1
General Surgery,Radiation Oncology,1
Cognitive Disorders,General Medicine,1
Surgical Techniques,Vascular,1
Intraoperative Complications,Intraoperative Management,1
Intraoperative Management,Oculocardiac Reflex,1
Ligaments,Spinal Ligaments,1
Musculoskeletal Anatomy,Spinal Ligaments,1
Auditory Implants,Otology,1
Auditory Implants,Surgical Procedures,1
Otology,Surgical Procedures,1
Growth & Development,Renal,1
Genetic disorders,Inherited Immunodeficiency,1
Genetic disorders,Inherited immunodeficiency,1
Inherited Immunodeficiency,Inherited immunodeficiency,1
Endophthalmitis,Post-operative Complications,1
Infectious Diseases,Post-operative Complications,1
Glaucoma,Optic Disc Anatomy,1
Glaucoma,Optic Nerve,1
Optic Disc Anatomy,Optic Nerve,1
Coagulation Disorders,Hypercoagulable States,1
Genetics & Molecular Biology,Hypercoagulable States,1
Pelvic Ligaments,Uterine Anatomy,1
Pelvic Ligaments,Uterine Support,1
Uterine Anatomy,Uterine Support,1
Pelvic Inflammatory Disease,Pelvic Inflammatory Disease Complications,1
Pelvic Inflammatory Disease,Uterine Pathology,1
Pelvic Inflammatory Disease Complications,Uterine Pathology,1
Stroke Syndromes,Vascular,1
Histology,Neurology,1
Health Care Delivery,Liver Anatomy,1
Cystic Fibrosis,Genetic Disorders,1
Cardiology,Tetralogy Of Fallot,1
Cardiology,Tetralogy of Fallot,1
Abdominal Muscles,Hernia & Abdominal Wall,1
Abdominal Muscles,Musculoskeletal,1
Hernia & Abdominal Wall,Musculoskeletal,1
Neuroanatomy,Spinal Cord Tracts,1
Spinal Cord,Spinal Cord Tracts,1
Histology,Kidney,1
Head & Neck,Joints & Arthritis,1
Arteries,Coronary Arteries,1
Cardiology,Coronary Arteries,1
Cardiac Reflexes,Cardiology,1
Cardiac Reflexes,Reflexes,1
Cardiology,Reflexes,1
Muscle Receptors,Neurophysiology,1
Muscle Receptors,Sensory System,1
Neurophysiology,Sensory System,1
Endocrine,Menstrual Cycle Hormones,1
Menstrual Cycle Hormones,Reproductive,1
Chemoreceptors,Neurophysiology,1
Lung Volumes,Pulmonology,1
Fluid Electrolyte Balance,Renal,1
GFR Regulation,Renal,1
Endocrine,Thyroid Disorders,1
Lung Function Tests,Obstructive Lung Disease,1
Lung Function Tests,Pulmonology,1
Obstructive Lung Disease,Pulmonology,1
Biochemistry,Insulin Synthesis,1
Endocrinology,Insulin Synthesis,1
Autonomic,Nerve Conduction,1
ADH Action,Adh Action,1
ADH Action,Endocrine,1
ADH Action,Renal,1
Adh Action,Endocrine,1
Adh Action,Renal,1
Brainstem Lesions,Neurology,1
Brainstem Lesions,Neurophysiology,1
Neurology,Neurophysiology,1
Cell Biology,Metabolic Disorders,1
Cell Biology,Peroxisomal Disorders,1
Amino Acid Metabolism,Arginine Metabolism,1
Amino Acid Metabolism,Nitrogen Metabolism,1
Arginine Metabolism,Nitrogen Metabolism,1
Carbohydrate Metabolism,NADPH Production,1
Carbohydrate Metabolism,Nadph Production,1
Carbohydrate Metabolism,Redox Metabolism,1
NADPH Production,Nadph Production,1
NADPH Production,Redox Metabolism,1
Nadph Production,Redox Metabolism,1
Lipid Metabolism,Neurobiochemistry,1
Ammonia Metabolism,Carbohydrate Metabolism,1
Diabetes Mellitus,Lipid Metabolism,1
Liver Physiology,Protein Metabolism,1
Liver Physiology,Protein Synthesis,1
Protein Metabolism,Protein Synthesis,1
Cholesterol Metabolism,Gallstones,1
Cholesterol Metabolism,Lipid Metabolism,1
Gallstones,Lipid Metabolism,1
Collagen,Protein Structure,1
Connective Tissue,Protein Structure,1
Enzymology,Ribozymes,1
Genetics & Molecular Biology,Ribozymes,1
Genetic Disorders,Hyperlipoproteinemia,1
Amino Acid Metabolism,Metabolic Cycles Linkage,1
Carbohydrate Metabolism,Metabolic Cycles Linkage,1
Histology,Vitamin A Metabolism,1
Vitamin A Metabolism,Vitamins & Nutrition,1
Coagulation disorders,Platelet Disorders,1
Coagulation disorders,Platelet disorders,1
Apoptosis,Cell biology,1
Apoptosis,Genetics & Molecular Biology,1
Cell biology,Genetics & Molecular Biology,1
Enzyme inhibition,Protein Metabolism,1
Enzyme inhibition,Protein function,1
Protein Metabolism,Protein function,1
Genetic Disorders,Inheritance patterns,1
Genetic disorders,Inheritance patterns,1
Cardiology,Rheumatic heart disease,1
Rheumatic heart disease,Valvular Heart Disease,1
Rheumatic heart disease,Valvular heart disease,1
Hematopathology,Lymphoid neoplasms,1
Lymphoid Neoplasms,Lymphoid neoplasms,1
Lymphoid Neoplasms,Lymphoma,1
Lymphoid neoplasms,Lymphoma,1
Hemolytic Anemias,Hemolytic anemia,1
Hemolytic anemia,Hemolytic anemias,1
Lipid Metabolism,Lipoprotein disorders,1
Copper Metabolism,Copper metabolism,1
Copper Metabolism,Inherited metabolic disorders,1
Copper metabolism,Inherited metabolic disorders,1
Chronic Venous Disease,Vascular,1
Antimicrobial Drugs,Pharmacokinetics,1
CNS Drugs,Neurotransmitters,1
CNS Drugs,Psychopharmacology,1
Neurotransmitters,Psychopharmacology,1
Antifungal Drugs,Antimicrobial Drugs,1
Antifungal Drugs,Antimicrobials,1
Anticoagulants,Cardiovascular Drugs,1
Cardiovascular Drugs,Hematopathology,1
Anesthetic Drugs,Neuromuscular Blockers,1
Diuretics,Endocrine,1
Cardiovascular Drugs,Ion Channels,1
Child Psychiatry,Drugs For Substance Abuse,1
Child Psychiatry,Drugs for Substance Abuse,1
Drugs For Substance Abuse,Drugs for Substance Abuse,1
Drugs For Substance Abuse,Endocrine Pharmacology,1
Drugs for Substance Abuse,Endocrine Pharmacology,1
Antiparasitic Drugs,Endocrine Pharmacology,1
Antiparasitic Drugs,Microbiology,1
CNS Physiology,Neuromuscular Blockers,1
Endocrine Pharmacology,Gout Drugs,1
General Medicine,Gout Drugs,1
Cholinergic Drugs,Neuromuscular Junction,1
Amino Acid Metabolism,Catecholamine Synthesis,1
Catecholamine Synthesis,Neurotransmitters,1
Adverse Drug Reactions,Antimicrobials,1
Bacteriology,Corynebacterium Diphtheriae,1
Bacteriology,Corynebacterium diphtheriae,1
Corynebacterium Diphtheriae,Infectious Diseases,1
Corynebacterium diphtheriae,Infectious Diseases,1
Clinical Trials,Phases Of Clinical Trials,1
Clinical Trials,Phases of Clinical Trials,1
Growth & Development,Phases Of Clinical Trials,1
Growth & Development,Phases of Clinical Trials,1
Phases Of Clinical Trials,Phases of Clinical Trials,1
Bites And Stings Management,Bites and Stings Management,1
Bites And Stings Management,Envenomation,1
Bites And Stings Management,Toxicology,1
Bites and Stings Management,Envenomation,1
Bites and Stings Management,Toxicology,1
Envenomation,Toxicology,1
Drugs For Short Bowel Syndrome,Drugs for Short Bowel Syndrome,1
Drugs For Short Bowel Syndrome,Gastrointestinal,1
Drugs For Short Bowel Syndrome,Mechanism of Action,1
Drugs for Short Bowel Syndrome,Gastrointestinal,1
Drugs for Short Bowel Syndrome,Mechanism of Action,1
Gastrointestinal,Mechanism of Action,1
Antiemetic Drugs,Antiemetics,1
Antiemetic Drugs,Chemotherapy Side Effects,1
Antiemetics,Chemotherapy Side Effects,1
Drug Administration,General Pharmacology,1
Growth & Development,Hematopoietic Drugs,1
Hematopathology,Hematopoietic Drugs,1
Osmotic Diuretics,Renal,1
Cardiology,Eicosanoids,1
Soft Tissue Injuries,Trauma,1
Sexual Offenses,Thanatology,1
Legal Aspects,Medical Jurisprudence,1
Poisoning Management,Toxicology,1
Sample Preservation,Toxicology,1
Genetics & Molecular Biology,Identification,1
Intestinal Nematodes,Intestinal Parasites,1
Intestinal Nematodes,Parasitology,1
Intestinal Parasites,Parasitology,1
Antimicrobials,Antiparasitic Agents,1
Antimicrobials,Antiparasitic Drugs,1
Antiparasitic Agents,Antiparasitic Drugs,1
Enteroviruses,Virology,1
Infectious Diseases,Opportunistic Fungi,1
Mycology,Opportunistic Fungi,1
Viral Classification,Virology,1
Mycology,Staining,1
Disaster management,Triage,1
Health Administration,Health administration,1
Health Administration,Health legislation,1
Health Administration,Public health administration,1
Health administration,Health legislation,1
Health administration,Public health administration,1
Health legislation,Public health administration,1
National Health Programs,RCH program,1
Healthcare Administration,Healthcare administration,1
Healthcare Administration,Healthcare delivery system,1
Healthcare Administration,Primary healthcare,1
Healthcare administration,Healthcare delivery system,1
Healthcare administration,Primary healthcare,1
Healthcare delivery system,Primary healthcare,1
Biostatistics,Diagnostic test evaluation,1
Diagnostic test evaluation,Epidemiology,1
Biostatistics,Epidemiological Study Designs,1
Environment & Occupational Health,Occupational Health And Safety,1
Environment & Occupational Health,Occupational Health and Safety,1
Infectious Diseases,Occupational Health And Safety,1
Infectious Diseases,Occupational Health and Safety,1
Occupational Health And Safety,Occupational Health and Safety,1
Biostatistics,Epidemiological Bias,1
Epidemiological Bias,Epidemiology,1
Biostatistics,Data Presentation,1
Data Presentation,Epidemiology,1
Environmental Health,Solid Waste Disposal,1
Solid Waste Disposal,Waste Management,1
Family Health,Genetic Counseling,1
Family Health,Genetics & Molecular Biology,1
Disease Surveillance,Epidemiological Indicators,1
Antitoxins,Endocrine Pharmacology,1
Antitoxins,Infectious Diseases,1
Growth & Development,Head And Neck Anatomy,1
Growth & Development,Head and Neck Anatomy,1
Airway Obstruction,Laryngeal Pathology,1
Airway Obstruction,Throat & Larynx,1
Laryngeal Pathology,Throat & Larynx,1
Biochemistry,Retina,1
Anxiety & OCD,Phobic Disorders,1
Phobias,Phobic Disorders,1
Oculoplastic Surgery,Ptosis Management,1
Oculoplastic Surgery,Squint & Pediatric Ophthalmology,1
Ptosis Management,Squint & Pediatric Ophthalmology,1
Adverse Drug Reactions,Glaucoma,1
Adverse Drug Reactions,Ocular Drugs,1
Glaucoma,Ocular Drugs,1
Antineoplastic Drugs,Pediatric Oncology,1
Myasthenia Gravis,Neuro-ophthalmology,1
Myasthenia Gravis,Ocular Manifestations,1
Myasthenia Gravis,Ocular manifestations,1
Neuro-ophthalmology,Ocular Manifestations,1
Neuro-ophthalmology,Ocular manifestations,1
Ocular Manifestations,Ocular manifestations,1
Cardiac Imaging,Cardiac Imaging Findings,1
Cardiac Imaging,Cardiac imaging findings,1
Cardiac Imaging,Valvular Heart Disease,1
Cardiac Imaging Findings,Cardiac imaging findings,1
Cardiac Imaging Findings,Valvular Heart Disease,1
Cardiac imaging findings,Valvular Heart Disease,1
Arrhythmias,Cardiac Conduction System,1
Arrhythmias,Cardiac conduction system,1
Cardiac Conduction System,Cardiac Electrophysiology,1
Cardiac Conduction System,Cardiac conduction system,1
Cardiac Electrophysiology,Cardiac conduction system,1
Deep Venous Thrombosis (DVT),Deep Venous Thrombosis (Dvt),1
Deep Venous Thrombosis (DVT),Vascular,1
Deep Venous Thrombosis (DVT),Venous Thromboembolism,1
Deep Venous Thrombosis (Dvt),Vascular,1
Deep Venous Thrombosis (Dvt),Venous Thromboembolism,1
Esophageal Disorders,Esophageal Ulcers,1
Esophageal Disorders,Esophageal ulcers,1
Esophageal Disorders,Infectious Diseases,1
Esophageal Ulcers,Esophageal ulcers,1
Esophageal Ulcers,Infectious Diseases,1
Esophageal ulcers,Infectious Diseases,1
Neurology,Spinal cord lesions,1
Spinal Cord Lesions,Spinal cord lesions,1
Spinal Cord Syndromes,Spinal cord lesions,1
Bone Disorders,Genetic Disorders,1
Liver Disease,Liver Disorders,1
Liver Disease,Prognostic Scores,1
Liver Disorders,Prognostic Scores,1
Ischemic Heart Disease,Myocardial Infarction,1
Ischemic Heart Disease,Obstetric Complications,1
Myocardial Infarction,Obstetric Complications,1
Dementia,Neurodegenerative Disorders,1
Dementia,Risk Factors,1
Neurodegenerative Disorders,Risk Factors,1
Autoimmune Diseases,Dermatology,1
Autoimmune Diseases,Systemic Lupus Erythematosus,1
Dermatology,Systemic Lupus Erythematosus,1
Congenital Heart Disease,Infectious Diseases,1
ECG Findings,ECG Interpretation,1
ECG Findings,Ecg Interpretation,1
ECG Findings,Electrolyte Disturbances,1
ECG Interpretation,Electrolyte Disturbances,1
Ecg Interpretation,Electrolyte Disturbances,1
Alcohol Effects,Cardiomyopathies,1
Alcohol Effects,Cardiomyopathy,1
HIV/AIDS,Immunodeficiency,1
Hiv/Aids,Immunodeficiency,1
Diagnostic Criteria,Hematopathology,1
Hematopathology,Infective Endocarditis,1
Cardiac Murmurs,Cardiology,1
Cardiac Murmurs,Heart Murmurs,1
Biliary Atresia,Gastroenterology,1
Biliary Atresia,Liver Transplant,1
Gastroenterology,Liver Transplant,1
Biliary System Diseases,Cholelithiasis,1
Cholelithiasis,Gallstones,1
Esophageal Diseases,Esophageal Ulcers,1
Esophageal Diseases,Infectious Esophagitis,1
Esophageal Ulcers,Infectious Esophagitis,1
Abdominal Wall Defects,Congenital Anomalies,1
Congenital Anomalies,Embryology,1
Endoscopy,Esophageal Surgery,1
Endoscopy,Gastrointestinal Surgery,1
Genitourinary Anatomy,Male Genital System Anatomy,1
Genitourinary Anatomy,Pelvic Anatomy,1
Male Genital System Anatomy,Pelvic Anatomy,1
Esophageal Pathology,Gastrointestinal,1
Esophageal Pathology,Neoplasia,1
Breast & Endocrine Surgery,Surgical Techniques,1
Cranial Nerves,Peripheral Neuropathy,1
Gastroenterology,Neurology,1
Neurology,Peptic Ulcer Disease,1
Gastroenterology,Pediatric Abdominal Emergencies,1
Interventional Radiology,Pediatric Abdominal Emergencies,1
Preventive Medicine,Vaccination,1
APGAR Score,Apgar Score,1
APGAR Score,Neonatology,1
APGAR Score,Newborn Assessment,1
Apgar Score,Neonatology,1
Apgar Score,Newborn Assessment,1
Neonatology,Newborn Assessment,1
Congenital Heart Disease,Patent Ductus Arteriosus,1
Fragile X Syndrome,Growth & Development,1
Common Peroneal Nerve,Lower Limb,1
Common Peroneal Nerve,Peripheral Nerves,1
Head & Neck,Rhinosinusitis Complications,1
Head & Neck,Rhinosinusitis complications,1
Head & Neck,Sinusitis,1
Rhinosinusitis Complications,Rhinosinusitis complications,1
Rhinosinusitis Complications,Sinusitis,1
Rhinosinusitis complications,Sinusitis,1
Gait abnormalities,Neurology,1
Gynecologic Oncology,Musculoskeletal pathology,1
Musculoskeletal pathology,Neoplasia,1
Bone disorders,Spinal Imaging,1
Bone disorders,Spinal imaging,1
Bone disorders,Spine,1
Spinal Imaging,Spinal imaging,1
Spinal Imaging,Spine,1
Spinal imaging,Spine,1
Dislocations,Hip Dislocations,1
Dislocations,Hip dislocations,1
Dislocations,Hip injuries,1
Hip Dislocations,Hip dislocations,1
Hip Dislocations,Hip injuries,1
Hip dislocations,Hip injuries,1
Infectious Diseases,Tenosynovitis,1
Epidemiology,Septic Arthritis,1
Epidemiology,Septic arthritis,1
Rotator cuff,Shoulder Pathology,1
Rotator cuff,Shoulder pain,1
Rotator cuff,Shoulder pathology,1
Shoulder Pathology,Shoulder pain,1
Shoulder Pathology,Shoulder pathology,1
Shoulder pain,Shoulder pathology,1
Antenatal Care,Physiological changes,1
Antenatal Care,Diagnosis,1
Antenatal Care,Gestational diabetes,1
Diagnosis,Gestational diabetes,1
Eclampsia,Pre-eclampsia,1
Infectious Diseases,Vaginal discharge,1
Contraception,OCP contraindications,1
Acute fatty liver,Antenatal Care,1
Gynaecological Surgery,Pelvic Organ Prolapse,1
Genetics & Molecular Biology,Gestational Trophoblastic Disease,1
Menopause,Vulvar Disorders,1
Sexual Disorders,Sexual Response Cycle,1
Breast & Endocrine Surgery,Postpartum Complications,1
Antenatal Care,Antiphospholipid Syndrome,1
Abnormal Uterine Bleeding,Airway Management,1
Abnormal Uterine Bleeding,Uterine Fibroids,1
Airway Management,Uterine Fibroids,1
Endocrinology,Ovarian Reserve Assessment,1
Infertility,Ovarian Reserve Assessment,1
Fetal Anatomy,Fetal Head Diameters,1
Fetal Anatomy,Labor & Delivery,1
Amniotic Fluid,Amniotic Fluid Dynamics,1
Amniotic Fluid Dynamics,Growth & Development,1
Embryology,Integumentary System,1
Inhalational Anaesthetics,Side Effects,1
Drug Administration,Intravenous Anaesthetics,1
Anaesthetic Agents,Cardiology,1
Anaesthetic Monitoring,Depth of Anaesthesia,1
Genetic Disorders,Liver Metabolism,1
Genetic Disorders,Transport Proteins,1
Liver Metabolism,Transport Proteins,1
Contrast Agents,Radiographic Contrast Agents,1
Contrast Agents,Radiographic Principles,1
Radiographic Contrast Agents,Radiographic Principles,1
Bone Lesions,Gynecologic Oncology,1
Bone Lesions,Skeletal Radiology,1
Gynecologic Oncology,Skeletal Radiology,1
CNS Physiology,Child Psychiatry,1
CNS Physiology,Sleep Disorders,1
Dermatology,Skin Conditions,1
SUBJ:ENT,SUBJ:Ophthalmology,1
Barium Studies,Contrast Studies,1
Barium Studies,Gastrointestinal,1
Contrast Studies,Gastrointestinal,1
Connective Tissue Disorders,Lupus Erythematosus,1
Connective Tissue Disorders,SLE,1
Connective tissue disorders,SLE,1
Infestations,Scabies,1
Alopecia,Hair disorders,1
Metabolic Skin Manifestations,Pigmentary Disorders,1
Autoimmune Diseases,Juvenile Idiopathic Arthritis,1
Antenatal Care,Gestational Diabetes,1
Gestational Diabetes,Growth & Development,1
Benign Uterine Conditions,Pelvic Pain,1
Benign Uterine Conditions,Uterine Disorders,1
Pelvic Pain,Uterine Disorders,1
Antepartum Hemorrhage,Placental Abnormalities,1
Placenta Praevia,Placental Abnormalities,1
Imaging,Urinary Tract Anomalies,1
Imaging,Urology,1
Urinary Tract Anomalies,Urology,1
Abdominal Anatomy,Anatomical Triangles,1
Anatomical Triangles,Surgical Anatomy,1
Basic Surgical Skills,Surgical Blades,1
Basic Surgical Skills,Surgical Instruments,1
Surgical Blades,Surgical Instruments,1
Basic Surgical Skills,Surgical Knots,1
Basic Surgical Skills,Surgical Techniques,1
Surgical Knots,Surgical Techniques,1
Abdominal Emergencies,Perforated Viscus,1
Perforated Viscus,Shock,1
Conjunctiva,Conjunctival Disorders,1
Conjunctiva,Squint & Pediatric Ophthalmology,1
Conjunctival Disorders,Conjunctival disorders,1
Conjunctival Disorders,Squint & Pediatric Ophthalmology,1
Conjunctival disorders,Squint & Pediatric Ophthalmology,1
Environment & Occupational Health,Vertigo,1
Otology,Vertigo,1
Environment & Occupational Health,Middle Ear Diseases,1
Environment & Occupational Health,Middle ear diseases,1
Middle Ear Diseases,Middle ear diseases,1
Middle Ear Diseases,Otology,1
Middle ear diseases,Otology,1
Ocular motility,Strabismus Diagnosis,1
Ocular motility,Strabismus diagnosis,1
Squint & Pediatric Ophthalmology,Strabismus Diagnosis,1
Squint & Pediatric Ophthalmology,Strabismus diagnosis,1
Strabismus Diagnosis,Strabismus diagnosis,1
Environment & Occupational Health,Vocal Cord Lesions,1
Environment & Occupational Health,Vocal cord lesions,1
Laryngology,Vocal Cord Lesions,1
Laryngology,Vocal cord lesions,1
Vocal Cord Lesions,Vocal cord lesions,1
Epidemiological Studies,Study Designs,1
Gram-Positive Bacteria,Pulmonology,1
Gram-positive Bacteria,Pulmonology,1
Infectious Diseases,Skin Rashes,1
Infectious Diseases,Vesiculobullous Lesions,1
Skin Rashes,Vesiculobullous Lesions,1
Cause Of Death,Cause of Death,1
Cause Of Death,Medical Jurisprudence,1
Cause Of Death,Thanatology,1
Cause of Death,Medical Jurisprudence,1
Cause of Death,Thanatology,1
Brain Malformations,Congenital Anomalies,1
Congenital Anomalies,Neuroimaging,1
Abdomen,Biliary System,1
Biliary System,Neuroanatomy,1
Dermatomes,Neuroanatomy,1
Internal Capsule,Neuroanatomy,1
Neck Anatomy,Neuroanatomy,1
Abdominal Vasculature,Neuroanatomy,1
Hand Anatomy,Muscle Physiology,1
Muscle Physiology,Upper Limb,1
Abdominal Anatomy,Abdominal Viscera,1
Abdominal Anatomy,Pancreas,1
Abdominal Viscera,Pancreas,1
Extracellular Matrix,Glomerular Filtration,1
Extracellular Matrix,Renal,1
Glomerular Filtration,Renal,1
Nerve Fiber Types,Neurophysiology,1
Nerve Fiber Types,Peripheral Nerves,1
Gastrointestinal,Reflexes,1
Demyelinating Diseases,Neurophysiology,1
Cardiology,Cerebral Circulation,1
Hematopathology,Iron Metabolism,1
Electrophysiology,Research Techniques,1
Neurophysiology,Research Techniques,1
Carbohydrate Metabolism,Hormone Regulation,1
Liver Function Tests,Pigment Metabolism,1
Adverse Drug Reactions,Vitamins & Nutrition,1
DNA Replication and Repair,Dna Replication And Repair,1
DNA Replication and Repair,Genetic Disorders,1
DNA Replication and Repair,Genetics & Molecular Biology,1
Dna Replication And Repair,Genetic Disorders,1
Dna Replication And Repair,Genetics & Molecular Biology,1
Cardiology,Metabolic Syndrome,1
Endocrinology,Metabolic Syndrome,1
Gene Expression,Gene Expression Regulation,1
Gene Expression Regulation,Genetics & Molecular Biology,1
Musculoskeletal Pathology,Neoplasia,1
Cellular Adaptations,Pulmonology,1
Endocrine,Thyroid Diseases,1
Thyroid Diseases,Thyroid Pathology,1
Hemostasis,Thrombosis,1
Cell biology,Cellular Movement,1
Cell biology,Immunology,1
Cellular Movement,Immunology,1
Anticancer drugs,Molecular targets,1
Antineoplastic Agents,Molecular targets,1
Drug classes,GI Pharmacology,1
Drug classes,Gastrointestinal,1
Drug classes,Gi Pharmacology,1
GI Pharmacology,Gastrointestinal,1
GI Pharmacology,Gi Pharmacology,1
Gastrointestinal,Gi Pharmacology,1
Anticancer drugs,Mechanism of action,1
Antineoplastic Agents,Mechanism of action,1
Antifungal drugs,Infectious Diseases,1
Antiemetics,Autonomic,1
Antihypertensives,Diuretics,1
Antimicrobial Resistance,Antimicrobials,1
Cell Signaling,Endocrinology,1
Cell Signaling,Receptor Mechanisms,1
Endocrinology,Receptor Mechanisms,1
Gout Treatment,Gout treatment,1
Gout Treatment,Musculoskeletal Pharmacology,1
Gout Treatment,Rheumatology,1
Gout treatment,Musculoskeletal Pharmacology,1
Gout treatment,Rheumatology,1
Musculoskeletal Pharmacology,Rheumatology,1
Antimicrobials,Drug Metabolism,1
Environmental Medicine,High Altitude Sickness,1
Autonomic,Cholinergic Agonists,1
Autonomic,Urological Drugs,1
Cholinergic Agonists,Urological Drugs,1
Antifungal Agents,Antifungal Drugs,1
Antifungal Agents,Systemic Mycoses,1
Antifungal Drugs,Systemic Mycoses,1
Adverse Drug Reactions,Antipsychotic Side Effects,1
Antipsychotic Side Effects,Antipsychotics,1
Cholinergic Drugs,Neuromuscular Blockers,1
Cholinergic Drugs,Neuromuscular Pharmacology,1
Drug Elimination,Drug Kinetics,1
Drug Kinetics,Pharmacokinetics,1
Child Abuse,Medical Jurisprudence,1
Child Abuse,Sexual Assault,1
Child Abuse,Sexual Assault Examination,1
Sexual Assault,Sexual Assault Examination,1
Substance Abuse,Substance Abuse Symptoms,1
Substance Abuse Symptoms,Toxicology,1
Identification,Sexual Assault,1
Medical Jurisprudence,Mental Health Act,1
Bacterial Culture Media,Bacteriology,1
Bacterial Culture Media,Labor & Delivery,1
Bacterial STIs,Bacterial Stis,1
Bacterial STIs,Bacteriology,1
Bacterial STIs,Infectious Diseases,1
Bacterial Stis,Bacteriology,1
Bacterial Stis,Infectious Diseases,1
Bacteriology,Urethritis Causes,1
Parasitology,Urethritis Causes,1
Bacterial Food Poisoning,Bacteriology,1
Bacterial Food Poisoning,Food Poisoning,1
HIV/AIDS,Parasitology,1
Chlamydia,Infectious Diseases,1
B Cell Activation,B cell activation,1
B cell activation,Immunology,1
Diagnostic Techniques,Hepatitis B Diagnosis,1
Diagnostic Techniques,Hepatitis B diagnosis,1
Diagnostic Techniques,Virology,1
Hepatitis B Diagnosis,Hepatitis B diagnosis,1
Hepatitis B Diagnosis,Virology,1
Hepatitis B diagnosis,Virology,1
Bacterial Virulence,Bacteriology,1
Bacterial Virulence,Neisseria Gonorrhoeae,1
Bacterial Virulence,Neisseria gonorrhoeae,1
Bacteriology,Neisseria Gonorrhoeae,1
Bacteriology,Neisseria gonorrhoeae,1
Biomedical waste management,Environmental Health,1
Biomedical waste management,Waste Management,1
Environment & Occupational Health,Factories Act,1
Factories Act,Public Health Legislation,1
Disaster Management,Immunization,1
Disaster Management,Infectious Diseases,1
Health Legislation,Social Security,1
Health Legislation,Tuberculosis,1
Social Security,Tuberculosis,1
Immunization,Tetanus Prophylaxis,1
Tetanus Prophylaxis,Wound Management,1
Behavioral Science,Health Management,1
Epidemiology,Public Health Goals,1
Public Health,Public Health Goals,1
Biostatistics,Measures Of Dispersion,1
Biostatistics,Measures of Dispersion,1
Measures Of Dispersion,Measures of Dispersion,1
Health Economics,Health Management,1
Screening,Screening Tests,1
Immunology,Neonatal Immunity,1
Neonatal Immunity,Neonatology,1
Legal aspects,Mental Healthcare Act,1
Legal aspects,Mental Healthcare Act 2017,1
Mental Healthcare Act,Mental Healthcare Act 2017,1
Biomedical Waste Management,Hospital Waste,1
Communicable Diseases,Environmental Health,1
Communicable Diseases,Waterborne Diseases,1
Environmental Health,Waterborne Diseases,1
Eye Health Programs,National Program For Control Of Blindness,1
Eye Health Programs,National Program for Control of Blindness,1
Eye Health Programs,Public Health Ophthalmology,1
National Program For Control Of Blindness,National Program for Control of Blindness,1
National Program For Control Of Blindness,Public Health Ophthalmology,1
National Program for Control of Blindness,Public Health Ophthalmology,1
Biostatistics,Gynecologic Oncology,1
Biostatistics,Screening,1
Gynecologic Oncology,Preventive Medicine,1
Preventive Medicine,Screening,1
Ear Anatomy,Neuroanatomy,1
Ear Anatomy,Reflexes,1
Neuroanatomy,Reflexes,1
Ear Surgery,Surgical Procedures,1
Otitis Media,Tuberculosis,1
Nasal Surgery,Rhinitis,1
Nasal Surgery,Surgical Procedures,1
Rhinitis,Surgical Procedures,1
Head & Neck,Paranasal Sinuses,1
Head & Neck,Radiographic Views,1
Kawasaki Syndrome,Systemic Diseases,1
Neuro-ophthalmology,Visual Pathway Lesions,1
Neuro-ophthalmology,Visual Pathways,1
Visual Pathway Lesions,Visual Pathways,1
Orbital Diseases,Orbital Pathology,1
Orbital Diseases,Proptosis,1
Orbital Pathology,Proptosis,1
Sympathetic Ophthalmitis,Trauma,1
Sympathetic Ophthalmitis,Uveitis,1
Macular Diseases,Macular Function Tests,1
Macular Diseases,Ophthalmic Investigations,1
Macular Function Tests,Ophthalmic Investigations,1
Cornea & Refractive,Ocular Physiology,1
Neuro-ophthalmology,Strabismus,1
Neuro-ophthalmology,Strabismus Diagnosis,1
Strabismus,Strabismus Diagnosis,1
Eyelid Anatomy & Disorders,Eyelid Disorders,1
Neuro-ophthalmology,Orbital Disorders,1
Drug Side Effects,Rheumatoid Arthritis Drugs,1
Drug Side Effects,Toxicology,1
Rheumatoid Arthritis Drugs,Toxicology,1
Esophageal Disorders,Motility Disorders,1
Esophageal Motility Disorders,Motility Disorders,1
Chronic Liver Disease,Liver Cirrhosis,1
Chronic Liver Disease,Prognostic Scores,1
Liver Cirrhosis,Prognostic Scores,1
Emergency Medicine,Vascular,1
Rheumatology,SLE,1
Biliary system,Choledocholithiasis,1
Biliary system,Cholelithiasis,1
Choledocholithiasis,Cholelithiasis,1
Arrhythmias,Supraventricular Tachycardia,1
Cardiology,Supraventricular Tachycardia,1
Drug toxicity,Lithium Toxicity,1
Drug toxicity,Psychopharmacology,1
Lithium Toxicity,Psychopharmacology,1
Electrolyte imbalance,Lithium Side Effects,1
Electrolyte imbalance,Psychopharmacology,1
Lithium Side Effects,Psychopharmacology,1
Antineoplastic Drugs,Genetics & Molecular Biology,1
Acid-Base Balance,Nephrology,1
Acid-Base Disorders,Nephrology,1
Adverse Drug Reactions,Antiarrhythmic Drugs,1
Adverse Drug Reactions,Cardiovascular Drugs,1
Antiarrhythmic Drugs,Cardiovascular Drugs,1
Hepatology,Jaundice,1
Functional Bowel Disorders,Irritable Bowel Syndrome,1
Environmental Emergencies,Frostbite,1
Environmental Emergencies,Trauma,1
Frostbite,Trauma,1
Brainstem,Brainstem Syndromes,1
Brainstem Syndromes,Neuroanatomy,1
Cardiology,Pleural Effusion,1
Cardiology,Pulmonary Hypertension Drugs,1
Pulmonary Hypertension Drugs,Pulmonology,1
Esophageal Disorders,Esophageal Motility,1
Esophageal Motility,Gastroenterology,1
Abdominal Aortic Aneurysm,Aortic Aneurysms,1
Aortic Aneurysms,Vascular,1
Gynecologic Oncology,Lung Cancer Staging,1
Lung Cancer Staging,Pulmonology,1
ATLS,Trauma,1
Endocrinology,MEN Syndromes,1
Endocrinology,Men Syndromes,1
Gastroenterology,MEN Syndromes,1
Gastroenterology,Men Syndromes,1
MEN Syndromes,Men Syndromes,1
Gynecologic Oncology,Penile Carcinoma,1
Penile Carcinoma,Urology,1
Infections of Bone & Joint,Nephrology,1
Infections of Bone & Joint,Post-Transplant Complications,1
Infections of Bone & Joint,Post-transplant complications,1
Nephrology,Post-Transplant Complications,1
Nephrology,Post-transplant complications,1
Post-Transplant Complications,Post-transplant complications,1
Diverticular Disease,Diverticular disease,1
Diverticular Disease,Peritonitis,1
Diverticular Disease,Surgical classification,1
Diverticular disease,Peritonitis,1
Diverticular disease,Surgical classification,1
Peritonitis,Surgical classification,1
Malabsorption,Small Bowel Surgery Complications,1
Malabsorption,Small bowel resection,1
Malabsorption,Small bowel surgery complications,1
Small Bowel Surgery Complications,Small bowel resection,1
Small Bowel Surgery Complications,Small bowel surgery complications,1
Small bowel resection,Small bowel surgery complications,1
Abdomen,Esophageal Disorders,1
Abdomen,Esophageal disorders,1
Abdomen,Pneumomediastinum,1
Esophageal Disorders,Pneumomediastinum,1
Esophageal disorders,Pneumomediastinum,1
Graft types,Immunology,1
Graft types,Transplantation,1
Breast & Endocrine Surgery,Goitre,1
Goitre,Thyroid disorders,1
Acute Liver Failure,Acute liver failure,1
Acute Liver Failure,Liver failure,1
Acute Liver Failure,Liver transplantation,1
Acute liver failure,Liver failure,1
Acute liver failure,Liver transplantation,1
Liver failure,Liver transplantation,1
Cardiac risk assessment,Preoperative Evaluation,1
Cardiac risk assessment,Preoperative assessment,1
Cardiac risk assessment,Preoperative evaluation,1
Preoperative Evaluation,Preoperative assessment,1
Preoperative Evaluation,Preoperative evaluation,1
Preoperative assessment,Preoperative evaluation,1
Breast & Endocrine Surgery,Parathyroid Gland,1
Breast & Endocrine Surgery,Flaps,1
Flaps,Reconstructive Surgery,1
Claudication,Peripheral Artery Disease,1
Claudication,Vascular,1
Endocrine,Pancreatic Neoplasms,1
Endocrinology,Pancreatic Neoplasms,1
Melanoma,Skin Cancer,1
Skin Cancer,Skin Neoplasms,1
Elbow Injuries,Fractures,1
STIs,Vaginitis,1
Metabolic Bone Diseases,Osteoporosis,1
Metabolic Bone Diseases,Pharmacotherapy,1
Osteoporosis,Pharmacotherapy,1
Endocrine,Pituitary Gland Physiology,1
Pituitary Gland Physiology,Pituitary Hormones,1
Perineal Tears,Postpartum Complications,1
Postpartum Complications,Trauma,1
Endocrine,Hypopituitarism,1
Endocrine,Pituitary Disorders,1
Hypopituitarism,Pituitary Disorders,1
Gametogenesis,Reproductive,1
Antenatal Care,Gravida Para,1
Gravida Para,Obstetric History,1
Autacoids,Obstetric Complications,1
Autacoids,Prostaglandins,1
Obstetric Complications,Prostaglandins,1
Estrogen Effects,Puberty,1
Estrogen Effects,Reproductive,1
Puberty,Reproductive,1
Fetal Anomalies,Fetal Medicine,1
Fetal Anomalies,Oligohydramnios,1
Fetal Medicine,Oligohydramnios,1
Endoscopic Procedures,Endoscopic procedures,1
Endoscopic Procedures,Hysteroscopy,1
Endoscopic Procedures,Surgical procedures,1
Endoscopic procedures,Hysteroscopy,1
Endoscopic procedures,Surgical procedures,1
Hysteroscopy,Surgical procedures,1
Congenital anomalies,Reproductive,1
Congenital anomalies,Uterine anomalies,1
Reproductive,Uterine anomalies,1
Gastrointestinal,Neonatal GI disorders,1
Neonatal GI disorders,Neonatal Gi Disorders,1
Neonatal GI disorders,Neonatology,1
Infectious Diseases,Pelvic Inflammatory Disease,1
Infectious Diseases,Pelvic inflammatory disease,1
Infectious Diseases,Pelvic masses,1
Pelvic Inflammatory Disease,Pelvic inflammatory disease,1
Pelvic Inflammatory Disease,Pelvic masses,1
Pelvic inflammatory disease,Pelvic masses,1
Genetic disorders,Neonatal Skin Conditions,1
Genetic disorders,Neonatal skin conditions,1
Genetic disorders,Neonatology,1
Neonatal Skin Conditions,Neonatal skin conditions,1
Neonatal skin conditions,Neonatology,1
Basic Life Support,Oxygen therapy,1
Basic life support,Oxygen therapy,1
Basic life support,Resuscitation,1
Oxygen therapy,Resuscitation,1
Gynecologic Oncology,Radiation Effects,1
Gynecologic Oncology,Radiation biology,1
Gynecologic Oncology,Radiation effects,1
Radiation Effects,Radiation biology,1
Radiation Effects,Radiation effects,1
Radiation biology,Radiation effects,1
Epidemiology,Substance Dependence,1
Epidemiology,Substance abuse,1
Epidemiology,Substance dependence,1
Substance Dependence,Substance abuse,1
Substance Dependence,Substance dependence,1
Substance abuse,Substance dependence,1
Depressive Disorders,Psychotic Disorders,1
Mood Disorders,Psychotic Disorders,1
Articulations,Gross Anatomy,1
Articulations,Joints & Arthritis,1
Gross Anatomy,Joints & Arthritis,1
Gross Anatomy,Musculoskeletal System,1
Musculoskeletal System,Upper Limb,1
Cartilage,Connective Tissue,1
Gross Anatomy,Hand Anatomy,1
HIV,Mycology,1
Cardiology,Connective Tissue Disorders,1
Autoimmune Diseases,Nephrology,1
Autoimmune Diseases,Renal,1
HIV,Parasitology,1
Infectious Diseases,Lymph Node Pathology,1
Inflammation & Healing,Lymph Node Pathology,1
Molecular Pathology,Sarcomas,1
Chronic Lung Disease,Genetic Disorders,1
Chronic Lung Disease,Pulmonology,1
Dose-Response,General Pharmacology,1
Dose-Response,Pharmacodynamics,1
Musculoskeletal Imaging,Paediatric Imaging,1
Musculoskeletal Imaging,Skeletal Radiology,1
Paediatric Imaging,Skeletal Radiology,1
Burns & Plastic,Injuries & Trauma,1
Bacteriology,Gram Stain,1
Interventional Radiology,Pharynx And Esophagus Anatomy,1
Interventional Radiology,Pharynx and Esophagus Anatomy,1
Neuroanatomy,Pharynx And Esophagus Anatomy,1
Neuroanatomy,Pharynx and Esophagus Anatomy,1
Pharynx And Esophagus Anatomy,Pharynx and Esophagus Anatomy,1
Infections of Bone & Joint,Oral and Maxillofacial Surgery,1
Infectious Diseases,Oral and Maxillofacial Surgery,1
Cranial Nerves,Ocular Motility Disorders,1
Colorectal Polyps,Gastrointestinal,1
Colorectal Polyps,Neoplasia,1
Esophageal Disorders,Esophageal Imaging,1
Urethral Imaging,Urethral Pathology,1
Urethral Imaging,Urogenital Radiology,1
Urethral Pathology,Urogenital Radiology,1
Laparoscopic Instrumentation,Laparoscopic Surgery,1
Laparoscopic Instrumentation,Surgical Instruments,1
Laparoscopic Surgery,Surgical Instruments,1
Fetal Anomalies,Teratogenicity,1
Fetal Anomalies,Teratogens,1
Teratogenicity,Teratogens,1
Gynecologic Oncology,Uterine Pathology,1
Interventional Radiology,Uterine Pathology,1
Immunology,Primary Immunodeficiency,1
Neonatology,Primary Immunodeficiency,1
Fractures,Inflammatory Arthritis,1
General Medicine,Inflammatory Arthritis,1
Fractures,Hand And Wrist Conditions,1
Fractures,Hand and Wrist Conditions,1
Hand And Wrist Conditions,Hand and Wrist Conditions,1
Hand And Wrist Conditions,Neuroanatomy,1
Hand and Wrist Conditions,Neuroanatomy,1
Fractures,Metabolic Bone Diseases,1
General Medicine,Metabolic Bone Diseases,1
Bullous Skin Diseases,Dermatology,1
Bullous Skin Diseases,General Medicine,1
Pulmonology,Regional Anaesthesia,1
Congenital Heart Disease Imaging,Neonatology,1
Congenital Heart Disease Imaging,General Medicine,1
Interventional Radiology,Paediatric Chest Radiology,1
Neonatology,Paediatric Chest Radiology,1
Dermatology,Neck Masses,1
General Surgery,Neck Masses,1
Abdominal Imaging,General Surgery,1
General Medicine,Medical Signs,1
Interventional Radiology,Medical Signs,1
General Surgery,Lower Limb,1
COVID-19,Oxygen Delivery Systems,1
COVID-19,Pulmonology,1
Carbohydrate Metabolism,Hematopathology,1
Hematopathology,Metabolic Pathways,1
Gynecologic Oncology,Human Papillomavirus,1
Human Papillomavirus,Virology,1
Middle Ear Disorders,Neonatology,1
Middle Ear Disorders,Otology,1
Ear Anatomy,Ear Ossicles,1
Ear Ossicles,Head and Neck Anatomy,1
Heme Metabolism,Heme Synthesis,1
Heme Metabolism,Toxicology,1
Clinical Features of Poisoning,Heavy Metal Poisoning,1
Clinical Features of Poisoning,Toxicology,1
Pulmonology,Systemic Diseases,1
Sarcoidosis,Systemic Diseases,1
Cardiology,Infective Endocarditis,1
Gastroenterology,Paracetamol Poisoning,1
Gastroenterology,Paracetamol poisoning,1
Gastroenterology,Toxicology,1
Paracetamol Poisoning,Paracetamol poisoning,1
Paracetamol Poisoning,Toxicology,1
Paracetamol poisoning,Toxicology,1
Atrial Fibrillation,CNS Physiology,1
Ascites Complications,Ascites complications,1
Ascites Complications,Gastroenterology,1
Ascites Complications,Infectious Diseases,1
Ascites complications,Gastroenterology,1
Ascites complications,Infectious Diseases,1
Biochemistry,Jaundice,1
Neonatology,Rheumatic Fever,1
Arrhythmias,Endocrine Pharmacology,1
Endocrine Pharmacology,Preeclampsia Complications,1
Obstetric Complications,Preeclampsia Complications,1
General Surgery,Vesicovaginal Fistula,1
Gynecologic Oncology,Vesicovaginal Fistula,1
Demography & Family Planning,Gynecologic Oncology,1
Placenta,Preeclampsia,1
Antenatal Care,Doppler,1
Doppler,Preeclampsia,1
Antenatal Care,Placental Abnormalities,1
Antenatal Care,Placental abnormalities,1
Placental Abnormalities,Placental abnormalities,1
Labor & Delivery,Placental complications,1
Placental complications,Postpartum Hemorrhage,1
Placental complications,Postpartum hemorrhage,1
Emergency Medicine,Pediatric Orthopedics,1
Emergency Medicine,Postpartum Complications,1
Emergency Medicine,Postpartum complications,1
Pediatric Orthopedics,Postpartum Complications,1
Pediatric Orthopedics,Postpartum complications,1
Instrumental delivery,Labor & Delivery,1
Identification,Pelvic Anatomy,1
Identification,Pelvic anatomy,1
Puerperium,Uterine Involution,1
Antenatal Care,Cerclage,1
Cerclage,Cervical Insufficiency,1
Labor & Delivery,Malposition,1
Breech Presentation,Management Of Breech Presentation,1
Breech Presentation,Management of Breech Presentation,1
Breech Presentation,Previous Cesarean Section,1
Management Of Breech Presentation,Management of Breech Presentation,1
Management Of Breech Presentation,Previous Cesarean Section,1
Management of Breech Presentation,Previous Cesarean Section,1
Antepartum Hemorrhage,Placenta Previa,1
Abortion,Antenatal Care,1
Endocrinology,Fetal Physiology,1
Fetal Physiology,Reproductive,1
Growth & Development,Metabolic Disorders,1
Growth & Development,Neurology,1
Genetic Bone Disorders,Genetics & Molecular Biology,1
Genetic Bone Disorders,Neonatology,1
Neonatology,Osteomyelitis,1
Aging,Biochemistry,1
Aging,Genetics & Molecular Biology,1
Cranial Nerves,Headache Syndromes,1
Monitoring,Neuromuscular Blockade Monitoring,1
Neuromuscular Blockade,Neuromuscular Blockade Monitoring,1
Genetics & Molecular Biology,Mutations,1
Enzyme Deficiencies,Glycogen Storage Diseases,1
Enzyme Assays,Vitamins & Nutrition,1
Conjunctival Disorders,Vitamins & Nutrition,1
Bacteriology,Mycology,1
Nail Disorders,Psoriasis,1
Hair Disorders,Post-viral complications,1
Diabetes complications,Infectious Diseases,1
Diabetes complications,Post-COVID complications,1
Infectious Diseases,Post-COVID complications,1
Airway Management,First Aid,1
Genetics & Molecular Biology,Hemoglobinopathies,1
Head and Neck,Neck Masses,1
Head and Neck,Neck masses,1
Head and Neck,Otology,1
Neck Masses,Otology,1
Neck masses,Otology,1
Allergy,Drug Hypersensitivity,1
Allergy,Drug hypersensitivity,1
Allergy,Pulmonology,1
Drug Hypersensitivity,Drug hypersensitivity,1
Drug Hypersensitivity,Pulmonology,1
Drug hypersensitivity,Pulmonology,1
Ear Anatomy,Hearing Physiology,1
Ear Anatomy,Inner Ear Anatomy,1
Ear Anatomy,Inner ear anatomy,1
Hearing Physiology,Inner Ear Anatomy,1
Hearing Physiology,Inner ear anatomy,1
Inner Ear Anatomy,Inner ear anatomy,1
Nasal Cavity,Neoplasia,1
Anemia,Hemolytic Anemia,1
Anemia,Hemolytic anemia,1
Inflammation & Healing,Innate Immunity,1
Inflammation & Healing,Innate immunity,1
Ballistics,Gunshot Wounds,1
Ballistics,Gunshot wounds,1
Gunshot Wounds,Gunshot wounds,1
Gunshot wounds,Thanatology,1
Genitourinary Pathology,Urology,1
Thanatology,Wounds,1
Thanatology,Wounds And Injuries,1
Thanatology,Wounds and Injuries,1
Wounds,Wounds And Injuries,1
Wounds,Wounds and Injuries,1
Wounds And Injuries,Wounds and Injuries,1
Asphyxia,Post-mortem Findings,1
Asphyxial Deaths,Post-mortem Findings,1
Diabetes Mellitus,Diabetic Emergencies,1
HIV Management,HIV/AIDS,1
HIV Management,Hiv Management,1
HIV Management,Infectious Diseases,1
HIV/AIDS,Hiv Management,1
Hiv Management,Infectious Diseases,1
Acute Heart Failure,Cardiology,1
Acute Heart Failure,Emergency Medicine,1
Cardiology,Drug Overdose,1
Drug Overdose,Toxicology,1
Chest CT Interpretation,Chest Ct Interpretation,1
Chest CT Interpretation,Chest Imaging,1
Chest CT Interpretation,Pulmonology,1
Chest Ct Interpretation,Chest Imaging,1
Chest Ct Interpretation,Pulmonology,1
Gynecologic Oncology,Nephrology,1
Gynecologic Oncology,Oncological Emergencies,1
Nephrology,Oncological Emergencies,1
Glomerulonephritis,Rheumatology,1
Acid-Base Balance,Emergency Medicine,1
Acid-Base Disorders,Emergency Medicine,1
Paediatric Emergency,Poisoning,1
Paediatric Emergency,Toxicology,1
Tropical Medicine,Vaccinology,1
Tropical Medicine,Viral Hemorrhagic Fevers,1
Vaccinology,Viral Hemorrhagic Fevers,1
Dermatophytes,Dermatophytosis,1
Culture Media,Fungal Culture Media,1
Culture Media,Fungal culture media,1
Culture Media,Mycology,1
Fungal Culture Media,Fungal culture media,1
Fungal Culture Media,Mycology,1
Fungal culture media,Mycology,1
Bacteriology,Cholera Toxin Mechanism,1
Bacteriology,Cholera toxin mechanism,1
Bacteriology,Toxins,1
Cholera Toxin Mechanism,Cholera toxin mechanism,1
Cholera Toxin Mechanism,Toxins,1
Cholera toxin mechanism,Toxins,1
Lipid Metabolism,Sphingolipidoses,1
Aspergillosis,Infectious Diseases,1
Aspergillosis,Mycology,1
Antibiotic-associated Diarrhea,Bacteriology,1
Antibiotic-associated Diarrhea,Infectious Diseases,1
Endocrinology,Neonatal Hypothyroidism,1
Neonatal Hypothyroidism,Neonatology,1
Epilepsy,Infantile Spasms,1
Infantile Spasms,Neurology,1
Infectious Diseases,Perinatal HIV,1
Infectious Diseases,Perinatal Hiv,1
Duchenne Muscular Dystrophy,Genetic Disorders,1
Duchenne Muscular Dystrophy,Neurology,1
Nerve Fiber Properties,Neurophysiology,1
Nerve Fiber Properties,Peripheral Nerves,1
Body Temperature Regulation,General Physiology,1
Body Temperature Regulation,Thermoregulation In Fever,1
Body Temperature Regulation,Thermoregulation in Fever,1
General Physiology,Thermoregulation In Fever,1
General Physiology,Thermoregulation in Fever,1
Thermoregulation In Fever,Thermoregulation in Fever,1
Hemiballismus,Movement Disorders,1
Hemiballismus,Neurology,1
Adolescent Psychiatry,Bulimia Nervosa,1
Adolescent Psychiatry,Eating Disorders,1
Bulimia Nervosa,Eating Disorders,1
Mental health,Postpartum Psychiatric Disorders,1
Mental health,Postpartum disorders,1
Mental health,Postpartum psychiatric disorders,1
Postpartum Psychiatric Disorders,Postpartum disorders,1
Postpartum Psychiatric Disorders,Postpartum psychiatric disorders,1
Postpartum disorders,Postpartum psychiatric disorders,1
SUBJ:OBG,SUBJ:Psychiatry,1
Imaging Modalities,Imaging modalities,1
Imaging Modalities,Imaging techniques,1
Imaging modalities,Imaging techniques,1
Dehydration,IMNCI,1
Congenital Urinary Anomalies,Congenital urinary anomalies,1
Congenital Urinary Anomalies,Urinary tract anomalies,1
Congenital Urinary Anomalies,Urology,1
Congenital urinary anomalies,Urinary tract anomalies,1
Congenital urinary anomalies,Urology,1
Urinary tract anomalies,Urology,1
Breast & Endocrine Surgery,Parathyroid disorders,1
Low birth weight,Maternal And Child Health,1
Low birth weight,Maternal and child health,1
Maternal And Child Health,Maternal and child health,1
Coagulation monitoring,Trauma,1
General Radiology,Image Interpretation,1
Foreign Body Aspiration,Pulmonology,1
Gynecologic Oncology,Thyroid Pathology,1
Abdomen,Abdominal Emergencies,1
Abdomen,Emergency Surgery,1
Abdominal Emergencies,Emergency Surgery,1
Adverse drug reactions,Anticoagulants,1
Burns & Plastic,Pediatric Surgery,1
Antiemetic Side Effects,Extrapyramidal Symptoms,1
Antiemetics,Extrapyramidal Symptoms,1
Fat Absorption,Vitamins & Nutrition,1
Alcoholism,Oral Mucosal Lesions,1
Alcoholism,Oral Pathology,1
Oral Mucosal Lesions,Oral Pathology,1
Fluoroquinolones,Mechanism of Action,1
Cardiology,Digoxin Toxicity,1
Cardiology,Poisoning,1
Digoxin Toxicity,Poisoning,1
Electrolyte Imbalance,Hyperkalemia,1
Electrolyte Imbalance,Hyperkalemia Management,1
Hyperkalemia,Hyperkalemia Management,1
Endocrinology,Pituitary Hormones,1
Gynecologic Oncology,Venous Drainage,1
Pelvic Anatomy,Venous Drainage,1
Cardiac Arrest,Cardiopulmonary Resuscitation,1
Cardiac Arrest,ECG Interpretation,1
Cardiopulmonary Resuscitation,ECG Interpretation,1
Electrolyte Imbalance,Neurology,1
Diabetic Emergencies,Emergency Medicine,1
Autoimmune Arthritis,Rheumatology,1
Fractures,Pulmonary Embolism,1
Diabetes Mellitus,General Medicine,1
CNS Physiology,COPD Exacerbation,1
CNS Physiology,Copd Exacerbation,1
COPD Exacerbation,Copd Exacerbation,1
COPD Exacerbation,General Medicine,1
Copd Exacerbation,General Medicine,1
Cardiac Arrhythmias,Emergency Medicine,1
Cardiac Arrhythmias,General Medicine,1
Biochemistry,Cholestatic Liver Disease,1
Cholestatic Liver Disease,General Medicine,1
Pituitary Disorders,Pituitary Gland,1
Renal,Thiazide Diuretics,1
Nerve Fiber Classification,Neuroanatomy,1
Nerve Fiber Classification,Peripheral Nerves,1
Lumbar Plexus,Peripheral Nerves,1
Ankle Injuries,Ankle Sprains,1
Ankle Sprains,Ligament Injuries,1
Epithelial Tissue,Histology,1
Epithelial Tissue,Microanatomy,1
Histology,Microanatomy,1
Head and neck,Submandibular Region,1
Head and neck,Submandibular region,1
Submandibular Region,Submandibular region,1
Genetics & Molecular Biology,Lysosomal Storage Disorders,1
Energy Metabolism,Fasting Metabolism,1
Amino Acid Metabolism,Cofactors,1
Amino Acid Metabolism,Phenylalanine Metabolism,1
Cofactors,Phenylalanine Metabolism,1
Endemic Diseases,Environmental Health,1
Endemic Diseases,Vitamins & Nutrition,1
Cardiology,Preventive Medicine,1
Disaster management,Toxicology,1
Entomology,Vector-borne diseases,1
Bias In Screening,Screening,1
Bias in Screening,Screening,1
Child Health,Clinical Presentation,1
Granulomatous diseases,Infectious Dermatoses,1
Granulomatous diseases,Infectious dermatoses,1
Carcinoma,Neoplasia,1
Infectious Diseases,Mycetoma,1
Epistaxis,Nasal Anatomy,1
Epistaxis,Surgical Management,1
Nasal Anatomy,Surgical Management,1
Autoimmune Skin Disorders,Bullous Diseases,1
Autoimmune Skin Disorders,Vesicular Lesions,1
Bullous Diseases,Vesicular Lesions,1
Adolescent Health,Epistaxis,1
Adolescent Health,Neoplasia,1
Epistaxis,Neoplasia,1
Fractures,Surgical Instruments,1
Surgical Instruments,Trauma,1
Asphyxial Deaths,Asphyxial Injuries,1
Asphyxial Deaths,Injury Interpretation,1
Asphyxial Injuries,Injury Interpretation,1
Post-mortem changes,Thanatology,1
Legal Medicine,POCSO Act,1
Legal Medicine,Pocso Act,1
POCSO Act,Pocso Act,1
Arrhythmias,Atrial Flutter/Fibrillation,1
Atrial Flutter/Fibrillation,Cardiology,1
Cardiology,Diabetes Mellitus,1
Arrhythmias,Emergency Medicine,1
Endocrinology,Metabolic bone disease,1
Coagulation,Coagulation Disorders,1
Mycology,Neurology,1
Antenatal Care,First Trimester Complications,1
Antenatal Care,Preeclampsia And Eclampsia,1
Antenatal Care,Preeclampsia and Eclampsia,1
Endocrine Pharmacology,Preeclampsia And Eclampsia,1
Endocrine Pharmacology,Preeclampsia and Eclampsia,1
Preeclampsia And Eclampsia,Preeclampsia and Eclampsia,1
Congenital Anomalies,Congenital Limb Defects,1
Congenital Limb Defects,Neonatology,1
Episiotomy Repair,Surgical Procedures,1
Labor & Delivery,Surgical Procedures,1
Birth Injuries,Labor & Delivery,1
Birth Injuries,Neonatal Injuries,1
Labor & Delivery,Neonatal Injuries,1
Gynaecological Oncology,Ovarian Cancer,1
Gynaecological Oncology,Systemic Pathology,1
Ovarian Cancer,Systemic Pathology,1
Anticoagulation,Postpartum Complications,1
Anticoagulation,Postpartum care,1
Postpartum Complications,Postpartum care,1
Postmenopausal Bleeding,Postmenopausal bleeding,1
Postmenopausal Bleeding,Uterine disorders,1
Postmenopausal bleeding,Uterine disorders,1
Labor & Delivery,Shoulder dystocia,1
Labor & Delivery,Uterine rupture,1
Endocrinology,Menstrual Cycle Physiology,1
Endocrinology,Menstrual cycle,1
Menstrual Cycle Physiology,Menstrual cycle,1
Labor & Delivery,Umbilical cord prolapse,1
Cervical Cancer Staging,Cervical cancer,1
Cervical Cancer Staging,Gynaecological oncology,1
Cervical cancer,Gynaecological oncology,1
Ocular Imaging,Ocular Pathology,1
Ocular Imaging,Orbital Disorders,1
Ocular Pathology,Orbital Disorders,1
Glaucoma,Lens & Cataract,1
Cornea & Refractive,Refractive Surgery,1
Binocular Vision,CNS Physiology,1
Binocular Vision,Ocular Physiology,1
CNS Physiology,Ocular Physiology,1
Neoplasia,Orbital Disorders,1
Orbit,Orbital Disorders,1
Inflammation & Healing,Orbital Disorders,1
Inflammation & Healing,Orbital Pathology,1
Orbital Disorders,Orbital Pathology,1
Rheumatology,Uveitis,1
Spondyloarthropathies,Uveitis,1
Fractures,Hip Pathology,1
Hip Pathology,Hip disorders,1
Cell Death,Cell Injury & Death,1
Cholestatic Liver Diseases,Gastroenterology,1
Cholestatic Liver Diseases,Hepatology,1
Genetic Syndromes,Inherited Disorders,1
Connective Tissue Disorders,Marfan Syndrome,1
Genetics & Molecular Biology,Marfan Syndrome,1
Gynecologic Oncology,Lymphoproliferative Disorders,1
Hematopathology,Lymphoproliferative Disorders,1
Hearing Loss Causes,Neoplasia,1
Hearing Loss Causes,Otology,1
Gynecologic Oncology,Neuropathology,1
Cornea & Refractive,Ocular Surface Disease,1
Autoimmune Disorders,Rheumatology,1
Breast & Endocrine Surgery,Endocrine,1
Acute Leukemia,Hematologic Malignancies,1
Airway Emergencies,Basic Life Support,1
Inborn Errors of Metabolism,Mucopolysaccharidoses,1
Infectious Diseases,Neonatal HIV Management,1
Infectious Diseases,Neonatal Hiv Management,1
Neonatal HIV Management,Neonatal Hiv Management,1
Neonatal HIV Management,Neonatology,1
Neonatal Hiv Management,Neonatology,1
Acid-Base Disorders,Fluid Therapy,1
Fluid Therapy,Fluid and Electrolyte Balance,1
Biologics,Immunomodulators,1
Migraine Management,Neurology,1
Migraine Management,Pain Management,1
Neurology,Pain Management,1
Drug Mechanism,Hyperuricemia Management,1
Drug Mechanism,Metabolic Disorders,1
Hyperuricemia Management,Metabolic Disorders,1
Drug Mechanism,GERD Management,1
Drug Mechanism,Gastroenterology,1
Drug Mechanism,Gerd Management,1
GERD Management,Gastroenterology,1
GERD Management,Gerd Management,1
Gastroenterology,Gerd Management,1
Adverse Drug Reactions,Dermatology,1
Endocrinology,Pheochromocytoma,1
Hypertension,Pheochromocytoma,1
Fluid And Electrolyte Management,Fluid and Electrolytes,1
Fluid And Electrolyte Management,Intravenous Fluids,1
Fluid and Electrolyte Management,Fluid and Electrolytes,1
Fluid and Electrolyte Management,Intravenous Fluids,1
Fluid and Electrolytes,Intravenous Fluids,1
Nephrology,Thiazide Diuretics,1
Environmental Physiology,High Altitude Physiology,1
Environmental Physiology,Pulmonology,1
Antimicrobial resistance,Tuberculosis,1
Cardiology,Ventilation Perfusion,1
Pulmonology,Ventilation Perfusion,1
Endocrinology,Menstrual physiology,1
Chest Imaging,Thorax,1
Schizophrenia & Psychosis,Thanatology,1
Head And Neck,Neck Swellings,1
Head and Neck,Neck Swellings,1
Trauma,Trauma Surgery,1
Anorectal Disorders,Colorectal Surgery,1
Penile Disorders,Urology,1
Burns & Plastic,Trauma Surgery,1
Paediatric Emergencies,Paediatric Symptoms,1
Anal Carcinoma,Colorectal Surgery,1
Anal Carcinoma,Gynecologic Oncology,1
Inflammation & Healing,Surgical Sutures,1
Inflammation & Healing,Surgical sutures,1
Surgical Sutures,Surgical sutures,1
Anaesthetic Complications,Endocrine Pharmacology,1
Amino Acid Metabolism,Enzymology,1
Dyslipidemia,Genetic Disorders,1
Genetic disorders,Lipid Metabolism,1
DNA repair,Dna Repair,1
Non-Communicable Disease Prevention,Non-communicable Disease Prevention,1
Non-Communicable Disease Prevention,Non-communicable Diseases,1
Non-Communicable Disease Prevention,Vitamins & Nutrition,1
Non-communicable Disease Prevention,Non-communicable Diseases,1
Non-communicable Disease Prevention,Vitamins & Nutrition,1
Non-communicable Diseases,Vitamins & Nutrition,1
Environmental Health,Health Administration,1
Health Administration,Water Purification,1
Census Methods,Demography & Family Planning,1
Census Methods,Epidemiology,1
Biostatistics,Screening Evaluation,1
Epidemiology,Screening Evaluation,1
Bias In Screening,Biostatistics,1
Bias in Screening,Biostatistics,1
Health Administration,Health Program Management Cycle,1
Health Administration,National Health Programs,1
Health Program Management Cycle,National Health Programs,1
ICDS Program,Icds Program,1
ICDS Program,Maternal and Child Health,1
ICDS Program,Vitamins & Nutrition,1
Icds Program,Maternal and Child Health,1
Icds Program,Vitamins & Nutrition,1
Disease Dynamics,Epidemiology,1
Disease Dynamics,Infectious Diseases,1
Diagnostic Procedures,Infectious Diseases,1
Head and Neck Oncology,Oropharyngeal Cancer,1
Head and Neck Oncology,Oropharynx,1
Oropharyngeal Cancer,Oropharynx,1
Hearing Loss,Hearing Loss Diagnosis,1
Barium Swallow,Gastrointestinal,1
Barium Swallow,Pharynx,1
Gastrointestinal,Pharynx,1
Acid Base Disorders,Acid base disorders,1
Acid Base Disorders,Emergency Medicine,1
Acid base disorders,Emergency Medicine,1
Genetics & Molecular Biology,Hemolytic Anemias,1
Hematopathology,Sepsis,1
Cardiology,Stroke Management,1
Neurology,Stroke Management,1
Gram-Positive Bacteria,Infectious Diseases,1
Gram-positive Bacteria,Infectious Diseases,1
Asthma Management,Endocrine Pharmacology,1
Infectious Diseases,Prenatal Care,1
Filariasis,Infectious Diseases,1
Gynecologic Oncology,Uterine Support,1
Gynecologic Oncology,Uterine support,1
Neuroanatomy,Uterine Support,1
Labor & Delivery,Obstetric Emergencies,1
Obstetric Emergencies,Shoulder Dystocia,1
Fetal distress,Labor & Delivery,1
Ocular Adnexa,Orbital diseases,1
Connective tissue,Genetics & Molecular Biology,1
Autoimmune Liver Disease,Autoimmune diseases,1
Autoimmune Liver Disease,Liver diseases,1
Autoimmune diseases,Liver diseases,1
Gynecologic Oncology,Leukemias,1
Benign liver lesions,Liver Radiology,1
Benign liver lesions,Liver imaging,1
Liver Radiology,Liver imaging,1
Connective tissue disorders,Genetic Syndromes,1
Connective tissue disorders,Genetic disorders,1
Genetic Syndromes,Genetic disorders,1
Granulomatous diseases,Systemic diseases,1
Inflammation & Healing,Systemic diseases,1
Neoplasia,Nervous system pathology,1
Autoimmune disorders,Rheumatology,1
Immunodeficiency Disorders,Immunodeficiency disorders,1
Immunodeficiency Disorders,Immunology,1
Immunodeficiency disorders,Immunology,1
Genetic disorders,Mitochondrial Disorders,1
Genetic disorders,Mitochondrial disorders,1
Mitochondrial Disorders,Mitochondrial disorders,1
Enzymology,Lysosomal storage diseases,1
Lysosomal Storage Diseases,Lysosomal storage diseases,1
Infant feeding,Vitamins & Nutrition,1
Mineral metabolism,Nephrology,1
Immunopharmacology,Pulmonology,1
Enzymology,Uric Acid Metabolism,1
Dermatology,Oral mucosal disorders,1
SUBJ:Dermatology,SUBJ:ENT,1
Endocrine,Pancreatic hormones,1
Muscle Physiology,Neuromuscular physiology,1
Muscle physiology,Neuromuscular physiology,1
Acute Stress Disorder,Trauma,1
Personality Disorders,Trauma,1
Mental health evaluation,Psychiatric Assessment,1
Mental health evaluation,Psychiatric assessment,1
Psychiatric Assessment,Psychiatric assessment,1
Interventional Radiology,Neurosurgery,1
Neuroimaging,Neurosurgery,1
Head And Neck Surgery,Vascular,1
Head and Neck Surgery,Vascular,1
Surgical Principles,Surgical Techniques,1
Lymphatic System,Pelvic Anatomy,1
Surgical Materials,Surgical Principles,1
Larynx Anatomy & Physiology,Throat & Larynx,1
Larynx Anatomy & Physiology,Voice Disorders,1
Throat & Larynx,Voice Disorders,1
Disc Prolapse,Spinal Disorders,1
Clinical Anatomy,Head and Neck Nerves,1
Histology,Sensory Receptors,1
Histology,Sensory receptors,1
Sensory Receptors,Sensory receptors,1
Neurology,Sciatica,1
Neurology,Spine,1
Sciatica,Spine,1
Abdominal Wall Defects,Neonatology,1
Fractures,Peripheral Neuropathy,1
Lower Limb,Peripheral nerves,1
Diaphragm,Embryology,1
Electron Transport Chain,Oxidative phosphorylation,1
Glycogen Storage Diseases,Metabolic Disorders,1
Emergency Medicine,Vitamins & Nutrition,1
Hepatology,Inborn Errors of Metabolism,1
Follicular Disorders,Neonatology,1
Follicular Disorders,Skin Disorders,1
Neonatology,Skin Disorders,1
Enzymology,Gastrointestinal,1
Anticancer Drugs,Antimetabolites,1
Anticancer drugs,Antimetabolites,1
Bacteriology,Enteric fever,1
Enzyme inhibition,Enzymology,1
Bacterial Culture,Clinical Microbiology,1
Bacterial Culture,Gastroenterology,1
Clinical Microbiology,Gastroenterology,1
Bacteriology,Infectious Dermatoses,1
Bacteriology,Infectious dermatoses,1
Antimicrobials,Antitubercular Drugs,1
Antitubercular Drugs,Tuberculosis,1
Antimicrobials,Drug-Resistant Tuberculosis Treatment,1
Drug-Resistant Tuberculosis Treatment,Tuberculosis,1
Antenatal Care,Antithyroid Drugs,1
Antithyroid Drugs,Hyperthyroidism Treatment,1
Endocrine,Hyperthyroidism Treatment,1
Drug Formulations,Lidocaine,1
Lidocaine,Local Anesthetics,1
Antiarrhythmic Drugs,Pharmacokinetics,1
Drug Dosing,Pharmacokinetics,1
Gastrointestinal,Opioids,1
Antibacterial Drugs,Antibacterial drugs,1
Antibacterial Drugs,Infectious Diseases,1
Antibacterial drugs,Infectious Diseases,1
Metabolic emergencies,Toxicology,1
Clinical Trials,Clinical trials,1
Clinical trials,Growth & Development,1
Antineoplastic drugs,Hematopathology,1
ADHD medications,Adhd Medications,1
ADHD medications,Neurology,1
ADHD medications,Psychopharmacology,1
Adhd Medications,Neurology,1
Adhd Medications,Psychopharmacology,1
Neurology,Psychopharmacology,1
Medical jurisprudence,Sexual Assault,1
Medical jurisprudence,Sexual assault,1
Medical jurisprudence,Toxicology,1
Sexual Assault,Toxicology,1
Sexual assault,Toxicology,1
Biological stains,Thanatology,1
Chelating agents,Toxicology,1
Asphyxia,Asphyxial deaths,1
Asphyxia,Postmortem findings,1
Asphyxial Deaths,Postmortem findings,1
Asphyxial deaths,Postmortem findings,1
Legal Medicine,Medicolegal Examination,1
Antenatal Care,Twin Complications,1
Bone Marrow Examination,Hematopathology,1
Cardiac Pathology,Cardiology,1
Cardiac Pathology,Systemic Pathology,1
Amyloidosis,Dermatopathology,1
Autoimmune Blistering Diseases,Gastroenterology,1
Genetics & Molecular Biology,Hematological Malignancies,1
Autoimmune Blistering Disorders,Immunofluorescence,1
Inborn Errors of Metabolism,Lipid Metabolism,1
Genetic Disorders,Rheumatology,1
Genetic disorders,Rheumatology,1
Otology,Rhinology,1
Airway Management,Neck masses,1
Neck masses,Tracheostomy,1
Neoplasia,Nose & PNS,1
Cranial nerves,Head And Neck Anatomy,1
Cranial nerves,Pharynx,1
Head And Neck Anatomy,Pharynx,1
Glaucoma,Visual Fields,1
Eyelid Anatomy,Neuro-ophthalmology,1
Binocular Vision,Binocular Vision Assessment,1
Binocular Vision Assessment,Strabismus,1
Conjunctival Disorders,Conjunctival Lesions,1
Conjunctival Disorders,Cornea & Refractive,1
Conjunctival Lesions,Cornea & Refractive,1
Visual Field Defects,Visual fields,1
Visual field defects,Visual fields,1
Neoplasia,Squint & Pediatric Ophthalmology,1
Disaster Management,Environmental Health,1
Diagnostic Microbiology,Diagnostic Tests,1
Diagnostic Microbiology,Infectious Diseases,1
Biostatistics,Child Health Indicators,1
Child Health Indicators,Epidemiology,1
Health Indicators,Socioeconomic Health Indices,1
Public Health,Socioeconomic Health Indices,1
Demographic Cycle,Population Dynamics,1
Biostatistics,Data Visualization,1
Data Visualization,Epidemiology,1
Vaccine Storage,Vaccines,1
Bacteriology,Growth & Development,1
Bacteriology,Immunization,1
Growth & Development,Immunization,1
Disaster Cycle,Disaster Management,1
Health Education,Health Education Models,1
Ayushman Bharat,National Health Programs,1
Ayushman Bharat,School Health,1
Bacteriology,Pathogens,1
Pathogens,Virology,1
Food Adulteration,Food Quality Tests,1
Food Quality Tests,Toxicology,1
Autoimmune Blistering Diseases,Gastrointestinal,1
Acneiform Disorders,Acneiform disorders,1
Infectious Diseases,Pediatric Dermatology,1
Altered consciousness,Toxicology,1
Pediatric Anesthesia,Pediatric anesthesia,1
Pediatric Anesthesia,Pulmonology,1
Pediatric anesthesia,Pulmonology,1
CNS stimulants,Toxicology,1
Ewing sarcoma,Neoplasia,1
Abdominal Radiology,Pancreas,1
Abdominal radiology,Pancreas,1
Contrast studies,Gastrointestinal,1
Pleural disease,Thoracic Radiology,1
Pleural disease,Thoracic radiology,1
Thoracic Radiology,Thoracic radiology,1
Neoplasia,Neuroradiology,1
Adnexal Masses,Adnexal masses,1
Adnexal Masses,Infertility,1
Adnexal masses,Infertility,1
Fetal Anomalies,Interventional Radiology,1
Neonatology,Urology,1
General Surgery,Patient Positioning,1
Patient Positioning,Regional Anaesthesia,1
General Medicine,Pericardial Diseases,1
Bacteriology,Tetanus,1
Adverse Effects,Anaesthetic Agents,1
Adverse Effects,General Anaesthesia,1
Anaesthetic Agents,General Anaesthesia,1
Cardiology,Interventions,1
Interventions,Valvular Heart Disease,1
Infectious Diseases,Tropical Medicine,1
Acid-Base Disorders,Electrolyte Imbalance,1
Cardiology,Sports Medicine,1
Cardiomyopathies,Sports Medicine,1
Acute Pancreatitis,Gastroenterology,1
Acute Pancreatitis,Pancreatic Disorders,1
Alcohol-Related Disorders,Emergency Medicine,1
Alcohol-Related Disorders,Gastroenterology,1
Emergency Medicine,Gastroenterology,1
Pleural Disorders,Pleural Effusion,1
Pleural Disorders,Pulmonology,1
Acid-Base Balance,Electrolytes,1
Acid-Base Disorders,Electrolytes,1
Diabetes Mellitus,Type 1 Diabetes,1
Endocrinology,Type 1 Diabetes,1
Gynecologic Oncology,Myasthenia Gravis,1
Acromegaly,Cardiology,1
Acromegaly,Endocrinology,1
Geriatrics,Pressure Ulcers,1
Geriatrics,Wound Care,1
Genetics & Molecular Biology,Neuro-Oncology,1
Genetics & Molecular Biology,Neuro-oncology,1
Neuro-Oncology,Neuro-oncology,1
Neuro-Oncology,Neurology,1
Neuro-oncology,Neurology,1
Hydatid Disease,Infectious Diseases,1
Hydatid Disease,Parasitology,1
Endocrinology,Myasthenia Gravis,1
Surgical Dressings,Wound Care,1
Surgical Dressings,Wound Management,1
Wound Care,Wound Management,1
Nephrolithiasis,Nephrology,1
Nephrolithiasis,Urology,1
Gastrectomy Complications,Post-operative Complications,1
Gastrectomy Complications,Vitamins & Nutrition,1
Post-operative Complications,Vitamins & Nutrition,1
General Concepts,Incomplete Question,1
Nephrology,Polycystic Kidney Disease,1
Nephrology,Polycystic kidney disease,1
Polycystic Kidney Disease,Polycystic kidney disease,1
Polycystic Kidney Disease,Renal,1
Polycystic kidney disease,Renal,1
Gastric Carcinoma,Gastrointestinal Surgery,1
Gastric carcinoma,Gastrointestinal Surgery,1
Endoscopy,Laparoscopic surgery,1
Burns & Plastic,Plastic surgery,1
Dermatology,Skin And Soft Tissue,1
Dermatology,Skin and Soft Tissue,1
General Surgery,Skin And Soft Tissue,1
General Surgery,Skin and Soft Tissue,1
Skin And Soft Tissue,Skin and Soft Tissue,1
Anorectal Surgery,General Surgery,1
Colitis,Gastroenterology,1
Colitis,Infectious Diseases,1
Colorectal Disorders,Gastroenterology,1
Chest Lesions,Gynecologic Oncology,1
Chest Lesions,Thoracic Surgery,1
Gynecologic Oncology,Thoracic Surgery,1
CNS Physiology,Plastic Surgery,1
Dermatology,Penile Cancer,1
Penile Cancer,Surgical Oncology,1
Congenital Anomalies,Urology,1
Penile Cancer,Urologic Oncology,1
Congenital Anomalies,Gastroenterology,1
Hematopathology,Lysosomal Storage Diseases,1
Congenital Anomalies,Genetics & Molecular Biology,1
External Cephalic Version,Fetal Presentation,1
External Cephalic Version,Labor & Delivery,1
Obstetric Emergencies,Placenta Inversion,1
Obstetric Emergencies,Placental Complications,1
Placenta Inversion,Placental Complications,1
Growth & Development,Reproductive,1
Congenital Uterine Anomalies,Reproductive,1
Congenital Uterine Anomalies,Congenital malformations,1
Congenital Uterine Anomalies,Uterine anomalies,1
Congenital malformations,Uterine anomalies,1
Cervical Cancer Screening,Cervical pathology,1
Cervical Cancer Screening,Screening,1
Cervical pathology,Screening,1
Fetal Sex Determination Ethics,Legal aspects,1
Fetal Sex Determination Ethics,Medical ethics,1
Legal aspects,Medical ethics,1
Pelvic Organ Prolapse Surgery,Pelvic organ prolapse,1
Pelvic Organ Prolapse Surgery,Surgical procedures,1
Pelvic organ prolapse,Surgical procedures,1
Pelvic Surgical Anatomy,Pelvic anatomy,1
Pelvic Surgical Anatomy,Uterine surgery,1
Pelvic anatomy,Uterine surgery,1
Antenatal Care,Fallopian Tube Anatomy,1
Fallopian Tube Anatomy,Fallopian tube anatomy,1
Perineal Tears,Vaginal delivery complications,1
Perineal tears,Vaginal delivery complications,1
Cervical Cancer Screening,Cervical Pathology,1
Cervical Cancer Screening,Gynaecological Oncology,1
Cervical Pathology,Gynaecological Oncology,1
Benign gynecologic conditions,Endometriosis,1
Amenorrhea,Pubertal disorders,1
Amenorrhea,Genetic disorders,1
Knee Injuries,Sports injuries,1
Knee injuries,Sports injuries,1
Deformities,Fractures,1
Autonomic,Throat & Larynx,1
Interventional Radiology,Spine,1
Spine,Vertebral column,1
Cranial nerves,Head And Neck,1
Arteries,Neuroanatomy,1
Epithelium,Neuroanatomy,1
CNS Stimulants,Neurology,1
Cns Stimulants,Neurology,1
CNS Physiology,Membrane Potentials,1
Cellular physiology,Neurophysiology,1
Trace elements,Vitamins & Nutrition,1
Enzymology,Oxidative Phosphorylation,1
Heme synthesis,Toxicology,1
Galactose Metabolism,Inborn errors of metabolism,1
DNA repair,Genetic disorders,1
DNA repair,Xeroderma Pigmentosum,1
Genetic disorders,Xeroderma Pigmentosum,1
Follicular Hyperkeratosis,Skin lesions,1
Follicular Hyperkeratosis,Vitamins & Nutrition,1
Skin lesions,Vitamins & Nutrition,1
Enzyme Inhibition,Enzyme inhibition,1
Enzyme Inhibition,Enzyme kinetics,1
Enzyme inhibition,Enzyme kinetics,1
Antifolates,Antimetabolites,1
Antifolates,Enzyme inhibitors,1
Antimetabolites,Enzyme inhibitors,1
Cardiovascular Drugs,Fibrinolytic Agents,1
Cardiovascular Drugs,Fibrinolytic agents,1
Cardiovascular Drugs,Thrombolytics,1
Fibrinolytic Agents,Fibrinolytic agents,1
Fibrinolytic Agents,Thrombolytics,1
Fibrinolytic agents,Thrombolytics,1
Antenatal Care,Hyperthyroidism,1
Parasitology,Tropical Medicine,1
Bacterial Antigens,Bacteriology,1
Molecular Diagnostics,PCR,1
Genetics & Molecular Biology,Nerve Muscle,1
Lipid Metabolism,Nerve Muscle,1
Cardiology,Substance Abuse,1
Cardiology,Substance Abuse Pharmacology,1
Substance Abuse,Substance Abuse Pharmacology,1
Hematological Malignancies,Infectious Diseases,1
Firearm Injuries,Medicolegal Autopsy,1
Antenatal Care,Toxicology,1
Postmortem Changes,Rigor Mortis,1
Asphyxial Deaths,Smothering,1
Asphyxial deaths,Smothering,1
Medicolegal Jurisprudence,Medicolegal jurisprudence,1
Medicolegal Jurisprudence,Obstetric Complications,1
Medicolegal jurisprudence,Obstetric Complications,1
Antenatal Care,Gestational age,1
Gestational age,Legal aspects,1
Adipocere,Decomposition,1
Adipocere,Post-Mortem Changes,1
Adipocere,Post-mortem changes,1
Decomposition,Post-Mortem Changes,1
Decomposition,Post-mortem changes,1
Antenatal Care,Fetal abnormalities,1
Fetal abnormalities,Legal aspects,1
Cardiology,Sudden cardiac death,1
Molecular pathology,Pulmonology,1
Child Psychiatry,Immunopathology,1
Child Psychiatry,Virology,1
Antidotes,Drug Toxicity,1
Antidotes,Serotonin Syndrome,1
Drug Toxicity,Serotonin Syndrome,1
Genetic Disorders,Histopathology,1
Genetic Disorders,Lysosomal Storage Disorders,1
Histopathology,Lysosomal Storage Disorders,1
Infectious Diseases,Lysosomal Storage Disorders,1
Autoimmune Skin Disorders,Autoimmune blistering disorders,1
Autoimmune Skin Disorders,Pemphigus vulgaris,1
Autoimmune blistering disorders,Pemphigus vulgaris,1
Alpha-1 antitrypsin deficiency,Chronic Obstructive Pulmonary Disease,1
Alpha-1 antitrypsin deficiency,Emphysema,1
Chronic Obstructive Pulmonary Disease,Emphysema,1
Cochlear implant,Otosclerosis,1
Cochlear implant,Conductive hearing loss,1
Conductive hearing loss,Otology,1
Endocrine,Pheochromocytoma,1
Pheochromocytoma,Renal,1
Ectopia lentis,Genetics & Molecular Biology,1
Ectopia lentis,Marfan syndrome,1
Genetics & Molecular Biology,Marfan syndrome,1
ANCA vasculitis,Pulmonary hemorrhage,1
Pulmonary hemorrhage,Rheumatology,1
ANCA vasculitis,Microscopic polyangiitis,1
Microscopic polyangiitis,Rheumatology,1
Chest imaging,Pulmonology,1
Chest imaging,X-ray,1
Nasal Septum Surgery,Nasal septum,1
Nasal Septum Surgery,Nasal septum surgery,1
Nasal Septum Surgery,Nasal surgery,1
Nasal septum,Nasal septum surgery,1
Nasal septum,Nasal surgery,1
Nasal septum surgery,Nasal surgery,1
Nasal surgery,Rhinology,1
Ocular Motility,Ocular Motility & Strabismus,1
Ocular Motility & Strabismus,Strabismus,1
Glaucoma,Visual Field Defects,1
Inherited Eye Diseases,Retina,1
Cornea & Refractive,Inflammatory Lesions,1
Inflammatory Lesions,Ocular Surface Diseases,1
Cornea & Refractive,Infectious Eye Disease,1
Emergency Medicine,Glaucoma,1
Inborn Errors of Metabolism,Vitamins & Nutrition,1
Inborn Errors of Metabolism,Lens & Cataract,1
Neonatology,Newborn Care,1
Neonatology,Public Health,1
Newborn Care,Public Health,1
Biostatistics,Measures Of Central Tendency,1
Biostatistics,Measures of Central Tendency,1
Data Analysis,Measures Of Central Tendency,1
Data Analysis,Measures of Central Tendency,1
Measures Of Central Tendency,Measures of Central Tendency,1
Biostatistics,Lipid Metabolism,1
Maternal & Child Health,National Health Programs,1
Health Indicators,Public Health Programs,1
Public Health,Public Health Programs,1
Maternal Mortality Ratio,Maternal and Child Health,1
Demography & Family Planning,Maternal Mortality Ratio,1
Communicable Diseases,Social Medicine,1
Public Health Programs,Social Medicine,1
Communicable Diseases,Health Education,1
Health Screening,Public Health Programs,1
Health Screening,Vitamins & Nutrition,1
Anemia Prevention,School Health,1
Anemia Prevention,Vitamins & Nutrition,1
Health Education,Mental Health,1
Health Promotion,Mental Health,1
Sampling Methods,Study Designs,1
Cytopathology,Microbiology,1
Cytopathology,Systemic Pathology,1
Hair disorders,Infectious Diseases,1
Aortic Imaging,Vascular,1
Pain Management,Symptom Analysis,1
Aortic Imaging,Musculoskeletal Imaging,1
Cardiology,Musculoskeletal Imaging,1
Aneurysms,Aortic Aneurysm,1
Congenital brain malformations,Neuroradiology,1
Airway Management,Paediatric anaesthesia,1
ADHD,Adhd,1
Adhd,Child Psychiatry,1
Autonomic,Toxicology,1
Child Psychiatry,Somatic Symptom Disorders,1
Child Psychiatry,Somatic symptom disorders,1
Neuroimaging,Neuroimaging Findings,1
Neuroimaging,Neuroimaging findings,1
Neuroimaging Findings,Neuroimaging findings,1
Neuroimaging Findings,Vascular,1
Neuroimaging findings,Vascular,1
Neuroimaging,Neuroradiology,1
Gastrointestinal,Neuroradiology,1
Personality Disorders,Substance Abuse,1
Acute Metabolic Emergencies,Acute metabolic emergencies,1
Acute Metabolic Emergencies,Alcohol-related emergencies,1
Acute metabolic emergencies,Alcohol-related emergencies,1
Obsessive-Compulsive Spectrum,Obsessive-compulsive spectrum,1
Obsessive-Compulsive Spectrum,Somatic symptom disorders,1
Obsessive-compulsive spectrum,Somatic symptom disorders,1
Wounds And Ulcers,Wounds and ulcers,1
Difficult Airway,Pediatric Anaesthesia,1
Drug side effects,Intravenous Anesthetics,1
Drug side effects,Intravenous anesthetics,1
Airway Devices,Resuscitation equipment,1
Airway Management,Resuscitation equipment,1
Basic Life Support,First aid,1
Basic life support,First aid,1
Aortic Diseases,Aortic diseases,1
Acid-Base Balance,Electrolyte Disorders,1
Electrolyte Disorders,Metabolic Acidosis,1
Acid-Base Balance,Acidosis,1
Asthma,Obstructive Lung Diseases,1
Obstructive Lung Diseases,Pulmonology,1
Cardiac Tamponade,Cardiology,1
Cardiac Tamponade,Pericardial Diseases,1
Aortic Stenosis,Cardiology,1
Aortic Stenosis,Valvular Heart Disease,1
Cardiology,Decompensated Heart Failure,1
Decompensated Heart Failure,Heart Failure,1
Diabetes mellitus,Endocrinology,1
Genetic disorders,Pulmonology,1
Bleeding Disorders,Bleeding disorders,1
Hydatid Disease,Parasitic diseases,1
Hydatid disease,Parasitic diseases,1
Postoperative Care,Vitamins & Nutrition,1
Postoperative care,Vitamins & Nutrition,1
General Medicine,Neuromuscular Disorders,1
Femoral Triangle,Neuroanatomy,1
General Surgery,Pilonidal Disease,1
General Surgery,Skin & Soft Tissue,1
Pilonidal Disease,Skin & Soft Tissue,1
Labor & Delivery,Operative Vaginal Delivery,1
Labor & Delivery,Operative vaginal delivery,1
Operative Vaginal Delivery,Operative vaginal delivery,1
Communicable diseases,Immunization,1
Genetics & Molecular Biology,Inborn errors of metabolism,1
Inborn errors of metabolism,Purine Metabolism,1
Inborn errors of metabolism,Purine metabolism,1
Amputations,Lower Limb,1
Antepartum hemorrhage,Placenta Previa,1
Antepartum hemorrhage,Placenta previa,1
Antenatal Care,External Cephalic Version,1
Antenatal Care,External cephalic version,1
External Cephalic Version,Premature rupture of membranes,1
External cephalic version,Premature rupture of membranes,1
Breech Presentation,Obstetric instruments,1
Breech presentation,Obstetric instruments,1
Clearance,Renal,1
Head And Neck Anatomy,Nerve Innervation,1
Head and Neck Anatomy,Nerve Innervation,1
Cell Physiology,Membrane Potential,1
Pelvic Surgery,Uterine Prolapse,1
Pelvic Organ Prolapse,Pelvic Surgery,1
Medical Ethics,Prenatal Diagnosis,1
Knee Ligament Injuries,Knee injuries,1
Knee Ligament Injuries,Knee ligament injuries,1
Knee Ligament Injuries,Ligament injuries,1
Knee injuries,Knee ligament injuries,1
Knee ligament injuries,Ligament injuries,1
Fractures,Sports injuries,1
Sports injuries,Trauma,1
Cervical Pathology,Cervical pathology,1
Cervical Pathology,Endocrinology,1
Cervical pathology,Endocrinology,1
Spine,Spondylolisthesis,1
Hand Muscles,Muscles,1
Hand Muscles,Upper Limb,1
Labor & Delivery,Obstetric injuries,1
Gynaecologic oncology,Neoplasia,1
Labor & Delivery,Uterine Anomalies,1
Congenital uterine anomalies,Mullerian Anomalies,1
Congenital uterine anomalies,Mullerian anomalies,1
Mullerian Anomalies,Mullerian anomalies,1
Action potentials,Nerve Muscle,1
Lipids,Lipids And Membranes,1
Lipids,Lipids and Membranes,1
Lipids,Lung Surfactant,1
Lipids And Membranes,Lipids and Membranes,1
Lipids And Membranes,Lung Surfactant,1
Lipids and Membranes,Lung Surfactant,1
Action potentials,Cardiology,1
Pediatric Dermatology,Pigmented Lesions,1
Pediatric Dermatology,Skin lesions,1
Pigmented Lesions,Skin lesions,1
Glomerular Diseases,Glomerulonephritis,1
Glomerulonephritis,Renal,1
Drugs For Gout,Gout,1
Drugs For Gout,Uric acid metabolism,1
Drugs for Gout,Gout,1
Drugs for Gout,Uric acid metabolism,1
Immunodeficiency Disorders,Infectious Diseases,1
Histology,Lymphoid Organs,1
Diagnostic Techniques,Hematopathology,1
Diagnostic Techniques,Lymphadenopathy Investigation,1
Diagnostic Techniques,Lymphadenopathy investigation,1
Hematopathology,Lymphadenopathy Investigation,1
Hematopathology,Lymphadenopathy investigation,1
Lymphadenopathy Investigation,Lymphadenopathy investigation,1
Semen Detection,Semen detection,1
Semen Detection,Sexual Assault,1
Semen detection,Sexual Assault,1
Semen detection,Thanatology,1
Poisoning,Strychnine Poisoning,1
Poisoning,Strychnine poisoning,1
Strychnine Poisoning,Toxicology,1
Strychnine poisoning,Toxicology,1
Cause of Death,Hyperthermia Postmortem,1
Cause of Death,Hyperthermia postmortem,1
Cause of Death,Postmortem Changes,1
Hyperthermia Postmortem,Hyperthermia postmortem,1
Hyperthermia Postmortem,Postmortem Changes,1
Hyperthermia postmortem,Postmortem Changes,1
Diagnostic Tests,Serology,1
Diagnostic tests,Infectious Diseases,1
Diagnostic tests,Serology,1
Communicable Diseases,Viral Exanthems,1
Parasitology,Protozoal Diseases,1
Enteric viruses,Virology,1
Parasitology,Tropical medicine,1
Epidemiological Study Designs,Epidemiological study designs,1
Epidemiological study designs,Epidemiology,1
Epidemiological study designs,Study Designs,1
Epidemiology,Health indicators,1
Diuretics,Osmotic diuretics,1
Hemodialysis,Nephrology,1
Hemodialysis,Neurology,1
Cardiology,Surgical Prophylaxis,1
Coagulation,Neurological Symptoms,1
Coagulation,Neurology,1
Neurological Symptoms,Neurology,1
Infectious Diseases,Pediatric Infectious,1
Pediatric Infectious,Pulmonology,1
Organophosphates,Poisoning,1
Organophosphates,Toxicology,1
Adverse Effects,Clinical Pharmacology,1
Adverse Effects,Drug Therapy,1
Clinical Pharmacology,Drug Therapy,1
Deficiency Diseases,Micronutrient Deficiencies,1
Micronutrient Deficiencies,Vitamins & Nutrition,1
Genodermatoses,Vitamins & Nutrition,1
Head and neck anatomy,Nasopharynx,1
Head and neck neoplasms,Throat & Larynx,1
Throat & Larynx,Voice rehabilitation,1
Hearing Loss,Tuning fork tests,1
Hearing loss,Tuning fork tests,1
Immunization,Tetanus,1
Infectious Diseases,Prophylaxis,1
Infectious Diseases,Varicella,1
Prophylaxis,Varicella,1
Congenital Anomalies,Infectious Diseases,1
Alcoholism,Neurology,1
Alcoholism,Vitamins & Nutrition,1
Glaucoma,Ocular diagnosis,1
Genodermatoses,Pigmentary Disorders,1
Cornea & Refractive,Ocular manifestations,1
Inborn Errors Of Metabolism,Neurology,1
Inborn Errors of Metabolism,Neurology,1
Fractures,Vitamins & Nutrition,1
Connective tissue,Vitamins & Nutrition,1
Clinical Presentation,Symptoms,1
Congenital heart disease,Embryology,1
Congenital heart disease,Thorax,1
Gastrointestinal Surgery,Pancreatic Disorders,1
Gastrointestinal Surgery,Pancreatic disorders,1
Diabetes Insipidus,Pituitary Disorders,1
Subarachnoid Hemorrhage,Vascular,1
Acute leukemia,Hematopathology,1
HIV-associated dermatoses,Hiv-Associated Dermatoses,1
HIV-associated dermatoses,Immunopathology,1
Hiv-Associated Dermatoses,Immunopathology,1
Liver Diseases,Viral Hepatitis,1
Hernia & Abdominal Wall,Post-operative complications,1
Nerve Injury,Surgical Complications,1
Penile Diseases,Penile Lesions,1
Penile Diseases,STIs,1
Penile Lesions,STIs,1
Caustic Ingestion,Poisoning,1
Gastroenterology,Neoplasia,1
Chronic Pancreatitis,Pancreas,1
Skin neoplasms,Ulcers,1
Gastrointestinal,Pediatric pathology,1
Adrenergic Drugs,Adrenergic drugs,1
Adrenergic Drugs,Endocrine Pharmacology,1
Adrenergic drugs,Endocrine Pharmacology,1
Environment & Occupational Health,Occupational diseases,1
Dialysis complications,Nephrology,1
Gastroenterology,Neonatal Jaundice,1
Peripheral Nerve Injuries,Upper Limb,1
Benign Uterine Disease,Uterine Fibroids,1
Amenorrhea,Antenatal Care,1
Antenatal Care,Infertility,1
Airway Management,Airway Obstruction,1
Airway Management,Pulmonology,1
Airway Obstruction,Pulmonology,1
Glaucoma,Trauma,1
Infectious Diseases,Neurological Disorders,1
Neurological Disorders,Neurology,1
Radiation Effects,Radiation Oncology,1
Radiation Effects,Radiobiology,1
Radiation Oncology,Radiobiology,1
Fractures,Paediatric Knee Pathology,1
Knee Injuries,Paediatric Knee Pathology,1
Abdominal CT Interpretation,Abdominal Ct Interpretation,1
Abdominal CT Interpretation,Abdominal Imaging,1
Abdominal CT Interpretation,Abdominal Pain,1
Abdominal Ct Interpretation,Abdominal Imaging,1
Abdominal Ct Interpretation,Abdominal Pain,1
Abdominal Imaging,Abdominal Pain,1
Infections of Bone & Joint,Vulvar Disorders,1
Infections of Bone & Joint,Vulvar Pathology,1
Gynaecological Surgery,Hysterectomy,1
Gynaecological Surgery,Surgical Complications,1
Hysterectomy,Surgical Complications,1
Gynecologic Oncology,Kaposi Sarcoma,1
Infectious Diseases,Kaposi Sarcoma,1
Geriatrics,Neurodegenerative Disorders,1
Geriatrics,Neurodegenerative disorders,1
Birth Injuries,Neonatal Head Swelling,1
Birth Injuries,Neonatal head swelling,1
Neonatal Head Swelling,Neonatal head swelling,1
Neonatal Head Swelling,Neonatology,1
Neonatal head swelling,Neonatology,1
Environment & Occupational Health,Mesothelioma,1
Gynecologic Oncology,Mesothelioma,1
Bone Disorders,Fibrous Dysplasia,1
Bone Disorders,Interventional Radiology,1
Fibrous Dysplasia,Interventional Radiology,1
Membrane physiology,Renal,1
Lung volumes,Pulmonology,1
Hormonal regulation,Lipid Metabolism,1
Carbohydrate Metabolism,Glycogen storage diseases,1
Glycogen Metabolism,Glycogen Storage Diseases,1
Maternal and child health,National Health Programs,1
Criminal Abortion,Criminal abortion,1
Criminal Abortion,Thanatology,1
Criminal abortion,Thanatology,1
Autopsy techniques,Thanatology,1
Infectious Diseases,Tropical Diseases,1
Parasitology,Tropical Diseases,1
Infectious Diseases,Skin Manifestations,1
Environmental Health,Neoplasia,1
Environmental Health,Thoracic Pathology,1
Neoplasia,Thoracic Pathology,1
Metabolic bone disease,Vitamins & Nutrition,1
Congenital Eye Disorders,Neonatology,1
Congenital Eye Disorders,Squint & Pediatric Ophthalmology,1
Metabolic Disorders,Squint & Pediatric Ophthalmology,1
Biostatistics,CNS Physiology,1
Diabetes Insipidus,General Medicine,1
Cornea & Refractive,Viral keratitis,1
Environment & Occupational Health,Nasopharynx Anatomy,1
Nasopharynx Anatomy,Neuroanatomy,1
Environment & Occupational Health,Laryngectomy Rehabilitation,1
General Surgery,Laryngectomy Rehabilitation,1
CNS Physiology,Hearing Tests,1
Environment & Occupational Health,Hearing Tests,1
Colorectal Polyps,Neonatology,1
Colorectal Polyps,Systemic Pathology,1
Dermatology,Foot Ulcers,1
Foot Ulcers,General Medicine,1
General Surgery,Infectious Diseases,1
General Surgery,Microbiology,1
Amino Acid Metabolism Disorders,General Medicine,1
Abdomen,Surgical Anatomy,1
Cervical fascia,Head And Neck,1
Cervical fascia,Head and Neck,1
Hematopathology,Jaundice,1
Carbohydrate Metabolism,Purine metabolism,1
Infectious Diseases,Necrotizing Fasciitis,1
Infectious Diseases,Perineal Surgery,1
Necrotizing Fasciitis,Perineal Surgery,1
Inflammation & Healing,Scars,1
Scars,Skin Lesions,1
Lung Cancer,Paraneoplastic Syndromes,1
Head and Neck Masses,Neoplasia,1
Head and Neck Masses,Salivary Gland Pathology,1
Neoplasia,Salivary Gland Pathology,1
Genital Pathology,Genital Warts,1
Genital Pathology,Neoplasia,1
Genital Warts,Neoplasia,1
Cirrhosis Complications,Liver Pathology,1
Cirrhosis Complications,Portal Hypertension,1
Liver Pathology,Portal Hypertension,1
Epidemiology,Sepsis,1
Clinical Assessment,Clinical Examination,1
Clinical Assessment,Pulmonology,1
Clinical Examination,Pulmonology,1
Critical Care,Infectious Diseases,1
Pediatric Nutrition,Rickets,1
Fractures,Metabolic bone disease,1
Assisted Reproduction,Assisted reproduction,1
Assisted Reproduction,Infertility,1
Assisted reproduction,Infertility,1
Peripheral Nerve Entrapment,Peripheral nerve entrapment,1
Peripheral Nerve Entrapment,Upper Limb,1
Peripheral nerve entrapment,Upper Limb,1
Congenital genital anomalies,Gynecologic Oncology,1
Amniotic Fluid Disorders,Amniotic fluid disorders,1
Amniotic Fluid Disorders,Antenatal Care,1
Amniotic fluid disorders,Antenatal Care,1
Antitubercular Drugs,Drug adverse effects,1
Antitubercular drugs,Drug adverse effects,1
Antimalarial Drugs,Drug adverse effects,1
Antimalarial Drugs,Hematopathology,1
Antimalarial drugs,Drug adverse effects,1
Antimalarial drugs,Hematopathology,1
Drug adverse effects,Hematopathology,1
Carbohydrate Metabolism,Vitamin Deficiencies,1
Carbohydrate Metabolism,Vitamin deficiencies,1
Vitamin Deficiencies,Vitamin deficiencies,1
Vitamin deficiencies,Vitamins & Nutrition,1
Acid-Base Disorders,Acid-base balance,1
Acid-Base Disorders,Electrolyte disorders,1
Acid-base balance,Acid-base disorders,1
Acid-base balance,Electrolyte disorders,1
Acid-base disorders,Electrolyte disorders,1
Carbohydrate Metabolism,Enzyme Function,1
Carbohydrate Metabolism,Enzyme function,1
Carbohydrate Metabolism,Enzymes,1
Enzyme Function,Enzyme function,1
Enzyme Function,Enzymes,1
Enzyme function,Enzymes,1
Antidepressant Side Effects,Antidepressant side effects,1
Antidepressant Side Effects,Antidepressants,1
Antidepressant Side Effects,Psychopharmacology,1
Antidepressant side effects,Antidepressants,1
Antidepressant side effects,Psychopharmacology,1
Cartilage Types,Cartilage types,1
Cartilage Types,Connective tissue,1
Cartilage Types,Histology,1
Cartilage types,Connective tissue,1
Cartilage types,Histology,1
Abdominal anatomy,Embryology,1
Abdominal anatomy,Peritoneal Ligaments,1
Abdominal anatomy,Peritoneal ligaments,1
Embryology,Peritoneal Ligaments,1
Embryology,Peritoneal ligaments,1
Peritoneal Ligaments,Peritoneal ligaments,1
Abdomen,Ligaments,1
Abdominal Anatomy,Ligaments,1
Infectious Diseases,Vulvar Disorders,1
Infectious Diseases,Vulvar disorders,1
Vulvar Disorders,Vulvar disorders,1
Gynaecological Surgery,Laparoscopic surgery,1
Gynaecological surgery,Laparoscopic surgery,1
HIV-associated dermatoses,Neoplasia,1
Neurophysiology,Peripheral nerves,1
Electrolyte Balance,Nerve Excitability,1
Electrolyte Balance,Nerve Physiology,1
Nerve Excitability,Nerve Physiology,1
Feedback mechanisms,Homeostasis,1
Movement disorders,Neurology,1
Renal,Urinary Bladder,1
Renal,Urinary bladder,1
Inborn Errors Of Metabolism,Lysosomal storage disorders,1
Autonomic,Neuromuscular transmission,1
Gene Mutations,Genetics & Molecular Biology,1
Mycology,Vaginitis,1
Hepatitis B,Hepatology,1
Hepatitis B,Infectious Diseases,1
Hepatology,Infectious Diseases,1
HIV,Hepatitis B,1
HIV,Viral Hepatitis,1
Hepatitis B,Viral Hepatitis,1
Granulomatous Diseases,Systemic Granulomatous Diseases,1
Sarcoidosis,Systemic Granulomatous Diseases,1
Antipsychotics,CNS Drugs,1
CNS Drugs,Neuropharmacology,1
Drug Properties,General Pharmacology,1
Adverse Drug Reactions,Drug Toxicity,1
Drug Toxicity,Pulmonology,1
SUBJ:Pharmacology,SUBJ:Radiology,1
Cardiology,Dyslipidemia Management,1
Cardiology,Lipid Lowering Drugs,1
Dyslipidemia Management,Lipid Lowering Drugs,1
Enzyme Deficiencies,Metabolic Pathways,1
Movement Disorders,Parkinsonism,1
Neurology,Parkinsonism,1
Growth & Development,Pituitary Hormones,1
Adverse Drug Reactions,Antiemetic Side Effects,1
Adverse Drug Reactions,Antiemetics,1
Adverse Drug Reactions,Fluoroquinolone Adverse Effects,1
Antimicrobial Drugs,Fluoroquinolone Adverse Effects,1
Emergency Medicine,Iron Poisoning,1
Iron Poisoning,Toxicology,1
Chelating Agents,Iron Poisoning Treatment,1
Chelating Agents,Toxicology,1
Iron Poisoning Treatment,Toxicology,1
Infections of Bone & Joint,Otitis Media,1
Airway Management,Choking,1
Airway Management,Foreign Body Airway Obstruction,1
Choking,Foreign Body Airway Obstruction,1
Auditory Physiology,Auditory System,1
Auditory Physiology,Special Senses,1
Auditory System,Special Senses,1
Infectious Diseases,Rickettsial Diseases,1
Dermatology,Dermatophytes,1
Enzymology,Porphyrin Metabolism,1
Enzymology,Porphyrin metabolism,1
Alcohol,Toxicology,1
Asphyxia,Injuries & Trauma,1
Head And Neck,Spine,1
Head and Neck,Spine,1
Embryology,Spine,1
Embryology,Head and neck,1
Embryology,Pharyngeal arches,1
Head and Neck,Pharyngeal Arches,1
Head and Neck,Pharyngeal arches,1
Pharyngeal Arches,Pharyngeal arches,1
Glands,Histology,1
Shoulder muscles,Upper Limb,1
Arterial supply,Lower Limb,1
Gluteal region,Lower Limb,1
Knee,Knee disorders,1
Inguinal region,Lower Limb,1
Ankle and foot,Lower Limb,1
Head And Neck,Peripheral Nerves,1
Head and Neck,Peripheral Nerves,1
Peripheral Nerves,Thorax,1
Cardiology,Stroke,1
Stroke,Valvular Heart Disease,1
Back,Muscles,1
Back,Thorax,1
Muscles,Thorax,1
Vascular,Venous thromboembolism,1
Lung anatomy,Thorax,1
Anal Canal,Anal canal,1
Anal Canal,Pelvis & Perineum,1
Anal canal,Pelvis & Perineum,1
Abdomen,Arteries,1
Abdomen,Retroperitoneum,1
Gastrointestinal,Pancreas,1
Pelvis & Perineum,Vascular,1
Hernia & Abdominal Wall,Urinary system,1
Nephrology,Thrombosis,1
Pelvis & Perineum,Urethra,1
Anorectal Surgery,Anorectal surgery,1
Anorectal Surgery,Pelvis & Perineum,1
Anorectal surgery,Pelvis & Perineum,1
Hepatobiliary System,Liver segments,1
Hepatobiliary system,Liver segments,1
Head and neck,Pterygopalatine Fossa,1
Head and neck,Pterygopalatine fossa,1
Pterygopalatine Fossa,Pterygopalatine fossa,1
Abdomen,Portal Circulation,1
Abdomen,Portal circulation,1
Portal Circulation,Portal circulation,1
Colorectal Surgery,Endocrine,1
Colorectal surgery,Endocrine,1
Hernia & Abdominal Wall,Surface anatomy,1
Pain Medicine,Regional Anaesthesia,1
Pain medicine,Regional Anaesthesia,1
Pelvis & Perineum,Peripheral nerves,1
Abdomen,Vertebral levels,1
Pain Medicine,Regional anesthesia,1
Pain medicine,Regional anesthesia,1
Head And Neck,Lymphatic Drainage,1
Lymphatic Drainage,Pelvis & Perineum,1
Orbit,Skull,1
Cerebral Arterial Circle,Neuroanatomy,1
Skeletal Anatomy,Vertebral Column,1
Autonomic,Ear,1
Auditory tube,Middle Ear,1
Auditory tube,Middle ear,1
Cranial cavity,Middle Ear,1
Cranial cavity,Middle ear,1
Head and neck lymphatics,Middle Ear,1
Head and neck lymphatics,Middle ear,1
Carotid canal,Middle Ear,1
Carotid canal,Middle ear,1
Facial nerve,Middle Ear,1
Facial nerve,Middle ear,1
Middle Ear,Tympanic membrane,1
Middle ear,Tympanic membrane,1
Inner ear,Middle Ear,1
Inner ear,Middle ear,1
Head And Neck Lymphatics,Head and neck lymphatics,1
Head And Neck Lymphatics,Pharynx,1
Head and neck lymphatics,Pharynx,1
Head and Neck,Pharyngeal Spaces,1
Hand,Peripheral Nerves,1
Nasal Cavity,Skull,1
Head and Neck,Masticatory Muscles,1
Masticatory Muscles,Trigeminal Nerve,1
Brainstem Nuclei,Neuroanatomy,1
Cranial Arteries,Head and Neck,1
Cranial Arteries,Maxillary Artery,1
Head and Neck,Maxillary Artery,1
Cranial Nerves,Head And Neck,1
Bacteriology,Mycetoma,1
Facial Muscles,Head And Neck,1
Facial Muscles,Head and Neck,1
Nerve And Muscle,Nerve and muscle,1
Nerve And Muscle,Neurophysiology,1
Nerve and muscle,Neurophysiology,1
Cerebrum,Neuroanatomy,1
Abdomen,Abdominal Aorta,1
Abdomen,Abdominal aorta,1
Abdominal Aorta,Abdominal aorta,1
Head and Neck,Nose & PNS,1
Acid Base Balance,Pulmonology,1
Microcirculation,Pulmonology,1
Cardiology,Coronary Circulation,1
Basal Ganglia,Neurophysiology,1
Cerebral Cortex,Neurophysiology,1
Motor System,Neurophysiology,1
Histology,Peripheral Nervous System,1
Nerve Physiology,Sensory Physiology,1
Hypothalamus,Thermoregulation,1
Nerve Physiology,Neurophysiology,1
CNS Pharmacology,Neurotransmitters,1
Cns Pharmacology,Neurotransmitters,1
Neurophysiology,Sensory pathways,1
Neurophysiology,Vomiting,1
Cell Physiology,Neurophysiology,1
Cell physiology,Neurophysiology,1
Autonomic,Endocrinology,1
Endocrinology,Pancreatic hormones,1
Autonomic,Environmental Physiology,1
Autonomic,Environmental physiology,1
Environmental Physiology,Environmental physiology,1
Digestive Enzymes,Lipid Metabolism,1
Cellular Physiology,Endocrinology,1
Endocrinology,Thyroid physiology,1
Endocrinology,Hypothalamus,1
Endocrinology,Pituitary gland,1
Endocrinology,Glucose homeostasis,1
Reproductive,Sperm physiology,1
Cell physiology,Endocrinology,1
Body Fluids,Body fluids,1
Body Fluids,Fluid balance,1
Body fluids,Fluid balance,1
Radiation physics,X-ray,1
Exercise Physiology,Exercise physiology,1
Exercise Physiology,Pulmonology,1
Exercise physiology,Pulmonology,1
Cell physiology,Muscle Physiology,1
Cell physiology,Muscle physiology,1
Endocrinology,Thermoregulation,1
Enzymology,Plasma Proteins,1
Carbohydrate Metabolism,TCA Cycle,1
Carbohydrate Metabolism,Tca Cycle,1
Bioenergetics,Toxicology,1
Amino Acid Metabolism,TCA Cycle,1
Amino Acid Metabolism,Tca Cycle,1
Glycolysis,Toxicology,1
Gluconeogenesis,Hormonal Regulation,1
Gluconeogenesis,Integrated Metabolism,1
Gluconeogenesis,Lipid Metabolism,1
Glycogen Metabolism,Hormonal Regulation,1
Genetics & Molecular Biology,Inborn Errors Of Metabolism,1
Genetics & Molecular Biology,Inborn Errors of Metabolism,1
Amino Sugar Metabolism,Carbohydrate Metabolism,1
Lipid Metabolism,Sphingolipids,1
Thiamine Metabolism,Vitamins & Nutrition,1
Atherosclerosis,Lipid Metabolism,1
Digestion and Absorption,Lipid Metabolism,1
Adipose Tissue,Lipid Metabolism,1
Inborn errors of metabolism,Lysosomal Storage Disorders,1
Amino Acid Chemistry,Amino acid chemistry,1
Amino acid chemistry,Protein Metabolism,1
Amino acid chemistry,Protein Chemistry,1
Amino acid chemistry,Protein chemistry,1
Enzymes,Trace Elements,1
Enzymes,Trace elements,1
Amino Acid Metabolism,Genetics & Molecular Biology,1
Citric Acid Cycle,Urea Cycle,1
Enzymes,Urea Cycle,1
Amino acids,Protein Chemistry,1
Amino acids,Protein chemistry,1
Clinical Biochemistry,Inborn errors of metabolism,1
Clinical biochemistry,Inborn errors of metabolism,1
Enzymology,Inborn Errors of Metabolism,1
Citric Acid Cycle,Intermediary Metabolism,1
Carbohydrate Metabolism,Cellular Respiration,1
Carbohydrate Metabolism,Integrated Metabolism,1
Carbohydrate Metabolism,Ketone Bodies,1
Lipid Metabolism,Lipogenesis,1
Anaplerotic Reactions,TCA Cycle,1
Anaplerotic Reactions,Tca Cycle,1
Energy Metabolism,Vitamins & Nutrition,1
Lipid Metabolism,NADPH Production,1
Energy Metabolism,Pulmonology,1
Vitamins & Nutrition,connective Tissue,1
Citric Acid Cycle,Lipid Metabolism,1
Genetics & Molecular Biology,Nucleotide Metabolism,1
Genetics & Molecular Biology,Hemoglobin,1
Antiviral Drugs,Nucleoside Analogues,1
Heme Metabolism,Porphyrias,1
Genetics & Molecular Biology,Protein Chemistry,1
Enzymology,Heme Metabolism,1
Cell Biology,Protein Chemistry,1
Genetics & Molecular Biology,Protein Degradation,1
Cell Biology,Protein Sorting,1
Immunopathology,Labor & Delivery,1
Amino Acid Metabolism,Liver Metabolism,1
Enzymes,Hematopathology,1
Cell Injury & Death,Hypoxia,1
Hemostasis,Vascular,1
Antigen presentation,Immunology,1
Amyloidosis,Diabetes mellitus,1
Amyloidosis,Genetic disorders,1
Genetic Disorders,Neurocutaneous syndromes,1
Cell Cycle,Cell cycle,1
Cell Cycle,Neoplasia,1
Cell cycle,Neoplasia,1
Growth & Development,Neoplasia,1
Environmental pathology,Neoplasia,1
Cardiology,Clinical biochemistry,1
Skin pathology,Vascular,1
Arteriosclerosis,Cardiology,1
Raynaud Phenomenon,Vascular,1
Cell Injury & Death,Renal,1
Glomerular diseases,Nephrology,1
Glomerular Diseases,Parasitology,1
Glomerular diseases,Parasitology,1
Neoplasia,Urological Neoplasms,1
Neoplasia,Urological neoplasms,1
Urological Neoplasms,Urological neoplasms,1
Acute leukemia,Hematologic Neoplasms,1
Acute leukemia,Hematologic neoplasms,1
Hematologic Neoplasms,Hematologic neoplasms,1
Coagulation Disorders,Transfusion Medicine,1
Gastric Cancer,Molecular Pathology,1
Alcoholic Liver Disease,Liver Disease,1
Cardiology,Liver diseases,1
Liver Pathology,Neoplasia,1
Liver pathology,Neoplasia,1
Inflammation & Healing,Liver Pathology,1
Inflammation & Healing,Liver pathology,1
Neurodegenerative diseases,Neuropathology,1
Neoplasia,Thyroid neoplasms,1
Endometrial Carcinoma,Gynaecologic pathology,1
Endometrial Carcinoma,Neoplasia,1
Endometrial carcinoma,Gynaecologic pathology,1
Endometrial carcinoma,Neoplasia,1
Gynaecologic pathology,Neoplasia,1
Autonomic,Head and neck,1
Adverse drug reactions,Pharmacovigilance,1
Autonomic,Sympathomimetics,1
Diuretics,Heart failure pharmacotherapy,1
Antiandrogens,Heart failure pharmacotherapy,1
Antiepileptic Drugs,CNS pharmacology,1
Antiepileptic drugs,CNS pharmacology,1
Adrenergic Drugs,Autonomic,1
Antiemetic Drugs,Gastrointestinal,1
DMARDs,Dmards,1
DMARDs,Rheumatology,1
Dmards,Rheumatology,1
Chemotherapy & Anticancer,Immunosuppressants,1
Erectile Dysfunction,Erectile dysfunction,1
Erectile Dysfunction,Genitourinary pharmacology,1
Erectile dysfunction,Genitourinary pharmacology,1
Enzymology,NSAIDs,1
Enzymology,Nsaids,1
Diabetes insipidus,Diuretics,1
Adverse drug effects,Diuretics,1
Embryology,Neurulation,1
Anaesthetic toxicity,Inhalational Anaesthetics,1
Anaesthetic toxicity,Inhalational anaesthetics,1
Local Anaesthetics,Systemic toxicity,1
Neuromuscular Blockers,Nondepolarizing blockers,1
Neuromuscular blockers,Nondepolarizing blockers,1
Adverse drug effects,Corticosteroids,1
Contraceptives,Reproductive,1
Labor & Delivery,Uterotonics,1
Biological drugs,Hematopathology,1
Antibacterial drugs,Antimicrobials,1
Antimicrobials,Protein synthesis inhibitors,1
Aminoglycosides,Antimicrobials,1
Antimicrobials,Neonatology,1
Antivirals,Neonatology,1
Antenatal Care,Antivirals,1
Antimalarial Drugs,Antimicrobials,1
Antimalarial drugs,Antimicrobials,1
Anthelmintic Drugs,Anthelmintic drugs,1
Anthelmintic Drugs,Antimicrobials,1
Anthelmintic drugs,Antimicrobials,1
Antineoplastic Drugs,Cell cycle drugs,1
Antineoplastic drugs,Cell cycle drugs,1
Antineoplastic Drugs,Chemotherapy administration,1
Antineoplastic drugs,Chemotherapy administration,1
Antimetabolites,Immunosuppressants,1
Juvenile Justice,Legal Medicine,1
Bruises,Thanatology,1
Abrasion,Asphyxial Deaths,1
Abrasion,Hanging,1
Blast Injuries,Mechanical Injuries,1
Burns & Plastic,Thermal Injuries,1
Firearm Injuries,Toxicology,1
Firearm Injuries,Weapons,1
Firearm Injuries,Wounds,1
Asphyxial Deaths,Strangulation,1
Hanging,Strangulation,1
Legal medicine,Thanatology,1
Poison antidotes,Toxicology,1
Corrosive Poisoning,Corrosive poisoning,1
Corrosive Poisoning,Toxicology,1
Cannabis,Substance Use,1
Occupational Poisoning,Occupational poisoning,1
Toxic Alcohol Poisoning,Toxic alcohol poisoning,1
Toxic Alcohol Poisoning,Toxicology,1
Toxic alcohol poisoning,Toxicology,1
Drugs Of Abuse,Drugs of abuse,1
Alcohol and industrial poisons,Toxicology,1
Substance abuse,Toxicology,1
Food Adulteration,Food adulteration,1
Snake Envenomation,Toxicology,1
First Aid,Snake Envenomation,1
DNA Profiling,Thanatology,1
Medico Legal Injuries,Trauma,1
Biological Classification,General Microbiology,1
Cholera,Culture Media,1
Cholera,Culture media,1
Infectious Diseases,Streptococci,1
Atypical bacteria,Bacteriology,1
Atypical bacteria,Mycoplasma,1
Corynebacterium,Culture media,1
Bacteriology,Clostridium,1
Clostridium,Food Poisoning,1
Clostridium,Food poisoning,1
Bacteriology,Intracellular bacteria,1
Chlamydia,Intracellular bacteria,1
Bacteriology,Enterococci,1
Enterococci,Streptococci,1
Bacterial Morphology,Bacteriology,1
Bacteriology,Diarrheagenic Escherichia Coli,1
Bacteriology,Diarrheagenic Escherichia coli,1
Diarrheagenic Escherichia Coli,Diarrheagenic Escherichia coli,1
Genital ulcers,Infectious Diseases,1
Bacteriology,Leptospirosis,1
Bacteriology,Nontuberculous Mycobacteria,1
Bacteriology,Nontuberculous mycobacteria,1
Nontuberculous Mycobacteria,Nontuberculous mycobacteria,1
Bacteriology,Rheumatology,1
Fungi,Mycology,1
Cell culture,Virology,1
Viral diagnostics,Virology,1
Viral inclusions,Virology,1
Hemorrhagic Fevers,Hemorrhagic fevers,1
Hemorrhagic Fevers,Infectious Diseases,1
Hemorrhagic Fevers,Virology,1
Hemorrhagic fevers,Infectious Diseases,1
Hemorrhagic fevers,Virology,1
Viral culture,Virology,1
Antibody structure,Immunology,1
Biostatistics,Data presentation,1
Humoral Immunity,Humoral immunity,1
Humoral immunity,Immunology,1
Histocompatibility,Immunology,1
Environmental Health,Water microbiology,1
Health Education,National Health Programs,1
Health education,National Health Programs,1
Environmental Health,Health agencies,1
Environmental health,Health agencies,1
Child Welfare,Child welfare,1
Child Welfare,National Health Programs,1
Child welfare,National Health Programs,1
Primary health care,School Health Services,1
Primary health care,School health,1
Primary health care,School health services,1
School Health Services,School health,1
School Health Services,School health services,1
School health,School health services,1
Environment & Occupational Health,Health Education,1
Causal association,Epidemiology,1
Health Economics,Health economics,1
Epidemiology,Morbidity measures,1
Nose & PNS,Vector Borne Diseases,1
Epidemiology,Hematopathology,1
Pulmonary tuberculosis,Tuberculosis,1
Antitubercular therapy,Tuberculosis,1
Hepatitis viruses,Virology,1
Antimalarial Drugs,Antimicrobial drugs,1
Antimalarial drugs,Antimicrobial drugs,1
Rickettsial diseases,Vector-Borne Diseases,1
Rickettsial diseases,Vector-borne diseases,1
Vector-Borne Diseases,Vector-borne diseases,1
Rhabdoviruses,Virology,1
Epidemiology,Helminthic Diseases,1
Epidemiology,Helminthic diseases,1
Helminthic Diseases,Helminthic diseases,1
Zoonotic Diseases,Zoonotic diseases,1
Neoplasia,Oral pathology,1
Community Ophthalmology,Preventive Ophthalmology,1
Child Psychiatry,Community Psychiatry,1
Biostatistics,Maternal And Child Health,1
Biostatistics,Maternal and Child Health,1
Health Organizations,Reproductive,1
Infant Mortality,Maternal and Child Health,1
Health Indicators,Health Services,1
Maternal Health,Vital Statistics,1
Environmental Health,Food Poisoning,1
Lipids,Vitamins & Nutrition,1
Environmental Health,Wastewater Treatment,1
Radiation Physics,Radiation Protection,1
Labor & Delivery,Protein Metabolism,1
Communicable Diseases,Vector Borne Diseases,1
Anthropology,Social Sciences,1
Mental retardation,Thanatology,1
Environment & Occupational Health,Occupational cancers,1
Environment & Occupational Health,Toxicology,1
Environmental Health,Teratology,1
Environmental health,Teratology,1
Air pollution,Environmental Health,1
Eugenics,Genetics & Molecular Biology,1
Genetic Counseling,Medical ethics,1
Genetic counseling,Medical ethics,1
Genetic Counseling,Health education,1
Genetic counseling,Health education,1
Biomedical Waste Management,Environmental health,1
Biomedical waste management,Environmental health,1
Anthropometry,Biostatistics,1
Health Planning,Health Services,1
Dietary assessment,Vitamins & Nutrition,1
Child health,ICDS,1
ICDS,Vitamins & Nutrition,1
Pupil disorders,Trauma,1
Ophthalmic Optics,Refraction,1
Ophthalmic optics,Refraction,1
Cornea & Refractive,Ophthalmic Optics,1
Cornea & Refractive,Ophthalmic optics,1
Ophthalmic Physiology,Retina,1
Cornea & Refractive,Ophthalmic Investigations,1
Allergic Eye Disease,Cornea & Refractive,1
Conjunctiva,Neonatal Eye Disease,1
Conjunctiva,Infectious Diseases,1
Uveitis,Vitreous disorders,1
Aphakia,Lens & Cataract,1
Genetics & Molecular Biology,Retina,1
Macular Degeneration,Macular degeneration,1
Infectious Diseases,Uveitis,1
Retina,Retinopathy Of Prematurity,1
Retina,Retinopathy of prematurity,1
Cranial nerves,Neuro-ophthalmology,1
Neuro-ophthalmology,Visual pathways,1
Neuro-ophthalmology,Optic neuropathy,1
Extraocular Muscles,Orbit,1
Extraocular muscles,Orbit,1
Cranial nerve disorders,Neuro-ophthalmology,1
Conjunctival disorders,Neoplasia,1
Ocular manifestations of phakomatoses,Retina,1
Conjunctiva,Ocular surface disorders,1
Lacrimal Apparatus,Squint & Pediatric Ophthalmology,1
Lacrimal apparatus,Squint & Pediatric Ophthalmology,1
Neuro-ophthalmology,Ptosis,1
Fractures,Lacrimal apparatus,1
Lacrimal apparatus,Orbit,1
Lens & Cataract,Ophthalmic surgery complications,1
Ocular Oncology,Ocular surgery,1
Ocular oncology,Ocular surgery,1
Cornea & Refractive,Ocular surface,1
HIV Medicine,Nephrology,1
Abdomen,Surface anatomy,1
Surface anatomy,Thorax,1
Antimicrobial Drugs,Gastroenterology,1
Antimicrobial drugs,Gastroenterology,1
Epidemiology,Hepatitis B,1
Hepatitis B,Immunization,1
Fever,Infectious Diseases,1
Neurology,Paraneoplastic Syndromes,1
Basal Ganglia Disorders,Neurology,1
Chemotherapy & Anticancer,Hematopathology,1
Antenatal Care,Thyroid disorders,1
Inborn Errors Of Metabolism,Tyrosinemia,1
Inborn errors of metabolism,Tyrosinemia,1
Malignant Hyperthermia,Malignant hyperthermia,1
Malignant Hyperthermia,Neuromuscular disorders,1
Malignant hyperthermia,Neuromuscular disorders,1
Lymphedema,Nail Disorders,1
Lymphedema,Nail disorders,1
Antimalarial Drugs,Malaria,1
Genodermatoses,Neoplasia,1
Plastic Surgery,Wound repair,1
Plastic surgery,Wound repair,1
Central Venous Access,Central venous access,1
Central Venous Access,Infectious Diseases,1
Central venous access,Infectious Diseases,1
Trauma,Vitamins & Nutrition,1
Inflammation & Healing,Plastic surgery,1
Emergency surgery,Trauma,1
Chronic venous insufficiency,Venous Disorders,1
Chronic venous insufficiency,Venous disorders,1
Neoplasia,Surgical oncology,1
Laser therapy,Vascular,1
Burn depth,Burns & Plastic,1
Cardiothoracic Surgery,Vascular,1
Laparoscopic Surgery,Pneumoperitoneum,1
Gastrointestinal Surgery,Wound Complications,1
Gastric Surgery,Postgastrectomy Syndromes,1
Colorectal Surgery,Pelvic Floor Disorders,1
Abdominal Radiology,Intestinal Obstruction,1
Intestinal Failure,Short Bowel Syndrome,1
Colorectal Surgery,Intestinal Obstruction,1
Intestinal Obstruction,Pediatric Surgery,1
Esophageal Disorders,Neoplasia,1
Congenital Anomalies,Pediatric Surgery,1
Breast & Endocrine Surgery,Cancer Staging,1
Breast & Endocrine Surgery,Molecular Pathology,1
Breast & Endocrine Surgery,Diagnostic Evaluation,1
Urinary Obstruction,Urology,1
Urinary diversion,Urology,1
Penile disorders,Urology,1
Congenital anomalies,Urology,1
Head and neck surgery,Oral Cancers,1
Head and neck surgery,Oral cancers,1
Oral Cancers,Oral cancers,1
Biliary Disease,Clinical signs,1
Biliary disease,Clinical signs,1
Cholangiocarcinoma,Hepatobiliary surgery,1
Nuclear Medicine,Tomographic Imaging,1
Pancreatic Cancer,Pancreatic Surgery,1
Chronic Pancreatitis,Pancreatic Disorders,1
Infectious Diseases,Salivary Glands,1
Resuscitation,Shock,1
Shock,Trauma,1
Congenital anomalies,Hernia & Abdominal Wall,1
Congenital anomalies,Thoracic surgery,1
Hernia & Abdominal Wall,Thoracic surgery,1
Head Injury,Interventional Radiology,1
Head injury,Interventional Radiology,1
Lymphatic disorders,Pleural Diseases,1
Lymphatic disorders,Pleural diseases,1
Lymphatic disorders,Thoracic surgery,1
Pleural Diseases,Pleural diseases,1
Pleural Diseases,Thoracic surgery,1
Pleural diseases,Thoracic surgery,1
Abdominal surgery,Hernia & Abdominal Wall,1
Neurology,Peripheral Neuropathies,1
Neurology,Peripheral neuropathies,1
Peripheral Neuropathies,Peripheral neuropathies,1
Neonatal Resuscitation,Neonatal resuscitation,1
Neonatal resuscitation,Neonatology,1
Basic Life Support,Neonatal Resuscitation,1
Hematopathology,Myeloproliferative Disorders,1
Anthropometry,Growth & Development,1
Growth & Development,Urology,1
Behavioral Therapy,Urology,1
Trace Elements,Vitamins & Nutrition,1
Neonatal metabolism,Neonatology,1
Bacteriology,Infective endocarditis,1
Coma and brain injury,Neurology,1
Constipation,Gastroenterology,1
Congenital urinary obstruction,Urology,1
Childhood malignancies,Pediatric Oncology,1
Childhood malignancies,Pediatric oncology,1
Acute lymphoblastic leukemia,Hematopathology,1
Dislocations,Shoulder,1
Musculoskeletal anatomy,Shoulder,1
Dislocations,Elbow,1
Fractures,Hand Injuries,1
Skeletal Radiology,Spine,1
Spinal Deformities,Spondylolisthesis,1
Neurophysiology,Radiculopathy,1
Carpal Tunnel Syndrome,Hand Disorders,1
Carpal Tunnel Syndrome,Peripheral Nerve Entrapment,1
Hand Disorders,Peripheral Nerve Entrapment,1
Clubfoot,Foot Disorders,1
Foot Disorders,Fractures,1
Bone disorders,Osteonecrosis,1
Imaging,Osteonecrosis,1
Hip disorders,Osteonecrosis,1
SUBJ:Orthopedics,SUBJ:Pharmacology,1
Elbow Disorders,Elbow disorders,1
Elbow Disorders,Osteochondritis,1
Elbow disorders,Osteochondritis,1
Hip disorders,Tuberculosis,1
Hip disorders,Tuberculosis Of Hip,1
Hip disorders,Tuberculosis of hip,1
Tuberculosis,Tuberculosis Of Hip,1
Tuberculosis,Tuberculosis of hip,1
Tuberculosis Of Hip,Tuberculosis of hip,1
Musculoskeletal Radiology,Spinal lesions,1
Musculoskeletal radiology,Spinal lesions,1
Bone lesions,Musculoskeletal Radiology,1
Bone lesions,Musculoskeletal radiology,1
Compartment syndrome,Vascular,1
Bone formation,Soft Tissue Disorders,1
Bone formation,Soft tissue disorders,1
Soft Tissue Disorders,Soft tissue disorders,1
Hand anatomy,Infectious Diseases,1
Fractures,Intramedullary nailing,1
Hand injuries,Peripheral Nerve Injuries,1
Hand injuries,Peripheral nerve injuries,1
Metabolic bone disease,Rheumatology,1
Obstetric Emergencies,Obstetric emergencies,1
Obstetric Emergencies,Transfusion medicine,1
Obstetric emergencies,Transfusion medicine,1
Fetal Medicine,Immunization,1
Fetal medicine,Immunization,1
Obstetric Complications,Signs of live birth,1
Birth injuries,Labor & Delivery,1
Hypertensive disorders,Preeclampsia,1
Gynaecological Surgery,Urinary tract anatomy,1
Gynaecological surgery,Urinary tract anatomy,1
Endoscopic Surgery,Endoscopic surgery,1
Endoscopic Surgery,Genital prolapse,1
Endoscopic surgery,Genital prolapse,1
Neoplasia,Uterine Fibroids,1
Neoplasia,Uterine fibroids,1
Adenomyosis,Uterine disorders,1
Benign Vulvar Disorders,Benign vulvar disorders,1
Endometrial Cancer,Endometrial cancer,1
Endometrial Cancer,Gynaecologic oncology,1
Endometrial cancer,Gynaecologic oncology,1
Endometriosis,Uterine disorders,1
Chemotherapy & Anticancer,Ovarian Cancer,1
Chemotherapy & Anticancer,Ovarian cancer,1
Ovarian Cancer,Ovarian cancer,1
Amenorrhea,Uterine Adhesions,1
Amenorrhea,Uterine adhesions,1
Obstetric Pharmacology,Prostaglandins,1
Adverse Drug Reactions,Oxytocics,1
Antenatal Care,Antimalarials,1
Antenatal Care,Uterine Prolapse,1
Antenatal Care,Uterine prolapse,1
Contraception,Menstrual Disorders,1
Menstrual Disorders,Pharmacologic therapy,1
Obstetric Complications,Placental disorders,1
Cesarean Section,Placental disorders,1
Cesarean section,Placental disorders,1
Cesarean section,Labor & Delivery,1
Postoperative Complications,Urogynecology,1
Antepartum Hemorrhage,Placental Disorders,1
Pelvic Organ Prolapse,Urogynecology,1
Bacteriology,Normal Flora,1
Normal Flora,Normal flora,1
Breast & Endocrine Surgery,Labor & Delivery,1
Antepartum Fetal Surveillance,Antepartum fetal surveillance,1
Antepartum Fetal Surveillance,Labor & Delivery,1
Antepartum fetal surveillance,Labor & Delivery,1
Fetal Surveillance,Nonstress test,1
Fetal surveillance,Nonstress test,1
Contraception,Menstrual Regulation,1
Contraception,Menstrual regulation,1
Menstrual Regulation,Menstrual regulation,1
Antenatal Care,Vaginal microbiology,1
Reproductive,Vaginal physiology,1
Implantation,Placental physiology,1
Infertility,Ovarian reserve,1
Infertility,Ovulation assessment,1
Antenatal Care,Malpresentation,1
Histology,Infections of Skin,1
Disorders Of Pigmentation,Disorders of pigmentation,1
Melanocytic nevi,Pigmentary Disorders,1
Dermatological Signs,Dermatological signs,1
Dermatological Signs,Lichen planus,1
Dermatological Signs,Psoriasis,1
Dermatological signs,Lichen planus,1
Dermatological signs,Psoriasis,1
Lichen planus,Psoriasis,1
Lichen planus,Papulosquamous,1
Autoimmune Blistering Diseases,Pemphigus,1
Autoimmune blistering diseases,Pemphigus,1
Autoimmune blistering diseases,Histopathology,1
Mucocutaneous disorders,Vasculitis,1
Connective Tissue Diseases,Connective tissue diseases,1
Connective tissue diseases,Dermatomyositis,1
Complement System,Inflammation & Healing,1
Acne,Systemic Retinoids,1
History of Anesthesia,Local Anesthesia,1
Depth of Anesthesia,General Anesthesia,1
Anesthesia Circuits,Pediatric Anesthesia,1
Anesthesia Circuits,Mapleson Systems,1
Airway Management,Monitoring,1
Airway Assessment,Airway Management,1
Airway Management,Airway assessment,1
Neuromuscular Blockers,Pharmacokinetics,1
Neuromuscular blockers,Pharmacokinetics,1
Genetics & Molecular Biology,Neuromuscular Blockers,1
Genetics & Molecular Biology,Neuromuscular blockers,1
SUBJ:Anaesthesia,SUBJ:Biochemistry,1
Depth Of Anaesthesia,Depth of anaesthesia,1
Depth Of Anaesthesia,Inhalational anaesthetics,1
Depth of anaesthesia,Inhalational anaesthetics,1
Inhalational Anaesthetics,Pharmacokinetics,1
Inhalational anaesthetics,Pharmacokinetics,1
Autonomic,Intravenous Anesthetics,1
Autonomic,Intravenous anesthetics,1
Inhalational anesthetics,Intravenous Anesthetics,1
Inhalational anesthetics,Intravenous anesthetics,1
Analgesics,Opioids,1
Imaging Physics,Ultrasound,1
Imaging Physics,MRI,1
Chest Radiology,Vascular,1
Cardiac Radiology,Chest Radiology,1
Abdominal imaging,Gastrointestinal,1
Gastrointestinal,Pediatric Radiology,1
Gastrointestinal,Pediatric radiology,1
Pediatric Radiology,Pediatric radiology,1
Uroradiology,Vascular,1
Abdominal imaging,Uroradiology,1
Neuroimaging,Nuclear magnetic resonance,1
Neuroimaging,Spinal imaging,1
Carotid stenosis,Vascular,1
Neoplasia,Osteosarcoma,1
Metabolic Bone Disease,Osteopetrosis,1
Metabolic bone disease,Osteopetrosis,1
Skeletal Radiology,Skeletal radiology,1
Skeletal Radiology,Vitamins & Nutrition,1
Skeletal radiology,Vitamins & Nutrition,1
Chest Imaging,Chest imaging,1
Chest Imaging,Pulmonary nodules,1
Chest imaging,Pulmonary nodules,1
Metabolic bone disease,Spine,1
Epidemiology,Mood Disorders,1
Psychiatric history,Schizophrenia & Psychosis,1
Psychiatric history,Psychoanalysis,1
Dementia,Neuropsychiatry,1
Psychotic disorders,Substance Abuse,1
Psychotic disorders,Substance abuse,1
Substance Abuse,Substance abuse,1
Alcohol Use Disorder,Alcohol use disorder,1
Alcohol Use Disorder,Substance abuse,1
Alcohol use disorder,Substance abuse,1
Opioid Dependence,Opioid dependence,1
Opioid Dependence,Substance abuse,1
Opioid dependence,Substance abuse,1
Substance Induced Psychosis,Substance abuse,1
Substance Induced Psychosis,Substance induced psychosis,1
Substance abuse,Substance induced psychosis,1
Delusions,Mood Disorders,1
Mood Disorders,Suicide,1
Obsessive compulsive disorder,Personality Disorders,1
Obsessive Compulsive Disorder,Obsessive compulsive disorder,1
Hypothalamus,Sleep Disorders,1
Hypothalamus,Sleep disorders,1
Behavioral Therapy,Behavioral therapy,1
Axial skeleton,Embryology,1
Ear,Skeletal System,1
Ear,Skeletal system,1
Joints & Arthritis,Skeletal System,1
Joints & Arthritis,Skeletal system,1
Histology,Lymphatic System,1
Histology,Lymphatic system,1
Head And Neck,Surface anatomy,1
Head and neck,Surface anatomy,1
Histology,Urinary system,1
Histology,Thorax,1
Pectoral region,Thorax,1
Breast & Endocrine Surgery,Lymphatic System,1
Axilla,Breast & Endocrine Surgery,1
Pectoral Region,Pectoral region,1
Pectoral Region,Shoulder anatomy,1
Pectoral region,Shoulder anatomy,1
Hand Anatomy,Hand anatomy,1
Muscle Innervation,Muscle innervation,1
Muscle Innervation,Upper Limb,1
Muscle innervation,Upper Limb,1
Forearm Compartments,Forearm compartments,1
Forearm Compartments,Upper Limb,1
Forearm compartments,Upper Limb,1
Hand Spaces,Hand spaces,1
Hand Spaces,Upper Limb,1
Hand spaces,Upper Limb,1
Arteries,Upper Limb,1
Lower Limb,Venous System,1
Bones,Lower Limb,1
Femur,Lower Limb,1
Femoral triangle,Lower Limb,1
Lower Limb,Lymphatic system,1
Lower Limb,Ossification,1
Lungs,Mediastinum,1
Lungs,Thorax,1
Heart,Pericardium,1
Lymphatic drainage,Pelvis & Perineum,1
Lymphatic drainage,Reproductive,1
Arteries,Pelvis & Perineum,1
Pelvis & Perineum,Peritoneum,1
Congenital anomalies,Urinary System,1
Congenital anomalies,Urinary system,1
Head and Neck,Skull Base,1
Head and Neck,Skull base,1
Skull Base,Skull base,1
Head and Neck,Neck Triangles,1
Ear,Middle Ear,1
Head and Neck,Middle Ear,1
Head and Neck,Neck Anatomy,1
Head and Neck,Neck Injuries,1
Neck Anatomy,Neck Injuries,1
Eyelids,Orbit,1
Head And Neck,Muscles,1
Head and Neck,Muscles,1
Cerebral Arteries,Head And Neck,1
Cerebral Arteries,Head and Neck,1
Head And Neck,Venous anatomy,1
Head and Neck,Venous anatomy,1
Cerebral Circulation,Meninges,1
Cerebral circulation,Meninges,1
Cranial Venous Sinuses,Scalp and meninges,1
Cranial venous sinuses,Scalp and meninges,1
Cranial Venous Sinuses,Posterior cranial fossa,1
Cranial venous sinuses,Posterior cranial fossa,1
Cranial Venous Sinuses,Head & Neck,1
Cranial venous sinuses,Head & Neck,1
Cranial Venous Sinuses,Infratemporal fossa,1
Cranial venous sinuses,Infratemporal fossa,1
Body Fluid Balance,Renal,1
Body Fluid Balance,Thermoregulation,1
Muscle Physiology,Neuromuscular Physiology,1
Neurophysiology,Vestibular Physiology,1
Limbic System,Neurophysiology,1
Sensory Physiology,Thermoreception,1
Sensory physiology,Thermoreception,1
Cutaneous receptors,Sensory Physiology,1
Cutaneous receptors,Sensory physiology,1
Motor Pathways,Motor pathways,1
Motor Pathways,Neurophysiology,1
Motor pathways,Neurophysiology,1
Cerebral circulation,Neurophysiology,1
Neurophysiology,Spinal Reflexes,1
Neurophysiology,Spinal reflexes,1
Spinal Reflexes,Spinal reflexes,1
Cerebrospinal Fluid,Neurophysiology,1
Cerebrospinal fluid,Neurophysiology,1
Basal ganglia,Neuroanatomy,1
Basal ganglia,Thalamus,1
Cerebellum,Histology,1
Endocrinology,Neurophysiology,1
Digestive enzymes,Enzymology,1
Digestion,Gastrointestinal,1
Bile secretion,Gastrointestinal,1
Digestive secretions,Gastrointestinal,1
Gastrointestinal,Salivary secretion,1
Gastrointestinal,Pancreatic secretion,1
Endocrinology,Hormone physiology,1
Aging physiology,Endocrinology,1
SUBJ:Physiology,SUBJ:Community Medicine,1
Endocrinology,Labor & Delivery,1
Cell division,Reproductive,1
Bone physiology,Endocrinology,1
SUBJ:Physiology,SUBJ:Orthopedics,1
Endocrinology,Stress physiology,1
Body fluid compartments,Cardiology,1
Muscle Physiology,Neurophysiology,1
Muscle physiology,Neurophysiology,1
Cerebral circulation,Exercise physiology,1
Cardiology,Systemic circulation,1
Exercise physiology,Systemic circulation,1
Autoregulation,Cardiology,1
Autoregulation,Cerebral circulation,1
Cardiology,Thermoregulation,1
Exercise physiology,Thermoregulation,1
Cell Physiology,Membrane transport,1
Enzymes,Pulmonology,1
Clinical biochemistry,Plasma Proteins,1
Clinical biochemistry,Plasma proteins,1
Plasma Proteins,Plasma proteins,1
Cell Signaling,Membrane receptors,1
Cell signaling,Membrane receptors,1
Autonomic,Receptor Pharmacology,1
Autonomic,Receptor pharmacology,1
Receptor Pharmacology,Receptor pharmacology,1
Cell signaling,Gastrointestinal,1
Cell Physiology,Renal,1
Body Composition,Hematopathology,1
Clinical Biochemistry,Iron Metabolism,1
Body Fluids,Thermoregulation,1
Digestion,Enzymology,1
Electron transport chain,Oxidative Phosphorylation,1
Bioenergetics,Electron transport chain,1
Bioenergetics,Thermoregulation,1
Citric Acid Cycle,Vitamins & Nutrition,1
Citric acid cycle,Vitamins & Nutrition,1
Inborn Errors,Lipid Metabolism,1
Labor & Delivery,Protein Chemistry,1
Inborn Errors of Metabolism,Urea Cycle,1
Antioxidants,Proteins,1
Nucleotide Metabolism,One Carbon Metabolism,1
Genetics & Molecular Biology,Nucleic acids,1
Nucleic Acids,Purine metabolism,1
Nucleic acids,Purine metabolism,1
Nucleic Acids,Pyrimidine metabolism,1
Nucleic acids,Pyrimidine metabolism,1
Lipid Metabolism,Steroidogenesis,1
Oxidative Phosphorylation,Vitamins & Nutrition,1
Hormone Synthesis,Hormone synthesis,1
Hormone Synthesis,Vitamins & Nutrition,1
Hormone synthesis,Vitamins & Nutrition,1
Nucleotide metabolism,Vitamins & Nutrition,1
Antioxidants,Minerals,1
Folate metabolism,Vitamins & Nutrition,1
Coagulation,Minerals,1
Minerals,Vitamins & Nutrition,1
Redox reactions,Vitamins & Nutrition,1
Carbohydrates,Dietary fiber,1
ATP,Energy Metabolism,1
ATP,Energy metabolism,1
Lipid Metabolism,Starvation Metabolism,1
Lipid Metabolism,Starvation metabolism,1
Carbohydrate Metabolism,Starvation metabolism,1
Connective Tissue,Connective tissue,1
Connective Tissue,Extracellular matrix,1
Connective tissue,Extracellular matrix,1
Endocrinology,Pulmonology,1
Clinical Biochemistry,Liver function tests,1
Clinical biochemistry,Liver function tests,1
Connective tissue,Glycosaminoglycans,1
Connective Tissue,Health Care Delivery,1
Drug Transport,Plasma Proteins,1
Infertility,Pulmonology,1
Congenital CNS Anomalies,Neuroradiology,1
Cell Biology,Peroxisomes,1
Cell Injury & Death,Infections of Bone & Joint,1
Dermatopathology,Inflammation & Healing,1
Hepatopathology,Inflammation & Healing,1
Calcification,Cell Injury & Death,1
Cardiology,Myocardial Infarction,1
Myocardial Infarction,Myocardial infarction,1
Aortic Aneurysm,Aortic aneurysm,1
Aortic aneurysm,Vascular,1
Cardiology,Rheumatic fever,1
Cardiac Hypertrophy,Cardiology,1
Vascular,Vasculitis,1
Arterial Disorders,Vascular,1
Chemical Mediators,Inflammation & Healing,1
Adverse Drug Reactions,Autoimmunity,1
Adverse drug reactions,Autoimmunity,1
Antenatal Care,Fetal Medicine,1
Amyloidosis,Hematopathology,1
Amyloidosis,Histopathology,1
Gene regulation,Genetics & Molecular Biology,1
Chromosomal abnormalities,Genetic Disorders,1
Growth & Development,Oncogenes,1
Obstructive lung disease,Pulmonology,1
Bronchial Asthma,Bronchial asthma,1
Bronchial asthma,Pulmonology,1
Glomerular Diseases,Inflammation & Healing,1
Glomerular diseases,Inflammation & Healing,1
Glomerular Diseases,Histology,1
Glomerular diseases,Histology,1
Genetic disorders,Renal,1
Inflammation & Healing,Urinary Tract Pathology,1
Inflammation & Healing,Urinary tract pathology,1
Neoplasia,Urinary Tract Pathology,1
Neoplasia,Urinary tract pathology,1
Gastrointestinal,Pancreatic diseases,1
Colorectal Cancer,Hereditary polyposis syndromes,1
Colorectal Cancer,Inflammatory bowel disease,1
Colorectal cancer,Inflammatory bowel disease,1
Hereditary polyposis syndromes,Inflammatory bowel disease,1
Liver injury,Toxicology,1
Bilirubin Metabolism,Liver function tests,1
Bilirubin metabolism,Liver function tests,1
Liver Pathology,Viral hepatitis,1
Liver pathology,Viral hepatitis,1
Liver Pathology,Vascular,1
Liver pathology,Vascular,1
Neoplasia,Neurocutaneous syndromes,1
Genetic disorders,Neurocutaneous Syndromes,1
Genetic disorders,Neuro-ophthalmology,1
Inflammatory Myopathies,Inflammatory myopathies,1
Inflammatory Myopathies,Muscle pathology,1
Inflammatory myopathies,Muscle pathology,1
Autoimmune Thyroid Disease,Autoimmune diseases,1
Autoimmune Thyroid Disease,Autoimmune thyroid disease,1
Autoimmune Thyroid Disease,Endocrinology,1
Autoimmune diseases,Autoimmune thyroid disease,1
Autoimmune diseases,Endocrinology,1
Autoimmune thyroid disease,Endocrinology,1
Neoplasia,Thoracic pathology,1
Lymphomas,Ocular pathology,1
Coagulation disorders,Transfusion Medicine,1
Coagulation disorders,Transfusion medicine,1
Addiction pharmacology,CNS pharmacology,1
Addiction pharmacology,Cns Pharmacology,1
Biological therapies,Pulmonology,1
Drug absorption,Pharmacokinetics,1
Drug metabolism,Pharmacokinetics,1
CNS pharmacology,Pharmacokinetics,1
Contraception,Pharmacokinetics,1
Autonomic,Cholinergic receptors,1
Organophosphate poisoning,Toxicology,1
Cholinergic drugs,Toxicology,1
Neuromuscular junction,Toxicology,1
Antihypertensive drugs,Autonomic,1
CNS pharmacology,Dopamine receptors,1
Cns Pharmacology,Dopamine receptors,1
Antimuscarinic drugs,Urinary Pharmacology,1
Antimuscarinic drugs,Urinary pharmacology,1
Urinary Pharmacology,Urinary pharmacology,1
Antimuscarinic drugs,Autonomic,1
Autonomic,Urological Pharmacology,1
Calcium channel blockers,Cardiology,1
Beta Agonists,Beta agonists,1
Beta Agonists,Pulmonology,1
Beta agonists,Pulmonology,1
Prostaglandins,Reproductive,1
Drugs For Gout,Drugs for gout,1
Drugs For Gout,Rheumatology,1
Drugs for gout,Rheumatology,1
Gastrointestinal,NSAIDs,1
Gastrointestinal,Nsaids,1
CNS pharmacology,Opioid Analgesics,1
CNS pharmacology,Opioid analgesics,1
Antidepressants,CNS pharmacology,1
Antidepressants,Mood Disorders,1
Anxiolytics,Psychopharmacology,1
Mood Stabilizers,Psychopharmacology,1
Antiepileptic drugs,Status Epilepticus,1
Antiepileptic drugs,Status epilepticus,1
Status Epilepticus,Status epilepticus,1
Adverse drug effects,Antipsychotic Drugs,1
Adverse drug effects,Antipsychotic drugs,1
Antipsychotic Drugs,Extrapyramidal syndromes,1
Antipsychotic drugs,Extrapyramidal syndromes,1
Opioid Analgesics,Opioid receptors,1
Opioid analgesics,Opioid receptors,1
Neurology,Opioid Analgesics,1
Neurology,Opioid analgesics,1
Endocrine Pharmacology,Thyroid Drugs,1
Endocrine Pharmacology,Thyroid drugs,1
Thyroid Drugs,Thyroid drugs,1
Endocrinology,Hormones,1
Endocrine Pharmacology,Thyroid Disorders,1
Glucocorticoids,Topical Therapy,1
Hormone replacement therapy,Menopause,1
Adrenergic blockers,Endocrine Pharmacology,1
Adverse Drug Reactions,Dyslipidemia,1
Autacoids,Dyslipidemia,1
Dyslipidemia,Gastrointestinal,1
Antiplatelet Drugs,Immunopharmacology,1
Antiplatelet drugs,Immunopharmacology,1
Antiplatelet Drugs,Pharmacodynamics,1
Antiplatelet drugs,Pharmacodynamics,1
Antiplatelet Drugs,Integrins,1
Antiplatelet drugs,Integrins,1
Anticoagulants,Oral anticoagulants,1
Antimicrobial Drugs,Leprosy,1
Antimicrobial drugs,Leprosy,1
Antimicrobial Drugs,Cephalosporins,1
Antimicrobial drugs,Cephalosporins,1
Antiviral Drugs,Antiviral drugs,1
Antiviral Drugs,Hepatitis B,1
Antiviral drugs,Hepatitis B,1
Adverse Drug Reactions,Lipid-lowering drugs,1
Adverse drug reactions,Lipid-lowering drugs,1
Adverse drug reactions,Antiretroviral Drugs,1
Adverse drug reactions,Antiretroviral drugs,1
Alkylating agents,Chemotherapy & Anticancer,1
Breast & Endocrine Surgery,Cancer Chemotherapy,1
Breast & Endocrine Surgery,Cancer chemotherapy,1
Antimicrobials,Antiretroviral Drugs,1
Antimicrobials,Antiretroviral drugs,1
Antimicrobials,Sulfonamides,1
Antimicrobials,Drug toxicity,1
SUBJ:Pharmacology,SUBJ:Anatomy,1
Cancer Chemotherapy,Head and neck cancer,1
Cancer chemotherapy,Head and neck cancer,1
Cancer Chemotherapy,Cell cycle inhibitors,1
Cancer chemotherapy,Cell cycle inhibitors,1
Cancer Chemotherapy,Vinca alkaloids,1
Cancer chemotherapy,Vinca alkaloids,1
Biological Drugs,Biological drugs,1
Biological Drugs,Ophthalmic pharmacology,1
Biological drugs,Ophthalmic pharmacology,1
Adverse drug reactions,Antimalarial Drugs,1
Adverse drug reactions,Antimalarial drugs,1
Adverse drug reactions,Diuretics,1
Alcohol metabolism,Lipid Metabolism,1
Adverse drug reactions,Drug Regulation,1
Adverse drug reactions,Drug regulation,1
Drug Regulation,Drug regulation,1
Legal Medicine,Medico-legal definitions,1
Legal medicine,Medico-legal definitions,1
Medical Jurisprudence,Medico-Legal Examination,1
Medical Jurisprudence,Medico-legal Examination,1
Medico-Legal Examination,Medico-legal Examination,1
Dowry laws,Thanatology,1
Criminal procedure,Thanatology,1
Brain Death,Thanatology,1
Postmortem Lividity,Thanatology,1
Postmortem Lividity,Trauma,1
Blast injuries,Gastrointestinal,1
Blast injuries,Fractures,1
Asphyxial deaths,Fractures,1
Asphyxial deaths,Mechanical Asphyxia,1
Asphyxial deaths,Mechanical asphyxia,1
Asphyxial deaths,Drowning,1
Drowning,Medico-legal investigations,1
Bacterial physiology,Bacteriology,1
Bacteriology,Mycobacteria,1
Bacteriology,Spirochetes,1
Instruments,Ophthalmic Optics,1
Instruments,Ophthalmic optics,1
Bacterial motility,Bacteriology,1
Bacteriology,Bacteriophage typing,1
Bacteriology,Culture characteristics,1
Bacteriology,Vaccines,1
Bacteriology,Brucellosis,1
Infectious Diseases,Rickettsiology,1
Bacterial Culture Characteristics,Bacterial culture characteristics,1
Bacterial Culture Characteristics,Bacteriology,1
Bacterial culture characteristics,Bacteriology,1
Bacteriology,Clostridia,1
Bacillus Anthracis,Bacillus anthracis,1
Bacillus Anthracis,Bacteriology,1
Anaerobic Bacteria,Anaerobic bacteria,1
Anaerobic bacteria,Bacteriology,1
Bacteriology,Melioidosis,1
Free-Living Amoebae,Free-living amoebae,1
Free-Living Amoebae,Parasitology,1
Free-Living Amoebae,Protozoology,1
Free-living amoebae,Parasitology,1
Free-living amoebae,Protozoology,1
Epidemiology,Viral hemorrhagic fevers,1
Viral hemorrhagic fevers,Virology,1
Mycetoma,Mycology,1
Oncogenic viruses,Virology,1
Mycology,Subcutaneous mycoses,1
DNA and RNA viruses,Virology,1
Prions,Sterilization & Hospital Infection,1
Immunology,Mucosal immunity,1
Immunology,Lymphoid organs,1
Lymphoid organs,Spleen,1
Growth & Development,Immunology,1
Bacterial toxins,Immunology,1
Acute Phase Response,Inflammation & Healing,1
Antibodies,Hematopathology,1
Abdomen,Fetal Circulation,1
Bacteriology,Genetics & Molecular Biology,1
History Of Surgery,History of surgery,1
Health legislation,Public Health,1
Health legislation,Public health,1
Public Health,Public health,1
Alternative Medicine,Alternative medicine,1
Growth & Development,Maternal Health,1
Environmental Health,Growth & Development,1
Growth & Development,Health Planning,1
Disease Control,Epidemiology,1
Levels Of Prevention,Rehabilitation,1
Levels of prevention,Rehabilitation,1
Epidemiology,Levels of prevention,1
Disability,Rehabilitation,1
Epidemiology,Morbidity indicators,1
Communicable diseases,Infectious Diseases,1
Disaster management,Immunization,1
Immunization,Tuberculosis,1
Communicable Diseases,Virology,1
Health indicators,Malaria,1
Antimalarial Drugs,Pediatric pharmacology,1
Antimalarial drugs,Pediatric pharmacology,1
Immunization,Yellow Fever,1
Immunization,Yellow fever,1
International health regulations,Yellow Fever,1
International health regulations,Yellow fever,1
Epidemiology,Filariasis,1
Leprosy,Peripheral Neuropathy,1
Immunization,Rabies,1
Disease Surveillance,Infectious Diseases,1
Disease surveillance,Infectious Diseases,1
Immunology,Rabies,1
Disease Elimination,Epidemiology,1
Arthropod Transmission,Rickettsiology,1
Health Promotion,Noncommunicable Diseases,1
Demography & Family Planning,Vital statistics,1
Demography & Family Planning,Fertility indicators,1
Maternal and child health,Vitamins & Nutrition,1
Child health,Infant Mortality,1
Child health,Infant mortality,1
Infant Mortality,Infant mortality,1
Macronutrients,Vitamins & Nutrition,1
Dietary Guidelines,Vitamins & Nutrition,1
Environmental Health,Water Pollution,1
Environmental Health,Meteorology,1
Leishmaniasis,Vector Biology,1
Environmental Health,Pollution,1
Chemical warfare,Toxicology,1
Demography & Family Planning,Family Studies,1
Community Dynamics,Social Sciences,1
Behavioral Sciences,Health Education,1
Epidemiology,Intellectual Disability,1
Disaster Management,Environmental health,1
Disaster management,Environmental health,1
Health Care Delivery,Levels of health care,1
Health Care Delivery,Secondary health care,1
Health Care Delivery,Tertiary health care,1
Health Planning,Health care management,1
Health Planning,Health planning,1
Health care management,Health planning,1
Blindness,National Health Programs,1
Deafness,National Health Programs,1
National Health Programs,Noncommunicable Diseases,1
Consumer Protection,Medical Negligence,1
Dowry Legislation,Medical Jurisprudence,1
Mental Health,National Health Programs,1
Juvenile Justice,Medical Jurisprudence,1
Head And Neck Surgery,Maxillofacial Surgery,1
Head and Neck Surgery,Maxillofacial Surgery,1
Otology,Surgical Incisions,1
Cervical Lymphatics,Head And Neck Surgery,1
Cervical Lymphatics,Head and Neck Surgery,1
Otology,Vestibular Physiology,1
Hearing physiology,Otology,1
Otology,Vestibular system,1
Auditory pathway,Neurotology,1
Audiology,Pure tone audiometry,1
Hearing Loss,Hearing tests,1
Audiology,Occupational Deafness,1
Audiology,Occupational deafness,1
Audiology,Syndromic deafness,1
Audiology,Neuroanatomy,1
Audiology,Infectious Diseases,1
Audiology,Vestibular Disorders,1
Audiology,Vestibular disorders,1
Infectious Diseases,Otitis Externa,1
Infectious Diseases,Otitis externa,1
Infectious Diseases,Otitis media,1
Cholesteatoma,Otology,1
Cholesteatoma,Tympanic Membrane,1
Cholesteatoma,Tympanic membrane,1
Ear,Tympanic Membrane,1
Ear,Tympanic membrane,1
Tympanic Membrane,Tympanic membrane,1
Mastoid surgery,Otitis Media,1
Mastoid Surgery,Otitis media,1
Cholesteatoma,Mastoid Surgery,1
Cholesteatoma,Mastoid surgery,1
Otitis media,Tympanic membrane,1
Eustachian tube,Otitis Media,1
Inflammation & Healing,Otitis Media,1
Chronic Suppurative Otitis Media,Otitis Media,1
Otitis Media,Otitis Media With Effusion,1
Otitis Media,Otitis Media with Effusion,1
Otitis Media With Effusion,Otitis Media with Effusion,1
Otitis Media,Otitis Media Complications,1
Otitis Media,Petrous Apicitis,1
Otitis Media,Tubercular Otitis Media,1
Peripheral Nerve Disorders,Salivary Glands,1
Facial nerve,Otology,1
Audiology,Otosclerosis,1
Neurotology,Otology,1
Otalgia,Otology,1
Dental disorders,Oral Cavity,1
Dental disorders,Oral cavity,1
Head and Neck Neoplasms,Oral Cavity,1
Head and Neck Neoplasms,Oral cavity,1
Head and Neck,Joints & Arthritis,1
Inflammatory disorders,Oropharynx,1
Head and Neck Neoplasms,Tongue,1
Head And Neck,Throat & Larynx,1
Cervical Plexus,Head and Neck,1
Ear,Skull Base,1
Otology,Skull Base,1
Ear,Trauma,1
Rhinology,Sleep Apnea,1
Rhinology,Sleep apnea,1
Rhinology,Voice disorders,1
Nasal Septum,Rhinology,1
Nasal septum,Rhinology,1
Nasal Polyps,Rhinology,1
Nasal polyps,Rhinology,1
Nose & PNS,Rhinoscleroma,1
Allergic airway disease,Nose & PNS,1
Nose & PNS,Rhinosporidiosis,1
Neuroanatomy,Oropharynx,1
Epistaxis,Nose & PNS,1
Nose & PNS,Rhinitis,1
Lupus vulgaris,Nose & PNS,1
CSF rhinorrhea,Nose & PNS,1
Head and neck anatomy,Paranasal Sinuses,1
Head and neck anatomy,Paranasal sinuses,1
Orbit,Trauma,1
Infections of Bone & Joint,Tonsillitis,1
Infections of Bone & Joint,Peritonsillar Abscess,1
Infections of Bone & Joint,Peritonsillar abscess,1
Peritonsillar Abscess,Peritonsillar abscess,1
Communicable diseases,Enteric Fever,1
Communicable diseases,Enteric fever,1
Enteric Fever,Enteric fever,1
Cranial Nerves,Throat & Larynx,1
Lymphatic drainage,Nasopharynx,1
Head And Neck Oncology,Nasopharynx,1
Head and Neck Oncology,Nasopharynx,1
Laryngeal nerve palsy,Throat & Larynx,1
Rhinoscleroma,Throat & Larynx,1
Laryngeal malignancy,Throat & Larynx,1
Oral cavity,Salivary Glands,1
Oral cavity,Salivary glands,1
Oral Cavity,Paranasal sinuses,1
Oral cavity,Paranasal sinuses,1
Nasal cavity,Paranasal Sinuses,1
Nasal cavity,Paranasal sinuses,1
Maxillary sinusitis,Paranasal Sinuses,1
Maxillary sinusitis,Paranasal sinuses,1
Sleep apnea,Tonsil Disorders,1
Sleep apnea,Tonsil disorders,1
Head And Neck Neoplasms,Head and neck neoplasms,1
Head And Neck Neoplasms,Tonsil disorders,1
Head and neck neoplasms,Tonsil disorders,1
Inflammation & Healing,Tonsil Disorders,1
Inflammation & Healing,Tonsil disorders,1
Tonsil Disorders,Valvular heart disease,1
Tonsil disorders,Valvular heart disease,1
Oropharyngeal surgery,Sleep Apnea,1
Oropharyngeal surgery,Sleep apnea,1
Head And Neck Anatomy,Tonsil disorders,1
Head and neck anatomy,Tonsil disorders,1
Inflammation & Healing,Tonsillectomy,1
Pediatric surgery,Tonsillectomy,1
Bleeding disorders,Tonsillectomy,1
SUBJ:ENT,SUBJ:OBG,1
Otology,Tympanoplasty,1
Laryngology,Phonosurgery,1
Airway surgery,Throat & Larynx,1
Adenoids,Nasopharynx,1
Ear,Otologic Surgery,1
Genetic Disorders,Otology,1
Ocular anatomy,Vitreous,1
Ocular anatomy,Retina,1
Aqueous Humor,Aqueous humor,1
Aqueous Humor,Ocular physiology,1
Glaucoma,Ocular physiology,1
Aqueous humor,Inflammation & Healing,1
Inflammation & Healing,Ocular Physiology,1
Inflammation & Healing,Ocular physiology,1
Neuro-ophthalmology,Optic Pathway,1
Neuro-ophthalmology,Optic pathway,1
Optic Pathway,Optic pathway,1
Binocular vision,Refractive Errors,1
Binocular vision,Refractive errors,1
Optics,Refractive errors,1
Anterior Segment,Ophthalmic Examination,1
Lens & Cataract,Ocular Anatomy,1
Fluorescein Angiography,Retina,1
Paediatric ophthalmology,Retina,1
Visual Fields,Visual fields,1
Lens & Cataract,Ocular Examination,1
Ocular Examination,Ocular examination,1
Conjunctiva,Cornea & Refractive,1
Cornea & Refractive,Ocular anatomy,1
Cornea & Refractive,Neuro-ophthalmology,1
Genetics & Molecular Biology,Lens & Cataract,1
Anterior chamber angle,Glaucoma,1
Retina,Viral retinitis,1
Fluorescein angiography,Retina,1
Retina,Vitreous Disorders,1
Retina,Vitreous disorders,1
Vitreous Disorders,Vitreous disorders,1
Refractive Errors,Retina,1
Refractive errors,Retina,1
Optic Nerve,Optic nerve,1
Optic Nerve,Orbit,1
Optic nerve,Orbit,1
Extraocular Muscles,Ocular anatomy,1
Cranial Nerve Palsies,Cranial nerve palsies,1
Extraocular muscles,Ocular Anatomy,1
Extraocular muscles,Strabismus,1
Neoplasia,Ocular Oncology,1
Eyelid disorders,Ocular oncology,1
Eyelid Anatomy,Orbit,1
Eyelid anatomy,Orbit,1
Inflammation & Healing,Lacrimal Apparatus,1
Inflammation & Healing,Lacrimal apparatus,1
Epiphora,Lacrimal Apparatus,1
Epiphora,Lacrimal apparatus,1
Lacrimal Apparatus,Nasal anatomy,1
Lacrimal apparatus,Nasal anatomy,1
Immunology,Retina,1
Lacrimal System,Oculoplastic surgery,1
Lacrimal system,Oculoplastic surgery,1
Lens & Cataract,Metabolic disorders,1
Ocular anesthesia,Orbit,1
Glaucoma,Infectious Diseases,1
Eyelid disorders,Oculoplasty,1
Oculoplasty,Strabismus,1
Ptosis,Strabismus,1
Infectious Diseases,Oculoplasty,1
Glaucoma,Lasers,1
Ocular Surface Disease,Vitamin A deficiency,1
Ocular surface,Vitamin A deficiency,1
Ocular surface disease,Vitamin A deficiency,1
Ocular Surface Disease,Oculoplasty,1
Ocular surface,Oculoplasty,1
Ocular surface disease,Oculoplasty,1
Cranial nerves,Orbit,1
Acute kidney injury,Nephrology,1
Acid base disorders,Nephrology,1
Nephrology,Uremia,1
Connective tissue diseases,Rheumatology,1
Acute coronary syndromes,Cardiology,1
Hematopathology,Plasma Cell Neoplasms,1
Electrolyte Disorders,Fluid therapy,1
Electrolyte disorders,Fluid therapy,1
Brainstem syndromes,Neurology,1
HIV/AIDS,Pleural effusion,1
Hiv/Aids,Pleural effusion,1
Cardiology,Perioperative Care,1
Cystic Fibrosis,Cystic fibrosis,1
Cystic fibrosis,Pulmonology,1
Pulmonary Infiltrates,Pulmonology,1
Cardiology,Nephrology,1
Neurology,Raised Intracranial Pressure,1
Neurology,Raised intracranial pressure,1
Raised Intracranial Pressure,Raised intracranial pressure,1
Metabolic disorders,Neurology,1
Cardiology,Clinical examination,1
Foot and ankle,Neuropathic Arthropathy,1
Foot and ankle,Neuropathic arthropathy,1
Neuropathic Arthropathy,Neuropathic arthropathy,1
Acid-Base Disorders,Fluid and electrolyte balance,1
Acid-base disorders,Fluid and electrolyte balance,1
Hematopathology,Polycythemia Vera,1
Hematopathology,Polycythemia vera,1
Myeloproliferative neoplasms,Polycythemia Vera,1
Myeloproliferative neoplasms,Polycythemia vera,1
Polycythemia Vera,Polycythemia vera,1
Critical Care,Hematopathology,1
Malabsorption,Megaloblastic Anemia,1
Malabsorption,Megaloblastic anemia,1
Malabsorption,Pancreatic Disorders,1
Malabsorption,Pancreatic disorders,1
Drug Toxicity,Drug toxicity,1
Drug Toxicity,Endocrine Pharmacology,1
Drug toxicity,Endocrine Pharmacology,1
Hematopathology,Rheumatology,1
NSAIDs,Rheumatology,1
Nsaids,Rheumatology,1
Gynecologic Oncology,Metabolic emergencies,1
Endocrinology,Infectious Diseases,1
Bone disorders,Endocrinology,1
Antiprotozoal Drugs,Leishmaniasis,1
Antiprotozoal drugs,Leishmaniasis,1
Acute Pancreatitis,Gastrointestinal Surgery,1
Intestinal Obstruction,Parasitic Diseases,1
Intestinal Perforation,Parasitic Diseases,1
Inflammation & Healing,Surgical Physiology,1
Inflammation & Healing,Perioperative Pharmacology,1
Head And Neck Surgery,Oral Cancer,1
Head and Neck Surgery,Oral Cancer,1
Prosthetic Grafts,Vascular,1
Cleft Lip And Palate,Congenital Anomalies,1
Cleft Lip and Palate,Congenital Anomalies,1
Infectious Diseases,Postoperative Complications,1
Vascular,Venous Disorders,1
Thoracic Surgery,Trauma,1
Varicose Veins,Vascular,1
Anorectal disorders,Proctology,1
Gastrointestinal Surgery,Peptic Ulcer Disease,1
Gastrointestinal Surgery,Peptic ulcer disease,1
Gastrointestinal,Pediatric surgery,1
Gastrointestinal,Thoracic Imaging,1
Gastrointestinal,Thoracic imaging,1
Thoracic Imaging,Thoracic imaging,1
Appendicitis,Pediatric surgery,1
Abdominal anatomy,Peritoneum,1
Gastrointestinal Surgery,Intestinal obstruction,1
Colorectal Surgery,Rectal disorders,1
Colorectal surgery,Rectal disorders,1
Trauma,Urethral Injuries,1
Trauma,Urethral injuries,1
Cervical rib,Thoracic Outlet Syndrome,1
Cervical rib,Thoracic outlet syndrome,1
Thoracic Outlet Syndrome,Thoracic outlet syndrome,1
Acute kidney injury,Postoperative Complications,1
Acute kidney injury,Postoperative complications,1
Neoplasia,TNM staging,1
Breast & Endocrine Surgery,Lymphatic mapping,1
Breast & Endocrine Surgery,Congenital Neck Lesions,1
Neoplasia,Surgical Oncology,1
Chronic Wounds,Surgical Oncology,1
Surgical Materials,Sutures,1
Head and Neck Surgery,Oral Cavity Cancers,1
Penile Cancer,Urology,1
Acute Scrotum,Urology,1
Hernia & Abdominal Wall,Surgical Incisions,1
Head and Neck Imaging,Salivary Glands,1
Gastrointestinal,Hepatobiliary Surgery,1
Endoscopy,Hepatobiliary Surgery,1
Acute Pancreatitis,Pancreas,1
Chronic Pancreatitis,Obstetric Complications,1
Abdominal Imaging,Acute Pancreatitis,1
Endoscopic Sinus Surgery,Nose & PNS,1
Fluid Therapy,Shock,1
Ligament injuries,Trauma,1
Head Injury,Neurosurgical emergencies,1
Head injury,Neurosurgical emergencies,1
Hemorrhagic Shock,Hemorrhagic shock,1
Hemorrhagic shock,Trauma,1
Carditis management,Rheumatic Fever,1
Carditis management,Rheumatic fever,1
Fluid And Electrolytes,Growth & Development,1
Fluid and Electrolytes,Growth & Development,1
Growth & Development,Urinary Disorders,1
Clinical Features,Clinical features,1
Clinical Features,clinical features,1
Clinical Features,protein deficiency,1
Clinical features,clinical features,1
Clinical features,protein deficiency,1
clinical features,protein deficiency,1
Acrodermatitis Enteropathica,Acrodermatitis enteropathica,1
Acrodermatitis Enteropathica,diarrhoea,1
Acrodermatitis Enteropathica,perianal crust,1
Acrodermatitis enteropathica,diarrhoea,1
Acrodermatitis enteropathica,perianal crust,1
diarrhoea,perianal crust,1
Inborn Errors Of Metabolism,metabolic disorders,1
Inborn Errors Of Metabolism,vitamin B6,1
Inborn errors of metabolism,metabolic disorders,1
Inborn errors of metabolism,vitamin B6,1
metabolic disorders,vitamin B6,1
Prematurity Features,Prematurity features,1
Prematurity Features,neonatal features,1
Prematurity Features,prematurity,1
Prematurity features,neonatal features,1
Prematurity features,prematurity,1
neonatal features,prematurity,1
Caput Succedaneum,Caput succedaneum,1
Caput Succedaneum,caput succedaneum,1
Caput Succedaneum,scalp swelling,1
Caput succedaneum,caput succedaneum,1
Caput succedaneum,scalp swelling,1
caput succedaneum,scalp swelling,1
CNS Physiology,heat exchange,1
CNS Physiology,infant incubator,1
heat exchange,infant incubator,1
Cardiology,Cyanotic Congenital Heart Disease,1
Cardiology,Cyanotic congenital heart disease,1
Cyanotic Congenital Heart Disease,Cyanotic congenital heart disease,1
Brain Abscess,Cyanotic Heart Disease,1
Congenital Heart Disease,Cyanosis,1
Epilepsy,Febrile Seizure,1
Febrile Seizures,Febrile seizures,1
Febrile Seizures,simple febrile seizures,1
Febrile seizures,simple febrile seizures,1
Complex Febrile Seizures,Complex febrile seizures,1
Complex Febrile Seizures,complex febrile seizures,1
Complex febrile seizures,complex febrile seizures,1
Infantile Spasm,infantile spasm,1
Infantile spasm,infantile spasm,1
Meningitis,meningitis,1
Neonatal Meningitis,Neonatal meningitis,1
Neonatal Meningitis,neonatal meningitis,1
Neonatal meningitis,neonatal meningitis,1
Chiari Malformation,Chiari malformation,1
Cerebellar Malformation,Cerebellar malformation,1
Cerebellar Malformation,Chiari I,1
Cerebellar Malformation,Hernia & Abdominal Wall,1
Cerebellar malformation,Chiari I,1
Cerebellar malformation,Hernia & Abdominal Wall,1
Chiari I,Hernia & Abdominal Wall,1
Chiari II,Chiari II malformation,1
Chiari II,Chiari Ii Malformation,1
Chiari II,myelomeningocele,1
Chiari II malformation,Chiari Ii Malformation,1
Chiari II malformation,myelomeningocele,1
Chiari Ii Malformation,myelomeningocele,1
Encephalocele,occipital defect,1
Cerebellar Agenesis,Cerebellar agenesis,1
Cerebellar Agenesis,Growth & Development,1
Cerebellar Agenesis,cerebellar agenesis,1
Cerebellar agenesis,Growth & Development,1
Cerebellar agenesis,cerebellar agenesis,1
Growth & Development,cerebellar agenesis,1
Dandy-Walker Syndrome,Dandy-Walker syndrome,1
Dandy-Walker Syndrome,cerebellar vermis deficiency,1
Dandy-Walker Syndrome,hydrocephalus,1
Dandy-Walker syndrome,cerebellar vermis deficiency,1
Dandy-Walker syndrome,hydrocephalus,1
cerebellar vermis deficiency,hydrocephalus,1
APGAR scoring,Apgar Scoring,1
APGAR scoring,neonatal assessment,1
Apgar Scoring,neonatal assessment,1
Bronchial Foreign Body,Bronchial foreign body,1
Bronchial Foreign Body,Environment & Occupational Health,1
Bronchial Foreign Body,Neonatology,1
Bronchial foreign body,Environment & Occupational Health,1
Bronchial foreign body,Neonatology,1
Congenital Heart Disease,General Medicine,1
Congenital heart disease,General Medicine,1
Congenital heart disease,Neonatology,1
Ureteric Anomaly,Ureteric anomaly,1
Cystinuria,Genetic disorder,1
Cystinuria,Renal,1
Genetic disorder,Renal,1
Neonatal transport,Newborn Transport,1
Neonatal transport,Newborn transport,1
Neonatal transport,Thermal regulation,1
Newborn Transport,Newborn transport,1
Newborn Transport,Thermal regulation,1
Newborn transport,Thermal regulation,1
Gastroenterology,Genetic disorders,1
CNS Prophylaxis,Pediatric Oncology,1
Maintenance Therapy,Pediatric Oncology,1
Hemoglobinopathies,Prenatal Diagnosis,1
Disorders of Sexual Differentiation,Endocrinology,1
Growth & Development,Steroid Biosynthesis,1
Growth & Development,Steroid biosynthesis,1
Renal,Steroid Biosynthesis,1
Renal,Steroid biosynthesis,1
Microbiology,Pediatric Infectious,1
Epidemiology,HIV/AIDS surveillance,1
Epidemiology,Hiv/Aids Surveillance,1
HIV/AIDS surveillance,Hiv/Aids Surveillance,1
AIDS,Immunodeficiency,1
Peroxisomal Disorder,Peroxisomal disorder,1
Peroxisomal Disorder,Refsum disease,1
Peroxisomal disorder,Refsum disease,1
Abdomen,Perforation Peritoneum,1
Abdomen,Perforation peritoneum,1
Perforation Peritoneum,Perforation peritoneum,1
Gelastic Seizures,Gelastic seizures,1
Gelastic Seizures,Hypothalamic hamartoma,1
Gelastic seizures,Hypothalamic hamartoma,1
Grisel syndrome,Inflammation & Healing,1
Grisel syndrome,Otitis media,1
Congenital Anomalies,Thorax,1
Cartilage,Joints & Arthritis,1
Hand Surgery,Hand surgery,1
Hand Surgery,Tendon injuries,1
Hand surgery,Tendon injuries,1
Ossification,Osteology,1
Growth & Development,Histology,1
Bone Formation,Histology,1
Intramembranous Ossification,Intramembranous ossification,1
Neuroanatomy,Shoulder Dislocation,1
Fractures,Immobilization,1
Congenital Anomalies,Wrist,1
Congenital anomalies,Wrist,1
Distal radius,Fractures,1
Fractures,Hip,1
Systemic Pathology,Vertebral Anomalies,1
Systemic Pathology,Vertebral anomalies,1
Epidemiology,Vertebral Anomalies,1
Epidemiology,Vertebral anomalies,1
Bone Pathology,Interventional Radiology,1
Bone pathology,Interventional Radiology,1
Bone Neoplasms,Bone neoplasms,1
Bone Neoplasms,Interventional Radiology,1
Bone Neoplasms,Systemic Pathology,1
Bone neoplasms,Interventional Radiology,1
Bone neoplasms,Systemic Pathology,1
Spine,Systemic Pathology,1
Physical examination,Spine,1
Fractures,Nerve Injury,1
Fractures,Limping Child,1
Hip Disorders,Limping Child,1
Coxa Vara,Interventional Radiology,1
Fractures,Slipped Capital Femoral Epiphysis,1
Hip Disorders,Slipped Capital Femoral Epiphysis,1
Fractures,Legg-Calve-Perthes Disease,1
Hip Disorders,Legg-Calve-Perthes Disease,1
Foot Deformities,Foot deformities,1
Foot Deformities,Fractures,1
Foot Deformities,Neonatology,1
Foot deformities,Fractures,1
Foot deformities,Neonatology,1
Clubfoot,Neonatology,1
Congenital Vertical Talus,Congenital vertical talus,1
Congenital Vertical Talus,Fractures,1
Congenital Vertical Talus,Neonatology,1
Congenital vertical talus,Fractures,1
Congenital vertical talus,Neonatology,1
Fractures,Transient Synovitis,1
Fractures,Transient synovitis,1
Neonatology,Transient Synovitis,1
Neonatology,Transient synovitis,1
Transient Synovitis,Transient synovitis,1
Cranial Nerve Disorders,Cranial nerve disorders,1
Cranial nerve disorders,Environment & Occupational Health,1
Fractures,Spinal canal stenosis,1
Spinal Canal Stenosis,Spinal canal stenosis,1
Inflammation & Healing,Osteomyelitis,1
Pott's paraplegia,Spinal Tuberculosis,1
Pott's paraplegia,Spinal tuberculosis,1
Septic Arthritis,Synovial fluid analysis,1
Septic arthritis,Synovial fluid analysis,1
Bone Metastasis,Fractures,1
Bone Metastasis,General Medicine,1
Fractures,Hemorrhage,1
Fractures,Hallux Valgus,1
Hallux Valgus,Neuroanatomy,1
Bursitis,Fractures,1
Myositis Ossificans,Neuroanatomy,1
Neurological emergencies,Spinal Injuries,1
Neurological emergencies,Spinal injuries,1
Spinal Injuries,Spinal injuries,1
Fractures,Traction,1
Arthropathies,Psoriatic arthritis,1
Foot Deformity,Rheumatoid Arthritis,1
Hand Deformity,Rheumatoid Arthritis,1
Knee Disorders,Osteochondritis Dissecans,1
Fractures,Osteoarthritis,1
Osteoarthritis,Systemic Pathology,1
Joints & Arthritis,Knee Injuries,1
Joints & Arthritis,Knee injuries,1
Metabolic Bone Disease,Parathyroid Disorders,1
Actinomycosis,Infectious Diseases,1
Dystocia,Endocrine Pharmacology,1
Dystocia,Obstetric Complications,1
Oligohydramnios,Renal,1
Anovulation,Anovulatory DUB,1
Anovulation,Anovulatory Dub,1
Anovulation,Dysfunctional uterine bleeding,1
Anovulatory DUB,Anovulatory Dub,1
Anovulatory DUB,Dysfunctional uterine bleeding,1
Anovulatory Dub,Dysfunctional uterine bleeding,1
Cervical Carcinoma,Cervical carcinoma,1
Cervical Carcinoma,Fertility-sparing surgery,1
Cervical carcinoma,Fertility-sparing surgery,1
Gynecologic Oncology,Ovarian Reserve,1
Gynecologic Oncology,Pelvimetry,1
Obstetric Complications,Semen Analysis,1
Semen Analysis,Systemic Pathology,1
Gynecologic Oncology,Pelvic Examination,1
Gynecologic Oncology,Pelvic examination,1
Obstetric Complications,Pelvic Examination,1
Obstetric Complications,Pelvic examination,1
Pelvic Examination,Pelvic examination,1
Endometrial Biopsy,Endometrial biopsy,1
Endometrial Biopsy,Gynecologic Oncology,1
Endometrial biopsy,Gynecologic Oncology,1
Colposcopy,Gynecologic Oncology,1
Antenatal Care,Cervix,1
Obstetric Complications,Thromboembolism,1
Obstetric Complications,VBAC,1
Obstetric Complications,Vbac,1
VBAC,Vbac,1
Obstetric Complications,Obstetric Hemorrhage,1
Obstetric Complications,Obstetric hemorrhage,1
Obstetric Hemorrhage,Obstetric hemorrhage,1
Amniotic Fluid,Fetal Physiology,1
Amniotic Fluid,Gestational Age,1
Cesarean section,Uterine Rupture,1
Cesarean section,Uterine rupture,1
Abnormal Uterine Bleeding,Metropathic hemorrhagica,1
Abnormal uterine bleeding,Metropathic hemorrhagica,1
Obstetric Complications,Uterine rupture,1
Obstetric Complications,Umbilical Cord Insertion,1
Obstetric Complications,Umbilical cord insertion,1
Umbilical Cord Insertion,Umbilical cord insertion,1
Abnormal Uterine Bleeding,Obstetric Complications,1
Abnormal uterine bleeding,Obstetric Complications,1
Gynecologic Oncology,Ovarian Cancer,1
Cervical Cancer,Radiotherapy,1
Endometrial Hyperplasia,Gynecologic Oncology,1
Antenatal Care,Prostaglandins,1
Congenital Uterine Anomalies,Epidemiology,1
Contraception,Intrauterine Device,1
Gynecologic Oncology,Intrauterine Adhesions,1
Interventional Radiology,Intrauterine Adhesions,1
Genital Tuberculosis,Mycobacterium tuberculosis,1
Hyperandrogenism,PCOD,1
Hyperandrogenism,Pcod,1
Labor & Delivery,Rh Incompatibility,1
Drug Effects,Fetal Heart Sounds,1
Antenatal Care,Mifepristone Dosage,1
Infectious Diseases,Trichomoniasis,1
Antiprotozoal Drugs,Endocrine Pharmacology,1
Antiprotozoal Drugs,Microbiology,1
Antiprotozoal drugs,Endocrine Pharmacology,1
Antiprotozoal drugs,Microbiology,1
Bullous Diseases,Bullous diseases,1
Bullous diseases,Dermatology,1
Bullous diseases,Systemic Pathology,1
Dermatologic Signs,Dermatologic signs,1
Dermatologic signs,Dermatology,1
Dermatology,Epidermal Nevi,1
Dermatology,Epidermal nevi,1
Epidermal Nevi,Epidermal nevi,1
Acne,Hormones,1
Growth & Development,Hair Cycle,1
Growth & Development,Hair cycle,1
Hair Cycle,Hair cycle,1
Antenatal Care,Melasma,1
Systemic Pathology,Vesiculobullous Diseases,1
Systemic Pathology,Vesiculobullous diseases,1
Dermatitis Herpetiformis,General Medicine,1
Dermatitis herpetiformis,General Medicine,1
Dermatology,Neisseria Gonorrhoeae,1
Dermatology,Neisseria gonorrhoeae,1
Dermatology,Herpes Simplex,1
Herpes Simplex,Microbiology,1
Cutaneous Tuberculosis,Dermatology,1
Cutaneous Tuberculosis,Microbiology,1
Family history,History Taking,1
Microbiology,Serology,1
Microbiology,PCR,1
Microbiology,Pcr,1
Mycology,PCR,1
Mycology,Pcr,1
PCR,Pcr,1
Dermatophytes,Infectious Diseases,1
Antifungal Therapy,Dermatology,1
Antifungal therapy,Dermatology,1
Azole antifungals,Systemic Antifungal Agents,1
Azole antifungals,Systemic antifungal agents,1
Systemic Antifungal Agents,Systemic antifungal agents,1
Antifungal Agents,Infectious Diseases,1
Antifungal agents,Infectious Diseases,1
Behçet'S Syndrome,Vasculitis,1
Behçet's syndrome,Vasculitis,1
Behçet'S Syndrome,Diagnostic tests,1
Behçet's syndrome,Diagnostic tests,1
Dermatology,Erythema Nodosum,1
Behçet'S Disease,Behçet's disease,1
Behçet'S Disease,Dermatology,1
Behçet's disease,Dermatology,1
Adverse drug reactions,Antimicrobial Drugs,1
Adverse drug reactions,Antimicrobial drugs,1
Erythroderma,Exfoliative dermatitis,1
Erythroderma,Paraneoplastic dermatoses,1
Exfoliative dermatitis,Paraneoplastic dermatoses,1
Dermatological Investigations,Dermatological investigations,1
Dermatological Investigations,Dermatology,1
Dermatological investigations,Dermatology,1
Dermatology,Drug Eruptions,1
Dermatology,Drug eruptions,1
Drug Eruptions,Drug eruptions,1
Drug Eruptions,Endocrine Pharmacology,1
Drug eruptions,Endocrine Pharmacology,1
Dermatology,Pigmented purpuric dermatoses,1
Pigmented Purpuric Dermatoses,Pigmented purpuric dermatoses,1
Abdomen,Hematopathology,1
Biochemistry,Porphyrias,1
Inheritance,Porphyria,1
Clinical Signs,Clubbing,1
Acanthosis Nigricans,Acanthosis nigricans,1
Acanthosis Nigricans,Skin Signs,1
Acanthosis nigricans,Skin Signs,1
Endocrinology,Metabolic disorders,1
Sarcoidosis,Systemic Pathology,1
Intraocular Pressure,Intraocular pressure,1
Intraocular Pressure,Pharmacology of intravenous anaesthetics,1
Intraocular pressure,Pharmacology of intravenous anaesthetics,1
Breathing Circuits,Controlled ventilation,1
Breathing circuits,Controlled ventilation,1
Anaesthesia monitoring,Capnography,1
Airway Management,LMA Supreme,1
Nerve Muscle,Toxicology,1
Neonatology,Neuromuscular Blocking Agents,1
Inhalational Anaesthetics,Nitrous oxide,1
Inhalational anaesthetics,Nitrous oxide,1
Inhalational Anaesthetics,Neurosurgery,1
Neurosurgery,Regional Anaesthesia,1
Benzodiazepines,Neurology,1
Antihistamines,Antipsychotics,1
Barbiturates,Sedative-hypnotics,1
Antimicrobials,Penicillins,1
Environmental considerations,Inhalational Anesthetic Agents,1
Environmental considerations,Inhalational anesthetic agents,1
Inhalational Anesthetic Agents,Inhalational anesthetic agents,1
General Anaesthetics,Shock,1
Analgesic agents,General Anaesthetics,1
General Anaesthetics,Intraocular pressure,1
Endocrine Pharmacology,Pharmacology Of Intravenous Anesthetics,1
Endocrine Pharmacology,Pharmacology of intravenous anesthetics,1
Pharmacology Of Intravenous Anesthetics,Pharmacology of intravenous anesthetics,1
Pharmacology Of Intravenous Anesthetics,Regional Anaesthesia,1
Pharmacology of intravenous anesthetics,Regional Anaesthesia,1
Regional Anaesthesia,Renal,1
Rapid Sequence Induction,Rapid sequence induction,1
Rapid Sequence Induction,Regional Anaesthesia,1
Rapid sequence induction,Regional Anaesthesia,1
Airway Management,Aspiration Prophylaxis,1
Airway Management,Induction Agents,1
Epidural Techniques,Pediatric Anesthesia,1
Local Anaesthetics,Topical Anaesthesia,1
Adverse Effects,Local Anaesthetics,1
Complex Regional Pain Syndrome,Complex regional pain syndrome,1
Complex Regional Pain Syndrome,General Medicine,1
Complex regional pain syndrome,General Medicine,1
Regional Anaesthesia,Regional Anesthesia,1
Regional Anaesthesia,Regional anesthesia,1
Regional Anesthesia,Regional anesthesia,1
High Spinal Anaesthesia,Spinal Anaesthesia,1
Endocrine Pharmacology,Local Anaesthesia,1
Bier's block,Local Anaesthesia,1
Conscious sedation,Sedation,1
Basic Life Support,Cardiopulmonary Resuscitation,1
MRI,Physics,1
Epidemiology,Radiation Dose,1
Cardiology,Cardiomegaly,1
Cardiomegaly,Interventional Radiology,1
General Medicine,Valvular heart disease,1
Pulmonary embolism,Pulmonology,1
Air bronchogram,X-ray,1
Calcified metastasis,Pulmonary Metastasis,1
Calcified metastasis,Pulmonary metastasis,1
Pulmonary Metastasis,Pulmonary metastasis,1
Differential diagnosis,Solitary Pulmonary Nodule,1
Differential diagnosis,Solitary pulmonary nodule,1
Solitary Pulmonary Nodule,Solitary pulmonary nodule,1
Chest radiography,X-ray,1
Sarcoidosis,X-ray,1
Interventional Radiology,Pulmonary,1
Interventional Radiology,Sarcoidosis,1
Pulmonary,Sarcoidosis,1
Cardiology,Clinical Signs,1
Clinical Signs,Pericardial Diseases,1
Cardiac Imaging,Pericardial Diseases,1
Hepatobiliary Radiology,Hepatobiliary imaging,1
Hepatobiliary Radiology,Hepatobiliary radiology,1
Hepatobiliary Radiology,Interventional Radiology,1
Hepatobiliary imaging,Hepatobiliary radiology,1
Hepatobiliary imaging,Interventional Radiology,1
Hepatobiliary radiology,Interventional Radiology,1
Barium studies,Gastrointestinal,1
Barium studies,Small intestine imaging,1
Gastrointestinal,Small intestine imaging,1
Gastrointestinal,Intestinal obstruction,1
Intestinal obstruction,Radiographic signs,1
Gastrointestinal,Neonatal intestinal obstruction,1
Neonatal intestinal obstruction,Radiographic signs,1
Interventional Radiology,Pancreatic Imaging,1
Interventional Radiology,Pancreatic imaging,1
Pancreatic Imaging,Pancreatic imaging,1
Diagnostic Imaging,Renal,1
Focal Neurological Deficit,Neuroimaging,1
Carotid Cavernous Sinus Fistula,Orbital Imaging,1
Neuroimaging,Trauma,1
Prevertebral space,Spine,1
Bone Metastasis,Bone metastasis,1
Bone Metastasis,Neoplasia,1
Bone Metastasis,Osteolytic metastasis,1
Bone metastasis,Neoplasia,1
Bone metastasis,Osteolytic metastasis,1
Neoplasia,Osteolytic metastasis,1
Interventional Radiology,Metastasis,1
Interventional Radiology,Whole body imaging,1
Metastasis,Whole body imaging,1
Imaging,Interventional Radiology,1
Imaging,Uterine Anomalies,1
Imaging,Uterine anomalies,1
Interventional Radiology,Uterine anomalies,1
Interventional Radiology,Ionization potential,1
Ionization potential,Radiation Physics,1
Ionization potential,Radiation physics,1
Interventional Radiology,Radiographic Anatomy Of Skull,1
Interventional Radiology,Radiographic anatomy of skull,1
Neuroanatomy,Radiographic Anatomy Of Skull,1
Neuroanatomy,Radiographic anatomy of skull,1
Radiographic Anatomy Of Skull,Radiographic anatomy of skull,1
Interventional Radiology,Radiation Tolerance,1
Interventional Radiology,Radiation tolerance,1
Radiation Tolerance,Radiation tolerance,1
Imaging Of Cystic Brain Lesions,Imaging of cystic brain lesions,1
Imaging Of Cystic Brain Lesions,Interventional Radiology,1
Imaging of cystic brain lesions,Interventional Radiology,1
Catatonia,Child Psychiatry,1
Neurology,Visual Disturbances,1
Neurology,Visual disturbances,1
Squint & Pediatric Ophthalmology,Visual Disturbances,1
Squint & Pediatric Ophthalmology,Visual disturbances,1
Visual Disturbances,Visual disturbances,1
Hallucinations,Neuroanatomy,1
Abdomen,Nerve Muscle,1
Nerve Muscle,Trauma,1
Delirium,General Medicine,1
Child Psychiatry,Cognitive disorders,1
Cognitive Disorders,Cognitive disorders,1
Child Psychiatry,Delirium Tremens,1
Child Psychiatry,Delirium tremens,1
Delirium Tremens,Delirium tremens,1
Delirium Tremens,Substance-related disorders,1
Delirium tremens,Substance-related disorders,1
Attention Deficit Hyperactivity Disorder,Attention deficit hyperactivity disorder,1
Attention deficit hyperactivity disorder,Child Psychiatry,1
General Medicine,Substance-Related Disorders,1
General Medicine,Substance-related disorders,1
General Medicine,Wernicke'S Encephalopathy,1
General Medicine,Wernicke's Encephalopathy,1
Wernicke'S Encephalopathy,Wernicke's Encephalopathy,1
Cocaine Withdrawal,Substance Use,1
Child Psychiatry,Drug Dependence,1
Drug Dependence,Endocrine Pharmacology,1
Child Psychiatry,Psychotic disorders,1
Mental Status Examination,Mental status examination,1
Mental status examination,Psychopathology,1
Psychotic disorders,Schizophrenia & Psychosis,1
Organic Mental Disorders,Psychotic disorders,1
Organic mental disorders,Psychotic disorders,1
Child Psychiatry,Psychiatric Symptoms,1
Child Psychiatry,Psychiatric symptoms,1
Psychiatric Symptoms,Psychiatric symptoms,1
Neurotic Disorders,Psychopathology,1
Child Psychiatry,Neurosis,1
Ambivalence,Child Psychiatry,1
Autism,Child Psychiatry,1
Genetics & Molecular Biology,Schizophrenia & Psychosis,1
Child Psychiatry,Neuropsychiatry,1
General Medicine,Neuropsychiatry,1
Catatonia,Psychomotor symptoms,1
Catatonia,Excited catatonia,1
Catatonia,Stuporous catatonia,1
Child Psychiatry,Dissociative Disorders,1
Biochemistry,Mania,1
Child Psychiatry,Psychomotor Symptoms,1
Child Psychiatry,Psychomotor symptoms,1
Psychomotor Symptoms,Psychomotor symptoms,1
Cyclothymia,Mood Disorders,1
Child Psychiatry,Emergency Medicine,1
Emergency Medicine,Mood Disorders,1
Child Psychiatry,Depressive Disorders,1
Child Psychiatry,Suicide And Self-Harm,1
Child Psychiatry,Suicide and Self-Harm,1
Suicide And Self-Harm,Suicide and Self-Harm,1
Delusional disorders,Schizophrenia & Psychosis,1
Acute transient psychotic disorder,Psychotic Disorders,1
Acute transient psychotic disorder,Psychotic disorders,1
Acute polymorphic psychotic disorder,Psychotic Disorders,1
Acute polymorphic psychotic disorder,Psychotic disorders,1
Endocrine Pharmacology,Erectile Dysfunction,1
Endocrine Pharmacology,Urogenital Pharmacology,1
Erectile Dysfunction,Urogenital Pharmacology,1
Anxiety & OCD,Specific Phobia,1
Agoraphobia,Phobias,1
Diagnostic criteria,Somatization Disorder,1
Diagnostic criteria,Somatization disorder,1
Pain symptoms,Somatization Disorder,1
Pain symptoms,Somatization disorder,1
GI symptoms,Somatization Disorder,1
GI symptoms,Somatization disorder,1
Child Psychiatry,Sexual Dysfunction,1
Child Psychiatry,Social Cognition,1
Child Psychiatry,Social cognition,1
Social Cognition,Social cognition,1
Addiction,Impulse Control Disorders,1
Addiction,Impulse control disorders,1
Impulse Control Disorders,Impulse control disorders,1
CNS Physiology,REM sleep,1
CNS Physiology,Rem Sleep,1
REM sleep,Rem Sleep,1
CNS Physiology,NREM sleep,1
CNS Physiology,Nrem Sleep,1
NREM sleep,Nrem Sleep,1
Parasomnia,Sleep,1
Child Psychiatry,Enuresis,1
Sexual Dysfunction,Sleep Physiology,1
Epidemiology,Sleep Disorders,1
Neonatology,Sleep Disorders,1
Neonatology,Sleep disorders,1
Phobias,Psychotherapy,1
Obsessive-Compulsive Disorder,Psychotherapy,1
Contraindications,Electroconvulsive therapy,1
Consciousness,Memory,1
Consciousness,Psychoanalysis,1
Memory,Psychoanalysis,1
EMDR,Psychotherapy,1
EMDR,Trauma,1
Psychotherapy,Trauma,1
Feeding And Eating Disorders,Feeding and eating disorders,1
Feeding and eating disorders,Pica,1
Endocrine Pharmacology,Enuresis,1
Attention Deficit Hyperactivity Disorder,Cognitive Therapy,1
Behavioural Therapy,Behavioural therapy,1
Behavioural Therapy,Child Psychiatry,1
Behavioural therapy,Child Psychiatry,1
Child Psychiatry,Learning Theory,1
Child Psychiatry,Learning theory,1
Learning Theory,Learning theory,1
Korsakoff Syndrome,Organic Mental Disorders,1
Neuroanatomy,Ossification,1
Upper Limb,Vascular,1
Shoulder Anatomy,Upper Limb,1
Thorax,Upper Limb,1
Lower Limb,Sciatic nerve,1
Lower Limb,Semitendinosus,1
Sciatic nerve,Semitendinosus,1
Dorsiflexion,Lower Limb,1
Dorsiflexion,Tibialis anterior,1
Lower Limb,Middle genicular artery,1
Lower Limb,Oblique popliteal ligament,1
Middle genicular artery,Oblique popliteal ligament,1
Fractures,Knee,1
Lower Limb,Systemic Pathology,1
Lumbar Plexus,Neuroanatomy,1
Pelvis & Perineum,Sacrum,1
Pelvis & Perineum,Spine,1
Sacrum,Spine,1
First Rib,First rib,1
First Rib,Ribs,1
First Rib,Thorax,1
First rib,Ribs,1
First rib,Thorax,1
Ribs,Thorax,1
Neuroanatomy,Sternum,1
Neuroanatomy,Pelvis And Perineum,1
Neuroanatomy,Pelvis and perineum,1
Pelvis And Perineum,Pelvis and perineum,1
Hernia & Abdominal Wall,Inferior epigastric vein,1
Hernia & Abdominal Wall,Venous drainage,1
Inferior epigastric vein,Venous drainage,1
Accessory spleen,Spleen,1
Accessory spleen,Spleen location,1
Spleen,Spleen location,1
Posterior vaginal wall,Reproductive,1
Posterior vaginal wall,Vaginal length,1
Reproductive,Vaginal length,1
Kidney,Ureter,1
Retroperitoneal Structures,Retroperitoneal structures,1
Retroperitoneal Structures,Ureter,1
Retroperitoneal structures,Ureter,1
Abdominal Anatomy,Gastrointestinal,1
Abdominal anatomy,Gastrointestinal,1
Large Intestine,Neuroanatomy,1
Large intestine,Neuroanatomy,1
Anterior Abdominal Wall,Neuroanatomy,1
Neuroanatomy,Pelvic Cavity,1
Inguinal Canal,Neuroanatomy,1
Head and Neck,Trigeminal nerve,1
Cervical Vertebrae,Vertebral column,1
Cervical vertebrae,Vertebral column,1
Cervical Vertebrae,Head and Neck,1
Cervical vertebrae,Head and Neck,1
Head and neck anatomy,Lymphatic system,1
Head and neck anatomy,Nasal Cavity,1
Head and neck anatomy,Nasal cavity,1
Lymphatic system,Nasal Cavity,1
Lymphatic system,Nasal cavity,1
Nasopharynx,Neuroanatomy,1
Nasopharynx,Pharyngeal wall,1
Neuroanatomy,Pharyngeal wall,1
Ear anatomy,Middle ear,1
Ear anatomy,Ossicles,1
Middle ear,Ossicles,1
Head & Neck,Throat & Larynx,1
Environment & Occupational Health,Lacrimal Apparatus,1
Environment & Occupational Health,Laryngeal Nerves,1
Head and Neck,Trapezius,1
Muscle anatomy,Trapezius,1
CNS Physiology,Head And Neck,1
CNS Physiology,Head and Neck,1
Fourth Ventricle,Fourth ventricle,1
Embryology,Testicular Descent,1
Embryology,Testicular descent,1
Testicular Descent,Testicular descent,1
Testicular Descent,Urogenital system,1
Testicular descent,Urogenital system,1
Lymphoid organs,Thymus,1
Biliary System,Biliary system,1
Adrenergic Pharmacology,Vascular,1
Adrenergic pharmacology,Vascular,1
Cardiac Output,Hematopathology,1
Cardiac Output,Hemodynamics,1
Extrapyramidal Tracts,Extrapyramidal tracts,1
Extrapyramidal Tracts,Motor pathways,1
Extrapyramidal tracts,Motor pathways,1
Cerebellar Functions,Cerebellar functions,1
Cerebellar Functions,Cerebellum,1
Cerebellar Functions,Posture control,1
Cerebellar functions,Cerebellum,1
Cerebellar functions,Posture control,1
Cerebellum,Posture control,1
Histology,Myelination,1
Histology,Schwann cells,1
Myelination,Schwann cells,1
Neuroanatomy,Sensory perception,1
Auditory System,Auditory system,1
Auditory System,Ear,1
Auditory system,Ear,1
Oral Cavity,Tongue,1
Oral cavity,Tongue,1
Appetite Regulation,Appetite regulation,1
Cerebellar Physiology,Cerebellar physiology,1
Cerebellar Physiology,Neurophysiology,1
Cerebellar physiology,Neurophysiology,1
Muscle Physiology,Neuromuscular Junction,1
Gastrointestinal,Nerve Muscle,1
Reflexes,Spinal cord segments,1
Neuroanatomy,Olfactory System,1
Neuroanatomy,Olfactory system,1
Olfactory System,Olfactory system,1
Psychophysics,Sensory Physiology,1
Psychophysics,Sensory physiology,1
Endocrine,Steroidogenesis,1
Corpus Luteum,Menstrual Cycle,1
Corpus Luteum,Reproductive,1
Meiosis,Oogenesis,1
Meiosis,Polar Body,1
Oogenesis,Polar Body,1
Fertilization,Ovulation,1
Ovulation,Reproductive,1
Antenatal Care,Thyroid Gland,1
Antenatal Care,Thyroid gland,1
Estrogen,FSH/LH regulation,1
Estrogen,Fsh/Lh Regulation,1
FSH/LH regulation,Fsh/Lh Regulation,1
GLP-1,Insulin Secretion,1
GLP-1,Insulin secretion,1
Gastric Secretion,Gastric secretion,1
Gastric Secretion,Gastrointestinal,1
Gastric Secretion,Intestinal phase,1
Gastric secretion,Gastrointestinal,1
Gastric secretion,Intestinal phase,1
Gastrointestinal,Intestinal phase,1
Calcium homeostasis,Calcium reabsorption,1
Calcium homeostasis,Renal,1
Calcium reabsorption,Renal,1
Chromosome location,Genetics & Molecular Biology,1
Chromosome location,Rh antigen,1
Genetics & Molecular Biology,Rh antigen,1
Clinical Pathology,Environment & Occupational Health,1
Clinical Pathology,Systemic Pathology,1
CNS Physiology,Cell Membrane Transport,1
Auditory Physiology,Sensory Physiology,1
Cornea & Refractive,Eye,1
Biochemistry,Glycosaminoglycans,1
Glycosaminoglycans,Neuroanatomy,1
CNS Physiology,Cell Communication,1
Body Fluids,Water Balance,1
Membrane Physiology,Resting Membrane Potential,1
Cell Structure And Function,Cell Structure and Function,1
Hematopathology,Oxygen Transport,1
Hematopathology,Oxygen transport,1
Oxygen Transport,Oxygen transport,1
Oxygen transport,Pulmonology,1
Bone metabolism,Minerals,1
Bone metabolism,Phosphorus Metabolism,1
Bone metabolism,Phosphorus metabolism,1
Minerals,Phosphorus Metabolism,1
Minerals,Phosphorus metabolism,1
Phosphorus Metabolism,Phosphorus metabolism,1
Coagulation Cascade,Coagulation cascade,1
Coagulation Cascade,Hematopathology,1
Coagulation cascade,Hematopathology,1
Coagulation cascade,Hemostasis,1
Carbohydrates,Hematopathology,1
Hemostasis,Platelet function,1
Enzyme Isoforms,Enzyme isoforms,1
Enzyme Isoforms,LDH,1
Enzyme isoforms,LDH,1
Enzyme Classification,Enzyme classification,1
Enzyme Classification,Transferases,1
Enzyme classification,Transferases,1
CNS Physiology,Electron Transport Chain,1
Biochemistry,Bioenergetics,1
Carbohydrate Metabolism,HMP Shunt,1
HMP Shunt,Uronic Acid Pathway,1
Glycosylation,Protein Biochemistry,1
Citric Acid Cycle,Enzymology,1
Carbohydrate Metabolism,Enzyme Inhibition,1
Enzyme,Glycolysis,1
Gluconeogenesis,Glycolysis,1
Biochemistry,Methemoglobinemia,1
Endocrine Pharmacology,Methemoglobinemia,1
Biochemistry,Pentose phosphate pathway,1
Genetics & Molecular Biology,Pentose Phosphate Pathway,1
Genetics & Molecular Biology,Pentose phosphate pathway,1
Pentose Phosphate Pathway,Pentose phosphate pathway,1
Carbohydrate Metabolism,Digestion and Absorption,1
Lipid Metabolism,Metabolic disorders,1
Cholesterol Synthesis,Lipid Metabolism,1
Gangliosidoses,Lysosomal Storage Disorders,1
Enzymology,Mucopolysaccharidosis,1
Amino acid metabolism,Creatine Metabolism,1
Amino acid metabolism,Creatine metabolism,1
Creatine Metabolism,Creatine metabolism,1
Amino acid substitution,Protein Structure,1
Amino acid substitution,Protein structure,1
Peptide bond,Protein Structure,1
Peptide bond,Protein structure,1
Biochemistry,Nitrogen Metabolism,1
Neuroanatomy,Protein Metabolism,1
Niacin metabolism,Vitamins & Nutrition,1
Purine Biosynthesis,Purine biosynthesis,1
Purine Salvage Pathway,Purine salvage pathway,1
Genetics & Molecular Biology,Protein synthesis,1
Biochemistry,Liver Function Tests,1
Biochemistry,Labor & Delivery,1
Biochemistry,Biomolecules,1
Cellular Adaptations,Systemic Pathology,1
Apoptosis,Systemic Pathology,1
Free Radicals,Oxidative Stress,1
Free Radicals And Antioxidants,Oxidative Stress,1
Free Radicals and Antioxidants,Oxidative Stress,1
Antioxidants,Free Radicals,1
Free Radicals And Antioxidants,Vitamins & Nutrition,1
Free Radicals and Antioxidants,Vitamins & Nutrition,1
Cell Injury & Death,Reversible Injury,1
Cell adhesion molecules,Inflammation & Healing,1
Inflammation & Healing,Leukocyte adhesion,1
Enzymology,Metalloproteinases,1
Biochemistry,Cellular Physiology,1
Biochemistry,Mechanotransduction,1
Cellular Physiology,Mechanotransduction,1
General Surgery,Inflammation & Healing,1
Edema,Fluid homeostasis,1
Hyper IgE syndrome,Immunodeficiency,1
Graft-Versus-Host Disease,Graft-versus-host disease,1
Graft-Versus-Host Disease,Immunology,1
Graft-versus-host disease,Immunology,1
Complement,Immunology,1
Dermatology,Immunology,1
Hypersensitivity,Immunology,1
Autoantibodies,Immunopathology,1
Autoantibodies,SLE,1
Immunopathology,SLE,1
Genetic mutations,Genetics & Molecular Biology,1
Genetic mutations,Pendred syndrome,1
Genetics & Molecular Biology,Pendred syndrome,1
Genetics & Molecular Biology,Metabolic Disorders,1
Genetics & Molecular Biology,Metabolic disorders,1
Intermediate Filaments,Intermediate filaments,1
Intermediate Filaments,Mesothelioma,1
Intermediate filaments,Mesothelioma,1
Carcinoma,Dermatology,1
Carcinoma,Systemic Pathology,1
Genetics & Molecular Biology,Pancreatic carcinoma,1
Gynecologic Oncology,Pancreatic carcinoma,1
Gastrointestinal,Molecular Pathology,1
General Medicine,Paraneoplastic Syndromes,1
Carcinoma,Coagulation Disorders,1
Carcinoma,Pediatric Orthopedics,1
Coagulation Disorders,Pediatric Orthopedics,1
Glycolysis,Neoplasia,1
Glycolysis,Warburg effect,1
Neoplasia,Warburg effect,1
Hepatitis B,Vasculitis,1
Vasculitis,Virology,1
Nephrosclerosis,Renal,1
Arteriolosclerosis,Vascular,1
Fractures,Immunopathology,1
Immunohistochemistry,Lymphoma,1
Immunohistochemistry,Systemic Pathology,1
Hemostasis,Systemic Pathology,1
Drug Absorption,Routes of Administration,1
Rectal Route,Routes Of Administration,1
Rectal Route,Routes of Administration,1
Biotransformation,Xenobiotic Metabolism,1
Drug Distribution,Pharmacokinetics,1
Drug Distribution,Protein Binding,1
Pharmacokinetics,Volume Of Distribution,1
Pharmacokinetics,Volume of Distribution,1
Protein Binding,Volume Of Distribution,1
Protein Binding,Volume of Distribution,1
Volume Of Distribution,Volume of Distribution,1
Pharmacodynamics,Pharmacokinetics,1
Pharmacodynamics,Protein Binding,1
Pharmacokinetics,Protein binding,1
Haemodialysis,Nephrotic syndrome,1
Haemodialysis,Pharmacokinetics,1
Nephrotic syndrome,Pharmacokinetics,1
Drug interactions,Pharmacokinetics,1
Biochemistry,Protein Binding,1
Biochemistry,Protein binding,1
Endocrine Pharmacology,Sustained Release,1
Endocrine Pharmacology,Sustained release,1
Sustained Release,Sustained release,1
Antiepileptic Drugs,Obstetric Complications,1
Antiepileptic drugs,Obstetric Complications,1
Adrenergic drugs,Autonomic,1
Adrenergic receptors,Histamine receptors,1
Adrenergic receptors,Pulmonology,1
Histamine receptors,Pulmonology,1
Beta-2 agonists,Leukotriene receptors,1
Beta-2 agonists,Pulmonology,1
Leukotriene receptors,Pulmonology,1
Biochemistry,Cytochrome P450,1
Cytochrome P450,Pharmacokinetics,1
Cytochrome P450,Xenobiotic Metabolism,1
Cytochrome P450,Xenobiotic metabolism,1
Xenobiotic Metabolism,Xenobiotic metabolism,1
Cholinergic Agonists,Cholinergic agonists,1
Cholinergic Agonists,Muscarinic agonists,1
Cholinergic agonists,Muscarinic agonists,1
Autonomic,Cardiac Electrophysiology,1
Autonomic,Cardiac electrophysiology,1
Adrenergic Pharmacology,CNS Physiology,1
Adrenergic Pharmacology,Endocrine Pharmacology,1
Adrenergic pharmacology,CNS Physiology,1
Adrenergic pharmacology,Endocrine Pharmacology,1
Anticholinesterase Agents,Endocrine Pharmacology,1
Anticholinesterase agents,Endocrine Pharmacology,1
Amphetamine,Antenatal Care,1
Amphetamine,Teratogenicity,1
Cholinergic Agents,Cholinergic agents,1
Cholinergic Agents,Endocrine Pharmacology,1
Cholinergic Agents,Neostigmine,1
Cholinergic agents,Endocrine Pharmacology,1
Cholinergic agents,Neostigmine,1
Endocrine Pharmacology,Neostigmine,1
Beta blockers,Calcium Channel Blockers,1
Beta blockers,Calcium channel blockers,1
Beta blockers,Verapamil,1
Calcium Channel Blockers,Verapamil,1
Calcium channel blockers,Verapamil,1
Beta Blockers,Cardiology,1
Beta blockers,Cardiology,1
CB1 antagonist,Rimonabant,1
CB1 antagonist,Smoking Cessation,1
CB1 antagonist,Smoking cessation,1
Rimonabant,Smoking Cessation,1
Rimonabant,Smoking cessation,1
Smoking Cessation,Smoking cessation,1
Appetite Suppressants,Appetite suppressants,1
Appetite Suppressants,Endocrine Pharmacology,1
Appetite suppressants,Endocrine Pharmacology,1
Atypical Antipsychotics,Atypical antipsychotics,1
Atypical Antipsychotics,Child Psychiatry,1
Atypical Antipsychotics,Endocrine Pharmacology,1
Atypical antipsychotics,Child Psychiatry,1
Atypical antipsychotics,Endocrine Pharmacology,1
Antidepressant Drugs,Antidepressants,1
Antidepressant Drugs,Psychopharmacology,1
Antidepressant drugs,Antidepressants,1
Antidepressant drugs,Psychopharmacology,1
Benzodiazepine Receptor,Benzodiazepine receptor,1
Benzodiazepine Receptor,Benzodiazepines,1
Benzodiazepine Receptor,Receptor pharmacology,1
Benzodiazepine receptor,Benzodiazepines,1
Benzodiazepine receptor,Receptor pharmacology,1
Benzodiazepines,Receptor pharmacology,1
Antispasticity Agents,Antispasticity agents,1
Antispasticity Agents,Muscle relaxants,1
Antispasticity Agents,Spasticity management,1
Antispasticity agents,Muscle relaxants,1
Antispasticity agents,Spasticity management,1
Muscle relaxants,Spasticity management,1
ADHD,Psychopharmacology,1
Adverse effects,Antipsychotics,1
Adverse effects,Weight gain,1
Antipsychotics,Weight gain,1
Antimicrobials,Neuropharmacology,1
Antimicrobials,Riluzole,1
Neuropharmacology,Riluzole,1
Immunopharmacology,Multiple sclerosis,1
Immunopharmacology,Natalizumab,1
Multiple sclerosis,Natalizumab,1
Endocrine Pharmacology,Symptomatic Management,1
Multiple Sclerosis,Symptomatic Management,1
Antipsychotics,Receptor binding,1
Endocrine Pharmacology,Receptor binding,1
Antiparkinson drugs,Endocrine Pharmacology,1
Antiparkinson drugs,Parkinson'S Disease,1
Antiparkinson drugs,Parkinson's disease,1
Endocrine Pharmacology,Parkinson'S Disease,1
Endocrine Pharmacology,Parkinson's disease,1
Antenatal Care,Antiepileptic drugs,1
Antenatal Care,Epilepsy,1
Antiepileptic drugs,Epilepsy,1
Lithium,Nephrogenic diabetes insipidus,1
Cocaine,Magnan's phenomenon,1
Cocaine,Substance-Related Disorders,1
Cocaine,Substance-related disorders,1
Magnan's phenomenon,Substance-Related Disorders,1
Magnan's phenomenon,Substance-related disorders,1
Adverse drug reactions,Antiepileptic Drugs,1
Adverse drug reactions,Antiepileptic drugs,1
Antiarrhythmic Drugs,Sodium channel blockers,1
Antiarrhythmic drugs,Sodium channel blockers,1
Anticonvulsants,Migraine prophylaxis,1
Anticonvulsants,Mood stabilizers,1
Migraine prophylaxis,Mood stabilizers,1
Anticonvulsants,Drug properties,1
Alpha Blockers,Alpha blockers,1
Alpha Blockers,Hypertensive crisis,1
Alpha blockers,Hypertensive crisis,1
Antihypertensive Drugs,Hypertension,1
Antihypertensive drugs,Hypertension,1
Endocrine Pharmacology,Inotropes,1
General Medicine,Inotropes,1
Antitubercular Drugs,Neuropsychiatric effects,1
Antitubercular drugs,Neuropsychiatric effects,1
Antitubercular Drugs,Drug interactions,1
Antitubercular drugs,Drug interactions,1
Cyclic peptides,Gramicidin,1
Cyclic peptides,Peptide Structure,1
Cyclic peptides,Peptide structure,1
Gramicidin,Peptide Structure,1
Gramicidin,Peptide structure,1
Peptide Structure,Peptide structure,1
Antimicrobial therapy,MRSA,1
Infectious Diseases,MRSA,1
Antibiotic sources,Colistin,1
Antibiotic sources,Polymyxins,1
Colistin,Polymyxins,1
Antibiotic sources,Antimicrobials,1
Cardiology,QT interval prolongation,1
Cardiology,Qt Interval Prolongation,1
Endocrine Pharmacology,QT interval prolongation,1
Endocrine Pharmacology,Qt Interval Prolongation,1
QT interval prolongation,Qt Interval Prolongation,1
Antihelminthic Drugs,Endocrine Pharmacology,1
Antihelminthic Drugs,Parasitology,1
Antihelminthic drugs,Endocrine Pharmacology,1
Antihelminthic drugs,Parasitology,1
Endocrine Pharmacology,Parasitology,1
Endocrine Pharmacology,Typhoid Treatment,1
Endocrine Pharmacology,Typhoid treatment,1
Infectious Diseases,Typhoid Treatment,1
Infectious Diseases,Typhoid treatment,1
Typhoid Treatment,Typhoid treatment,1
Endocrine Pharmacology,Streptogramins,1
Cephalosporins,Endocrine Pharmacology,1
Cephalosporins,Systemic Pathology,1
Antitubercular Drugs,General Medicine,1
Antitubercular drugs,General Medicine,1
Dermatology,Melanocytic Naevus,1
Melanocytic Naevus,Systemic Pathology,1
Endocrine Pharmacology,Motion Sickness,1
Endocrine Pharmacology,Heparin-Induced Thrombocytopenia,1
Endocrine Pharmacology,Heparin-induced thrombocytopenia,1
General Medicine,Heparin-Induced Thrombocytopenia,1
General Medicine,Heparin-induced thrombocytopenia,1
Endocrine Pharmacology,Genitourinary Drugs,1
Endocrine Pharmacology,Genitourinary drugs,1
Genitourinary Drugs,Genitourinary drugs,1
Endocrine Pharmacology,PDE5 Inhibitors,1
Endocrine Pharmacology,Pde5 Inhibitors,1
General Medicine,PDE5 Inhibitors,1
General Medicine,Pde5 Inhibitors,1
PDE5 Inhibitors,Pde5 Inhibitors,1
Drug Contraindications,Endocrine Pharmacology,1
Drug Contraindications,General Medicine,1
Endocrine Pharmacology,Ototoxicity,1
Environment & Occupational Health,Ototoxicity,1
Antihyperlipidemic Drugs,Biochemistry,1
Antihyperlipidemic drugs,Biochemistry,1
Endocrine Pharmacology,Statins,1
General Medicine,Statins,1
Diuretics,Loop Diuretics,1
Loop Diuretics,Renal,1
Antiseptics And Disinfectants,Antiseptics and disinfectants,1
Antiseptics And Disinfectants,Endocrine Pharmacology,1
Antiseptics And Disinfectants,General Surgery,1
Antiseptics and disinfectants,Endocrine Pharmacology,1
Antiseptics and disinfectants,General Surgery,1
Biochemistry,Lipid-Lowering Agents,1
Biochemistry,Lipid-lowering agents,1
Endocrine Pharmacology,Lipid-Lowering Agents,1
Endocrine Pharmacology,Lipid-lowering agents,1
Lipid-Lowering Agents,Lipid-lowering agents,1
Biochemistry,Hemostasis,1
CNS Physiology,Hemostasis,1
Endocrine Pharmacology,Oral Anticoagulants,1
Endocrine Pharmacology,Oral anticoagulants,1
General Medicine,Oral Anticoagulants,1
General Medicine,Oral anticoagulants,1
Oral Anticoagulants,Oral anticoagulants,1
Adverse Drug Reactions,General Medicine,1
Adverse drug reactions,General Medicine,1
Anticoagulant Drugs,Anticoagulant drugs,1
Anticoagulant Drugs,Endocrine Pharmacology,1
Anticoagulant Drugs,General Medicine,1
Anticoagulant drugs,Endocrine Pharmacology,1
Anticoagulant drugs,General Medicine,1
Endocrine Pharmacology,Thrombolytic Drugs,1
Endocrine Pharmacology,Thrombolytic drugs,1
General Medicine,Thrombolytic Drugs,1
General Medicine,Thrombolytic drugs,1
Thrombolytic Drugs,Thrombolytic drugs,1
Iron Preparations,Parenteral iron therapy,1
Iron preparations,Parenteral iron therapy,1
Labor & Delivery,Neonatal Care,1
Antihistamines,Ethanolamine group,1
Anticoagulants,Coagulation cascade,1
Anticoagulants,Heparin,1
Coagulation cascade,Heparin,1
Bromocriptine,Dopamine Agonists,1
Bromocriptine,Dopamine agonists,1
Dopamine Agonists,Dopamine agonists,1
Endocrinology,GnRH agonists,1
Endocrinology,Gnrh Agonists,1
GnRH agonists,Gnrh Agonists,1
Antithyroid Drugs,CNS Physiology,1
Antithyroid drugs,CNS Physiology,1
Contraceptives,Endocrine Pharmacology,1
Contraceptives,General Medicine,1
Endocrine Pharmacology,Pharmacology Of Diabetes,1
Endocrine Pharmacology,Pharmacology of Diabetes,1
Pharmacology Of Diabetes,Pharmacology of Diabetes,1
Diabetes mellitus,Oral Hypoglycemics,1
Diabetes mellitus,Oral hypoglycemics,1
Cancer therapy,Tyrosine Kinase Inhibitors,1
Cancer therapy,Tyrosine kinase inhibitors,1
Tyrosine Kinase Inhibitors,Tyrosine kinase inhibitors,1
Endocrine Pharmacology,Immunosuppressive Agents,1
Endocrine Pharmacology,Immunosuppressive agents,1
Immunosuppressive Agents,Immunosuppressive agents,1
Antineoplastic Agents,Biochemistry,1
Antineoplastic agents,Biochemistry,1
Biologic Agents,Endocrine Pharmacology,1
Biologic Agents,General Medicine,1
Biologic agents,Endocrine Pharmacology,1
Biologic agents,General Medicine,1
General Medicine,Immunosuppressants,1
Anticancer Drugs,Biochemistry,1
Anticancer drugs,Biochemistry,1
Legal Aspects Of Marriage,Legal aspects of marriage,1
Legal Aspects Of Marriage,Thanatology,1
Legal aspects of marriage,Thanatology,1
Death declaration,Legal Aspects Of Death,1
Death declaration,Legal aspects of death,1
Legal Aspects Of Death,Legal aspects of death,1
Age Determination,Age determination,1
Medical Ethics,Professional Secrecy,1
Dental Eruption,Neuroanatomy,1
Dental eruption,Neuroanatomy,1
Long Bones,Thanatology,1
Gestational Age Estimation,Obstetric Complications,1
Dental Anatomy,Neuroanatomy,1
Criminal Responsibility,Criminal responsibility,1
Criminal Responsibility,Thanatology,1
Criminal responsibility,Thanatology,1
Medicolegal Autopsy,Medicolegal autopsy,1
Medicolegal autopsy,Thanatology,1
Neck Injuries,Neck injuries,1
Neck Injuries,Thanatology,1
Neck injuries,Thanatology,1
Hanging,Neuroanatomy,1
Hanging,Thanatology,1
Bruise,Thanatology,1
Bruise,Trauma,1
Incised Wound,Incised wound,1
Incised Wound,Thanatology,1
Incised Wound,Trauma,1
Incised wound,Thanatology,1
Incised wound,Trauma,1
Head Injury,Neurology,1
Legal Definitions,Sexual Offences,1
Impotence,Sexual Dysfunction,1
Indian Law,Sexual Offences,1
Child Psychiatry,Sexual Offences,1
Sexual Assault,Sexual Offences,1
Locard's Principle,Sexual Offences,1
Locard's Principle,Thanatology,1
Sexual Offences,Smegma Bacilli,1
Smegma Bacilli,Thanatology,1
CNS Physiology,Thanatology,1
Fetal Viability,Fetal viability,1
Fetal Viability,Obstetric Complications,1
Fetal Viability,Thanatology,1
Fetal viability,Obstetric Complications,1
Fetal viability,Thanatology,1
Fetal Age Estimation,Fetal age estimation,1
Fetal Age Estimation,Interventional Radiology,1
Fetal Age Estimation,Obstetric Complications,1
Fetal age estimation,Interventional Radiology,1
Fetal age estimation,Obstetric Complications,1
Neuroanatomy,Postmortem Examination,1
Postmortem Examination,Thanatology,1
Biochemistry,Clinical Chemistry,1
Biochemistry,Clinical chemistry,1
Clinical Chemistry,Clinical chemistry,1
Alcohol Intoxication,Endocrine Pharmacology,1
Alcohol Intoxication,Thanatology,1
Alcohol intoxication,Endocrine Pharmacology,1
Alcohol intoxication,Thanatology,1
Neuroanatomy,Stomach,1
Pupil signs,Toxicology,1
Neurological signs,Toxicology,1
Gastrointestinal,Malabsorption,1
Bacteriology,Staphylococcus,1
Infectious Diseases,Staphylococcus,1
Bacterial Morphology,Microbiology,1
Bacterial morphology,Microbiology,1
Impetigo,Infectious Diseases,1
General Medicine,Infective Endocarditis,1
General Medicine,Infective endocarditis,1
Infective Endocarditis,Infective endocarditis,1
Infective Endocarditis,Microbiology,1
Infective endocarditis,Microbiology,1
Antimicrobial Therapy,Vancomycin,1
Antimicrobial therapy,Vancomycin,1
Infectious Diseases,Vancomycin,1
Biochemical tests,Fermentation,1
Biochemical tests,Shigella,1
Fermentation,Shigella,1
Culture media,Selective media,1
Culture media,Shigella,1
Selective media,Shigella,1
General Medicine,Typhoid Fever,1
General Medicine,Typhoid fever,1
Microbiology,Typhoid fever,1
Typhoid Fever,Typhoid fever,1
General Medicine,Salmonella,1
Microbiology,Salmonella,1
Cholera,Epidemiology,1
Bacteriology,Enterohemorrhagic E. coli,1
Bacteriology,E. coli,1
Bacterial Cell Wall,Bacteriology,1
General Medicine,Nocardia,1
Microbiology,Nocardia,1
Chlamydia,Dermatology,1
Microbiology,Waterhouse-Friderichsen Syndrome,1
Microbiology,Waterhouse-Friderichsen syndrome,1
Systemic Pathology,Waterhouse-Friderichsen Syndrome,1
Systemic Pathology,Waterhouse-Friderichsen syndrome,1
Waterhouse-Friderichsen Syndrome,Waterhouse-Friderichsen syndrome,1
Microbiology,Rickettsial Diseases,1
Microbiology,Rickettsial diseases,1
Rickettsial Diseases,Systemic Pathology,1
Rickettsial diseases,Systemic Pathology,1
Bacteriology,Listeria,1
Bacteriology,Klebsiella,1
CNS Physiology,Neuromuscular Junction,1
Endocrine Pharmacology,Neuromuscular Junction,1
Culture Techniques,Culture techniques,1
Culture Techniques,Microbiology,1
Culture techniques,Microbiology,1
Lymphoma,Microbiology,1
Human Herpesviruses,Microbiology,1
Human Herpesviruses,Neonatology,1
Flavivirus,Hepatitis,1
Flavivirus,Virology,1
DNA viruses,Hepatitis,1
Hepatitis,Transmission,1
Epidemiology,Hepatitis,1
Hepatitis,Maternal Health,1
Carrier state,Hepatitis B,1
Carrier state,Virology,1
Heterophile antibodies,Infectious mononucleosis,1
Heterophile antibodies,Virology,1
Aseptic meningitis,Poliomyelitis,1
Paralytic polio,Poliomyelitis,1
Oncogenic Viruses,Oncogenic viruses,1
Oncogenic Viruses,Oropharyngeal carcinoma,1
Oncogenic viruses,Oropharyngeal carcinoma,1
Prion Diseases,Prion diseases,1
Histology,Parasitology,1
Labor & Delivery,Parasitology,1
Parasitology,Strongyloides,1
Microbiology,Neurology,1
Neurology,Parasitology,1
Parasitology,Protozoan cysts,1
Fungal spores,Mycology,1
Cryptococcus,Mycology,1
Culture Media,Indicator media,1
Culture media,Indicator media,1
Culture Media,Enriched media,1
Culture media,Enriched media,1
Anaerobic Culture,Anaerobic culture,1
Anaerobic Culture,Specimen collection,1
Anaerobic culture,Specimen collection,1
Microbiology,Microscopy,1
Bacteriology,Cell wall deficient organisms,1
Bacteriology,Darting motility,1
Bacteriology,Peritrichous flagellae,1
Heterophile Antibody Test,Heterophile antibody test,1
Heterophile Antibody Test,Immunology,1
Heterophile Antibody Test,Microbiology,1
Heterophile antibody test,Immunology,1
Heterophile antibody test,Microbiology,1
Complement System,Systemic Pathology,1
Complement system,Systemic Pathology,1
Health Manpower,Health manpower,1
Epidemiology,Prevention Levels,1
Levels of Prevention,Primordial Prevention,1
Non-communicable diseases,Prevention,1
Non-communicable diseases,Primordial Prevention,1
Disability,Impairment,1
Epidemiology,Health Policy,1
Epidemiology,Health policy,1
Health Policy,Health policy,1
Leprosy,National Health Programs,1
National Health Programs,Sentinel Surveillance,1
Biases,Study Design,1
Epidemic Patterns,Epidemiology,1
Public Health,Surveillance,1
Early detection,Epidemiology,1
Early detection,Screening,1
Risk-benefit analysis,Screening,1
Epidemiology,Test validity,1
Koplik spot,Virology,1
Anti-Tubercular Drugs,General Medicine,1
Anti-tubercular drugs,Endocrine Pharmacology,1
Anti-tubercular drugs,General Medicine,1
Endocrine Pharmacology,Leprosy,1
Chickenpox,Dermatology,1
Chickenpox,Rash,1
Dermatology,Rash,1
Chickenpox,Transmission,1
Epidemiology,Transmission,1
Poliomyelitis,Virology,1
Cluster testing,Epidemiological Methods,1
Cluster testing,Epidemiological methods,1
Epidemiological Methods,Epidemiological methods,1
NACO,STDs,1
NACO,Syndromic management,1
STDs,Syndromic management,1
Cholera,Immunization,1
Cholera,Vaccination,1
Rubella,Transmission,1
Rubella,Virology,1
Antenatal Care,Rubella,1
Infectious Diseases,Rubella,1
Endocrine Pharmacology,Rabies,1
Microbiology,Rabies,1
Japanese Encephalitis,Virology,1
Epidemiology,Immunopathology,1
Immune Response,Vaccines,1
Epidemiology,Vaccines,1
General Medicine,Varicella Zoster Virus,1
Microbiology,Varicella Zoster Virus,1
Epidemiology,Typhoid Fever,1
Japanese encephalitis,Virology,1
Contraception,Fertility Awareness,1
Billings Method,Contraception,1
Actinomycosis,Contraception,1
Actinomycosis,IUD,1
Antenatal Care,Maternal And Child Health,1
Antenatal Care,Maternal and Child Health,1
Antenatal Care,National Health Programs,1
Epidemiology,Neonatal Mortality,1
Epidemiology,Perinatal Mortality Rate,1
Health Indicators,MCH Programme,1
MCH Programme,Maternal And Child Health,1
MCH Programme,Maternal and Child Health,1
Health Indicators,MCH Services,1
Health Indicators,Mch Services,1
Health Indicators,Socioeconomic Status,1
MCH Services,Mch Services,1
MCH Services,Socioeconomic Status,1
Mch Services,Socioeconomic Status,1
Baby-Friendly Hospital Initiative,Breast & Endocrine Surgery,1
Baby-Friendly Hospital Initiative,Infant Feeding,1
Breast & Endocrine Surgery,Infant Feeding,1
Breast & Endocrine Surgery,Lactation,1
Formula Feeding,Vitamins & Nutrition,1
Adolescent Health,WHO Definitions,1
Neurolathyrism,Vitamins & Nutrition,1
Iodine Deficiency Disorders,Vitamins & Nutrition,1
Iodine Deficiency Disorders,Neonatology,1
Biochemistry,Proteins,1
Ocular signs,Squint & Pediatric Ophthalmology,1
Ocular signs,Vitamin A Deficiency,1
Ocular signs,Vitamin A deficiency,1
Squint & Pediatric Ophthalmology,Vitamin A Deficiency,1
Squint & Pediatric Ophthalmology,Vitamin A deficiency,1
Epidemiology,Goitre,1
Epidemiology,Iodine deficiency disorders,1
Goitre,Iodine Deficiency Disorders,1
Goitre,Iodine deficiency disorders,1
Iodine Deficiency Disorders,Iodine deficiency disorders,1
Biochemistry,Protein Requirement,1
Biochemistry,Protein requirement,1
Protein Requirement,Protein requirement,1
Protein Requirement,Vitamins & Nutrition,1
Protein requirement,Vitamins & Nutrition,1
Infant Health,Vitamins & Nutrition,1
Breast & Endocrine Surgery,Vitamin K,1
Maternal vegetarian,Vitamin B12,1
Maternal vegetarian,Vitamins & Nutrition,1
Breast & Endocrine Surgery,Vitamin C,1
Deficiency diseases,Vitamins & Nutrition,1
Public health programs,Vitamins & Nutrition,1
Iron supplementation,MCH programme,1
Iron supplementation,Mch Programme,1
MCH programme,Mch Programme,1
Epidemiology,Leishmaniasis,1
Epidemiology,Trypanosomiasis,1
Microbiology,Trypanosomiasis,1
Solid Waste Management,Waste Classification,1
E-waste Management,Waste Management,1
Inventory Management,Waste Management,1
Inventory Management,Waste Reduction,1
Waste Management,Waste Reduction,1
Blindness,National Programme For Control Of Blindness,1
Blindness,National Programme for Control of Blindness,1
National Programme For Control Of Blindness,National Programme for Control of Blindness,1
Cancer Control,National Cancer Control Programme,1
National Health Programs,Reproductive,1
Epidemiology,Mental Health,1
Epidemiology,National Family Health Survey,1
National Family Health Survey,Public Health,1
Demography & Family Planning,Literacy Rate,1
Demography & Family Planning,Literacy rate,1
Health Indicators,Literacy Rate,1
Health Indicators,Literacy rate,1
Literacy Rate,Literacy rate,1
Contraceptive Prevalence,Contraceptive prevalence,1
Contraceptive Prevalence,Demography & Family Planning,1
Contraceptive prevalence,Demography & Family Planning,1
Domestic Violence,Domestic violence,1
Domestic Violence,Epidemiology,1
Domestic violence,Epidemiology,1
Health For All,Health for All,1
Health For All,Health policy,1
Health for All,Health policy,1
AIDS control programme,Aids Control Programme,1
AIDS control programme,Global health initiatives,1
Aids Control Programme,Global health initiatives,1
Antiretroviral Therapy,HIV/AIDS,1
Antiretroviral Therapy,Hiv/Aids,1
Antiretroviral Therapy,National Health Programs,1
HIV/AIDS,National Health Programs,1
Hiv/Aids,National Health Programs,1
Diagnostics,Health System,1
Diagnostics,Supply Chain,1
Health System,Supply Chain,1
Health Education,Knowledge Translation,1
Health Promotion,Knowledge Translation,1
Biostatistics,Neonatology,1
Airway Management,Airway emergencies,1
Airway emergencies,Tracheostomy,1
External ear diseases,Otitis Externa,1
External ear diseases,Otitis externa,1
External ear diseases,Otology,1
Otitis Externa,Otology,1
Otitis externa,Otology,1
Cranial nerve disorders,Facial pain,1
Cranial nerve disorders,Trigeminal Neuralgia,1
Cranial nerve disorders,Trigeminal neuralgia,1
Facial pain,Trigeminal Neuralgia,1
Facial pain,Trigeminal neuralgia,1
Trigeminal Neuralgia,Trigeminal neuralgia,1
Environment & Occupational Health,Vagus Nerve,1
Environment & Occupational Health,Vagus nerve,1
Neuroanatomy,Vagus Nerve,1
Neuroanatomy,Vagus nerve,1
Vagus Nerve,Vagus nerve,1
Environment & Occupational Health,Globus Pharyngeus,1
Environment & Occupational Health,Globus pharyngeus,1
Globus Pharyngeus,Globus pharyngeus,1
General Medicine,Strawberry Tongue,1
General Medicine,Strawberry tongue,1
Neonatology,Strawberry Tongue,1
Neonatology,Strawberry tongue,1
Strawberry Tongue,Strawberry tongue,1
Ear pathology,Otology,1
Biochemistry,Ear Anatomy,1
Biochemistry,Ear anatomy,1
Environment & Occupational Health,Growth & Development,1
Environment & Occupational Health,Oropharyngeal Carcinoma,1
Environment & Occupational Health,Oropharyngeal carcinoma,1
General Medicine,Oropharyngeal Carcinoma,1
General Medicine,Oropharyngeal carcinoma,1
Oropharyngeal Carcinoma,Oropharyngeal carcinoma,1
Emergency Medicine,Environment & Occupational Health,1
Emergency Medicine,Oropharyngeal Foreign Body,1
Emergency Medicine,Oropharyngeal foreign body,1
Environment & Occupational Health,Oropharyngeal Foreign Body,1
Environment & Occupational Health,Oropharyngeal foreign body,1
Oropharyngeal Foreign Body,Oropharyngeal foreign body,1
Eustachian Tube,Nasopharynx,1
Eustachian tube,Nasopharynx,1
Nasal Discharge,Nasal discharge,1
Auricular Hematoma,Auricular hematoma,1
Auricular Hematoma,Cauliflower ear,1
Auricular hematoma,Cauliflower ear,1
Ear,Neonatology,1
Neonatology,Otitis Media,1
Ear,Microbiology,1
Ear,Tuberculosis,1
Ear,External Auditory Canal,1
Ear,External auditory canal,1
External Auditory Canal,External auditory canal,1
External Auditory Canal,Neuroanatomy,1
External auditory canal,Neuroanatomy,1
Environment & Occupational Health,Frey'S Syndrome,1
Environment & Occupational Health,Frey's syndrome,1
Frey'S Syndrome,Frey's syndrome,1
Environment & Occupational Health,Facial Nerve Paralysis,1
Environment & Occupational Health,Facial nerve paralysis,1
Facial Nerve Paralysis,Facial nerve paralysis,1
Environment & Occupational Health,Vestibular Testing,1
Environment & Occupational Health,Vestibular testing,1
Vestibular Testing,Vestibular testing,1
Environment & Occupational Health,Eustachian Tube Function,1
Environment & Occupational Health,Eustachian tube function,1
Eustachian Tube Function,Eustachian tube function,1
Neurophysiology,Vestibular Apparatus,1
Neurophysiology,Vestibular apparatus,1
Vestibular Apparatus,Vestibular apparatus,1
External Ear,External ear,1
External Ear,Otology,1
External ear,Otology,1
Embryology,Middle Ear,1
Embryology,Middle ear,1
Cerebral venous sinus thrombosis,Delta sign,1
Cerebral venous sinus thrombosis,Venous Sinus Thrombosis,1
Cerebral venous sinus thrombosis,Venous sinus thrombosis,1
Delta sign,Venous Sinus Thrombosis,1
Delta sign,Venous sinus thrombosis,1
Venous Sinus Thrombosis,Venous sinus thrombosis,1
Facial region,Salivary Glands,1
Facial region,Salivary glands,1
Inverted Papilloma,Nasal Neoplasms,1
Inverted Papilloma,Nasal Anatomy,1
Frontal Sinusitis,Sinusitis,1
General Medicine,Rhinology,1
Environment & Occupational Health,Nasopharyngeal Carcinoma,1
Laryngomalacia,Pediatric airway,1
Adenoid Hypertrophy,Adenoid hypertrophy,1
Adenoid Hypertrophy,Serous otitis media,1
Adenoid hypertrophy,Serous otitis media,1
Infectious Diseases,Rhinitis,1
Lipid Metabolism,Nose & PNS,1
General Surgery,Head & Neck,1
Environment & Occupational Health,Tympanoplasty,1
Environment & Occupational Health,Pharyngeal Carcinoma,1
Environment & Occupational Health,Pharyngeal carcinoma,1
General Medicine,Pharyngeal Carcinoma,1
General Medicine,Pharyngeal carcinoma,1
Pharyngeal Carcinoma,Pharyngeal carcinoma,1
Laryngeal Tuberculosis,Tuberculosis,1
Infectious Diseases,Oral Candidiasis,1
Conjunctiva,Embryology,1
Refraction,Retinoscopy,1
Optical density,Refraction,1
Optical density,Refractive index,1
Refraction,Refractive index,1
Aqueous humor,Refraction,1
Aqueous humor,Vitreous humor,1
Refraction,Vitreous humor,1
Lens & Cataract,Refractive index,1
Intraocular pressure,Tonometry,1
Cornea & Refractive,Endothelium,1
Squint & Pediatric Ophthalmology,Vitreous Diseases,1
Squint & Pediatric Ophthalmology,Vitreous diseases,1
Vitreous Diseases,Vitreous diseases,1
Microbiology,Ocular Parasitic Disease,1
Microbiology,Ocular parasitic disease,1
Ocular Parasitic Disease,Ocular parasitic disease,1
Ocular Parasitic Disease,Squint & Pediatric Ophthalmology,1
Ocular parasitic disease,Squint & Pediatric Ophthalmology,1
Pterygium,Surgical complications,1
Blindness,Trachoma,1
Cornea & Refractive,Dermatology,1
Cornea & Refractive,General Medicine,1
Cornea & Refractive,Keratoconus,1
Iridocyclitis,Uveitis,1
Non-granulomatous uveitis,Uveitis,1
Head And Neck,Optic canal,1
Head and Neck,Optic canal,1
Presbyopia,Refractive errors,1
Eyelid Anatomy,Gland of Moll,1
Eyelid anatomy,Gland of Moll,1
Bullous Keratopathy,Bullous keratopathy,1
Bullous Keratopathy,Cornea & Refractive,1
Bullous keratopathy,Cornea & Refractive,1
Behçet disease,HLA-B27,1
Behçet disease,Uveitis,1
HLA-B27,Uveitis,1
Fundus examination,Retina,1
Fundus examination,Retinitis Pigmentosa,1
Fundus examination,Retinitis pigmentosa,1
Retina,Retinitis Pigmentosa,1
Retina,Retinitis pigmentosa,1
Retinitis Pigmentosa,Retinitis pigmentosa,1
Clinical presentation,Vision loss,1
Clinical presentation,Vitreous Hemorrhage,1
Clinical presentation,Vitreous hemorrhage,1
Vision loss,Vitreous Hemorrhage,1
Vision loss,Vitreous hemorrhage,1
Vitrectomy,Vitreous Hemorrhage,1
Vitrectomy,Vitreous hemorrhage,1
Cherry Red Spot,Cherry red spot,1
Cherry Red Spot,Retina,1
Cherry red spot,Retina,1
Lens & Cataract,Surgical anatomy,1
General Medicine,Lens & Cataract,1
Nervous Tissue,Neuroanatomy,1
Nervous Tissue,Squint & Pediatric Ophthalmology,1
Eye anatomy,Ocular motility,1
Eye anatomy,Strabismus,1
Dissociated vertical deviation,Squint & Pediatric Ophthalmology,1
Dissociated vertical deviation,Strabismus,1
Concomitant squint,Ocular motility,1
Concomitant squint,Strabismus,1
Leber hereditary optic neuropathy,Optic Neuropathy,1
Homonymous hemianopia,Visual Field Defects,1
Neoplasia,Neuro-ophthalmology,1
Neoplasia,Visual field defects,1
Neuro-ophthalmology,Optic tract lesions,1
Cranial nerve synkinesis,Neuro-ophthalmology,1
Cranial nerve synkinesis,Neuroanatomy,1
Color Vision Deficiency,Color vision deficiency,1
Iris Abnormalities,Iris abnormalities,1
Orbital Cysts,Orbital cysts,1
Lymphoma,Orbital Diseases,1
Lymphoma,Orbital diseases,1
Neoplasia,Orbital Diseases,1
Neoplasia,Orbital diseases,1
Intraocular neoplasms,Retina,1
Intraocular neoplasms,Retinoblastoma,1
Bilateral occurrence,Retina,1
Bilateral occurrence,Retinoblastoma,1
Orbit,Retrobulbar space,1
Orbit,Tenon's space,1
Eyelid Disorders,Squint & Pediatric Ophthalmology,1
CNS Physiology,Tear Film,1
CNS Physiology,Tear film,1
Squint & Pediatric Ophthalmology,Tear Film,1
Squint & Pediatric Ophthalmology,Tear film,1
Tear Film,Tear film,1
Lacrimal Apparatus Disorders,Lacrimal apparatus disorders,1
Lacrimal Apparatus Disorders,Neonatology,1
Lacrimal Apparatus Disorders,Squint & Pediatric Ophthalmology,1
Lacrimal apparatus disorders,Neonatology,1
Lacrimal apparatus disorders,Squint & Pediatric Ophthalmology,1
Dacryocystitis,Lacrimal System Disorders,1
Dacryocystitis,Lacrimal system disorders,1
Lacrimal System Disorders,Lacrimal system disorders,1
Lacrimal system disorders,Nasolacrimal Duct Obstruction,1
Lacrimal system disorders,Nasolacrimal duct obstruction,1
Nasolacrimal Duct Obstruction,Nasolacrimal duct obstruction,1
Ocular motility disorders,Ptosis,1
Copper metabolism,Cornea & Refractive,1
Burns & Plastic,Chemical Injuries,1
Burns & Plastic,Chemical injuries,1
Chemical Injuries,Chemical injuries,1
Intraocular Foreign Body,Intraocular foreign body,1
Intraocular foreign body,Trauma,1
Cornea & Refractive,Xerophthalmia,1
Vitamin A deficiency,Xerophthalmia,1
Glaucoma,Intraocular pressure,1
Behçet's disease,Uveitis,1
Behçet's disease,Vasculitis,1
Uveitis,Vasculitis,1
Pars plana vitrectomy,Retina,1
Pars plana vitrectomy,Surgical technique,1
Retina,Surgical technique,1
Full function system vitrectomy,Retina,1
Full function system vitrectomy,VISC,1
Retina,VISC,1
Retina,Surgical techniques,1
Neuro-ophthalmology,Ocular Reflexes,1
Neuro-ophthalmology,Ocular reflexes,1
Ocular Reflexes,Ocular reflexes,1
Neoplasia,Orbital lesions,1
CNS Physiology,Maternal Physiological Changes,1
CNS Physiology,Maternal physiological changes,1
Maternal Physiological Changes,Maternal physiological changes,1
Maternal Physiological Changes,Obstetric Complications,1
Maternal physiological changes,Obstetric Complications,1
Chromosomal Disorders,Neonatology,1
Chromosomal disorders,Neonatology,1
Typhoid Fever Treatment,Typhoid fever treatment,1
Antibiotic therapy,Meningitis,1
Electrolyte disorders,Hyperkalemia,1
Autoantibodies,Celiac disease,1
Autoantibodies,Gastrointestinal,1
Celiac disease,Gastrointestinal,1
Adverse Drug Reactions,Aseptic meningitis,1
Adverse Drug Reactions,NSAIDs,1
Adverse drug reactions,Aseptic meningitis,1
Adverse drug reactions,NSAIDs,1
Aseptic meningitis,NSAIDs,1
Foot drop,Gait Disorders,1
Foot drop,Gait disorders,1
Gait Disorders,Gait disorders,1
Miliary TB,Tuberculosis,1
Angioedema treatment,Hereditary Angioedema,1
Aphasia,Neuropsychiatry,1
Auscultation points,Cardiology,1
Auscultation areas,Cardiology,1
Antihypertensive Drugs,Phaeochromocytoma,1
Antihypertensive drugs,Phaeochromocytoma,1
General Medicine,Pediatric Emergencies,1
Electrolyte Disturbances,Endocrine Pharmacology,1
Electrolyte Disturbances,General Medicine,1
Electrolyte disturbances,Endocrine Pharmacology,1
Electrolyte disturbances,General Medicine,1
Kawasaki disease,Myocardial infarction,1
Kawasaki disease,Vasculitis,1
Myocardial infarction,Vasculitis,1
Histopathology,Spleen pathology,1
Histopathology,Systemic Lupus Erythematosus,1
Histopathology,Systemic lupus erythematosus,1
Spleen pathology,Systemic Lupus Erythematosus,1
Spleen pathology,Systemic lupus erythematosus,1
Systemic Lupus Erythematosus,Systemic lupus erythematosus,1
AIDS,Pulmonary manifestations,1
AIDS,Tuberculosis,1
Pulmonary manifestations,Tuberculosis,1
General Medicine,Pneumonia,1
Extra-pulmonary TB,Tuberculosis,1
Dialysis,Renal,1
Chest Imaging,Lung Fibrosis,1
Asthma,Pulmonary function tests,1
Asthma,COPD,1
Asthma,Obstructive Lung Disease,1
Asthma,Obstructive lung disease,1
COPD,Obstructive Lung Disease,1
COPD,Obstructive lung disease,1
Obstructive Lung Disease,Obstructive lung disease,1
Lung Abscess,Pulmonology,1
Inflammatory Markers,Polymyalgia Rheumatica,1
Constrictive pericarditis,Pericardial Diseases,1
Constrictive pericarditis,Pericardial diseases,1
Malabsorption Syndrome,Malabsorption syndrome,1
Malabsorption Syndrome,Vitamin deficiencies,1
Malabsorption syndrome,Vitamin deficiencies,1
General Medicine,Inflammation & Healing,1
General Medicine,Iron Preparations,1
General Medicine,Iron preparations,1
Coagulation Disorders,General Medicine,1
Coagulation disorders,General Medicine,1
Coagulation disorders,Systemic Pathology,1
AIDS,Immunopathology,1
AIDS,Pneumocystis Pneumonia,1
AIDS,Pneumocystis pneumonia,1
Immunopathology,Pneumocystis Pneumonia,1
Immunopathology,Pneumocystis pneumonia,1
AV fistula,Hemodialysis,1
AV fistula,Vascular,1
Hemodialysis,Vascular,1
Neurological complications,Renal,1
Neurological complications,Uremic Neuropathy,1
Neurological complications,Uremic neuropathy,1
Renal,Uremic Neuropathy,1
Renal,Uremic neuropathy,1
Uremic Neuropathy,Uremic neuropathy,1
General Medicine,Parkinson Disease,1
General Medicine,Parkinson disease,1
Parkinson Disease,Parkinson disease,1
COPD,General Medicine,1
COPD,Microbiology,1
Copd,General Medicine,1
Copd,Microbiology,1
Chest radiology,General Medicine,1
Diabetes Mellitus,Infectious Diseases,1
Electrolyte Imbalance,Hypernatremia,1
Crohn disease,Gastrointestinal,1
Crohn disease,Inflammatory Bowel Disease,1
Crohn disease,Inflammatory bowel disease,1
Hematopathology,Vitamin B12,1
Granulomatous Diseases,Granulomatous diseases,1
Granulomatous Diseases,Pulmonology,1
Granulomatous diseases,Pulmonology,1
Granulomatous diseases,Sarcoidosis,1
AIDS,Infectious Diseases,1
AIDS,Seizures,1
Infectious Diseases,Seizures,1
Rifampicin resistance,Tuberculosis,1
Backwash ileitis,Inflammatory Bowel Disease,1
Backwash ileitis,Ulcerative colitis,1
Inflammatory bowel disease,Ulcerative colitis,1
Chest Radiograph Signs,Chest radiograph signs,1
Chest Radiograph Signs,Sarcoidosis,1
Chest radiograph signs,Sarcoidosis,1
Anti-Tubercular Drugs,Drug adverse effects,1
Anti-tubercular drugs,Drug adverse effects,1
Immunology,Tuberculosis,1
Nail Disorders,Systemic disease,1
Nail disorders,Systemic disease,1
Cardiac Arrhythmia,Hypertension,1
Cardiac Arrhythmia,Obstructive Sleep Apnea,1
Hypertension,Obstructive Sleep Apnea,1
Diagnostic Methods,Obstructive Sleep Apnea,1
Diagnostic Methods,Polysomnography,1
Obstructive Sleep Apnea,Polysomnography,1
Gout,Tophi,1
Joints & Arthritis,Tophi,1
Neurology,Urology,1
Biochemistry,Neurology,1
Endocrine,Gynecomastia,1
Emergency Medicine,Nephrology,1
Cerebellar disorders,Neurology,1
Filariasis,Pulmonology,1
Filariasis,Pulmonary Eosinophilia,1
Filariasis,Pulmonary eosinophilia,1
Pulmonary Eosinophilia,Pulmonary eosinophilia,1
Anemia,Vitamin B12 Deficiency,1
Anemia,Vitamin B12 deficiency,1
Neurology,Vitamin B12 Deficiency,1
Neurology,Vitamin B12 deficiency,1
Vitamin B12 Deficiency,Vitamin B12 deficiency,1
Child Psychiatry,Neurosyphilis,1
Child Psychiatry,Tabes dorsalis,1
Neurosyphilis,Tabes dorsalis,1
Abdomen,Tuberculosis,1
HIV/AIDS,Immunopathology,1
Hiv/Aids,Immunopathology,1
General Medicine,Interstitial Lung Disease,1
Cardiology,Sarcoidosis,1
Genetic syndromes,Obesity,1
Diabetic Ketoacidosis,Diabetic ketoacidosis,1
Diabetic Ketoacidosis,Obstetric Complications,1
Diabetic ketoacidosis,Obstetric Complications,1
Fluid and electrolyte balance,Hyponatremia,1
Hematopathology,Neutropenia,1
Metabolic Acidosis,Systemic Pathology,1
Metabolic acidosis,Systemic Pathology,1
Emergency Medicine,Stroke Management,1
General Medicine,Stroke Management,1
Head & Neck,Thyroid Neoplasms,1
Head & Neck,Thyroid neoplasms,1
Fluid and electrolyte balance,Neuroanatomy,1
Fluid and electrolyte balance,Sodium Disorders,1
Fluid and electrolyte balance,Sodium disorders,1
Neuroanatomy,Sodium Disorders,1
Neuroanatomy,Sodium disorders,1
Sodium Disorders,Sodium disorders,1
Electrolyte balance,Hyponatremia,1
Gout,Pegloticase,1
Gout,Uricase,1
Pegloticase,Uricase,1
Copper metabolism,Hepatolenticular degeneration,1
Copper metabolism,Wilson Disease,1
Copper metabolism,Wilson disease,1
Hepatolenticular degeneration,Wilson Disease,1
Hepatolenticular degeneration,Wilson disease,1
Acute HIV syndrome,HIV/AIDS,1
Acute HIV syndrome,Hiv/Aids,1
Acute HIV syndrome,Infectious Diseases,1
Nephrocalcinosis,Renal,1
Pneumonia,Round pneumonia,1
Pulmonology,Round pneumonia,1
Multiple Myeloma,Proteinuria,1
Hemochromatosis,Iron overload,1
Hemochromatosis,Metabolic disorders,1
Iron overload,Metabolic disorders,1
Acute Kidney Injury,Biomarkers,1
Biomarkers,Nephrology,1
Cerebral infarction,Neuroanatomy,1
Cerebral thrombosis,Hemiplegia,1
Cerebral thrombosis,Stroke,1
Hemiplegia,Stroke,1
Infectious Diseases,Pneumocystis jiroveci,1
Mycology,Pneumocystis jiroveci,1
HIV,Pneumocystis Pneumonia,1
HIV,Pneumocystis pneumonia,1
HIV,Prophylaxis,1
Pneumocystis Pneumonia,Prophylaxis,1
Pneumocystis pneumonia,Prophylaxis,1
Ankylosing spondylitis,Craniovertebral Junction,1
Ankylosing spondylitis,Craniovertebral junction,1
Ankylosing spondylitis,Rheumatoid arthritis,1
Craniovertebral Junction,Rheumatoid arthritis,1
Craniovertebral junction,Rheumatoid arthritis,1
Metabolic Disorders,Mucopolysaccharidosis,1
Metabolic disorders,Mucopolysaccharidosis,1
Cardiac Imaging,Cardiac imaging,1
Cardiac imaging,Cardiology,1
Cardiac imaging,Interventional Radiology,1
Cardiomyopathy,Echocardiography,1
Biochemistry,Microcytic anemia,1
Biochemistry,Thalassemia,1
Anemia,Folic acid,1
Folic acid,Megaloblastic anemia,1
Malabsorption,Schilling test,1
Malabsorption,Vitamin B12 malabsorption,1
Schilling test,Vitamin B12 malabsorption,1
Anemia,Iron deficiency anemia,1
Anemia,Mentzer index,1
Iron deficiency anemia,Mentzer index,1
Direct Coombs Test,Direct Coombs test,1
Direct Coombs Test,Hematopathology,1
Direct Coombs test,Hematopathology,1
Hemolytic disorders,Vascular,1
Hemolytic Anemia,Parvovirus B19,1
Hereditary Spherocytosis,Splenectomy,1
Heavy Chain Disease,Plasma Cell Disorders,1
Leukoerythroblastic Picture,Metastatic Carcinoma,1
Leukoerythroblastic Picture,Myelofibrosis,1
Metastatic Carcinoma,Myelofibrosis,1
Hemoglobinopathies,Microbiology,1
Takayasu Arteritis,Vasculitis,1
Acute kidney injury,Biomarkers,1
Acute kidney injury,Kidney Function Tests,1
Acute kidney injury,Kidney function tests,1
Biomarkers,Kidney Function Tests,1
Biomarkers,Kidney function tests,1
Kidney Function Tests,Kidney function tests,1
ESRD,Renal,1
Pleural Effusion,Pleural effusion,1
Pleural Effusion,Rheumatoid arthritis,1
Pleural effusion,Rheumatoid arthritis,1
Bowel injury,Laparoscopic Complications,1
Bowel injury,Laparoscopic complications,1
Bowel injury,Laparoscopic surgery,1
Laparoscopic Complications,Laparoscopic complications,1
Laparoscopic Complications,Laparoscopic surgery,1
Laparoscopic complications,Laparoscopic surgery,1
Colonic Injury,Colonic injury,1
Colonic Injury,Left colon,1
Colonic injury,Left colon,1
Abdomen,Wound Dehiscence,1
Environment & Occupational Health,Salivary Gland Diseases,1
Salivary Gland Diseases,Systemic Pathology,1
General Surgery,Mastectomy,1
Mastectomy,Neuroanatomy,1
Fibromatosis,Fractures,1
Fibromatosis,Systemic Pathology,1
Gastrointestinal Surgery,Volvulus,1
Renal,Urologic Pathology,1
Dysphagia,Esophageal disorders,1
Anal Canal Carcinoma,Anal canal carcinoma,1
Anal Canal Carcinoma,Surgical margins,1
Anal canal carcinoma,Surgical margins,1
Foot And Ankle,Joints & Arthritis,1
Foot and Ankle,Joints & Arthritis,1
General Surgery,Laparoscopic Surgery,1
Nerve Muscle,Skeletal muscle,1
Lymphatic System,Smooth muscle,1
Surgical Wounds,Wound Management,1
Reconstructive Surgery,Wound Management,1
Trauma,Wound Management,1
Soft Tissue Injury,Soft tissue injury,1
Gallstone Ileus,Gallstone ileus,1
Gallstone Ileus,Gastrointestinal Surgery,1
Gallstone ileus,Gastrointestinal Surgery,1
Abdominal Radiograph,General Surgery,1
Abdominal Radiograph,Interventional Radiology,1
General Surgery,Inguinal Region,1
Inguinal Region,Neuroanatomy,1
Liver Abscess,Liver abscess,1
Liver Abscess,Microbiology,1
Liver abscess,Microbiology,1
Hydatid Cyst,Hydatid cyst,1
Hydatid Cyst,Microbiology,1
Hydatid cyst,Microbiology,1
Head & Neck,Thyroid gland,1
Thyroid gland,Vascular,1
Aspiration,Lung segments,1
Aspiration,Thorax,1
Lung segments,Thorax,1
Dumping syndrome,Gastric Surgery,1
Dumping syndrome,Gastric surgery,1
Dumping syndrome,Postgastrectomy complications,1
Gastric Surgery,Gastric surgery,1
Gastric Surgery,Postgastrectomy complications,1
Gastric surgery,Postgastrectomy complications,1
Gastric Cancer,Gastric cancer,1
Gastric Cancer,Gastric carcinoma,1
Gastric Cancer,Neoplasia,1
Gastric cancer,Gastric carcinoma,1
Gastric cancer,Neoplasia,1
Gastric carcinoma,Neoplasia,1
Dysphagia,Oesophageal Disorders,1
Dysphagia,Oesophageal disorders,1
Dysphagia,Vascular,1
Oesophageal Disorders,Oesophageal disorders,1
Oesophageal Disorders,Vascular,1
Oesophageal disorders,Vascular,1
Anal fistula,Fistula In Ano,1
Anal fistula,Fistula in ano,1
Anal fistula,Investigation,1
Fistula In Ano,Investigation,1
Fistula in ano,Investigation,1
Anal Fissure,Diagnosis,1
Anal fissure,Diagnosis,1
Bleeding,Colon,1
Bleeding,Gastroenterology,1
Colon,Gastroenterology,1
Abdomen,Surgical management,1
Appendicitis,Surgical management,1
Airway Management,Splenic Injury,1
Airway Management,Splenic injury,1
Splenic Injury,Splenic injury,1
Splenic injury,Trauma,1
Dermatology,Venous Ulcer,1
Dermatology,Venous ulcer,1
General Medicine,Venous Ulcer,1
General Medicine,Venous ulcer,1
Venous Ulcer,Venous ulcer,1
Cleft Palate,Cleft palate,1
Cleft Palate,General Surgery,1
Cleft Palate,Neonatology,1
Cleft palate,General Surgery,1
Cleft palate,Neonatology,1
Achalasia,Esophageal surgery,1
Radiofrequency Ablation,Radiofrequency ablation,1
Radiofrequency Ablation,Surgical technology,1
Radiofrequency ablation,Surgical technology,1
Melanoma,Skin cancer,1
Melanoma,Surgical Oncology,1
Hematopathology,Thrombophilia,1
Hypercoagulable states,Venous Thromboembolism,1
Gastroenterology,Motility Disorders,1
Gastroenterology,Motility disorders,1
General Medicine,Motility Disorders,1
General Medicine,Motility disorders,1
Motility Disorders,Motility disorders,1
Epidemiology,Urology,1
Systemic Pathology,Urology,1
Ormond Disease,Retroperitoneal Fibrosis,1
Ormond Disease,Ureter,1
Retroperitoneal Fibrosis,Ureter,1
Gallbladder Diseases,Gallbladder diseases,1
Gallbladder Diseases,General Surgery,1
Gallbladder Diseases,Systemic Pathology,1
Gallbladder diseases,General Surgery,1
Gallbladder diseases,Systemic Pathology,1
Large Bowel Obstruction,Large bowel obstruction,1
Large Bowel Obstruction,Pseudo-obstruction,1
Large bowel obstruction,Pseudo-obstruction,1
Cervical Esophagus,Esophageal Perforation,1
Cervical Esophagus,Iatrogenic Perforation,1
Esophageal Perforation,Iatrogenic Perforation,1
Gastroenterology,Upper GI,1
Abdomen,Intestinal Obstruction,1
Abdomen,Intestinal obstruction,1
Biliary Pathology,Systemic Pathology,1
General Medicine,Mesenteric Ischemia,1
Chest Tube Management,Thorax,1
Chest Tube Management,Trauma,1
Abdomen,Pediatric Abdominal Pain,1
Appendicitis,Pediatric Abdominal Pain,1
Head and Neck Cancer,Oral Cavity Cancer,1
Head and Neck Cancer,Tongue Carcinoma,1
Oral Cavity Cancer,Tongue Carcinoma,1
Abdomen,Liver Abscess,1
Health Care Delivery,Liver Abscess,1
Abdomen,Angiodysplasia,1
Abdomen,Colon,1
Angiodysplasia,Colon,1
Burns & Plastic,Gastrointestinal,1
Burns & Plastic,Stress Ulcer,1
Gastrointestinal,Stress Ulcer,1
Bariatric Surgery,Obesity Management,1
Fractures,Head Injury,1
SUBJ:Orthopedics,SUBJ:Forensic Medicine,1
Anorectal Disease,Anorectal Disorders,1
Anorectal Disease,Pain Pathways,1
Anorectal Disorders,Pain Pathways,1
Epidemiology,Peptic Ulcer Disease,1
Infectious Diseases,Peptic Ulcer Disease,1
Duodenum,Gastroduodenal artery,1
Duodenum,Peptic Ulcer Disease,1
Gastroduodenal artery,Peptic Ulcer Disease,1
Dermatology,Pilonidal Sinus,1
Dermatology,Surgical Positioning,1
Pilonidal Sinus,Surgical Positioning,1
Biliary Tract,Gastroenterology,1
Cardiology,Dyspnea on Exertion,1
Cardiology,Paroxysmal Tachycardia,1
Dyspnea on Exertion,Paroxysmal Tachycardia,1
Congenital Heart Disease,Pulmonary Hypertension,1
Cardiology,Tricuspid Valve,1
Cardiac Imaging,Congenital Heart Disease,1
Cardiac Imaging,X-ray,1
Congenital Heart Disease,X-ray,1
Jones criteria,Rheumatic fever,1
Cardiac Defect,Cardiac defect,1
Cardiac Defect,Neonatology,1
Cardiac Defect,Turner syndrome,1
Cardiac defect,Neonatology,1
Cardiac defect,Turner syndrome,1
Neonatology,Turner syndrome,1
Potter syndrome,Renal,1
Growth & Development,Motor milestones,1
Child Psychiatry,Intellectual disability,1
Intellectual Disability,Neonatology,1
Intellectual disability,Neonatology,1
Neonatology,Puberty,1
Adolescent health,Puberty,1
Marasmus,Vitamins & Nutrition,1
Micronutrient Deficiency,Vitamins & Nutrition,1
Micronutrient deficiency,Vitamins & Nutrition,1
Micronutrient Deficiency,Trace elements,1
Micronutrient deficiency,Trace elements,1
Croup,Environment & Occupational Health,1
Croup,Neonatology,1
Endocrine Pharmacology,Immunization,1
Exanthematous Fevers,Neonatology,1
Dermatology,Measles,1
Biochemistry,Breast & Endocrine Surgery,1
Neonatology,Pediatric oncology,1
Leukemia,Pediatric Oncology,1
Chromosomal Disorders,Prader-Willi Syndrome,1
Genetics & Molecular Biology,Prader-Willi Syndrome,1
CNS Abnormalities,Endocrine,1
CNS Abnormalities,Precocious Puberty,1
Endocrine,Precocious Puberty,1
Endocrinology,Ovarian Disorders,1
Ovarian Disorders,Precocious Puberty,1
Precocious Puberty,Renal,1
Hemolytic Anemia,Systemic Pathology,1
Hemolytic anemia,Systemic Pathology,1
Neonatal Jaundice,Obstetric Complications,1
Neonatal jaundice,Neonatology,1
Neonatal jaundice,Obstetric Complications,1
Neonatal Care,Neuroanatomy,1
Neonatal care,Neuroanatomy,1
Animal Bites,Animal bites,1
Animal Bites,Rabies,1
Animal bites,Rabies,1
Epidemiology,Rehabilitation,1
Child Psychiatry,Psychiatric Management,1
Child Psychiatry,Psychiatric management,1
Psychiatric Management,Psychiatric management,1
General Medicine,Hydrocephalus,1
Epidemiology,Febrile Seizures,1
Febrile Seizures,Recurrence Risk,1
Absence Seizure,Antiepileptic Drugs,1
Hypoglycemia,Paediatric Emergencies,1
Dehydration,Diarrheal Disease,1
Epidemiology,Vitamin A Deficiency,1
Epidemiology,Vitamin A deficiency,1
Dermatology,Ectodermal Dysplasia,1
Dermatology,Ectodermal dysplasia,1
Ectodermal Dysplasia,Ectodermal dysplasia,1
Dermatology,HAIR-AN syndrome,1
Dermatology,Hair-An Syndrome,1
HAIR-AN syndrome,Hair-An Syndrome,1
CNS Physiology,Metabolic Acidosis,1
CNS Physiology,Metabolic acidosis,1
Endocrine Pharmacology,IV fluids,1
IV fluids,Iv Fluids,1
Biochemistry,Growth & Development,1
Diarrheal Disorders,Neonatology,1
Muscular Dystrophies,Reflexes,1
Fetal Hydronephrosis,Prenatal Management,1
Fetal Hydronephrosis,Renal,1
Prenatal Management,Renal,1
Histology,X-ray,1
Congenital Anomalies,Squint & Pediatric Ophthalmology,1
Congenital anomalies,Squint & Pediatric Ophthalmology,1
General Medicine,Glomerulonephritis,1
Glomerulonephritis,Neonatology,1
Dermatology,Erythema,1
Erythema,Neonatology,1
Kangaroo Mother Care,Neonatology,1
Inborn Errors Of Metabolism,Neonatology,1
Inborn errors of metabolism,Neonatology,1
Encephalitis,Neuroimaging,1
Infectious Diseases,Neuroimaging,1
Prosthetics,Rehabilitation,1
Fractures,Salter-Harris classification,1
Foot deformities,Hallux Valgus,1
Foot deformities,Hallux valgus,1
Hallux Valgus,Hallux valgus,1
Callus formation,Fractures,1
Callus formation,Inflammation & Healing,1
Amputation,General Surgery,1
Fractures,Functional cast bracing,1
Fractures,Skeletal Traction,1
Fractures,Limb Salvage,1
Fractures,Hand injuries,1
Fractures,Nerve injuries,1
Fractures,Non-union,1
Joints & Arthritis,Obstetric Complications,1
Dislocations,Neonatology,1
Fractures,Hernia & Abdominal Wall,1
Scoliosis,Spine,1
Lumbar Disc Prolapse,Lumbar disc prolapse,1
Lumbar Disc Prolapse,Spine,1
Lumbar disc prolapse,Spine,1
Lumbar Canal Stenosis,Spine,1
Lumbar canal stenosis,Spine,1
Knee Injuries,Ligament injuries,1
Shoulder Instability,Shoulder instability,1
Shoulder Instability,Surgical procedures,1
Shoulder instability,Surgical procedures,1
Brachial Plexus Injuries,Brachial plexus injuries,1
Brachial Plexus Injuries,Peripheral nerve injuries,1
Brachial plexus injuries,Peripheral nerve injuries,1
Foot drop,Peripheral Nerve Injuries,1
Foot drop,Peripheral nerve injuries,1
Nerve injury classification,Peripheral Nerve Injuries,1
Nerve injury classification,Peripheral nerve injuries,1
Psoriasis,Psoriatic arthritis,1
Nail dystrophy,Psoriasis,1
Immunopathology,Psoriatic arthritis,1
Immunopathology,Rheumatoid factor,1
Psoriatic arthritis,Rheumatoid factor,1
New bone formation,Psoriatic Arthritis,1
New bone formation,Psoriatic arthritis,1
New bone formation,Radiographic findings,1
Psoriatic Arthritis,Radiographic findings,1
Psoriatic arthritis,Radiographic findings,1
Crystal Arthropathy,General Medicine,1
Endocrinology,Fractures,1
Fractures,Tuberculous Synovitis,1
General Medicine,Tuberculous Synovitis,1
Congenital Talipes Equinovarus,Foot deformities,1
Congenital talipes equinovarus,Foot deformities,1
Elbow disorders,Lateral Epicondylitis,1
Elbow disorders,Lateral epicondylitis,1
Lateral Epicondylitis,Lateral epicondylitis,1
Hand And Wrist,Infectious Diseases,1
Hand and Wrist,Infectious Diseases,1
General Medicine,Hand And Wrist,1
General Medicine,Hand and Wrist,1
General Surgery,Palmar Spaces,1
General Surgery,Palmar spaces,1
Neuroanatomy,Palmar Spaces,1
Neuroanatomy,Palmar spaces,1
Palmar Spaces,Palmar spaces,1
Fractures,Rotator Cuff Pathology,1
Fractures,Rotator cuff pathology,1
General Medicine,Rotator Cuff Pathology,1
General Medicine,Rotator cuff pathology,1
Rotator Cuff Pathology,Rotator cuff pathology,1
Fractures,Skeletal Dysplasias,1
Fractures,Skeletal dysplasias,1
Skeletal Dysplasias,Skeletal dysplasias,1
Skeletal Dysplasias,Systemic Pathology,1
Skeletal dysplasias,Systemic Pathology,1
Embolism,Fractures,1
Embolism,Systemic Pathology,1
Bone Densitometry,Bone Mineral Density,1
Bone Densitometry,Osteoporosis,1
Bone Mineral Density,Osteoporosis,1
Hip Radiography,Sectoral Sign,1
Hip Radiography,Vascular,1
Sectoral Sign,Vascular,1
Kienböck Disease,Wrist Disorders,1
Kienböck Disease,Wrist Osteochondritis,1
Wrist Disorders,Wrist Osteochondritis,1
Implantation,Obstetric Complications,1
Antenatal Care,Leukocyte physiology,1
Hematopathology,Leukocyte physiology,1
Estrogen,Growth & Development,1
Infertility,Tubal patency,1
Antenatal Care,Vaginal changes,1
Antenatal Care,Fetal heart sounds,1
Down syndrome,First trimester,1
Down syndrome,Prenatal Screening,1
Down syndrome,Prenatal screening,1
First trimester,Prenatal Screening,1
First trimester,Prenatal screening,1
Chorionic villus sampling,First trimester,1
Chorionic villus sampling,Prenatal Diagnosis,1
Chorionic villus sampling,Prenatal diagnosis,1
First trimester,Prenatal Diagnosis,1
First trimester,Prenatal diagnosis,1
Folic acid supplementation,Preconception Care,1
Folic acid supplementation,Preconception care,1
Folic acid supplementation,Vitamins & Nutrition,1
Preconception Care,Preconception care,1
Preconception Care,Vitamins & Nutrition,1
Preconception care,Vitamins & Nutrition,1
Obstetric Complications,Prenatal diagnosis,1
Fetal Presentation,Obstetric Complications,1
General Medicine,Labor & Delivery,1
Antenatal Care,Ureter,1
Bartholin Cyst,Bartholin cyst,1
Gynecologic Oncology,Vaginal Pathology,1
Gynecologic Oncology,Vaginal pathology,1
Neuroanatomy,Vaginal Pathology,1
Neuroanatomy,Vaginal pathology,1
Vaginal Pathology,Vaginal pathology,1
Obstetric Complications,Vasa previa,1
Vasa Previa,Vasa previa,1
Abnormal Uterine Bleeding,Neonatology,1
Abnormal uterine bleeding,Neonatology,1
Endometrial Hyperplasia,Gynecological Pathology,1
Antenatal Care,Maternal Mortality,1
Gynecological Pain,Menstrual Cycle Disorders,1
Endocrine Pharmacology,Magnesium Sulfate Toxicity,1
Endocrine Pharmacology,Magnesium sulfate toxicity,1
Magnesium Sulfate Toxicity,Magnesium sulfate toxicity,1
Magnesium Sulfate Toxicity,Obstetric Complications,1
Magnesium sulfate toxicity,Obstetric Complications,1
Cervical Insufficiency,Cervical insufficiency,1
Cervical Insufficiency,Obstetric Complications,1
Cervical insufficiency,Obstetric Complications,1
Pelvic Pain,Pelvic pain,1
Obstetric Complications,Puerperal Pyrexia,1
Laparoscopy,Pelvic Inflammatory Disease,1
Prenatal Therapy,Renal,1
Cryptomenorrhoea,Gynecologic Oncology,1
Amenorrhea,Hyperprolactinemia,1
Airway Management,Intrauterine Fetal Death,1
Airway Management,Intrauterine fetal death,1
Intrauterine Fetal Death,Intrauterine fetal death,1
Anencephaly,Neural Tube Defects,1
Anencephaly,Neural tube defects,1
Anencephaly,Recurrence risk,1
Neural Tube Defects,Recurrence risk,1
Neural tube defects,Recurrence risk,1
Manchester operation,Surgical nomenclature,1
Manchester operation,Uterine Prolapse,1
Manchester operation,Uterine prolapse,1
Surgical nomenclature,Uterine Prolapse,1
Surgical nomenclature,Uterine prolapse,1
Airway Management,Preeclampsia,1
Airway Management,Severe preeclampsia,1
Preeclampsia,Severe preeclampsia,1
HRT,Menopause,1
Labor & Delivery,Maternal factors,1
Placenta,Vasa Previa,1
Epidemiology,Obstetric Care,1
Epidemiology,Obstetric care,1
Obstetric Care,Obstetric Complications,1
Obstetric Care,Obstetric care,1
Obstetric Complications,Obstetric care,1
Episiotomy,Neuroanatomy,1
Gynecologic Oncology,Rhabdomyosarcoma,1
Gynecologic Oncology,Hysterosalpingography,1
Growth & Development,Ultrasound,1
Cervical Dysplasia,Colposcopy,1
Antenatal Care,Placenta Previa,1
Antenatal Care,Reproduction,1
Hematopathology,Reproduction,1
Fetal Distress,Fetal monitoring,1
Fetal Distress,Fetal movement,1
Fetal monitoring,Fetal movement,1
Fetal Anemia,Fetal anemia,1
Fetal Anemia,Immunization,1
Fetal anemia,Immunization,1
Abruptio Placentae,Abruptio placentae,1
Abruptio Placentae,Obstetric Complications,1
Abruptio placentae,Obstetric Complications,1
Adenomyosis,Systemic Pathology,1
Obstetric Complications,Transverse Lie,1
Gynecological Oncology,Ovarian Neoplasms,1
Gynecological Oncology,Systemic Pathology,1
Ovarian Neoplasms,Systemic Pathology,1
Emergency Medicine,Ovarian Cysts,1
General Surgery,Gynecological Oncology,1
General Surgery,Ovarian Cancer,1
Gynecological Oncology,Ovarian Cancer,1
Gynecologic Oncology,Gynecological Oncology,1
Gynecological Oncology,Neoplasia,1
Breast & Endocrine Surgery,Sentinel lymph node biopsy,1
Sentinel lymph node biopsy,Surgical Oncology,1
Meigs syndrome,Neoplasia,1
Endometrial Carcinoma,FIGO staging,1
Endometrial carcinoma,FIGO staging,1
Infertility,Pcos,1
PCOS,Pcos,1
Endocrine Pharmacology,Infertility,1
Obstetric Complications,Oral Contraceptives,1
Obstetric Complications,Oral contraceptives,1
Oral Contraceptives,Oral contraceptives,1
Contraception,Infectious Diseases,1
Dermatology,Pityriasis Rosea,1
Dermatology,Pityriasis rosea,1
Dermatology,Vitiligo,1
Endocrinology,Vitiligo,1
Dermatology,Neonatal Dermatology,1
Dermatology,Neonatal dermatology,1
Neonatal Dermatology,Neonatal dermatology,1
Dermatology,Molluscum Contagiosum,1
Dermatology,Molluscum contagiosum,1
Molluscum Contagiosum,Molluscum contagiosum,1
Cutaneous tuberculosis,Lupus vulgaris,1
Bullous Disorders,Pemphigus,1
Bullous Disorders,Immunobullous Diseases,1
Bullous Disorders,Immunobullous diseases,1
Immunobullous Diseases,Immunobullous diseases,1
Infectious Diseases,Scabies,1
Tuberous Sclerosis,Tuberous sclerosis,1
Alopecia Areata,Alopecia areata,1
Alopecia Areata,Dermatology,1
Alopecia Areata,General Medicine,1
Alopecia areata,Dermatology,1
Alopecia areata,General Medicine,1
Dermatology,Topical antifungal agents,1
Endocrine Pharmacology,Topical antifungal agents,1
Dermatology,Tinea Versicolor,1
Dermatology,Tinea versicolor,1
Microbiology,Tinea Versicolor,1
Microbiology,Tinea versicolor,1
Tinea Versicolor,Tinea versicolor,1
Alopecia,General Medicine,1
Apocrine Gland Disorders,Apocrine gland disorders,1
CNS Physiology,Miliaria,1
Erythema Multiforme,Microbiology,1
Erythema multiforme,Microbiology,1
Alopecia,Dermatology,1
Dermatology,Lymphogranuloma Venereum,1
Dermatology,Lymphogranuloma venereum,1
Lymphogranuloma Venereum,Lymphogranuloma venereum,1
Lymphogranuloma Venereum,Microbiology,1
Lymphogranuloma venereum,Microbiology,1
Dermatology,Epidermolysis Bullosa,1
Epidermolysis Bullosa,Genetics & Molecular Biology,1
Dermatophytosis,Infectious Diseases,1
Dermatophytosis,Skin and Nail,1
Infectious Diseases,Skin and Nail,1
Microbiology,Nail Disorders,1
Microbiology,Nail disorders,1
Labor & Delivery,Obstetric Analgesia,1
SUBJ:OBG,SUBJ:Anaesthesia,1
Anaesthetic Choice,Fractures,1
SUBJ:Orthopedics,SUBJ:Anaesthesia,1
Inhalational Anaesthetics,Myocardial Sensitization,1
Postdural puncture headache,Spinal Anaesthesia,1
Local Anaesthetics,Methemoglobinemia,1
Local Anaesthetics,Squint & Pediatric Ophthalmology,1
Endocrine Pharmacology,Local Anaesthetic Adjuvants,1
Local Anaesthetic Adjuvants,Regional Anaesthesia,1
Neuroanatomy,Peripheral Nerve Blocks,1
Peripheral Nerve Blocks,Regional Anaesthesia,1
Local Anesthetics,Local anesthetics,1
Healthcare-Associated Pneumonia,Healthcare-associated pneumonia,1
Endocrine Pharmacology,Neuroanaesthesia,1
Endocrine Pharmacology,Inhalational anaesthetics,1
Anaesthesia depth,EEG monitoring,1
Anaesthesia depth,EEG patterns in anesthesia,1
Anaesthesia depth,Eeg Patterns In Anesthesia,1
EEG monitoring,EEG patterns in anesthesia,1
EEG monitoring,Eeg Patterns In Anesthesia,1
EEG patterns in anesthesia,Eeg Patterns In Anesthesia,1
Barbiturates,Endocrine Pharmacology,1
Endocrine Pharmacology,Thiopentone,1
Regional Anaesthesia,Thiopentone,1
Propofol Infusion Syndrome,Propofol infusion syndrome,1
Propofol Infusion Syndrome,Regional Anaesthesia,1
Propofol infusion syndrome,Regional Anaesthesia,1
Obstetric Complications,Tocolytics,1
Regional Anaesthesia,Tocolytics,1
Ambulatory Anesthesia,Ambulatory anesthesia,1
Ambulatory Anesthesia,Endocrine Pharmacology,1
Ambulatory Anesthesia,Regional Anaesthesia,1
Ambulatory anesthesia,Endocrine Pharmacology,1
Ambulatory anesthesia,Regional Anaesthesia,1
Nephrology,Neuromuscular Blocking Agents,1
Endocrine Pharmacology,Malignant Hyperthermia,1
Airway Management,Mask Ventilation,1
Airway Management,Emergency Airway,1
Airway Management,Bronchoscopy,1
Bronchoscopy,Laryngeal Mask Airway,1
Airway Management,Ophthalmic Surgery,1
Laryngeal Mask Airway,Ophthalmic Surgery,1
Airway Management,Head and Neck Surgery,1
Airway Management,Thorax,1
Abdomen,Aspiration Prophylaxis,1
Abdomen,Aspiration prophylaxis,1
Aspiration Prophylaxis,Aspiration prophylaxis,1
Airway Management,Contraindications,1
Contraindications,Laryngeal mask airway,1
Mechanical ventilators,PEEP,1
Mechanical ventilators,Ventilation,1
PEEP,Ventilation,1
Oxygen Therapy,Oxygen cylinder,1
Oxygen Therapy,Oxygen therapy,1
Oxygen Therapy,Pressure,1
Oxygen cylinder,Oxygen therapy,1
Oxygen cylinder,Pressure,1
Oxygen therapy,Pressure,1
Paediatric Anaesthesia,Regional Anaesthesia,1
Paediatric Anaesthesia,Ventilation Circuits,1
Paediatric Anaesthesia,Ventilation circuits,1
Regional Anaesthesia,Ventilation Circuits,1
Regional Anaesthesia,Ventilation circuits,1
Ventilation Circuits,Ventilation circuits,1
Postoperative Care,Regional Anaesthesia,1
Postoperative care,Regional Anaesthesia,1
Imaging,Infections of Bone & Joint,1
Imaging,Ultrasound,1
Infections of Bone & Joint,Ultrasound,1
Imaging Physics,Interventional Radiology,1
Imaging Physics,Radiographic Imaging,1
Interventional Radiology,Radiographic Imaging,1
CT,Interventional Radiology,1
Interventional Radiology,Radiotherapy,1
Interventional Radiology,Radiographic Signs,1
Interventional Radiology,Radiographic signs,1
Radiographic Signs,Radiographic signs,1
Abdominal Radiography,Abdominal imaging,1
Abdominal Radiography,Abdominal radiography,1
Abdominal Radiography,Interventional Radiology,1
Abdominal imaging,Abdominal radiography,1
Abdominal radiography,Interventional Radiology,1
Bone Radiology,Bone disease,1
Bone Radiology,Bone radiology,1
Bone Radiology,Interventional Radiology,1
Bone disease,Bone radiology,1
Bone disease,Interventional Radiology,1
Bone radiology,Interventional Radiology,1
Interventional Radiology,Urolithiasis Imaging,1
Interventional Radiology,Urolithiasis imaging,1
Urolithiasis Imaging,Urolithiasis imaging,1
Coarctation Of Aorta,Coarctation of Aorta,1
Coarctation Of Aorta,Epidemiology,1
Coarctation Of Aorta,Interventional Radiology,1
Coarctation of Aorta,Epidemiology,1
Coarctation of Aorta,Interventional Radiology,1
Epidemiology,Neurodegenerative Disorders,1
Interventional Radiology,Neurodegenerative Disorders,1
Epidemiology,Movement Disorders,1
Neonatal Intestinal Obstruction,Neonatal intestinal obstruction,1
Biliary Imaging,Biliary imaging,1
Biliary Imaging,General Surgery,1
Biliary Imaging,Interventional Radiology,1
Biliary imaging,General Surgery,1
Biliary imaging,Interventional Radiology,1
Colorectal Imaging,Colorectal imaging,1
Colorectal Imaging,General Surgery,1
Colorectal Imaging,Interventional Radiology,1
Colorectal imaging,General Surgery,1
Colorectal imaging,Interventional Radiology,1
Environment & Occupational Health,Head And Neck Radiology,1
Environment & Occupational Health,Head and Neck Radiology,1
Head And Neck Radiology,Head and Neck Radiology,1
Head And Neck Radiology,Interventional Radiology,1
Head and Neck Radiology,Interventional Radiology,1
Neuroanatomy,Paranasal Sinus,1
Interventional Radiology,Upper GI Imaging,1
Interventional Radiology,Upper Gi Imaging,1
Upper GI Imaging,Upper Gi Imaging,1
General Medicine,Urogenital Radiology,1
Antenatal Care,Interventional Radiology,1
Ultrasound,Venous Thromboembolism,1
Ultrasound,Venous thromboembolism,1
Cardiology,Chest radiography,1
Cardiology,Left atrial enlargement,1
Chest radiography,Left atrial enlargement,1
Hydatid Disease,Hydatid cyst,1
Hydatid Disease,Radiological signs,1
Hydatid cyst,Hydatid disease,1
Hydatid cyst,Radiological signs,1
Hydatid disease,Radiological signs,1
Fallopian tube,Interventional Radiology,1
Fallopian tube,Tuberculosis,1
Interventional Radiology,Rheumatoid Arthritis,1
Interventional Radiology,Rheumatoid arthritis,1
Rheumatoid Arthritis,Rheumatoid arthritis,1
Gastric Carcinoma,Ultrasound,1
Gastric carcinoma,Ultrasound,1
Acute Pancreatitis,Acute pancreatitis,1
Acute Pancreatitis,Interventional Radiology,1
Acute Pancreatitis,Systemic Pathology,1
Acute pancreatitis,Interventional Radiology,1
Acute pancreatitis,Systemic Pathology,1
Chronic Pancreatitis,Interventional Radiology,1
Chronic Pancreatitis,Systemic Pathology,1
Chronic pancreatitis,Interventional Radiology,1
Chronic pancreatitis,Systemic Pathology,1
Diffuse Axonal Injury,Diffuse axonal injury,1
Diffuse Axonal Injury,Interventional Radiology,1
Diffuse Axonal Injury,Systemic Pathology,1
Diffuse axonal injury,Interventional Radiology,1
Diffuse axonal injury,Systemic Pathology,1
Bone Metastases,Bone metastases,1
Bone Metastases,Fractures,1
Bone Metastases,Interventional Radiology,1
Bone metastases,Fractures,1
Bone metastases,Interventional Radiology,1
Achalasia,General Medicine,1
Achalasia,Interventional Radiology,1
Chest Radiography,Neuroanatomy,1
Chest radiography,Neuroanatomy,1
General Medicine,Neuroimaging,1
Epidemiology,Suicide,1
Sociology,Suicide,1
Cognitive Testing,Cognitive testing,1
Anxiety & OCD,Epidemiology,1
Critical Care,Regional Anaesthesia,1
Epidemiology,Regional Anaesthesia,1
Child Psychiatry,Mental state examination,1
Mental State Examination,Mental state examination,1
Epidemiology,Substance Use,1
Child Psychiatry,Delusion,1
Child Psychiatry,Thought Disorder,1
Child Psychiatry,Thought disorder,1
Thought Disorder,Thought disorder,1
Endocrine Pharmacology,Opioid withdrawal,1
Narcolepsy,Sleep disorders,1
Child Psychiatry,Delusional Disorder,1
Child Psychiatry,Delusional disorder,1
Delusional Disorder,Delusional disorder,1
Endocrine Pharmacology,Substance Use,1
Child Psychiatry,Pharmacology Of Substance Abuse,1
Child Psychiatry,Pharmacology of substance abuse,1
Endocrine Pharmacology,Pharmacology Of Substance Abuse,1
Endocrine Pharmacology,Pharmacology of substance abuse,1
Pharmacology Of Substance Abuse,Pharmacology of substance abuse,1
Anti-craving agents,Child Psychiatry,1
Anti-craving agents,Endocrine Pharmacology,1
Growth & Development,Rett syndrome,1
Conversion Disorder,Pseudoseizures,1
Conversion disorder,Pseudoseizures,1
Conversion Disorder,La Belle indifference,1
Conversion disorder,La Belle indifference,1
Antipsychotic drugs,Dystonia,1
Dystonia,Extrapyramidal Side Effects,1
Dystonia,Extrapyramidal side effects,1
Acute dystonia,Antipsychotic drugs,1
Acute dystonia,Extrapyramidal Side Effects,1
Acute dystonia,Extrapyramidal side effects,1
Antipsychotic drugs,Emergency Medicine,1
Antipsychotic drugs,Neuroleptic Malignant Syndrome,1
Antipsychotic drugs,Neuroleptic malignant syndrome,1
Emergency Medicine,Neuroleptic Malignant Syndrome,1
Emergency Medicine,Neuroleptic malignant syndrome,1
Child Psychiatry,Contraindications,1
Pain Management,Visual Analogue Scale,1
Regional Anaesthesia,Visual Analogue Scale,1
Anorexia Nervosa,Child Psychiatry,1
Anorexia Nervosa,Eating Disorders,1
Endocrine Pharmacology,Mania,1
Autism Spectrum Disorders,Autism spectrum disorders,1
Autism spectrum disorders,Child Psychiatry,1
Autism spectrum disorders,Neonatology,1
Alcohol Withdrawal,Substance-Related Disorders,1
Feeding And Eating Disorders,Feeding and Eating Disorders,1
Feeding and Eating Disorders,Pica,1
Neuroanatomy,Organic Mental Disorders,1
Neuroanatomy,Organic mental disorders,1
Antipsychotics,Retina,1
Antipsychotics,Extrapyramidal symptoms,1
Alcohol dependence,Substance Use,1
Interventional Radiology,Thorax,1
Biochemistry,Neural tube defects,1
Neonatology,Neural Tube Defects,1
Neonatology,Neural tube defects,1
CNS Physiology,Spine,1
Arm Muscles,Upper Limb,1
Lower Limb,Pelvis & Perineum,1
Inguinal Canal,Lower Limb,1
Gluteal Nerves,Lower Limb,1
Gluteal Nerves,Superior Gluteal Nerve,1
Gluteal Nerves,Superior gluteal nerve,1
Lower Limb,Superior Gluteal Nerve,1
Lower Limb,Superior gluteal nerve,1
Superior Gluteal Nerve,Superior gluteal nerve,1
Aortic Arch,Thoracic aorta,1
Aortic Arch,Vertebral levels,1
Aortic arch,Thoracic aorta,1
Aortic arch,Vertebral levels,1
Thoracic aorta,Vertebral levels,1
Aortic Arch,Branches of aorta,1
Aortic arch,Branches of aorta,1
Branches of aorta,Vascular,1
Aortic Arch,Embryology,1
Aortic arch,Embryology,1
Coronary Circulation,Neuroanatomy,1
Cardiac Veins,Thorax,1
Coronary Sinus,Thorax,1
Thorax,Upper Lobe,1
Gynecologic Oncology,Pelvis & Perineum,1
Cranial Nerves,Head And Neck Anatomy,1
Urogenital Anatomy,Urogenital anatomy,1
Inferior Pancreaticoduodenal Artery,Inferior pancreaticoduodenal artery,1
Inferior Pancreaticoduodenal Artery,Neuroanatomy,1
Inferior pancreaticoduodenal artery,Neuroanatomy,1
Abdominal Vasculature,Splenic Artery,1
Gastroenterology,Neuroanatomy,1
Abdomen,Pelvic floor,1
Obstetric Complications,Pelvic Vasculature,1
Obstetric Complications,Pelvic vasculature,1
Obstetric Complications,Uterine artery,1
Pelvic Vasculature,Pelvic vasculature,1
Pelvic Vasculature,Uterine artery,1
Pelvic vasculature,Uterine artery,1
Male pelvis,Pelvis & Perineum,1
Male pelvis,Rectum,1
Pelvis & Perineum,Rectum,1
Reproductive,Seminal vesicles,1
Biliary Tract,Biliary tract,1
Biliary Tract,Gallbladder,1
Biliary Tract,Vagus nerve,1
Biliary tract,Gallbladder,1
Biliary tract,Vagus nerve,1
Gallbladder,Vagus nerve,1
Prostate,Urinary Bladder,1
Prostate,Urinary bladder,1
Renal,Spleen,1
Hernia & Abdominal Wall,Lumbar Region,1
Pelvic Vasculature,Pelvis And Perineum,1
Pelvic Vasculature,Pelvis and Perineum,1
Pelvic Vasculature,Reproductive,1
Pelvis And Perineum,Reproductive,1
Pelvis and Perineum,Reproductive,1
Abdomen,Inguinal Canal,1
Abdomen,Inguinal canal,1
Hernia & Abdominal Wall,Inguinal canal,1
Inguinal region,Spermatic Cord,1
Inguinal region,Spermatic cord,1
Gastrosplenic Ligament,Gastrosplenic ligament,1
Gastrosplenic Ligament,Spleen,1
Gastrosplenic Ligament,Stomach,1
Gastrosplenic ligament,Spleen,1
Gastrosplenic ligament,Stomach,1
Spleen,Stomach,1
Embryology,Mesenteries,1
Hematopathology,Uterine Artery,1
Hematopathology,Uterine artery,1
Reproductive,Uterine Artery,1
Reproductive,Uterine artery,1
Uterine Artery,Uterine artery,1
Cranial nerve anatomy,Facial Nerve,1
Cranial nerve anatomy,Facial nerve,1
Cranial nerve anatomy,Stapedius nerve supply,1
Facial Nerve,Stapedius nerve supply,1
Facial nerve,Stapedius nerve supply,1
Head & Neck,Muscle examination,1
Muscle examination,Muscles Of The Head And Neck,1
Muscle examination,Muscles of the head and neck,1
Head & Neck,Muscle function,1
Muscle function,Muscles Of The Head And Neck,1
Muscle function,Muscles of the head and neck,1
Cranial Nerves,Extraocular muscles,1
Cranial nerves,Extraocular muscles,1
Facial nerve,Parotid Gland,1
Facial nerve,Parotid gland,1
Parasympathetic innervation,Pupillary Muscles,1
Parasympathetic innervation,Pupillary muscles,1
Pupillary Muscles,Pupillary muscles,1
Parasympathetic pathway,Pupillary Reflex,1
Parasympathetic pathway,Pupillary reflex,1
Pupillary Reflex,Pupillary reflex,1
Cranial Nerve Innervation,Cranial Nerves,1
Cranial Nerve Innervation,Salivary Glands,1
Cranial Nerves,Salivary Glands,1
Environment & Occupational Health,Parotid Gland,1
Environment & Occupational Health,Parotid gland,1
Neuroanatomy,Parotid Gland,1
Neuroanatomy,Parotid gland,1
Facial Nerve,Head & Neck,1
Facial nerve,Head & Neck,1
Neuroanatomy,Tracts,1
Embryology,Health Care Delivery,1
Branchial cyst,Neck Masses,1
Branchial cyst,Neck masses,1
Embryology,Neural Crest,1
Neural Crest,Neural crest,1
Cardiology,Heart tube formation,1
Embryology,Umbilical Structures,1
Embryology,Umbilical structures,1
Umbilical Structures,Umbilical structures,1
Autonomic,Histology,1
Embryology,Genital System,1
Embryology,Pituitary Gland,1
Histology,Nervous tissue,1
Abdomen,Hepatobiliary,1
Diffusion,Membrane Transport,1
Active Transport,Facilitated Diffusion,1
Body Water And Electrolytes,Body Water and Electrolytes,1
Body Water And Electrolytes,Neonatology,1
Body Water and Electrolytes,Neonatology,1
Biochemistry,Ion channels,1
CNS Physiology,Ion channels,1
Epithelial sodium channel,Renal,1
Acid-base balance,Intracellular pH,1
Oncotic Pressure,Oncotic pressure,1
Oncotic Pressure,Plasma proteins,1
Oncotic pressure,Plasma proteins,1
Biochemistry,Visual Cycle,1
Biochemistry,Visual cycle,1
Visual Cycle,Visual cycle,1
Electrolyte balance,Neurophysiology,1
Neurophysiology,Pain Management,1
Muscle Spindles,Muscle spindles,1
Autonomic,Catecholamines,1
Cerebellar cortex,Cerebellum,1
Erectile dysfunction,Sexual Dysfunction,1
Erectile dysfunction,Sexual dysfunction,1
Calcium Metabolism,Calcium metabolism,1
Calcium Metabolism,Vitamins & Nutrition,1
Calcium metabolism,Vitamins & Nutrition,1
Neurological Examination,Neurological examination,1
Autonomic,Skin innervation,1
Bohr effect,Oxygen-hemoglobin dissociation,1
Bohr effect,Pulmonology,1
Oxygen-hemoglobin dissociation,Pulmonology,1
Alveolar Gas Equation,Oxygen Transport,1
Alveolar Gas Equation,Carbon Dioxide Transport,1
Carbon Dioxide Transport,Pulmonology,1
Cardiac Cycle,Valve timing,1
Cardiac cycle,Valve timing,1
Ion channels,Vascular,1
Cardiac Electrophysiology,Cardiac muscle,1
Cardiac Electrophysiology,Electrophysiology,1
Cardiac electrophysiology,Cardiac muscle,1
Cardiac electrophysiology,Electrophysiology,1
Cardiac muscle,Electrophysiology,1
Cardiac Electrophysiology,General Medicine,1
Cardiac electrophysiology,General Medicine,1
Baroreceptor,Vessel wall anatomy,1
Afterload,Cardiac physiology,1
Pulmonology,Venous Oxygen Saturation,1
Pulmonology,Venous oxygen saturation,1
Venous Oxygen Saturation,Venous oxygen saturation,1
Cardiopulmonary Baroreceptors,Cardiopulmonary baroreceptors,1
Cardiopulmonary Baroreceptors,Left atrium,1
Cardiopulmonary baroreceptors,Left atrium,1
Gastrointestinal,Stomach,1
Enzyme Activation,Enzyme activation,1
Enzyme Activation,Enzymes,1
Enzyme Activation,Protein digestion,1
Enzyme activation,Enzymes,1
Enzyme activation,Protein digestion,1
Enzymes,Proteolytic Enzymes,1
Enzymes,Proteolytic enzymes,1
Protein digestion,Proteolytic Enzymes,1
Protein digestion,Proteolytic enzymes,1
Proteolytic Enzymes,Proteolytic enzymes,1
Bile Secretion,Bile secretion,1
Bile Secretion,Hepatocyte transport,1
Bile secretion,Hepatocyte transport,1
Calcium Homeostasis,Calcium absorption,1
Calcium Homeostasis,Vitamins & Nutrition,1
Calcium absorption,Vitamins & Nutrition,1
Fat malabsorption,Vitamins & Nutrition,1
Cholecystokinin,Gastrointestinal,1
Nutrient absorption,Vitamins & Nutrition,1
Gastrointestinal,Peptide hormones,1
Endocrinology,Obstetric Complications,1
Catecholamines,Thyroid Hormones,1
Insulin Receptor,Signal Transduction,1
Glucose Metabolism,Insulin Secretion,1
Acid Base Balance,Buffer Systems,1
Embryology,Hematopoiesis,1
Autonomic,Reproductive,1
Autonomic,Biochemistry,1
Adenylyl cyclase,Glucagon,1
Adenylyl cyclase,Signal Transduction,1
Adenylyl cyclase,Signal transduction,1
Glucagon,Signal Transduction,1
Glucagon,Signal transduction,1
Signal Transduction,Signal transduction,1
Cardiac muscle,Intercalated disc,1
Cardiac muscle,Muscle Tissue,1
Cardiac muscle,Muscle tissue,1
Intercalated disc,Muscle Tissue,1
Intercalated disc,Muscle tissue,1
Muscle Tissue,Muscle tissue,1
Decompression Sickness,General Medicine,1
Oculocardiac Reflex,Squint & Pediatric Ophthalmology,1
Carbon Monoxide Poisoning,Emergency Medicine,1
Peripheral Nervous System,Trauma,1
Peripheral nervous system,Trauma,1
Amino acid metabolism,Carbohydrate Metabolism,1
Carbohydrate Metabolism,Protein Metabolism,1
Carbohydrate Metabolism,Pyruvate Dehydrogenase Complex,1
Carbohydrate Metabolism,Pyruvate dehydrogenase complex,1
Pyruvate Dehydrogenase Complex,Pyruvate dehydrogenase complex,1
Carbohydrate Metabolism,Lactate Metabolism,1
Carbohydrate Metabolism,Lactate metabolism,1
Lactate Metabolism,Lactate metabolism,1
Citric Acid Cycle,Enzyme Regulation,1
CNS Physiology,Oxygen Transport,1
Glycogen Storage Diseases,Systemic Pathology,1
Carbohydrate Metabolism,Starvation,1
Bile Acid Synthesis,Lipid Metabolism,1
Plasminogen,Protein Biochemistry,1
Acetyl CoA Carboxylase,Lipid Metabolism,1
Fatty Acid Synthase,Lipid Metabolism,1
Amino Acids,Biochemistry,1
Amino acid metabolism,Biochemistry,1
Carbohydrate Metabolism,General Medicine,1
Carbohydrate Metabolism,Fasting,1
Nitrogen metabolism,Urea Cycle,1
Nitrogen metabolism,Urea cycle,1
Amino acid metabolism,Metabolic disorders,1
Apolipoproteins,Protein Metabolism,1
Biochemistry,Purine metabolism,1
Biochemistry,Folate Metabolism,1
Biochemistry,Folate metabolism,1
Folate Metabolism,Folate metabolism,1
Biochemistry,Genetic Engineering,1
Biochemistry,Genetic engineering,1
Genetic Engineering,Genetic engineering,1
Genetics & Molecular Biology,Reverse Transcription,1
Molecular chaperones,Protein Chemistry,1
Extracellular matrix,Glycosaminoglycans,1
Gastrointestinal,Lipid digestion,1
Cell Injury & Death,Degeneration,1
Cell Injury & Death,Hyaline change,1
Degeneration,Hyaline change,1
Cell Death,Embryology,1
Cell Death,Histology,1
Cell Death,Inflammation & Healing,1
Cell Injury & Death,Viral Hepatitis,1
Infectious Diseases,Necrosis,1
Diabetic foot,Gangrene,1
Protein Metabolism,Unfolded protein response,1
Cell Injury & Death,Free Radicals,1
Cellular Adaptations,Histology,1
Cell Adhesion,Inflammation & Healing,1
Perioperative Medicine,Shock,1
Enzymology,Systemic Pathology,1
Cell Adhesion Molecules,Metastasis,1
Cell Adhesion Molecules,Neoplasia,1
Biochemistry,Extracellular Matrix,1
Biochemistry,Connective Tissue,1
Acute phase proteins,Amyloidosis,1
HLA associations,Psoriasis,1
Immunoglobulin Class Switching,Immunoglobulin class switching,1
Immunoglobulin Class Switching,Lymphokines,1
Immunoglobulin class switching,Lymphokines,1
Pulmonology,Shrinking Lung Syndrome,1
Rheumatology,Shrinking Lung Syndrome,1
Immunology,MHC Class II expression,1
Immunology,Mhc Class Ii Expression,1
Lymph Node,MHC Class II expression,1
Lymph Node,Mhc Class Ii Expression,1
MHC Class II expression,Mhc Class Ii Expression,1
B Cell Localization,B cell localization,1
B Cell Localization,Immunology,1
B Cell Localization,Lymph Node,1
B cell localization,Immunology,1
B cell localization,Lymph Node,1
Immunology,Lymph Node Anatomy,1
Immunology,Neuroanatomy,1
Lymph Node Anatomy,Neuroanatomy,1
Hypersensitivity Reactions,Systemic Pathology,1
HLA Matching,Hla Matching,1
HLA Matching,Immunology,1
Hla Matching,Immunology,1
Immunopathology,Transplant rejection,1
Transplant Rejection,Transplant rejection,1
Transplant rejection,Transplantation,1
Graft Rejection,Graft rejection,1
Graft Rejection,Immunopathology,1
Graft rejection,Immunopathology,1
Immunopathology,Serum Sickness,1
Immunopathology,Serum sickness,1
Serum Sickness,Serum sickness,1
Chromosomal Abnormalities,Down Syndrome,1
Chromosomal Abnormalities,Trisomy 21,1
Chromosomal Abnormalities,Robertson translocation,1
Chromosomal abnormalities,Robertson translocation,1
Down syndrome,Robertson translocation,1
Chromosomal Abnormalities,Mosaicism,1
Chromosomal abnormalities,Mosaicism,1
Down syndrome,Mosaicism,1
Hypophosphatemic rickets,Metabolic Bone Disease,1
Hypophosphatemic rickets,Metabolic bone disease,1
Hypophosphatemic rickets,Rickets,1
Dermatology,Nephrology,1
Genetic mapping,Genetics & Molecular Biology,1
Biochemistry,Oncogenes,1
Biochemistry,Cardiac Biomarkers,1
Biochemistry,Cardiac biomarkers,1
Cardiac Biomarkers,Cardiac biomarkers,1
Cardiac Biomarkers,Cardiology,1
Cardiac biomarkers,Cardiology,1
Cardiomyopathy,General Medicine,1
Cardiomyopathy,Systemic Pathology,1
Systemic Pathology,Thrombosis,1
General Medicine,Vasculitis,1
Hemolytic Anemia,Labor & Delivery,1
Hemolytic anemia,Labor & Delivery,1
Iron Deficiency Anemia,Iron metabolism,1
Iron deficiency anemia,Iron metabolism,1
Bleeding disorders,Von Willebrand Disease,1
Bleeding disorders,Von Willebrand disease,1
Hematopathology,Von Willebrand Disease,1
Hematopathology,Von Willebrand disease,1
Von Willebrand Disease,Von Willebrand disease,1
Clinical Features,Hematopathology,1
Clinical Features,Leukemia,1
Leukemia,Vasculitis,1
Epidemiology,Leukemia,1
Leukemia,Oral Pathology,1
Cytokines,Pneumonitis,1
Cytokines,Radiation Injury,1
Pneumonitis,Radiation Injury,1
Epidemiology,Lung Cancer,1
Epidemiology,Non-smokers,1
Lung Cancer,Non-smokers,1
Systemic Pathology,Urinary Pathology,1
Systemic Pathology,Urinary pathology,1
Systemic Pathology,Urinary system,1
Urinary Pathology,Urinary pathology,1
Urinary Pathology,Urinary system,1
Urinary pathology,Urinary system,1
Genetic Disorders,Nephrology,1
Genetic Disorders,Renal,1
Breast & Endocrine Surgery,Thyroiditis,1
Inflammation & Healing,Thyroiditis,1
Cutaneous T-Cell Lymphoma,Cutaneous T-cell Lymphoma,1
Cutaneous T-Cell Lymphoma,Dermatology,1
Cutaneous T-Cell Lymphoma,Lymphoma,1
Cutaneous T-cell Lymphoma,Dermatology,1
Cutaneous T-cell Lymphoma,Lymphoma,1
Neonatology,Neoplasms,1
Neoplasms,Systemic Pathology,1
Biochemistry,Molecular Chaperones,1
Biochemistry,Molecular chaperones,1
Molecular Chaperones,Molecular chaperones,1
Molecular Chaperones,Protein chemistry,1
Channelopathies,Neurology,1
Eicosanoids,Genetics & Molecular Biology,1
General Surgery,Transplant Surgery,1
Endocrine,MEN syndrome,1
Endocrine,Thyroid Carcinoma,1
Endocrine,Thyroid carcinoma,1
MEN syndrome,Thyroid Carcinoma,1
MEN syndrome,Thyroid carcinoma,1
Microscopic Polyangiitis,Microscopic polyangiitis,1
Microscopic Polyangiitis,Renal,1
Microscopic Polyangiitis,Vasculitis,1
Microscopic polyangiitis,Renal,1
Microscopic polyangiitis,Vasculitis,1
Drug elimination,First-Order Kinetics,1
Drug elimination,First-order kinetics,1
Drug elimination,Pharmacokinetics,1
First-Order Kinetics,First-order kinetics,1
First-Order Kinetics,Pharmacokinetics,1
First-order kinetics,Pharmacokinetics,1
Epidemiology,Research methodology,1
Research Methodology,Research methodology,1
Drug Administration Routes,Endocrine Pharmacology,1
Dopamine Receptors,Dopamine receptors,1
CNS Physiology,Muscarinic Receptors,1
Endocrine Pharmacology,Muscarinic Receptors,1
Beta-Blockers,Beta-blockers,1
Beta-Blockers,Endocrine Pharmacology,1
Beta-Blockers,General Medicine,1
Beta-blockers,Endocrine Pharmacology,1
Beta-blockers,General Medicine,1
Antimuscarinic Drugs,Antimuscarinic drugs,1
Antimuscarinic Drugs,Endocrine Pharmacology,1
Antimuscarinic drugs,Endocrine Pharmacology,1
Anticholinesterases,Endocrine Pharmacology,1
Anticholinergic Agents,Anticholinergic agents,1
Anticholinergic Agents,Autonomic,1
Anticholinergic agents,Autonomic,1
Antihypertensive Agents,Antihypertensive agents,1
Cardiology,Membrane transport,1
Adverse drug effects,Antiarrhythmic Drugs,1
Adverse drug effects,Antiarrhythmic drugs,1
Antihypertensive drugs,Renin-Angiotensin System,1
Antihypertensive drugs,Renin-angiotensin system,1
Renin-Angiotensin System,Renin-angiotensin system,1
CNS Physiology,Diuretics,1
Endocrine Pharmacology,Sympathomimetic Drugs,1
Endocrine Pharmacology,Sympathomimetic drugs,1
Sympathomimetic Drugs,Sympathomimetic drugs,1
Diuretics,Drug interactions,1
Diuretics,Mechanism of action,1
Antipsychotics,Receptor pharmacology,1
Opioid Analgesics,Receptor pharmacology,1
Opioid analgesics,Receptor pharmacology,1
Opioid Analgesics,Pharmacological effects,1
Opioid analgesics,Pharmacological effects,1
Antidepressants,Sexual dysfunction,1
Adverse effects,Lithium,1
Adverse effects,Thyroid disorders,1
Lithium,Thyroid disorders,1
Antiarrhythmic drugs,General Medicine,1
Endocrine Pharmacology,Opioid Receptors,1
Endocrine Pharmacology,Opioid receptors,1
Opioid Receptors,Opioid receptors,1
Alpha-2 Agonists,Alpha-2 agonists,1
Alpha-2 Agonists,Endocrine Pharmacology,1
Alpha-2 Agonists,Regional Anaesthesia,1
Alpha-2 agonists,Endocrine Pharmacology,1
Alpha-2 agonists,Regional Anaesthesia,1
Antipsychotic Drugs,Child Psychiatry,1
Antipsychotic Drugs,Endocrine Pharmacology,1
Antipsychotic drugs,Child Psychiatry,1
Antipsychotic drugs,Endocrine Pharmacology,1
Endocrine Pharmacology,Labor & Delivery,1
Antifungal Drugs,General Medicine,1
Antifungal drugs,General Medicine,1
Adrenergic agonists,Bronchodilators,1
Adrenergic agonists,Pulmonology,1
Biochemistry,Paracetamol Toxicity,1
Biochemistry,Paracetamol toxicity,1
Endocrine Pharmacology,Paracetamol Toxicity,1
Endocrine Pharmacology,Paracetamol toxicity,1
Paracetamol Toxicity,Paracetamol toxicity,1
Bronchodilators,General Medicine,1
Antiplatelet Drugs,Endocrine Pharmacology,1
Antiplatelet drugs,Endocrine Pharmacology,1
Gastric acid secretion,Proton Pump Inhibitors,1
Gastric acid secretion,Proton pump inhibitors,1
Proton Pump Inhibitors,Proton pump inhibitors,1
Endocrine Pharmacology,Peptic Ulcer Disease,1
Endocrine Pharmacology,Peptic ulcer disease,1
Antidiarrheal Drugs,Endocrine Pharmacology,1
Antidiarrheal Drugs,Gastroenterology,1
Antidiarrheal drugs,Endocrine Pharmacology,1
Antidiarrheal drugs,Gastroenterology,1
Endocrine Pharmacology,Sulfonamides,1
Microbiology,Sulfonamides,1
Antimalarial Drugs,Microbiology,1
Antimalarial drugs,Microbiology,1
Endocrine Pharmacology,Routes Of Administration,1
Endocrine Pharmacology,Routes of Administration,1
Microbiology,Routes Of Administration,1
Microbiology,Routes of Administration,1
Antitubercular Drugs,Neurology,1
Antitubercular drugs,Neurology,1
Corynebacterium Diphtheriae,General Medicine,1
Corynebacterium Diphtheriae,Microbiology,1
Corynebacterium diphtheriae,General Medicine,1
Corynebacterium diphtheriae,Microbiology,1
Carbapenems,Endocrine Pharmacology,1
Antimicrobial Agents,Antimicrobial agents,1
Antimicrobial Agents,Endocrine Pharmacology,1
Antimicrobial agents,Endocrine Pharmacology,1
Nephrotoxicity,Systemic Pathology,1
Adverse Drug Effects,Endocrine Pharmacology,1
Adverse Drug Effects,Neonatology,1
Adverse drug effects,Endocrine Pharmacology,1
Adverse drug effects,Neonatology,1
Nephrotoxicity,Renal,1
CNS Physiology,IV Fluids,1
CNS Physiology,Iv Fluids,1
Anti-Tubercular Drugs,Anti-tubercular Drugs,1
Anti-Tubercular Drugs,Pulmonology,1
Anti-tubercular Drugs,Endocrine Pharmacology,1
Anti-tubercular Drugs,Pulmonology,1
Endocrine Pharmacology,Immunomodulatory Agents,1
Immunomodulatory Agents,Obstetric Complications,1
Evidence,Thanatology,1
Causation,Legal Medicine,1
Causation,Thanatology,1
Legal Medicine,Thanatology,1
Gestational age assessment,Growth & Development,1
Growth & Development,Supernumerary teeth,1
Fingerprinting,Thanatology,1
CNS Physiology,Homeostasis,1
Death definition,Thanatology,1
Autopsy Technique,Autopsy technique,1
Autopsy Technique,Gastrointestinal,1
Autopsy technique,Gastrointestinal,1
Eye,Postmortem Findings,1
Eye,Postmortem findings,1
Postmortem Findings,Postmortem findings,1
Microbiology,Thanatology,1
Decomposition,Systemic Pathology,1
Decomposition,Thanatology,1
General Surgery,Injuries & Trauma,1
Injuries & Trauma,Squint & Pediatric Ophthalmology,1
Squint & Pediatric Ophthalmology,Thanatology,1
Environment & Occupational Health,Injuries & Trauma,1
Environment & Occupational Health,Thanatology,1
General Surgery,Grievous Injury,1
General Surgery,Grievous injury,1
Grievous Injury,Grievous injury,1
Grievous Injury,Thanatology,1
Grievous injury,Thanatology,1
Postmortem changes,Wound,1
Burns & Plastic,Head injury,1
Gunshot Injuries,Gunshot injuries,1
Gunshot Injuries,Suicide/homicide,1
Gunshot injuries,Suicide/homicide,1
Homicide,Suicide,1
Child Psychiatry,Manner Of Death,1
Child Psychiatry,Manner of death,1
Ballistic Injuries,Neuroanatomy,1
Ballistic injuries,Neuroanatomy,1
Biochemistry,Carbon Monoxide Poisoning,1
Carbon Monoxide Poisoning,Thanatology,1
SUBJ:Pathology,SUBJ:Forensic Medicine,1
Gastritis,Gastrointestinal,1
Systemic Pathology,Toxicology,1
Opioids,Pharmacognosy,1
Injuries & Trauma,Systemic Pathology,1
Thanatology,Time of death,1
Alcohol,Pharmacokinetics,1
Environment & Occupational Health,Heat Cramps,1
Environment & Occupational Health,Heat cramps,1
Environment & Occupational Health,Heat illness,1
Heat Cramps,Heat cramps,1
Heat Cramps,Heat illness,1
Heat cramps,Heat illness,1
Hematopathology,Postmortem,1
Postmortem,Thanatology,1
Antimicrobial Sensitivity,Labor & Delivery,1
Microbial Preservation,Microbiology,1
Microbiology basics,Virology,1
Listeria,Microbiology,1
Listeria,Neonatology,1
Epidemiology,Vibrio Cholerae,1
Epidemiology,Vibrio cholerae,1
Microbiology,Vibrio Cholerae,1
Microbiology,Vibrio cholerae,1
Microbiology,Vibrio Parahaemolyticus,1
Microbiology,Vibrio parahaemolyticus,1
Vibrio Parahaemolyticus,Vibrio parahaemolyticus,1
Microbiology,Staphylococci,1
Epidemic Typhus,Infectious Diseases,1
Identification,Listeria,1
Bacterial pathogenesis,Listeria,1
Immunology,Streptococcus,1
Bacteriology,Yersinia pestis,1
Plague,Yersinia pestis,1
Bacteriology,Proteus,1
Bacteriology,UTI,1
Proteus,UTI,1
Cell Injury & Death,Microbiology,1
Microbiology,Puerperal Sepsis,1
Obstetric Complications,Puerperal Sepsis,1
Burkholderia,Glanders,1
Burkholderia,Nose & PNS,1
Glanders,Nose & PNS,1
Immunology,Salmonella,1
Salmonella,Typhoid Fever,1
Immunology,Vi antigen,1
Typhoid Fever,Vi antigen,1
Ehrlichiosis,Rickettsial diseases,1
Bacteriology,Staphylococci,1
Corynebacterium,Diphtheria,1
Bacteriology,Enterococcus,1
Enterococcus,Streptococcus,1
Epidemiology,Hiv,1
Hiv,Virology,1
Gynecologic Oncology,Hpv,1
HPV,Hpv,1
HPV,Virology,1
Hpv,Virology,1
Endocrine Pharmacology,Virology,1
Onchocerciasis,Parasitology,1
Cellular immunity,Immunology,1
Lymphatic System,Systemic Pathology,1
Immunodeficiency,Purine metabolism,1
Inflammation & Healing,Macrophage,1
Microbiology,Specimen Collection,1
Microbiology,Specimen collection,1
Specimen Collection,Specimen collection,1
Hand Hygiene,Infectious Diseases,1
Antimicrobial resistance,Infectious Diseases,1
Disinfectants,Labor & Delivery,1
B cell disorders,Immunodeficiency,1
HDI,Health Indicators,1
Randomization,Selection bias,1
Randomization,Study Design,1
Selection bias,Study Design,1
Blinding,Epidemiological studies,1
Epidemiological studies,Study Design,1
Blinding,Effectiveness,1
Effectiveness,Study Design,1
Health Services,Utilization Rate,1
Antenatal Care,Maternal Health Services,1
Maternal Health,Maternal Health Services,1
Epidemiology,Hospital Statistics,1
Mortality,Mortality Indicators,1
Epidemiology,Risk Assessment,1
Epidemiology,Risk Measures,1
Risk Assessment,Risk Measures,1
Adverse drug reactions,Study Design,1
Adverse drug reactions,Study design,1
Study Design,Study design,1
Dermatology,Varicella,1
Neonatology,Varicella,1
Diphtheria,Epidemiology,1
Microbiology,Pertussis,1
Immunology,Meningococcal Vaccine,1
Immunology,Meningococcal vaccine,1
Meningococcal Vaccine,Meningococcal vaccine,1
Meningococcal Vaccine,Microbiology,1
Meningococcal vaccine,Microbiology,1
Immunology,Poliomyelitis,1
Microbiology,Poliomyelitis,1
Immunization,Polio,1
Polio,Vaccination,1
Enteric fever,Reservoir,1
Enteric fever,Typhoid,1
Reservoir,Typhoid,1
Cholera,Disinfectant,1
Cholera,Infectious Diseases,1
Disinfectant,Infectious Diseases,1
HIV/AIDS,MSM,1
Hiv/Aids,MSM,1
MSM,Risk groups,1
HIV/AIDS,Heterosexual,1
Heterosexual,Hiv/Aids,1
Heterosexual,Risk groups,1
Filariasis,Mass drug administration,1
Filariasis,National Health Programme,1
Mass drug administration,National Health Programme,1
Acid-Base Balance,Biochemistry,1
Acid-Base Balance,Epidemiology,1
Antimalarial Drugs,Parasitology,1
Antimalarial drugs,Parasitology,1
Epidemiology,Hypertension,1
Epidemiology,Smoking,1
Child Psychiatry,Psychiatric Certification,1
Psychiatric Certification,Thanatology,1
General Medicine,Preoperative Evaluation,1
General Surgery,Preoperative Evaluation,1
Epidemiology,Fertility And Reproduction,1
Epidemiology,Fertility and Reproduction,1
Fertility And Reproduction,Fertility and Reproduction,1
Maternal Mortality,Obstetric Complications,1
Demography & Family Planning,Growth & Development,1
Epidemiology,Infant mortality rate,1
Infant Mortality Rate,Infant mortality rate,1
Infant Mortality Rate,Neonatology,1
Infant mortality rate,Neonatology,1
Environmental Health,Fluorosis,1
CNS Physiology,Energy Metabolism,1
Epidemiology,Medical Entomology,1
Medical Entomology,Microbiology,1
Endocrine Pharmacology,Organophosphate Insecticides,1
Organophosphate Insecticides,Toxicology,1
Culex Larvae,Epidemiology,1
Culex Larvae,Microbiology,1
Infectious Diseases,Water testing,1
Housing and Health,Lighting,1
Hypersensitivity pneumonitis,Infectious Diseases,1
Disaster Management,Thanatology,1
ASHA,Asha,1
ASHA,Epidemiology,1
Asha,Epidemiology,1
Epidemiology,Swajaldhara Programme,1
Endocrine Pharmacology,Pulmonary Hypertension,1
Endocrine Pharmacology,Pulmonary hypertension,1
Pulmonary Hypertension,Pulmonary hypertension,1
Child Psychiatry,Sleep Hygiene,1
Child Psychiatry,Sleep hygiene,1
Sanitation,Water Supply And Sanitation,1
Sanitation,Water supply,1
Sanitation,Water supply and sanitation,1
Water Supply And Sanitation,Water supply,1
Water Supply And Sanitation,Water supply and sanitation,1
Water supply,Water supply and sanitation,1
Epidemiology,Strategic plan,1
Malaria,Strategic plan,1
Diagnosis,Malaria,1
Diagnosis,Screening,1
Malaria,Screening,1
Antimalarial drugs,Treatment,1
Malaria,Treatment,1
Malaria,Public Health,1
Health Services,Patient Classification,1
Middle Ear,Neuroanatomy,1
Middle ear,Neuroanatomy,1
Environment & Occupational Health,Otitis externa,1
CNS Physiology,Hearing,1
Ceruminous glands,Otology,1
Hennebert sign,Otology,1
ASOM,Otitis Media,1
ASOM,Otitis media,1
ASOM,Otology,1
Otitis media,Otology,1
Otosclerosis,Sodium fluoride,1
Bone Metabolism Drugs,Bone metabolism,1
Bone Metabolism Drugs,Bone metabolism drugs,1
Bone Metabolism Drugs,Osteolytic lesions,1
Bone metabolism,Bone metabolism drugs,1
Bone metabolism,Osteolytic lesions,1
Bone metabolism drugs,Osteolytic lesions,1
Ear,Enzymology,1
Ear,Sensorineural hearing loss,1
Otosclerosis,Sensorineural hearing loss,1
Ear,Embryology,1
Environment & Occupational Health,Syphilis,1
Ciliary Dysfunction,Environment & Occupational Health,1
Environment & Occupational Health,Nasal Polyposis,1
Nasal Polyposis,Sinus Surgery,1
Ethmoid Sinus Surgery,Nasal Polyps,1
Functional Endoscopic Sinus Surgery,Nasal Polyps,1
Ethmoid Sinus,Hematopathology,1
Ethmoid Sinus,Nasal Cavity,1
Hematopathology,Nasal Cavity,1
CSF rhinorrhoea,Csf Rhinorrhoea,1
CSF rhinorrhoea,Fluorescein test,1
Csf Rhinorrhoea,Fluorescein test,1
CSF leak,HRCT,1
Csf Leak,HRCT,1
CSF leak,MRI,1
Csf Leak,MRI,1
Nasal Foreign Body,Nasal foreign body,1
Nasal Septum Perforation,Nasal septum perforation,1
Nasal Myiasis,Nasal myiasis,1
Environment & Occupational Health,Ethmoidal air cells,1
Environment & Occupational Health,Paranasal sinuses,1
Ethmoidal air cells,Paranasal Sinuses,1
Ethmoidal air cells,Paranasal sinuses,1
Adenoid,Environment & Occupational Health,1
Adenoid,Histology,1
Adenoids,Pediatric ENT,1
Adenoids,Upper airway obstruction,1
Pediatric ENT,Upper airway obstruction,1
Palatoglossal fold,Tonsillar Pillar,1
Palatoglossal fold,Tonsillar pillar,1
Tonsillar Pillar,Tonsillar pillar,1
Pharyngeal diverticulum,Zenker Diverticulum,1
Pharyngeal diverticulum,Zenker diverticulum,1
Zenker Diverticulum,Zenker diverticulum,1
Extrinsic laryngeal membranes,Laryngeal Membranes,1
Extrinsic laryngeal membranes,Laryngeal anatomy,1
Extrinsic laryngeal membranes,Laryngeal membranes,1
Laryngeal Membranes,Laryngeal anatomy,1
Laryngeal Membranes,Laryngeal membranes,1
Laryngeal anatomy,Laryngeal membranes,1
Head & Neck,Laryngeal Cancer,1
Neoplasia,Oral Cavity,1
Neoplasia,Oral Cavity Cancer,1
Oral Cavity,Oral Cavity Cancer,1
Esophagus,Neuroanatomy,1
Airway Obstruction,Airway obstruction,1
Airway Obstruction,Tracheostomy,1
Airway obstruction,Tracheostomy,1
Environment & Occupational Health,Squint & Pediatric Ophthalmology,1
Environment & Occupational Health,Usher Syndrome,1
Squint & Pediatric Ophthalmology,Usher Syndrome,1
Ciliary Muscle,Ciliary muscle,1
Ciliary Muscle,Neuroanatomy,1
Ciliary Muscle,Squint & Pediatric Ophthalmology,1
Ciliary muscle,Neuroanatomy,1
Ciliary muscle,Squint & Pediatric Ophthalmology,1
Eye Anatomy,Eye anatomy,1
Eye anatomy,Neuroanatomy,1
Amblyopia,Strabismus,1
Anisometropia,Myopia,1
Anisometropia,Refractive Errors,1
LASIK,Myopia,1
LASIK,Refractive Surgery,1
Myopia,Refractive Surgery,1
Endophthalmitis,Reverse hypopyon,1
Optic Disc,Refractive Errors,1
Ophthalmic emergencies,Vision Loss,1
Ophthalmic emergencies,Vision loss,1
Vision Loss,Vision loss,1
Conjunctiva,General Medicine,1
Cornea & Refractive,Kayser-Fleischer ring,1
Kayser-Fleischer ring,Wilson Disease,1
Kayser-Fleischer ring,Wilson disease,1
Systemic Pathology,Uveitis,1
General Medicine,Scleritis,1
Scleritis,Squint & Pediatric Ophthalmology,1
Herpes Zoster Ophthalmicus,Microbiology,1
Herpes Zoster Ophthalmicus,Squint & Pediatric Ophthalmology,1
Keratic precipitates,Uveitis,1
Ciliary body,Lens & Cataract,1
Lens & Cataract,Zonules,1
Lens & Cataract,Micro‑incision surgery,1
Ocular Biometry,Ocular biometry,1
Ocular Biometry,Squint & Pediatric Ophthalmology,1
Ocular biometry,Squint & Pediatric Ophthalmology,1
Adrenergic Agents,Adrenergic agents,1
Adrenergic Agents,Glaucoma,1
Adrenergic agents,Glaucoma,1
Glaucoma,Retinoblastoma,1
Glaucoma,Surgical Management,1
Retina,Vitreous Hemorrhage,1
Neonatology,Retinopathy Of Prematurity,1
Neonatology,Retinopathy of prematurity,1
Retinopathy Of Prematurity,Squint & Pediatric Ophthalmology,1
Retinopathy of prematurity,Squint & Pediatric Ophthalmology,1
Eales Disease,Eales disease,1
Eales Disease,Retina,1
Eales Disease,Squint & Pediatric Ophthalmology,1
Eales disease,Retina,1
Eales disease,Squint & Pediatric Ophthalmology,1
Sarcoidosis,Squint & Pediatric Ophthalmology,1
Sarcoidosis,Uveitis,1
Horner Syndrome,Pupillary abnormalities,1
Horner syndrome,Pupillary abnormalities,1
Autonomic,Horner Syndrome,1
Autonomic,Horner syndrome,1
Myopia,Strabismus,1
Ocular Signs,Thyroid Eye Disease,1
Macular Sparing,Visual Pathway,1
Neuroanatomy,Pupillary Reflex,1
Neuroanatomy,Pupil Abnormalities,1
Neuroanatomy,Pupil abnormalities,1
Pupil Abnormalities,Pupil abnormalities,1
Orbital Diseases,Squint & Pediatric Ophthalmology,1
Orbital diseases,Squint & Pediatric Ophthalmology,1
General Medicine,HIV-associated ocular disease,1
General Medicine,Hiv-Associated Ocular Disease,1
HIV-associated ocular disease,Hiv-Associated Ocular Disease,1
HIV-associated ocular disease,Squint & Pediatric Ophthalmology,1
Hiv-Associated Ocular Disease,Squint & Pediatric Ophthalmology,1
Infectious Diseases,Orbit,1
Glaucoma,Ophthalmic instruments,1
Lacrimal System,Orbit,1
Lacrimal system,Orbit,1
Aspirin-sensitive asthma,Asthma,1
Aspirin-sensitive asthma,Nasal polyps,1
Asthma,Nasal polyps,1
Calcium metabolism,Sarcoidosis,1
Mediastinal Disorders,Pulmonology,1
Aspiration Pneumonia,Infectious Diseases,1
Aspiration Pneumonia,Lung Abscess,1
Infectious Diseases,Lung Abscess,1
Arrhythmias,Electrocardiography,1
Cardiac Electrophysiology,Electrocardiography,1
Arrhythmias,Critical Care,1
Arrhythmias,ICU,1
Critical Care,ICU,1
Coronary artery disease,Endocrine Pharmacology,1
Cardiology,Digitalis,1
Cardiology,Mitral stenosis,1
Digitalis,Mitral stenosis,1
Acute myocardial infarction,Cardiology,1
Acute myocardial infarction,Obstetric Complications,1
Cardiology,Gynecologic Oncology,1
Cardiology,Diagnostics,1
Cardiology,Risk factors,1
Coronary artery disease,Risk factors,1
Aortic stenosis,Cardiac murmur,1
Aortic stenosis,Cardiology,1
Cardiac murmur,Cardiology,1
Atrial myxoma,Cardiology,1
Atrial myxoma,Neoplasia,1
Acute Kidney Injury,Renal,1
GFR,Renal,1
Nephrology,Polyuria,1
Nephrology,Urine specific gravity,1
Polyuria,Urine specific gravity,1
Bacteriology,Hemodialysis,1
Hemodialysis,Infectious Diseases,1
Disease recurrence,Nephrology,1
Disease recurrence,Renal,1
Biochemistry,Copper Metabolism,1
Copper Metabolism,Genetics & Molecular Biology,1
Hematinics,Iron deficiency anemia,1
Iron metabolism,Microcytic anemia,1
Alcoholic liver disease,Hematopathology,1
Alcoholic liver disease,Hemolytic anemia,1
Embryonic hemoglobins,Hematopathology,1
Embryonic hemoglobins,Hemoglobin variants,1
Hematopathology,Hemoglobin variants,1
Electrolyte Imbalance,Transfusion Medicine,1
CNS involvement,Leukemia,1
Neoplasms,Vascular,1
Carbohydrate Metabolism,Insulin signaling,1
Insulin,Renal,1
Carbohydrate Metabolism,Glycemic control,1
Glycemic Control,Glycemic control,1
Carbohydrate Metabolism,Diabetes Management,1
Endocrine,Hyperpigmentation,1
Endocrinology,Hyperaldosteronism,1
Acid-base disorders,Electrolyte Imbalance,1
Acid-base disorders,Electrolyte imbalance,1
Electrolyte Imbalance,Electrolyte imbalance,1
Cobalamin deficiency,Hematopathology,1
Cobalamin deficiency,Neurology,1
Electrolyte Disorders,Hypernatremia,1
Hypernatremia,Neurology,1
Electrolyte Disorders,Hyponatremia,1
Demyelinating Disease,Multiple Sclerosis,1
EEG,Metabolic Encephalopathy,1
Consciousness assessment,Glasgow Coma Scale,1
Emergency Medicine,Neuroanatomy,1
Head Injury,Neuroanatomy,1
Head injury,Neuroanatomy,1
General Medicine,Head Injury,1
General Medicine,Head injury,1
Atherosclerosis,Vascular,1
EEG patterns,Neurological Disorders,1
EEG patterns,Neurological disorders,1
Brainstem Death,Brainstem death,1
Brainstem Death,Neurology,1
Brainstem death,Neurology,1
Multiple Sclerosis,Neurology,1
Movement disorder,Parkinson'S Disease,1
Movement disorder,Parkinson's disease,1
Metal toxicity,Parkinsonism,1
Isaac Syndrome,Isaac syndrome,1
Isaac Syndrome,Peripheral nerve excitability,1
Isaac syndrome,Peripheral nerve excitability,1
Alzheimer'S Disease,Alzheimer's disease,1
Antiviral Therapy,Antiviral therapy,1
Antiviral Therapy,SSPE,1
Antiviral therapy,SSPE,1
Dialysis Complications,Dialysis complications,1
Epilepsy,Inborn Errors of Metabolism,1
Bone Diseases,Paget'S Disease,1
Bone Diseases,Paget's Disease,1
Paget'S Disease,Paget's Disease,1
Kaposi Sarcoma,Neoplasia,1
Hepatic Encephalopathy,Systemic Pathology,1
Juvenile Idiopathic Arthritis,Neonatology,1
Neonatology,Rheumatology,1
Calcium Disorders,Calcium disorders,1
Dermatology,Oral Ulceration,1
Epidemiology,Oral Ulceration,1
Dermatology,LAMB Syndrome,1
Dermatology,Lamb Syndrome,1
Epidemiology,LAMB Syndrome,1
Epidemiology,Lamb Syndrome,1
LAMB Syndrome,Lamb Syndrome,1
Breast & Endocrine Surgery,Wound Management,1
Microbiology,Wound Management,1
Cell Biology,Extracellular Matrix,1
Environment & Occupational Health,Oral Manifestations,1
Emergency Medicine,Immunology,1
Fluid Resuscitation,Hemorrhagic Shock,1
Fluid Resuscitation,Trauma,1
General Medicine,Immunopathology,1
Environmental Medicine,Heat-related illness,1
General Medicine,Shock,1
Adverse Drug Effects,General Medicine,1
Adverse drug effects,General Medicine,1
Environment & Occupational Health,Wound Classification,1
Environment & Occupational Health,Wound classification,1
Wound Classification,Wound classification,1
Neoplasia,Paraneoplastic Syndromes,1
Paraneoplastic Syndromes,Renal,1
Lithotripsy,Urology,1
Lumbar Canal Stenosis,Neurogenic claudication,1
Lumbar canal stenosis,Neurogenic claudication,1
Cholestasis,Neonatology,1
Cholestasis,Systemic Pathology,1
Dermatology,Premalignant Skin Lesions,1
Premalignant Skin Lesions,Systemic Pathology,1
Fractures,Thoracic Outlet Syndrome,1
Celiac Artery Compression Syndrome,Vascular,1
Urinary Incontinence,Urinary incontinence,1
Antimicrobials,Surgical prophylaxis,1
Pelvic Anatomy,Urethral injuries,1
Pelvic anatomy,Urethral injuries,1
Bladder injuries,Pelvic Anatomy,1
Bladder injuries,Pelvic anatomy,1
Interventional Radiology,Urethral Injuries,1
Interventional Radiology,Urethral injuries,1
Breast & Endocrine Surgery,Short Bowel Syndrome,1
Breast & Endocrine Surgery,Short bowel syndrome,1
Epidemiology,Short Bowel Syndrome,1
Epidemiology,Short bowel syndrome,1
Short Bowel Syndrome,Short bowel syndrome,1
Appendicitis,CT & MRI,1
Appendicitis,Surgical Management,1
CT & MRI,Surgical Management,1
Colorectal Surgery,General Surgery,1
Esophageal Perforation,General Medicine,1
Gastric Carcinoma,Telomerase,1
Gastric carcinoma,Telomerase,1
Molecular pathology,Telomerase,1
Biliary Tract,General Surgery,1
Biliary Tract,Hepatobiliary,1
General Surgery,Hepatobiliary,1
Abdominal Imaging,Gastrointestinal,1
Breast & Endocrine Surgery,Hirschsprung Disease,1
Breast & Endocrine Surgery,Hirschsprung disease,1
Hirschsprung Disease,Hirschsprung disease,1
Hirschsprung Disease,Neonatology,1
Hirschsprung disease,Neonatology,1
Hepatobiliary Surgery,Pancreatic Cancer,1
Colorectal Surgery,Surgical Oncology,1
Achalasia,Esophageal disorders,1
Esophageal Carcinoma,Esophageal carcinoma,1
Esophageal Carcinoma,Neoplasia,1
Esophageal Carcinoma,Surgical management,1
Esophageal carcinoma,Neoplasia,1
Esophageal carcinoma,Surgical management,1
Neoplasia,Surgical management,1
Autoimmune Diseases,Salivary Gland Disorders,1
Hemolytic Anemia,Pigment Gallstones,1
Gastrinoma,Gastrointestinal,1
Fractures,Wound Management,1
Lymphatic Malformations,Lymphatic malformations,1
Lymphatic Malformations,Pediatric Pathology,1
Lymphatic malformations,Pediatric Pathology,1
Breast & Endocrine Surgery,Hypocalcemia,1
Breast & Endocrine Surgery,Thyroidectomy Complications,1
Breast & Endocrine Surgery,Thyroidectomy complications,1
Hypocalcemia,Thyroidectomy Complications,1
Hypocalcemia,Thyroidectomy complications,1
Thyroidectomy Complications,Thyroidectomy complications,1
Hemorrhage,Surgical Complications,1
General Surgery,Laparoscopy,1
Gallbladder Disease,Gallbladder disease,1
Gallbladder Disease,Systemic Pathology,1
Gallbladder disease,Systemic Pathology,1
Neoplasia,Risk factors,1
Neoplasia,Urothelial Carcinoma,1
Neoplasia,Urothelial carcinoma,1
Risk factors,Urothelial Carcinoma,1
Risk factors,Urothelial carcinoma,1
Urothelial Carcinoma,Urothelial carcinoma,1
IVC thrombus,Investigation,1
IVC thrombus,Renal,1
Investigation,Renal,1
LCIS,Neoplasia,1
LCIS,Precancerous Lesions,1
LCIS,Precancerous lesions,1
Neoplasia,Precancerous lesions,1
Precancerous Lesions,Precancerous lesions,1
GERD,Gastroenterology,1
Gastrointestinal Surgery,Gastrojejunostomy,1
Gastrojejunostomy,General Surgery,1
Gastroenterology,Zollinger-Ellison syndrome,1
Breast & Endocrine Surgery,Cryosurgery,1
Breast & Endocrine Surgery,Surgical techniques,1
Cryosurgery,Surgical techniques,1
Emergency Medicine,Primary Survey,1
Emergency Medicine,Secondary Survey,1
Breast & Endocrine Surgery,Thyroidectomy,1
Head & Neck,Thyroidectomy,1
Branchial Cyst,Head & Neck,1
Breast & Endocrine Surgery,Endocrinology,1
Endocrinology,Thyroid disorders,1
Breast & Endocrine Surgery,Goiter,1
Epidemiology,Goiter,1
Breast & Endocrine Surgery,Thorax,1
Head And Neck Oncology,Oral Cavity,1
Head and Neck Oncology,Oral Cavity,1
Lymphoma,Small bowel disease,1
Esophageal Rupture,Esophageal rupture,1
Esophageal Rupture,Thoracic anatomy,1
Esophageal rupture,Thoracic anatomy,1
Odontogenic Cysts,Systemic Pathology,1
Esophageal Motility Disorders,General Medicine,1
Gastric Disorders,General Medicine,1
Gastrointestinal Surgery,Pancreatic Surgery,1
Chest wall muscles,Intercostal muscles,1
Chest wall muscles,Thorax,1
Intercostal muscles,Thorax,1
Breast & Endocrine Surgery,Patey's mastectomy,1
Patey's mastectomy,Surgical oncology,1
Nerve Injuries,Upper Limb,1
Environment & Occupational Health,Oral Cavity Carcinoma,1
Environment & Occupational Health,Oral cavity carcinoma,1
Oral Cavity Carcinoma,Oral cavity carcinoma,1
Oral Cavity Carcinoma,Systemic Pathology,1
Oral cavity carcinoma,Systemic Pathology,1
General Medicine,Peptic Ulcer Disease,1
General Medicine,Peptic ulcer disease,1
General Surgery,Peptic Ulcer Disease,1
General Surgery,Peptic ulcer disease,1
Priapism,Surgical Procedures,1
Neuroanatomy,Urology,1
Neuroanatomy,Urogenital Radiology,1
General Medicine,Thoracic Surgery,1
General Surgery,Thoracic Surgery,1
Health Care Delivery,Neuroanatomy,1
Fractures,Musculoskeletal Imaging,1
Interventional Radiology,Musculoskeletal Imaging,1
Histology,Sutures,1
Anemia,Erythropoietin,1
Neonatology,Oligohydramnios,1
Cardiothoracic Ratio,Cardiothoracic ratio,1
Cardiothoracic Ratio,Neonatology,1
Cardiothoracic ratio,Neonatology,1
Neonatal Sepsis,Pneumonia,1
Congenital heart disease,Cyanotic Spells,1
Congenital heart disease,Cyanotic spells,1
Cyanotic Spells,Cyanotic spells,1
Endocrine Pharmacology,Porphyria,1
Epidemiology,Porphyria,1
Fetal Medicine,Hematopathology,1
Fetal medicine,Hematopathology,1
Gastrointestinal Surgery,Meckel's diverticulum,1
Gastrointestinal Surgery,Obstetric Complications,1
Meckel's diverticulum,Obstetric Complications,1
Fabry disease,Inborn Errors Of Metabolism,1
Fabry disease,Inborn errors of metabolism,1
Fabry disease,X-linked metabolic disorder,1
Inborn Errors Of Metabolism,X-linked metabolic disorder,1
Inborn errors of metabolism,X-linked metabolic disorder,1
Gene mutations,Genetics & Molecular Biology,1
Gene mutations,Growth & Development,1
Cornea & Refractive,Gastroenterology,1
Neonatal Encephalopathy,Neonatology,1
Neonatal Encephalopathy,Systemic Pathology,1
Congenital Anomalies,Systemic Pathology,1
Birth Injuries,Neonatal Disorders,1
Kwashiorkor,Vitamins & Nutrition,1
Henoch-Schönlein purpura,Vasculitis,1
Paediatric emergency,Shock,1
Dopamine dosage,Inotropic support,1
Dopamine dosage,Shock Management,1
Dopamine dosage,Shock management,1
Inotropic support,Shock Management,1
Inotropic support,Shock management,1
Shock Management,Shock management,1
Congenital syphilis,Infectious Diseases,1
Congenital syphilis,Neonatal diagnosis,1
Genetic Skin Disorders,Lipoid proteinosis,1
Genetic Skin Disorders,Pediatric dermatology,1
Genetic skin disorders,Lipoid proteinosis,1
Genetic skin disorders,Pediatric dermatology,1
Lipoid proteinosis,Pediatric dermatology,1
Diarrheal Diseases,Zinc Supplementation,1
Immunization,Japanese Encephalitis,1
Consanguinity,Genetic Disorders,1
Hematopathology,Therapeutic phlebotomy,1
Immunoglobulin therapy,Kawasaki Disease,1
Immunoglobulin therapy,Kawasaki disease,1
Cerebral angiography,Moyamoya Disease,1
Cerebral angiography,Moyamoya disease,1
Moyamoya Disease,Moyamoya disease,1
Bone Pathology,Bone remodeling,1
Bone Pathology,Osteoclast,1
Bone pathology,Bone remodeling,1
Bone pathology,Osteoclast,1
Bone remodeling,Osteoclast,1
CNS Physiology,Calcium Homeostasis,1
CNS Physiology,Calcium homeostasis,1
Calcium Homeostasis,Calcium homeostasis,1
Calcium Homeostasis,Neuroanatomy,1
Calcium homeostasis,Neuroanatomy,1
Fractures,Histology,1
Epicondylitis,Tennis Elbow,1
Epicondylitis,Tennis elbow,1
Epicondylitis,Upper Limb,1
Tennis Elbow,Tennis elbow,1
Tennis Elbow,Upper Limb,1
Tennis elbow,Upper Limb,1
Finger injuries,Hand Injuries,1
Finger injuries,Hand injuries,1
Finger injuries,Trauma,1
Hand Injuries,Hand injuries,1
Hand Injuries,Trauma,1
Hand injuries,Trauma,1
Fractures,Surgical indications,1
Surgical indications,Trauma,1
Fractures,Hand And Wrist,1
Fractures,Hand and Wrist,1
General Medicine,Metabolic Bone Disease,1
Bone Defects,Fractures,1
Radial Nerve Injury,Radial nerve injury,1
Radial Nerve Injury,Splinting,1
Radial nerve injury,Splinting,1
POP cast,Plaster Of Paris Cast,1
POP cast,Plaster application,1
POP cast,Plaster of Paris cast,1
Plaster Of Paris Cast,Plaster application,1
Plaster Of Paris Cast,Plaster of Paris cast,1
Plaster application,Plaster of Paris cast,1
Hip Arthroplasty,Hip arthroplasty,1
Hip Arthroplasty,Uncemented prosthesis,1
Hip arthroplasty,Uncemented prosthesis,1
Osteonecrosis,Systemic Pathology,1
Fractures,Scoliosis,1
Fractures,Spinal Disorders,1
Neuroanatomy,Shoulder,1
Elbow,Neuroanatomy,1
Physical examination,Shoulder Dislocation,1
Physical examination,Shoulder dislocation,1
Shoulder Dislocation,Shoulder dislocation,1
Cubitus Valgus,Cubitus valgus,1
Cubitus Valgus,Elbow deformity,1
Cubitus valgus,Elbow deformity,1
Breast & Endocrine Surgery,Vascular,1
Knee anatomy,Meniscal Injuries,1
Knee anatomy,Meniscal injuries,1
Meniscal Injuries,Meniscal injuries,1
Carpal Tunnel Syndrome,Carpal tunnel syndrome,1
Carpal Tunnel Syndrome,General Medicine,1
Carpal tunnel syndrome,General Medicine,1
Hand Deformities,Joints & Arthritis,1
Equinus,Lower Limb,1
Foot And Ankle,Fractures,1
Foot and Ankle,Pes Cavus,1
Fractures,Pes Cavus,1
Gait Abnormalities,Gait abnormalities,1
Gait Abnormalities,Growth & Development,1
Gait abnormalities,Growth & Development,1
Blount disease,Fractures,1
Blount disease,Genu varum,1
Fractures,Genu varum,1
Metabolic Bone Disease,Paget Disease,1
Chondrosarcoma,Neoplasia,1
Musculoskeletal Radiology,Radiographic signs,1
Neoplasia,Radiographic signs,1
Rheumatoid arthritis,Rheumatology,1
Rheumatoid arthritis,Spinal involvement,1
Rheumatology,Spinal involvement,1
Foot And Ankle Disorders,Foot and Ankle Disorders,1
Foot And Ankle Disorders,Hammer toe,1
Foot And Ankle Disorders,Rheumatoid arthritis,1
Foot and Ankle Disorders,Hammer toe,1
Foot and Ankle Disorders,Rheumatoid arthritis,1
Hammer toe,Rheumatoid arthritis,1
Infections of Bone & Joint,Vaginal Discharge,1
Vaginal Discharge,Vaginal discharge,1
Antenatal Care,Fetal movements,1
Gestational Trophoblastic Disease,Systemic Pathology,1
Fetal Position,Fetal position,1
Fetal Position,Neuroanatomy,1
Fetal Position,Obstetric Complications,1
Fetal position,Neuroanatomy,1
Fetal position,Obstetric Complications,1
Abortion,Endocrine Pharmacology,1
Abortion,Obstetric Complications,1
Maternal Physiology,Maternal physiology,1
Maternal Physiology,Obstetric Complications,1
Maternal physiology,Obstetric Complications,1
Fetal Presentation,Obstetric Anatomy,1
Gestational Age,Obstetric Complications,1
Pelvic floor surgery,Uterine Prolapse,1
Pelvic floor surgery,Uterine prolapse,1
Congenital uterine anomalies,Mayer-Rokitansky-Küster-Hauser Syndrome,1
Congenital uterine anomalies,Mayer-Rokitansky-Küster-Hauser syndrome,1
Mayer-Rokitansky-Küster-Hauser Syndrome,Mayer-Rokitansky-Küster-Hauser syndrome,1
Antenatal Care,Fetal Weight Estimation,1
Antenatal Care,Fetal weight estimation,1
Fetal Weight Estimation,Fetal weight estimation,1
Precocious Puberty,Puberty,1
Antenatal Care,HCG,1
Gestational Age,HCG,1
Human Placental Lactogen,Lactation,1
Human Placental Lactogen,Placenta,1
Lactation,Placenta,1
Hypogonadotropic Hypogonadism,Kallmann Syndrome,1
Genetics & Molecular Biology,Kallmann Syndrome,1
Genetics & Molecular Biology,Neuroanatomy,1
Folic acid supplementation,Neural Tube Defects,1
Folic acid supplementation,Neural tube defects,1
Folic acid supplementation,Prenatal care,1
Neural Tube Defects,Prenatal care,1
Neural tube defects,Prenatal care,1
Contraception,Gynecological contraindications,1
Gynecological contraindications,IUD,1
Fetal Surveillance,Interventional Radiology,1
Fetal surveillance,Interventional Radiology,1
Bishop Score,Cervical Assessment,1
Bishop Score,Obstetric Complications,1
Cervical Assessment,Obstetric Complications,1
Implantation,Uterine Receptivity,1
Placenta,Uteroplacental Circulation,1
Hormone Levels,Premature Ovarian Failure,1
Biochemistry,Infertility,1
Maternal Age,Obstetric Complications,1
Contraception,Oral Contraceptive Pills,1
Dermoid Cyst,Ovarian Cysts,1
Caesarean Section,Obstetric Complications,1
Cervical Pathology,Gynecologic Oncology,1
Cervical Pathology,Nabothian Cyst,1
Gynecologic Oncology,Nabothian Cyst,1
Epidemiology,Gynecological Oncology,1
Cervical Dysplasia,LEEP,1
Cervical Dysplasia,Local Excision,1
LEEP,Local Excision,1
Cervical Cancer,Radical Hysterectomy,1
Cervical Cancer,Wertheim's,1
Radical Hysterectomy,Wertheim's,1
Airway Management,CIN III,1
Airway Management,Cervical Dysplasia,1
CIN III,Cervical Dysplasia,1
Contracted Pelvis,Neuroanatomy,1
Contracted Pelvis,Obstetric Complications,1
Gynecologic Oncology,Vulvar Cancer,1
Antenatal Care,Conjoined Twins,1
Antenatal Care,Conjoined twins,1
Conjoined Twins,Conjoined twins,1
Conjoined Twins,Obstetric Complications,1
Conjoined twins,Obstetric Complications,1
Antenatal Care,Uterine Height,1
Antenatal Care,Uterine height,1
Obstetric Complications,Uterine Height,1
Obstetric Complications,Uterine height,1
Uterine Height,Uterine height,1
Obstetric Complications,Perineal Tear Classification,1
Chorionic Villus Sampling,Obstetric Complications,1
Antenatal Care,Microbiology,1
Epidemiology,Gestational Trophoblastic Disease,1
Antenatal Care,Prognosis,1
Antenatal Care,Chlamydia,1
Antenatal Care,Uterine Ligaments,1
Histology,Ovary,1
Decidua,Placental Separation,1
Epidermis,Neuroanatomy,1
Acne Vulgaris,Acne vulgaris,1
Acne Vulgaris,Endocrine Pharmacology,1
Acne vulgaris,Dermatology,1
Acne vulgaris,Endocrine Pharmacology,1
Dermatology,Epidermal Nevus,1
Dermatology,Epidermal nevus,1
Epidermal Nevus,Epidermal nevus,1
Epidermal Nevus,Neuroanatomy,1
Epidermal nevus,Neuroanatomy,1
Dermatology,Pigmented Disorders,1
Dermatology,Pigmented disorders,1
Neonatology,Pigmented Disorders,1
Neonatology,Pigmented disorders,1
Pigmented Disorders,Pigmented disorders,1
Acquired Inflammatory Skin Rashes,Acquired inflammatory skin rashes,1
Acquired Inflammatory Skin Rashes,Dermatology,1
Acquired inflammatory skin rashes,Dermatology,1
Dermatology,Seborrhic Dermatitis,1
Dermatology,Seborrhic dermatitis,1
Microbiology,Seborrhic Dermatitis,1
Microbiology,Seborrhic dermatitis,1
Seborrhic Dermatitis,Seborrhic dermatitis,1
General Medicine,Psoriatic Arthritis,1
Antimicrobial Therapy,Dermatology,1
Antimicrobial therapy,Dermatology,1
Lichen Planus,Skin Lesions,1
Dermatology,Hemorrhagic Lesions,1
Hemorrhagic Lesions,Skin Lesions,1
Dermatology,Maculae Cerulea,1
Dermatology,Skin Signs,1
Maculae Cerulea,Skin Signs,1
Dermatology,Incontinentia Pigmenti,1
Dermatology,Incontinentia pigmenti,1
Incontinentia Pigmenti,Incontinentia pigmenti,1
Obstetric Complications,Scabies,1
Bowen'S Disease,Bowen's disease,1
Bowen'S Disease,Dermatology,1
Bowen'S Disease,Systemic Pathology,1
Bowen's disease,Dermatology,1
Bowen's disease,Systemic Pathology,1
Dermatology,Pemphigus Vulgaris,1
Dermatology,Pemphigus vulgaris,1
Pemphigus Vulgaris,Systemic Pathology,1
Pemphigus vulgaris,Systemic Pathology,1
Dermatology,Sexually Transmitted Diseases,1
Dermatology,Sexually transmitted diseases,1
Microbiology,Sexually Transmitted Diseases,1
Microbiology,Sexually transmitted diseases,1
Sexually Transmitted Diseases,Sexually transmitted diseases,1
Blaschko Lines,Blaschko lines,1
Blaschko Lines,Dermatology,1
Blaschko Lines,Neuroanatomy,1
Blaschko lines,Dermatology,1
Blaschko lines,Neuroanatomy,1
Lichen Planus,Systemic Pathology,1
Lichen planus,Systemic Pathology,1
Aspiration Pneumonia,Aspiration pneumonia,1
Anaesthesia Circuits,Anaesthesia circuits,1
Anaesthesia Circuits,Neonatology,1
Anaesthesia Circuits,Regional Anaesthesia,1
Anaesthesia circuits,Neonatology,1
Anaesthesia circuits,Regional Anaesthesia,1
Obstetric Complications,Uterine Relaxation,1
Obstetric Complications,Uterine relaxation,1
Regional Anaesthesia,Uterine Relaxation,1
Regional Anaesthesia,Uterine relaxation,1
Uterine Relaxation,Uterine relaxation,1
Endocrine Pharmacology,General anaesthetics,1
General Anaesthetics,General anaesthetics,1
General anaesthetics,Regional Anaesthesia,1
Endocrine Pharmacology,Raised Intracranial Pressure,1
Raised Intracranial Pressure,Regional Anaesthesia,1
Endocrine Pharmacology,Ketamine,1
CNS Physiology,Diffusion Hypoxia,1
Diffusion Hypoxia,Regional Anaesthesia,1
Nerve Blocks,Obstetric Complications,1
Nerve Blocks,Regional Anaesthesia,1
Complications Of Neuraxial Anesthesia,Complications of neuraxial anesthesia,1
Complications Of Neuraxial Anesthesia,Obstetric Complications,1
Complications Of Neuraxial Anesthesia,Regional Anaesthesia,1
Complications of neuraxial anesthesia,Obstetric Complications,1
Complications of neuraxial anesthesia,Regional Anaesthesia,1
Neuraxial Block,Neuraxial block,1
Neuraxial Block,Regional Anaesthesia,1
Neuraxial block,Regional Anaesthesia,1
Contraindications,Neuraxial Blockade,1
Contraindications,Neuraxial blockade,1
Neuraxial Blockade,Neuraxial blockade,1
Maternal mortality,Obstetric anesthesia,1
Maternal mortality,Spinal Anesthesia,1
Maternal mortality,Spinal anesthesia,1
Obstetric anesthesia,Spinal Anesthesia,1
Obstetric anesthesia,Spinal anesthesia,1
Spinal Anesthesia,Spinal anesthesia,1
Cauda equina syndrome,Local Anaesthetics,1
Cauda equina syndrome,Spinal anesthesia,1
Local Anaesthetics,Spinal anesthesia,1
Infiltration anaesthesia,Local Anaesthetic Techniques,1
Infiltration anaesthesia,Local anaesthetic techniques,1
Infiltration anaesthesia,Regional Anaesthesia,1
Local Anaesthetic Techniques,Local anaesthetic techniques,1
Local Anaesthetic Techniques,Regional Anaesthesia,1
Local anaesthetic techniques,Regional Anaesthesia,1
Anaesthesia Equipment,Anaesthesia equipment,1
Neuromuscular Blocking Agents,Neuromuscular Junction,1
Cochlear Implant,MRI Safety,1
Cochlear Implant,Mri Safety,1
Cochlear Implant,Pacemaker,1
MRI Safety,Pacemaker,1
Mri Safety,Pacemaker,1
Interventional Radiology,Radiation Toxicity,1
Biochemistry,PET imaging,1
Biochemistry,Pet Imaging,1
Interventional Radiology,PET imaging,1
Interventional Radiology,Pet Imaging,1
PET imaging,Pet Imaging,1
Interventional Radiology,Surgical Oncology,1
Nuclear Medicine,Radiation Physics,1
Chest radiology,Pulmonology,1
CT chest,Thorax,1
Diagnostic imaging,Trauma,1
Cardiology,Gastrointestinal,1
General Medicine,Neuroradiology,1
Musculoskeletal Radiology,Systemic Pathology,1
Epidemiology,Neuroimaging,1
CT scan,Epidural Hematoma,1
CT scan,Epidural hematoma,1
Epidural Hematoma,Epidural hematoma,1
CT scan,Subarachnoid Hemorrhage,1
CT scan,Subarachnoid hemorrhage,1
Interventional Radiology,Optic Neuritis,1
Interventional Radiology,Optic neuritis,1
Optic Neuritis,Squint & Pediatric Ophthalmology,1
Optic neuritis,Squint & Pediatric Ophthalmology,1
Neuroleptic Malignant Syndrome,Obstetric Complications,1
Neuroleptic malignant syndrome,Obstetric Complications,1
Korsakoff Syndrome,Korsakoff syndrome,1
Korsakoff Syndrome,Neuroanatomy,1
Korsakoff syndrome,Neuroanatomy,1
Gender Identity Disorder,Sex Reassignment Surgery,1
SUBJ:Psychiatry,SUBJ:Surgery,1
Attention Deficit Hyperactivity Disorder,Neonatology,1
Self-Harm,Self-harm,1
Child Psychiatry,Thought Disorders,1
Opioid Analgesics,Opioid Withdrawal,1
Phototherapy,Seasonal Affective Disorder,1
Phototherapy,Seasonal affective disorder,1
Seasonal Affective Disorder,Seasonal affective disorder,1
SUBJ:Psychiatry,SUBJ:Dermatology,1
Antipsychotics,Mood Disorders,1
Endocrine Pharmacology,Tourette Syndrome,1
Endocrine Pharmacology,Tourette syndrome,1
Child Psychiatry,Tic Disorders,1
Child Psychiatry,Tic disorders,1
Tic Disorders,Tic disorders,1
Antidotes,Epidemiology,1
Child Psychiatry,General Paralysis Of Insane,1
Child Psychiatry,General Paralysis of Insane,1
General Paralysis Of Insane,General Paralysis of Insane,1
Child Psychiatry,Oppositional Defiant Disorder,1
CNS Stimulants,Child Psychiatry,1
Child Psychiatry,Cns Stimulants,1
Child Psychiatry,Mood Stabilizers,1
Electroconvulsive Therapy,Regional Anaesthesia,1
Electroconvulsive therapy,Regional Anaesthesia,1
Child Psychiatry,Treatment Resistance,1
Child Psychiatry,Treatment resistance,1
Treatment Resistance,Treatment resistance,1
Antipsychotic side effects,Child Psychiatry,1
Electroconvulsive Therapy,Psychiatric management,1
Electroconvulsive therapy,Psychiatric management,1
Catatonia,Electroconvulsive Therapy,1
Catatonia,Electroconvulsive therapy,1
Electroconvulsive Therapy,Schizophrenia & Psychosis,1
Electroconvulsive therapy,Schizophrenia & Psychosis,1
Child Psychiatry,Electroconvulsive therapy,1
Electroconvulsive therapy,General Medicine,1
General Medicine,Neuroregression,1
Neonatology,Neuroregression,1
Obstetric anatomy,Pelvic Diameters,1
Obstetric anatomy,Pelvic diameters,1
Pelvic Diameters,Pelvic diameters,1
Embryology,Neurology,1
Urogenital System,Urogenital system,1
Cranial Nerves,Embryology,1
Growth & Development,Urogenital System,1
Embryology,Tonsil,1
Growth & Development,Tonsil,1
Bone Morphology,Skeletal System,1
Bone Morphology,Upper Limb,1
Skeletal System,Upper Limb,1
Biliary system,Health Care Delivery,1
Neurohypophysis,Pituitary Gland,1
Neurohypophysis,Pituitary gland,1
Auerbach'S Plexus,Auerbach's plexus,1
Small Intestine,Small intestine,1
Peripheral Nerve,Peripheral Nerve Injury,1
Peripheral Nerve,Upper Limb,1
Peripheral Nerve Injury,Upper Limb,1
Scapula,Shoulder,1
Scapula,Upper Limb,1
Carpal Tunnel,Upper Limb,1
Carpal Tunnel,Wrist,1
Muscle Attachments,Upper Limb,1
Knee,Lower Limb,1
Autonomic,Nerve Root,1
Nerve Root,Peripheral Nervous System,1
Lower Limb,Plantar arch,1
Lower Limb,Peroneal tendons,1
Growth & Development,Pulmonology,1
Growth & Development,Thorax,1
Bronchial Tree Anatomy,Bronchial tree anatomy,1
Bronchial Tree Anatomy,Thorax,1
Bronchial tree anatomy,Thorax,1
Thoracic duct,Thorax,1
Aortic valve,Cardiac anatomy,1
Aortic valve,Cardiology,1
Cardiac anatomy,Cardiology,1
Coronary arteries,Myocardial infarction,1
Hilum of lung,Thoracic anatomy,1
Hilum of lung,Thorax,1
Thoracic anatomy,Thorax,1
Quadratus lumborum,Thoracolumbar Fascia,1
Quadratus lumborum,Thoracolumbar fascia,1
Thoracolumbar Fascia,Thoracolumbar fascia,1
Hernia & Abdominal Wall,Rectus sheath,1
Renal,Venous drainage,1
Abdomen,Lymphatic System,1
Anal Canal,Neuroanatomy,1
Duodenum,Neuroanatomy,1
Mesenteric Vessels,Mesenteric vessels,1
Mesenteric Vessels,Neuroanatomy,1
Mesenteric vessels,Neuroanatomy,1
Pelvic Fascia,Pelvis And Perineum,1
Pelvic Fascia,Pelvis and Perineum,1
Pelvic Fascia,Rectovesical Fascia,1
Pelvis And Perineum,Rectovesical Fascia,1
Pelvis and Perineum,Rectovesical Fascia,1
Pelvic Peritoneum,Pelvis And Perineum,1
Pelvic Peritoneum,Pelvis and Perineum,1
Pelvic Peritoneum,Perineal Muscles,1
Pelvis And Perineum,Perineal Muscles,1
Pelvis and Perineum,Perineal Muscles,1
Alcock's Canal,Pelvis And Perineum,1
Alcock's Canal,Pelvis and Perineum,1
Alcock's Canal,Pudendal Canal,1
Pelvis And Perineum,Pudendal Canal,1
Pelvis and Perineum,Pudendal Canal,1
Pharynx And Esophagus,Pharynx and esophagus,1
Abdomen,Peritoneal Cavity,1
Abdomen,Peritoneal cavity,1
Peritoneal Cavity,Peritoneal cavity,1
Hernia & Abdominal Wall,Reproductive,1
Kidney,Neuroanatomy,1
Ureter,Urinary system,1
Pelvic anatomy,Pelvis & Perineum,1
Pelvic anatomy,Ureter,1
Ureter,Urinary System,1
Gastrointestinal,Large Intestine,1
Gastrointestinal,Large intestine,1
Head And Neck,Lymphatic system,1
Cranial Nerves,Thorax,1
Cranial nerves,Thorax,1
Cranial Nerves,Environment & Occupational Health,1
Chorda tympani,Facial Nerve,1
Chorda tympani,Facial nerve,1
Chorda tympani,Parasympathetic fibers,1
Facial Nerve,Parasympathetic fibers,1
Facial nerve,Parasympathetic fibers,1
Cranial nerve anatomy,Hypoglossal Canal,1
Cranial nerve anatomy,Hypoglossal canal,1
Cranial nerve anatomy,Skull base,1
Hypoglossal Canal,Hypoglossal canal,1
Hypoglossal Canal,Skull base,1
Hypoglossal canal,Skull base,1
Eyelid Muscles,Eyelid muscles,1
Eyelid Muscles,Levator palpebrae superioris,1
Eyelid Muscles,Orbicularis oculi,1
Eyelid muscles,Levator palpebrae superioris,1
Eyelid muscles,Orbicularis oculi,1
Levator palpebrae superioris,Orbicularis oculi,1
Cranial nerves,Trigeminal Nerve,1
Neuroanatomy,Trigeminal Nerve,1
Neuroanatomy,Trigeminal nerve,1
Dural Venous Sinuses,Neuroanatomy,1
Cerebellar Peduncles,Cerebellar peduncles,1
Cerebellar Peduncles,Neuroanatomy,1
Cerebellar peduncles,Neuroanatomy,1
Cerebellar Tracts,Cerebellar tracts,1
Cerebellar Tracts,Neuroanatomy,1
Cerebellar tracts,Neuroanatomy,1
Spinal Cord,Spinal cord,1
Gastrointestinal,Mucosal folds,1
Cell biology,Subcellular Organelles,1
Cell biology,Subcellular organelles,1
Subcellular Organelles,Subcellular organelles,1
General Physiology,Membrane Transport,1
General Physiology,Nernst equation,1
Equilibrium potential,General Physiology,1
Electrophysiology,Membrane Transport,1
Cellular Physiology,Membrane Transport,1
Diffusion,Gas Exchange,1
Diffusion,Pulmonology,1
Body Fluids,Intracellular Fluid,1
Fluid Compartments,Intracellular Fluid,1
Body Fluids,Interstitial Fluid,1
Fluid Compartments,Interstitial Fluid,1
Cellular Physiology,Cellular physiology,1
C fibers,Pain And Temperature Pathways,1
C fibers,Pain and temperature pathways,1
C fibers,Spinothalamic tract,1
Pain And Temperature Pathways,Pain and temperature pathways,1
Pain And Temperature Pathways,Spinothalamic tract,1
Pain and temperature pathways,Spinothalamic tract,1
C fibers,Nerve Fiber Classification,1
C fibers,Nerve fiber classification,1
Nerve Fiber Classification,Nerve fiber classification,1
C fibers,Thermoreception,1
C fibers,Warmth sensation,1
Thermoreception,Warmth sensation,1
Cardiac Muscle,Cardiac muscle,1
Cardiac Muscle,T-tubules,1
Cardiac muscle,T-tubules,1
Muscle Physiology,Sarcomere,1
Muscle physiology,Sarcomere,1
Muscle Fiber Types,Muscle fiber types,1
Muscle Fiber Types,White fibers,1
Muscle fiber types,White fibers,1
CSF,Neuroanatomy,1
Neuroanatomy,Visual cortex,1
Neurophysiology,Visual pathway,1
CNS Physiology,Cranial Nerve Functions,1
Cranial Nerve Functions,Neuroanatomy,1
Endocrine Pharmacology,Serotonin Receptors,1
Bohr Effect,Oxygen-Hemoglobin Dissociation Curve,1
Bohr Effect,Fetal Circulation,1
Bohr Effect,Oxygen Transport,1
Internal Carotid Artery,Internal carotid artery,1
Renal,Renin-angiotensin system,1
Distal convoluted tubule,Renal,1
Lacis cells,Renal,1
Kidney Function Tests,Renal,1
Nephron Transport,Renal,1
Bile salt metabolism,Gastrointestinal,1
Gastrointestinal,Nutrient absorption,1
Bilirubin Metabolism,Urobilinogen,1
Bilirubin metabolism,Urobilinogen,1
Hematopathology,Hemoglobin Metabolism,1
Hematopathology,Hemoglobin metabolism,1
Hemoglobin Metabolism,Hemoglobin metabolism,1
Androgens,Enzyme inhibitors,1
Circadian rhythm,Cortisol,1
Circadian rhythm,Endocrine,1
Cortisol,Endocrine,1
Gene expression,Hormone Action,1
Gene expression,Hormone action,1
Gene expression,Intracellular receptors,1
Hormone Action,Hormone action,1
Hormone Action,Intracellular receptors,1
Hormone action,Intracellular receptors,1
Calcium signaling,Endocrine,1
Calcium signaling,Estrogen,1
Endocrine,Estrogen,1
Magnesium Metabolism,Magnesium metabolism,1
Magnesium Metabolism,Mineral homeostasis,1
Magnesium metabolism,Mineral homeostasis,1
Cellular components,Phosphate Metabolism,1
Cellular components,Phosphate metabolism,1
Phosphate Metabolism,Phosphate metabolism,1
Hematopathology,Sympathetic nervous system,1
Biochemistry,General Physiology,1
CNS Physiology,General Physiology,1
Biochemistry,Cell Signaling,1
CNS Physiology,Cranial nerves,1
Cytoskeleton,Protein Structure,1
Enzyme classification,Enzymology,1
Carbohydrate Metabolism,Oxidative Phosphorylation,1
Biochemistry,Mitochondria,1
Biochemistry,Carbohydrate Chemistry,1
Biochemistry,Citric Acid Cycle,1
Biochemistry,Cori'S Cycle,1
Biochemistry,Cori's Cycle,1
Cori'S Cycle,Cori's Cycle,1
Carbohydrate Metabolism,Glycogen Synthesis,1
Glycogen Synthesis,Uronic Acid Pathway,1
Carbohydrate Metabolism,Glycosylation,1
Carbohydrate Metabolism,Systemic Pathology,1
Biochemistry,Enzyme Classification,1
Lipoprotein,Steroidogenesis,1
Gastrointestinal,Small chain fatty acids,1
HMG CoA metabolism,Mevalonate Pathway,1
HMG CoA metabolism,Mevalonate pathway,1
Mevalonate Pathway,Mevalonate pathway,1
Amino Acid Metabolism,Neurotransmitter Synthesis,1
CNS Physiology,Protein Metabolism,1
Biochemistry,Creatinine Metabolism,1
Biochemistry,Creatinine metabolism,1
CNS Physiology,Creatinine Metabolism,1
CNS Physiology,Creatinine metabolism,1
Creatinine Metabolism,Creatinine metabolism,1
Biochemistry,Melanin Synthesis,1
Biochemistry,Melanin synthesis,1
Dermatology,Melanin Synthesis,1
Dermatology,Melanin synthesis,1
Melanin Synthesis,Melanin synthesis,1
Biochemistry,Urea cycle,1
Enzyme Localization,Urea Cycle,1
Metabolic Disorders,Urea Cycle,1
Biochemical Techniques,Protein Structure,1
Aminoacidopathies,Metabolic Disorders,1
Toxicity,Vitamin A,1
Toxicity,Vitamins & Nutrition,1
Teratogenicity,Vitamin A,1
Teratogenicity,Vitamins & Nutrition,1
Vitamin B1,Vitamins & Nutrition,1
Oxidative Stress,Oxidative stress,1
Oxidative Stress,Trace elements,1
Oxidative stress,Trace elements,1
Antenatal Care,Neural Tube Defects,1
Neural Tube Defects,Vitamins & Nutrition,1
Neural tube defects,Vitamins & Nutrition,1
Coenzymes,Niacin,1
Niacin,Vitamins & Nutrition,1
Nucleotide Metabolism,Purine synthesis,1
Nucleotide metabolism,Purine synthesis,1
Microbiology,Molecular Diagnostics,1
Microbiology,Molecular diagnostics,1
Biochemistry,Molecular Mimicry,1
Microbiology,Molecular Mimicry,1
RNA splicing,Rna Splicing,1
Flow Cytometry,Flow cytometry,1
Gene Regulation,Lac Operon,1
Protein Degradation,Ubiquitin Proteasome Pathway,1
Collagen,Extracellular Matrix,1
Biochemistry,Gastric Secretion,1
CNS Physiology,Gastric Secretion,1
Heme Synthesis,Porphyrin metabolism,1
Carbohydrate Metabolism,Glycemic Index,1
Carbohydrate Metabolism,Glycemic index,1
Glycemic Index,Glycemic index,1
Dubin Johnson syndrome,Porphyrin Metabolism,1
Dubin Johnson syndrome,Porphyrin metabolism,1
Ischemia,Necrosis,1
Bacterial Toxins,Necrobacillosis,1
Bacterial toxins,Necrobacillosis,1
Burns & Plastic,Trauma,1
Muscle Necrosis,Muscle necrosis,1
Muscle Necrosis,Typhoid fever,1
Muscle necrosis,Typhoid fever,1
Calcification,Systemic Pathology,1
Giant Cells,Neuroanatomy,1
Giant Cells,Systemic Pathology,1
Chemokines,Immunology,1
Inflammation & Healing,Leukocyte biology,1
Cell Regeneration,Muscle Physiology,1
Immunology,T-cell mediated disease,1
Anaphylaxis,Hypersensitivity,1
Anaphylaxis,Immunopathology,1
Biochemistry,Major Histocompatibility Complex,1
Immunology,Major Histocompatibility Complex,1
Immunology,Systemic sclerosis,1
Rheumatology,Systemic sclerosis,1
Systemic Sclerosis,Systemic sclerosis,1
Immunology,Polymyositis,1
Polymyositis,Rheumatology,1
Fragile X Syndrome,Fragile X syndrome,1
Fragile X Syndrome,Inheritance,1
Fragile X syndrome,Genetics & Molecular Biology,1
Fragile X syndrome,Inheritance,1
Genetics & Molecular Biology,HOX genes,1
Genetics & Molecular Biology,Hox Genes,1
Growth & Development,HOX genes,1
Growth & Development,Hox Genes,1
HOX genes,Hox Genes,1
CA-125,Endometriosis,1
CA-125,Neoplasia,1
Endometriosis,Neoplasia,1
Li-Fraumeni Syndrome,Li-Fraumeni syndrome,1
Li-Fraumeni Syndrome,Neoplasia,1
Li-Fraumeni Syndrome,p53,1
Li-Fraumeni syndrome,Neoplasia,1
Li-Fraumeni syndrome,p53,1
Neoplasia,p53,1
Colonoscopy,Familial Adenomatous Polyposis,1
Colonoscopy,Familial adenomatous polyposis,1
Colonoscopy,Genetic counseling,1
Familial Adenomatous Polyposis,Familial adenomatous polyposis,1
Familial Adenomatous Polyposis,Genetic counseling,1
Familial adenomatous polyposis,Genetic counseling,1
Cancers,Occupational Hazards,1
Cell Cycle,DNA Damage,1
Gynecologic Oncology,Hypercalcemia,1
Breast & Endocrine Surgery,Immunohistochemistry,1
General Medicine,Rheumatic Heart Disease,1
Myocardial Infarction,Systemic Pathology,1
Biliary Disorders,Biochemistry,1
Biliary Disorders,Hemolytic anemia,1
Coagulation Disorders,Factor V Leiden,1
Microangiopathic Hemolytic Anemia,Thrombotic Thrombocytopenic Purpura,1
Arneth Count,Neutrophil Left Shift,1
Spleen Pathology,Spleen pathology,1
Spleen Pathology,Systemic Pathology,1
Spleen pathology,Systemic Pathology,1
Chromosomal translocation,Lymphoma,1
Lymphoma,Oncogene,1
Bacterial Pathogenesis,Bacterial pathogenesis,1
Bacterial Pathogenesis,Gastric cancer,1
Bacterial pathogenesis,Gastric cancer,1
Granulomatous Disease,Granulomatous Lung Disease,1
Granulomatous Disease,Pulmonology,1
Granulomatous Lung Disease,Pulmonology,1
Lymphatic System,Pleural Diseases,1
Lymphatic System,Pulmonology,1
Pleural Diseases,Pulmonology,1
COPD,Chronic bronchitis,1
Chronic bronchitis,Copd,1
Liver Physiology,Liver physiology,1
Environment & Occupational Health,Gastroenterology,1
General Medicine,Inflammatory bowel disease,1
Inflammatory bowel disease,Systemic Pathology,1
General Medicine,Urogenital Neoplasms,1
General Medicine,Urogenital neoplasms,1
Systemic Pathology,Urogenital Neoplasms,1
Systemic Pathology,Urogenital neoplasms,1
Urogenital Neoplasms,Urogenital neoplasms,1
Staining Techniques,Staining techniques,1
Staining Techniques,Systemic Pathology,1
Staining techniques,Systemic Pathology,1
Choroid metastasis,Neoplasia,1
Neoplasia,Thyroid Gland,1
Neoplasia,Thyroid gland,1
Genetic mutations,Neoplasia,1
Autonomic,Systemic Pathology,1
Parkinson'S Disease,Protein folding,1
Parkinson's disease,Protein folding,1
Cytoskeleton,Microtubules,1
Adrenoleukodystrophy,Fatty acid metabolism,1
Gynecologic Oncology,Gynecological Pathology,1
Genetic Disorders,Neurocutaneous Disorders,1
Genetic Disorders,Neurofibromatosis,1
Neurocutaneous Disorders,Neurofibromatosis,1
Dermatology,Squint & Pediatric Ophthalmology,1
Neurofibromatosis,Squint & Pediatric Ophthalmology,1
Salivary Gland Imaging,Sjogren syndrome,1
Salivary gland imaging,Sjogren syndrome,1
Inflammation & Healing,Salivary gland pathology,1
Salivary Gland Imaging,Sialolithiasis,1
Salivary gland imaging,Sialolithiasis,1
General Medicine,Sjögren'S Syndrome,1
General Medicine,Sjögren's syndrome,1
Sjögren'S Syndrome,Sjögren's syndrome,1
Sjögren'S Syndrome,Systemic Pathology,1
Sjögren's syndrome,Systemic Pathology,1
Dermatology,Skin Cancers,1
Dermatology,Skin cancers,1
Skin Cancers,Skin cancers,1
Skin Cancers,Systemic Pathology,1
Skin cancers,Systemic Pathology,1
Endocrine Pharmacology,Muscarinic Antagonists,1
Endocrine Pharmacology,Muscarinic antagonists,1
Cholinesterase Inhibitors,Cholinesterase inhibitors,1
Cholinesterase Inhibitors,Endocrine Pharmacology,1
Cholinesterase inhibitors,Endocrine Pharmacology,1
Adenosine,Pharmacokinetics,1
Antianginal Drugs,Nicorandil,1
Antianginal drugs,Nicorandil,1
Antiarrhythmic Drugs,Long QT syndrome,1
Antiarrhythmic drugs,Long QT syndrome,1
Biochemistry,NSAIDs,1
Biochemistry,Nsaids,1
Endocrine Pharmacology,Prokinetic Drugs,1
Endocrine Pharmacology,Prokinetic drugs,1
General Medicine,Prokinetic Drugs,1
General Medicine,Prokinetic drugs,1
Prokinetic Drugs,Prokinetic drugs,1
Hyperuricemia,Neoplasia,1
Drug adverse effects,Migraine,1
Antimigraine Drugs,Migraine,1
Antimigraine drugs,Migraine,1
Migraine,Triptans,1
Asthma,Beta-2 Agonists,1
Asthma,Beta-2 agonists,1
Beta-2 Agonists,Beta-2 agonists,1
Beta-2 Agonists,Endocrine Pharmacology,1
Beta-2 agonists,Endocrine Pharmacology,1
Endocrine Pharmacology,Prostaglandin Analogues,1
Endocrine Pharmacology,Prostaglandin analogues,1
Glaucoma,Prostaglandin Analogues,1
Glaucoma,Prostaglandin analogues,1
Prostaglandin Analogues,Prostaglandin analogues,1
Agranulocytosis,Antithyroid Drugs,1
Agranulocytosis,Antithyroid drugs,1
Mifepristone,Progesterone Antagonists,1
Mifepristone,Progesterone antagonists,1
Mifepristone,Progesterone receptor antagonists,1
Progesterone Antagonists,Progesterone antagonists,1
Progesterone Antagonists,Progesterone receptor antagonists,1
Progesterone antagonists,Progesterone receptor antagonists,1
Acromegaly,Acromegaly Management,1
Acromegaly,Acromegaly management,1
Acromegaly,Cabergoline,1
Acromegaly Management,Acromegaly management,1
Acromegaly Management,Cabergoline,1
Acromegaly management,Cabergoline,1
Alpha-Glucosidase Inhibitors,Alpha-glucosidase inhibitors,1
Alpha-Glucosidase Inhibitors,Oral hypoglycemic agents,1
Alpha-glucosidase inhibitors,Oral hypoglycemic agents,1
Antihypertensive agents,Catecholamine Synthesis Inhibitors,1
Antihypertensive agents,Catecholamine synthesis inhibitors,1
Catecholamine Synthesis Inhibitors,Catecholamine synthesis inhibitors,1
Oral hypoglycemic agents,Sulfonylureas,1
Endocrine Pharmacology,Somatostatin Analogs,1
Endocrine Pharmacology,Somatostatin analogs,1
Somatostatin Analogs,Somatostatin analogs,1
Endocrine Pharmacology,Sulfonylureas,1
Antiparkinsonian drugs,Endocrine Pharmacology,1
Antiparkinsonian drugs,Epidemiology,1
Benzodiazepines,Pharmacokinetics,1
Antiepileptic Drugs,Seizure disorders,1
Antiepileptic drugs,Seizure disorders,1
Antidepressants,Neuropharmacology,1
Antidepressants,Anxiety & OCD,1
Anxiety & OCD,Psychopharmacology,1
Antipsychotics,Schizophrenia & Psychosis,1
Psychopharmacology,Schizophrenia & Psychosis,1
Antiparkinson Drugs,Antiparkinson drugs,1
Antiparkinson Drugs,Dopamine agonists,1
Antiparkinson Drugs,Pharmacokinetics,1
Antiparkinson drugs,Dopamine agonists,1
Antiparkinson drugs,Pharmacokinetics,1
Dopamine agonists,Pharmacokinetics,1
Antipsychotics,Ziprasidone,1
Nephrotoxic Drugs,Nephrotoxic drugs,1
Nephrotoxic Drugs,Renal,1
Nephrotoxic drugs,Renal,1
Antiepileptic Drugs,Levetiracetam,1
Antiepileptic drugs,Levetiracetam,1
Antifungal Agents,Squint & Pediatric Ophthalmology,1
Antifungal agents,Squint & Pediatric Ophthalmology,1
Antimalarial Drugs,General Medicine,1
Antimalarial drugs,General Medicine,1
Drug interactions,Nephrotoxicity,1
Gastrointestinal,Macrolides,1
Antimycobacterial Drugs,Leprosy,1
Antimycobacterial Drugs,Macrolides,1
Antimycobacterial drugs,Leprosy,1
Antimycobacterial drugs,Macrolides,1
Leprosy,Macrolides,1
Antiparasitic Drugs,Antiparasitic drugs,1
Antiparasitic Drugs,Infectious Diseases,1
Antiparasitic drugs,Infectious Diseases,1
Antimalarial Drugs,Retina,1
Antimalarial drugs,Retina,1
Antibacterial drugs,Oxazolidinones,1
Antihelminthic Drugs,Immunomodulators,1
Antihelminthic drugs,Immunomodulators,1
Antimycobacterial Drugs,Dermatology,1
Antimycobacterial drugs,Dermatology,1
Antihelminthic Drugs,Mechanism of action,1
Antihelminthic drugs,Mechanism of action,1
Antifungal Therapy,Antifungal agents,1
Antifungal Therapy,Pharmacokinetics,1
Antifungal agents,Antifungal therapy,1
Antifungal agents,Pharmacokinetics,1
Antifungal therapy,Pharmacokinetics,1
Antitubercular Drug Toxicity,Antitubercular drug toxicity,1
Antitubercular Drug Toxicity,Antitubercular drugs,1
Antitubercular Drug Toxicity,Hepatotoxicity,1
Antitubercular drug toxicity,Antitubercular drugs,1
Antitubercular drug toxicity,Hepatotoxicity,1
Antitubercular drugs,Hepatotoxicity,1
Antiretroviral therapy,Drug interactions,1
Antiretroviral therapy,Pharmacokinetic Drug Interactions,1
Antiretroviral therapy,Pharmacokinetic drug interactions,1
Drug interactions,Pharmacokinetic Drug Interactions,1
Drug interactions,Pharmacokinetic drug interactions,1
Pharmacokinetic Drug Interactions,Pharmacokinetic drug interactions,1
Endocrine Pharmacology,Surgical Prophylaxis,1
Endocrine Pharmacology,Surgical prophylaxis,1
General Surgery,Surgical Prophylaxis,1
General Surgery,Surgical prophylaxis,1
Antiplatelet Agents,Emergency Medicine,1
Antiplatelet agents,Emergency Medicine,1
Antiulcer drugs,H2 Receptor Antagonists,1
Antiulcer drugs,H2 receptor antagonists,1
H2 Receptor Antagonists,H2 receptor antagonists,1
Antiemetic drugs,Dopamine Antagonists,1
Antiemetic drugs,Dopamine antagonists,1
Dopamine Antagonists,Dopamine antagonists,1
Aminosalicylate drugs,Aminosalicylates,1
Antiemetic Drugs,Endocrine Pharmacology,1
Antiemetic drugs,Endocrine Pharmacology,1
Antiretroviral Therapy,Antiretroviral therapy,1
Antiretroviral Therapy,Endocrine Pharmacology,1
Antiretroviral Therapy,General Medicine,1
Antiretroviral therapy,Endocrine Pharmacology,1
Antiretroviral therapy,General Medicine,1
Chemotherapy Agents,General Medicine,1
Chemotherapy agents,General Medicine,1
Endocrine Pharmacology,Immunomodulatory Drugs,1
Endocrine Pharmacology,Immunomodulatory drugs,1
General Medicine,Immunomodulatory Drugs,1
General Medicine,Immunomodulatory drugs,1
Immunomodulatory Drugs,Immunomodulatory drugs,1
Anthracyclines,Cardiotoxicity,1
Biologic Agents,IL-6 inhibitors,1
Biologic agents,IL-6 inhibitors,1
Biologic Agents,IL-2 inhibitors,1
Biologic agents,IL-2 inhibitors,1
Antimetabolites,Endocrine Pharmacology,1
Antidiarrheal Agents,Antidiarrheal agents,1
Antidiarrheal Agents,Endocrine Pharmacology,1
Antidiarrheal agents,Endocrine Pharmacology,1
Endocrine Pharmacology,Wilson'S Disease,1
Endocrine Pharmacology,Wilson's disease,1
Epidemiology,Wilson'S Disease,1
Epidemiology,Wilson's disease,1
Wilson'S Disease,Wilson's disease,1
Drug-Induced Priapism,Drug-induced priapism,1
Drug-Induced Priapism,Endocrine Pharmacology,1
Drug-induced priapism,Endocrine Pharmacology,1
Chloride Channel Activators,Chloride channel activators,1
Alcohol Use Disorder,Endocrine Pharmacology,1
Grievous Injuries,Grievous injuries,1
Carpal Bones,Carpal bones,1
Fetal assessment,Gestational Age Assessment,1
Fetal assessment,Gestational age,1
Fetal assessment,Gestational age assessment,1
Gestational Age Assessment,Gestational age,1
Gestational Age Assessment,Gestational age assessment,1
Gestational age,Gestational age assessment,1
Bone Age Assessment,Bone age assessment,1
Bone Age Assessment,Interventional Radiology,1
Bone Age Assessment,Thanatology,1
Bone age assessment,Interventional Radiology,1
Bone age assessment,Thanatology,1
Interventional Radiology,Thanatology,1
Enzymology,Thanatology,1
Large intestine,Trauma,1
Gunpowder detection,Thanatology,1
Bullet types,Thanatology,1
Ballistics,Trauma,1
Thermal Injuries,Thermal injuries,1
Endocrine Pharmacology,Heavy Metal Poisoning,1
Endocrine Pharmacology,Heavy metal poisoning,1
Endocrine Pharmacology,Strychnine Poisoning,1
Endocrine Pharmacology,Strychnine poisoning,1
Cannabis,Pharmacognosy,1
CNS stimulants,Neuropharmacology,1
Cns Stimulants,Neuropharmacology,1
Alkaloids,Nux Vomica,1
Alkaloids,Nux vomica,1
Nux Vomica,Nux vomica,1
Drug dependence,Opioid Withdrawal,1
Drug dependence,Opioid withdrawal,1
Drug dependence,Substance Use,1
Phosphorus poisoning,Toxicology,1
Clinical Pharmacology,Toxicology,1
Genetics & Molecular Biology,Vertical Gene Transfer,1
Anaerobic Bacteria,Labor & Delivery,1
Labor & Delivery,Microbiology,1
Food Microbiology,Pasteurization,1
Microbiology,Pasteurization,1
Culture media,Sterilization & Hospital Infection,1
Bacterial Culture,Bacterial culture,1
Bacterial Culture,Culture media,1
Bacterial culture,Culture media,1
Endocrine Pharmacology,Meningitis,1
Endocrine Pharmacology,MRSA,1
Endocrine Pharmacology,Mrsa,1
MRSA,Microbiology,1
MRSA,Mrsa,1
Microbiology,Mrsa,1
Bacteriology,Legionella,1
Carrier detection,Epidemiology,1
Bacteriology,Shigella,1
Biochemistry,Enzyme Defects,1
Biochemistry,Enzyme defects,1
Enzyme Defects,Enzyme defects,1
Enzyme Defects,Microbiology,1
Enzyme defects,Microbiology,1
Microbiology,Spirochetes,1
Growth & Development,Microbiology,1
Cestodes,Microbiology,1
Microbiology,Nematodes,1
Endocrine Pharmacology,Vaccines,1
Epidemiology,Study Design,1
Immunization,Infant health,1
Immunization,Meningococcal vaccine,1
Infant health,Meningococcal vaccine,1
Epidemiology,Mumps,1
Epidemiology,Secondary attack rate,1
Mumps,Secondary attack rate,1
Epidemiology,Screening tests,1
Epidemiology,Sensitivity,1
Screening Tests,Screening tests,1
Screening Tests,Sensitivity,1
Screening tests,Sensitivity,1
Drug Resistance,Epidemiology,1
Drug Resistance,Tuberculosis,1
Carrier State,Carrier state,1
Carrier State,Epidemiology,1
Carrier State,Microbiology,1
Carrier state,Epidemiology,1
Carrier state,Microbiology,1
Filariasis,Microbiology,1
Pneumonia,Vaccination,1
Pneumonia,Vaccine Preventable Diseases,1
Pneumonia,Vaccine preventable diseases,1
Vaccination,Vaccine Preventable Diseases,1
Vaccination,Vaccine preventable diseases,1
Vaccine Preventable Diseases,Vaccine preventable diseases,1
Antibiotic therapy,Pneumonia,1
Antibiotic therapy,Pulmonology,1
Antimicrobials,Pneumonia,1
Epidemiology,Pertussis,1
General Medicine,Plague,1
National Health Programs,Squint & Pediatric Ophthalmology,1
Cornea & Refractive,Epidemiology,1
Measles,Public Health Programs,1
Biostatistics,Mortality Rates,1
Contraception,IUDs,1
Neonatal deaths,Perinatal Mortality,1
Neonatal deaths,Perinatal mortality,1
Perinatal Mortality,Perinatal mortality,1
Iron Deficiency Anemia,Vitamins & Nutrition,1
Amino Acids,Vitamins & Nutrition,1
Protein Chemistry,Vitamins & Nutrition,1
Air Pollution,Air pollution,1
Air Pollution,Environmental health,1
Malaria prevention,Vector Control,1
Malaria prevention,Vector control,1
ITBN Programme,Synthetic Pyrethroids,1
ITBN Programme,Vector Control,1
Synthetic Pyrethroids,Vector Control,1
LLINs,Pyrethroid Insecticides,1
LLINs,Vector Control,1
Pyrethroid Insecticides,Vector Control,1
Bacteriology,Coliform Count,1
Bacteriology,Water Microbiology,1
Coliform Count,Water Microbiology,1
Epidemiology,Social Determinants,1
Child Health,Public Health Administration,1
National Health Programs,Public Health Administration,1
Malaria,Surveillance,1
Malaria,Vector-Borne Diseases,1
Surveillance,Vector-Borne Diseases,1
Health System,Primary Health Centre,1
National Health Programs,Non-communicable Diseases,1
Epidemiology,International Health Organizations,1
Epidemiology,National Health Missions,1
Epidemiology,Health Management,1
Communication Methods,Health Education,1
Canteen,Environment & Occupational Health,1
Canteen,Factory Act,1
Creche,Environment & Occupational Health,1
Creche,Factory Act,1
Environment & Occupational Health,Safety officer,1
Factory Act,Safety officer,1
Environment & Occupational Health,Maternal And Child Health,1
Environment & Occupational Health,Maternal and Child Health,1
Biomedical Waste Management,Legal aspects,1
Biomedical waste management,Legal aspects,1
Legal aspects,Waste disposal,1
International Classification Of Disease,International Classification of Disease,1
CSOM,Csom,1
CSOM,Environment & Occupational Health,1
Csom,Environment & Occupational Health,1
Maxillary sinus,Rhinology,1
Auditory brainstem response,Otology,1
Audiology,Hearing,1
Cranial nerve palsies,Gradenigo Syndrome,1
Cranial nerve palsies,Gradenigo syndrome,1
Cranial nerve palsies,Otology,1
Gradenigo Syndrome,Gradenigo syndrome,1
Gradenigo Syndrome,Otology,1
Gradenigo syndrome,Otology,1
Occupational Medicine,Otology,1
Neurophysiology,Otology,1
Chorda tympani,Taste And Smell,1
Chorda tympani,Taste and smell,1
Neuroanatomy,Taste And Smell,1
Neuroanatomy,Taste and smell,1
Taste And Smell,Taste and smell,1
Chorda tympani,Salivary Gland,1
Chorda tympani,Salivary gland,1
Neuroanatomy,Salivary gland,1
Salivary Gland,Salivary gland,1
Neuroanatomy,Tensor tympani,1
Otology,Tensor tympani,1
Eustachian Tube,Otitis media,1
Adenoid,Pulmonology,1
Adenoid,Sinusitis,1
Pulmonology,Sinusitis,1
Antimicrobials,Inflammation & Healing,1
Antimicrobials,Neoplasia,1
Ear,Neoplasia,1
Atelectasis,Ear,1
Cholesteatoma,Middle Ear,1
CSOM,Otitis Media,1
Environment & Occupational Health,Head And Neck Cancers,1
Environment & Occupational Health,Head and Neck Cancers,1
Head And Neck Cancers,Head and Neck Cancers,1
Head & Neck,Parapharyngeal abscess,1
Infectious Diseases,Parapharyngeal abscess,1
Parapharyngeal abscess,Trismus,1
Adenoids,Neonatology,1
Head and neck oncology,Laryngeal Carcinoma,1
Head and neck oncology,Laryngeal carcinoma,1
Head and neck oncology,Laryngectomy,1
Laryngeal Carcinoma,Laryngeal carcinoma,1
Laryngeal Carcinoma,Laryngectomy,1
Laryngeal carcinoma,Laryngectomy,1
Head & Neck,Laryngeal Anatomy,1
Head & Neck,Laryngeal Innervation,1
Laryngeal Anatomy,Laryngeal Innervation,1
Facial Pain,Facial Pain Syndromes,1
Facial Pain,Paranasal Sinus Disorders,1
Facial Pain Syndromes,Paranasal Sinus Disorders,1
Environment & Occupational Health,Head And Neck Oncology,1
Environment & Occupational Health,Head and Neck Oncology,1
Head And Neck Oncology,Systemic Pathology,1
Head and Neck Oncology,Systemic Pathology,1
Interventional Radiology,Salivary Gland Disorders,1
Interventional Radiology,Salivary gland disorders,1
Fractures,Otology,1
Cranial Nerve Disorders,General Medicine,1
General Medicine,Spinal Canal Stenosis,1
Environment & Occupational Health,Laryngeal anatomy,1
Laryngeal Anatomy,Laryngeal anatomy,1
Laryngeal Anatomy,Neuroanatomy,1
Laryngeal anatomy,Neuroanatomy,1
Keratoconus,Squint & Pediatric Ophthalmology,1
Squint & Pediatric Ophthalmology,Visual Field Testing,1
Squint & Pediatric Ophthalmology,Visual field testing,1
Visual Field Testing,Visual field testing,1
Myopia,Retina,1
Conjunctiva,Neuroanatomy,1
Anterior Chamber Angle,Anterior chamber angle,1
Anterior Chamber Angle,Cornea & Refractive,1
Anterior Chamber Angle,Schwalbe's ring,1
Anterior chamber angle,Cornea & Refractive,1
Anterior chamber angle,Schwalbe's ring,1
Cornea & Refractive,Schwalbe's ring,1
Epithelial repair,Inflammation & Healing,1
Conjunctival Staining,Conjunctival staining,1
Conjunctival Staining,Diagnostic tests,1
Conjunctival Staining,Ocular surface disease,1
Conjunctival staining,Diagnostic tests,1
Conjunctival staining,Ocular surface disease,1
Diagnostic tests,Ocular surface disease,1
Immunosuppressants,Immunosuppressive Drugs,1
Immunosuppressants,Immunosuppressive drugs,1
Immunosuppressive Drugs,Immunosuppressive drugs,1
Microbiology,Ocular Surface Disease,1
Microbiology,Ocular surface disease,1
Cycloplegic Agents,Cycloplegic agents,1
Cycloplegic Agents,Endocrine Pharmacology,1
Cycloplegic Agents,Squint & Pediatric Ophthalmology,1
Cycloplegic agents,Endocrine Pharmacology,1
Cycloplegic agents,Squint & Pediatric Ophthalmology,1
CNS Physiology,Visual Pathway,1
CNS Physiology,Visual pathway,1
Scleromalacia Perforans,Scleromalacia perforans,1
Lens & Cataract,Vitamin transport,1
Lens & Cataract,Neonatology,1
Lens & Cataract,Phacoemulsification,1
Lens & Cataract,Postoperative complications,1
Endophthalmitis,Lens & Cataract,1
Amblyopia prevention,Lens & Cataract,1
Neuroanatomy,Retina,1
Diabetic Retinopathy,Glaucoma,1
Diabetic retinopathy,Glaucoma,1
Glaucoma,Hemorrhage,1
Hemorrhage,Retina,1
Squint & Pediatric Ophthalmology,Vascular,1
Squint & Pediatric Ophthalmology,Vitreous,1
Phacodonesis,Squint & Pediatric Ophthalmology,1
Squint & Pediatric Ophthalmology,Stereopsis,1
Neuro-ophthalmology,Visual pathway anatomy,1
Visual Field Defects,Visual pathway anatomy,1
Visual field defects,Visual pathway anatomy,1
Cranial nerves,Head and Neck Anatomy,1
Autonomic,Cranial Nerves,1
Autonomic,Cranial nerves,1
Cranial Nerves,Ocular anatomy,1
Cranial nerves,Ocular anatomy,1
Neuro-ophthalmology,Squint & Pediatric Ophthalmology,1
Lid Disorders,Lid disorders,1
Lid Disorders,Squint & Pediatric Ophthalmology,1
Lid disorders,Squint & Pediatric Ophthalmology,1
Bones,Head & Neck,1
Bones,Orbit,1
Basal Cell Carcinoma,Ocular Oncology,1
Lacrimal Gland Disorders,Lacrimal gland disorders,1
Iris,Pupil,1
Iris,Trauma,1
Pupil,Trauma,1
MRI,Neuro-ophthalmology,1
MRI,Optic Neuritis,1
MRI,Optic neuritis,1
Enophthalmos,Fractures,1
Enophthalmos,Trauma,1
Diabetic Retinopathy,General Medicine,1
Diabetic Retinopathy,Squint & Pediatric Ophthalmology,1
Diabetic retinopathy,General Medicine,1
Diabetic retinopathy,Squint & Pediatric Ophthalmology,1
Dry Eye Syndrome,Dry eye syndrome,1
Dry Eye Syndrome,Squint & Pediatric Ophthalmology,1
Dry eye syndrome,Squint & Pediatric Ophthalmology,1
Phakic IOL complications,Phakic Iol Complications,1
Phakic IOL complications,Squint & Pediatric Ophthalmology,1
Phakic Iol Complications,Squint & Pediatric Ophthalmology,1
General Medicine,Hepatology,1
Hepatology,Systemic Pathology,1
Biochemistry,Metabolic Syndrome,1
Biochemistry,Metabolic syndrome,1
General Medicine,Metabolic syndrome,1
Metabolic Syndrome,Metabolic syndrome,1
Cardiac Tamponade,Hemodynamics,1
ECG,Ventricular Tachycardia,1
Cardiac Arrhythmias,Ventricular tachycardia,1
Cardiac arrhythmias,Ventricular tachycardia,1
Electrophysiology,QT interval,1
Electrophysiology,Qt Interval,1
QT interval,Qt Interval,1
Aortic regurgitation,Cardiology,1
Aortic regurgitation,Clinical signs,1
Cardiology,Clinical signs,1
Cardiology,Tricuspid atresia,1
Congenital heart disease,Tricuspid atresia,1
Angina pectoris,Cardiology,1
Angina pectoris,Stable angina,1
Cardiology,Stable angina,1
General Medicine,Hypertension,1
Central Venous Catheterization,Central venous catheterization,1
Central Venous Catheterization,Emergency Medicine,1
Central Venous Catheterization,Regional Anaesthesia,1
Central venous catheterization,Emergency Medicine,1
Central venous catheterization,Regional Anaesthesia,1
Dermatology,Perniosis,1
General Medicine,Pleural Effusion,1
Pulmonology,Throat & Larynx,1
Dermatology,Neurology,1
Pulmonary manifestations,Thorax,1
Asthma,Thorax,1
Nephrotic Syndrome,Systemic Pathology,1
Renal,Ultrasound,1
Nephrology,Tubular Disorders,1
Biochemistry,General Surgery,1
Biochemistry,Hepatobiliary Surgery,1
General Surgery,Hepatobiliary Surgery,1
General Medicine,Portal Hypertension,1
Interventional Radiology,Portal Hypertension,1
Endocrine Pharmacology,Inflammatory Bowel Disease,1
Amoebiasis,Liver abscess,1
Liver abscess,Parasitology,1
Aphasia,Language,1
Neuroanatomy,Pure word deafness,1
Pure word deafness,Vascular,1
Child Psychiatry,Dementia,1
CMT disease,Neurology,1
Huntington disease,Neurology,1
Movement Disorders,Movement disorders,1
Child Psychiatry,Frontal Lobe Syndrome,1
Child Psychiatry,Frontal lobe syndrome,1
Frontal Lobe Syndrome,Frontal lobe syndrome,1
Frontal Lobe Syndrome,Neurology,1
Frontal lobe syndrome,Neurology,1
Asterixis,Epidemiology,1
Electrophoresis,Immunoglobulin,1
Electrophoresis,Multiple Myeloma,1
Immunoglobulin,Multiple Myeloma,1
Beta Thalassemia,Hematopathology,1
Beta Thalassemia,Thalassemia,1
Antineoplastic Agents,Systemic Pathology,1
Antineoplastic agents,Systemic Pathology,1
Hematopathology,Obstetric Complications,1
Bilirubin metabolism,Jaundice,1
Anemia,Sideroblastic anemia,1
Chemotherapy & Anticancer,Leukemia,1
Thyroid Disorders,Thyroid Function Tests,1
Endocrinology,Hyperparathyroidism,1
Endocrine Pharmacology,Mood Disorders,1
Endocrine Pharmacology,Thyroid hormones,1
Mood Disorders,Thyroid hormones,1
Bisphosphonates,Endocrine Pharmacology,1
Bisphosphonates,Hyperparathyroidism,1
Endocrine Pharmacology,Hyperparathyroidism,1
Bone metabolism,Calcium homeostasis,1
Bone metabolism,Hypercalcemia,1
Calcium homeostasis,Hypercalcemia,1
Fasting hypoglycemia,Glucose metabolism,1
Fasting hypoglycemia,Hypoglycemia,1
Glucose metabolism,Hypoglycemia,1
Diabetes Insipidus,Diabetes insipidus,1
Diabetes Insipidus,Osmolarity,1
Diabetes Insipidus,Urine output,1
Diabetes insipidus,Osmolarity,1
Diabetes insipidus,Urine output,1
Osmolarity,Urine output,1
Emergency Medicine,Thyroid Disorders,1
Emergency Medicine,Thyroid disorders,1
Emergency Medicine,Renal,1
Acute care,Electrolyte disorders,1
Acute care,Hyponatremia,1
Acid-base disorders,Hematopathology,1
Adverse drug effects,Drug-Induced Electrolyte Disturbances,1
Adverse drug effects,Drug-induced electrolyte disturbances,1
Adverse drug effects,Hypomagnesemia,1
Drug-Induced Electrolyte Disturbances,Drug-induced electrolyte disturbances,1
Drug-Induced Electrolyte Disturbances,Hypomagnesemia,1
Drug-induced electrolyte disturbances,Hypomagnesemia,1
Epidemiology,SARS,1
Infectious Diseases,SARS,1
Antibiotic-associated diarrhea,C. difficile,1
Antibiotic-associated diarrhea,Infectious Diseases,1
C. difficile,Infectious Diseases,1
SIRS,Sirs,1
Epididymo-orchitis,Mumps,1
Epididymo-orchitis,Virology,1
Mumps,Virology,1
Leprosy,Nerve involvement,1
Dengue,Dengue shock syndrome,1
Dengue,Virology,1
Dengue shock syndrome,Virology,1
Botulism,General Medicine,1
Botulism,Microbiology,1
Austrian Syndrome,Austrian syndrome,1
Austrian Syndrome,General Medicine,1
Austrian Syndrome,Microbiology,1
Austrian syndrome,General Medicine,1
Austrian syndrome,Microbiology,1
Epidemiology,Neurocutaneous Disorders,1
Epidemiology,Neurocutaneous disorders,1
Neonatology,Neurocutaneous Disorders,1
Neonatology,Neurocutaneous disorders,1
Neurocutaneous Disorders,Neurocutaneous disorders,1
Adrenergic Agonists,Emergency Medicine,1
Adrenergic Agonists,Endocrine Pharmacology,1
Adrenergic agonists,Emergency Medicine,1
Alcoholic Liver Disease,Alcoholic liver disease,1
Alcoholic Liver Disease,Epidemiology,1
Alcoholic Liver Disease,Systemic Pathology,1
Alcoholic liver disease,Epidemiology,1
Alcoholic liver disease,Systemic Pathology,1
Antineoplastic Agents,General Medicine,1
Antineoplastic agents,General Medicine,1
Congenital Anomalies,Environment & Occupational Health,1
Congenital anomalies,Environment & Occupational Health,1
Interventional Radiology,Lymphoma,1
General Medicine,Neuropharmacology,1
Biochemistry,Porphyrins,1
Porphyrins,Systemic Pathology,1
Antipsychotics,Extrapyramidal side effects,1
Cardiology,Trauma Surgery,1
Pulmonology,Trauma Surgery,1
Cystic Lesions,Cystic lesions,1
Cystic Lesions,Dermatology,1
Cystic lesions,Dermatology,1
Biliary Tract,Interventional Radiology,1
Interventional Radiology,Nephrology,1
Dermatology,Skin Cancer,1
Dermatology,Skin cancer,1
Epidemiology,Skin Cancer,1
Epidemiology,Skin cancer,1
Skin Cancer,Skin cancer,1
Emergency Medicine,Resuscitation,1
General Medicine,Resuscitation,1
Immunopathology,Vascular,1
Intracranial Pressure,Intracranial pressure,1
Intracranial Pressure,Neurophysiology,1
Intracranial pressure,Neurophysiology,1
CNS Physiology,Shock,1
Bariatric Surgery,General Surgery,1
Fractures,Hand And Wrist Injuries,1
Fractures,Hand and Wrist Injuries,1
Hand And Wrist Injuries,Hand and Wrist Injuries,1
General Surgery,Suture Materials,1
Mesenteric injury,Trauma,1
SVC syndrome,Thorax,1
Breast & Endocrine Surgery,Duct Ectasia,1
Duct Ectasia,Duct ectasia,1
Breast & Endocrine Surgery,Hodgkin lymphoma,1
Breast & Endocrine Surgery,Radiation therapy,1
Hodgkin lymphoma,Radiation therapy,1
Breast & Endocrine Surgery,Histology,1
Histology,Prognosis,1
General Surgery,Omphalocele,1
Pituitary Adenoma,Prolactinoma,1
GH-secreting adenoma,Pituitary Adenoma,1
Graves disease,Hyperthyroidism,1
Graves disease,Thyroid Disorders,1
Graves disease,Thyroid disorders,1
Hyperthyroidism,Thyroid disorders,1
Hyperparathyroidism,Parathyroid Disorders,1
Hyperparathyroidism,Parathyroid disorders,1
Hyperparathyroidism,Primary hyperparathyroidism,1
Parathyroid Disorders,Primary hyperparathyroidism,1
Parathyroid disorders,Primary hyperparathyroidism,1
Anatomy of neck,Embryology,1
Anatomy of neck,Thyroglossal Cyst,1
Anatomy of neck,Thyroglossal cyst,1
Embryology,Thyroglossal Cyst,1
Embryology,Thyroglossal cyst,1
Thyroglossal Cyst,Thyroglossal cyst,1
Acid-Base Balance,Hematopathology,1
Biliary surgery,Carcinoma Of Gallbladder,1
Biliary surgery,Carcinoma of gallbladder,1
Carcinoma Of Gallbladder,Carcinoma of gallbladder,1
Abdomen,Referred pain,1
Biliary surgery,Gallstone Disease,1
Biliary surgery,Gallstone disease,1
Gallstone Disease,Gallstone disease,1
Cholelithiasis,Medical Management,1
Biliary tract neoplasms,Gallbladder Carcinoma,1
Biliary tract neoplasms,Gallbladder carcinoma,1
Gallbladder Carcinoma,Gallbladder carcinoma,1
Acute Pancreatitis,Prognostic factors,1
Enzymology,Pancreatitis,1
Interventional Radiology,Pancreatic Carcinoma,1
Interventional Radiology,Pancreatic carcinoma,1
Endocrine Pharmacology,Pancreatic Carcinoma,1
Endocrine Pharmacology,Pancreatic carcinoma,1
General Surgery,Pancreatic Carcinoma,1
General Surgery,Pancreatic carcinoma,1
Esophageal Diverticulum,Esophageal diverticulum,1
Esophageal Diverticulum,Thoracic surgery,1
Esophageal diverticulum,Thoracic surgery,1
Esophageal Disorders,Pharyngeal Disorders,1
General Surgery,Oesophageal Perforation,1
General Surgery,Oesophageal perforation,1
Interventional Radiology,Oesophageal Perforation,1
Interventional Radiology,Oesophageal perforation,1
Oesophageal Perforation,Oesophageal perforation,1
Esophageal Varices,Esophageal varices,1
Esophageal Varices,General Medicine,1
Esophageal Varices,Interventional Radiology,1
Esophageal varices,General Medicine,1
Esophageal varices,Interventional Radiology,1
Environment & Occupational Health,Foreign Body In Esophagus,1
Environment & Occupational Health,Foreign body in esophagus,1
Foreign Body In Esophagus,Foreign body in esophagus,1
Foreign Body In Esophagus,Neonatology,1
Foreign body in esophagus,Neonatology,1
Endocrine Pharmacology,Gerd,1
GERD,Lifestyle modifications,1
Gerd,Lifestyle modifications,1
Acid Peptic Disease,Endocrine Pharmacology,1
Acid Peptic Disease,GERD,1
Endocrine Pharmacology,Gastroprotective Agents,1
Endocrine Pharmacology,Gastroprotective agents,1
Gastroprotective Agents,Gastroprotective agents,1
Endoscopic therapy,Gastroesophageal Reflux Disease,1
Endoscopic therapy,Gastroesophageal reflux disease,1
Corrosive injury,Trauma,1
Achalasia,Esophageal Motility Disorders,1
Achalasia,Esophageal motility disorders,1
Esophageal Motility Disorders,Esophageal motility disorders,1
Diagnostic Tests,Gastroesophageal Reflux Disease,1
Gastric Cancer,Gastrointestinal,1
Duodenal Ulcer,Gastric Ulcer,1
Duodenal Ulcer,Peptic Ulcer Disease,1
Gastric Ulcer,Peptic Ulcer Disease,1
Gastric Cancer,Upper GI Cancer,1
Anorectal disorders,Fistula-In-Ano,1
Anorectal disorders,Fistula-in-ano,1
Fistula-In-Ano,Fistula-in-ano,1
Colorectal cancer,Rectal Carcinoma,1
Colorectal cancer,Rectal carcinoma,1
Colorectal cancer,Staging,1
Rectal Carcinoma,Rectal carcinoma,1
Rectal Carcinoma,Staging,1
Rectal carcinoma,Staging,1
Abdominal imaging,Omental sign,1
Abdominal imaging,Peritoneal Tuberculosis,1
Abdominal imaging,Peritoneal tuberculosis,1
Omental sign,Peritoneal Tuberculosis,1
Omental sign,Peritoneal tuberculosis,1
Peritoneal Tuberculosis,Peritoneal tuberculosis,1
Hernia & Abdominal Wall,Hydrocele,1
Hydrocephalus,Lumbar puncture,1
Hernia & Abdominal Wall,Pediatric surgery,1
Hydrocele,Inguinal region swelling,1
Embryology,Male Genital System,1
Hypospadias,Pediatric Surgery,1
General Surgery,Testicular Disorders,1
General Surgery,Testicular disorders,1
Systemic Pathology,Testicular Disorders,1
Systemic Pathology,Testicular disorders,1
Testicular Disorders,Testicular disorders,1
General Surgery,Nephrology,1
Urinary tract obstruction,Urogenital Radiology,1
Urinary tract obstruction,Urogenital radiology,1
Urogenital Radiology,Urogenital radiology,1
Burns & Plastic,Dermatology,1
Cleft Palate,Neuroanatomy,1
Cleft Lip And Palate,Neuroanatomy,1
Cleft Lip and Palate,Neuroanatomy,1
Cystic Hygroma,Paediatric Surgery,1
Lung carcinoma,Neoplasia,1
Lung carcinoma,Thorax,1
Acral lentiginous melanoma,Melanoma,1
Acral lentiginous melanoma,Site distribution,1
Melanoma,Site distribution,1
Environment & Occupational Health,Head and Neck Imaging,1
Head and Neck Imaging,Interventional Radiology,1
Head injury,Intracranial hemorrhage,1
Head injury,Neurology,1
Intracranial hemorrhage,Neurology,1
Penetrating injury,Trauma,1
Compartment syndrome,Fractures,1
Biostatistics,Fractures,1
Biostatistics,Trauma,1
Breast & Endocrine Surgery,Pediatric Emergencies,1
Regional Anaesthesia,Vascular,1
Autonomic,General Surgery,1
Diagnostic criteria,Neurocysticercosis,1
Biostatistics,Growth & Development,1
Heart Rate Assessment,Neonatal Resuscitation,1
Heart Rate Assessment,Ventilation,1
Neonatal Resuscitation,Ventilation,1
Chest Compression,Neonatal Resuscitation,1
Airway Management,Bag-Mask Ventilation,1
CNS Physiology,Reflexes,1
Neonatology,Reflexes,1
Cardiology,Neonatal physiology,1
Neural Tube Defects,Obstetric Complications,1
Meconium Ileus,Meconium ileus,1
Meconium Ileus,Neonatology,1
Meconium ileus,Neonatology,1
Minimal Change Disease,Minimal change disease,1
Minimal Change Disease,Systemic Pathology,1
Minimal change disease,Systemic Pathology,1
Endocrine Pharmacology,Infantile Spasm,1
Endocrine Pharmacology,Infantile spasm,1
Infantile Spasm,Neurology,1
Infantile spasm,Neurology,1
CNS Physiology,Cerebrospinal Fluid,1
CNS Physiology,Cerebrospinal fluid,1
Cerebrospinal fluid,Neurology,1
Lysosomal Storage Diseases,Neurodegenerative Disorders,1
Obstetric Complications,Pediatric Oncology,1
General Medicine,Genetic Disorders,1
General Medicine,Genetic disorders,1
Emergency Medicine,Shock,1
Pediatric Emergencies,Trauma,1
Genetics & Molecular Biology,Ichthyosis,1
Embryology,Endocrinology,1
Child Health,Neonatology,1
Birth Defects,Epidemiology,1
Mother-infant bonding,Neonatology,1
Musculoskeletal System,Musculoskeletal system,1
Fractures,Poliomyelitis,1
Neuroanatomy,Poliomyelitis,1
Rotator Cuff,Rotator Cuff Injuries,1
Rotator Cuff,Shoulder Movements,1
Rotator Cuff Injuries,Shoulder Movements,1
Impingement Syndrome,Rotator Cuff,1
Impingement Syndrome,Rotator Cuff Impingement,1
Rotator Cuff,Rotator Cuff Impingement,1
Dislocations,Neuroanatomy,1
Neuroanatomy,Patellofemoral Disorders,1
Hip Dislocation,Neuroanatomy,1
Hip Dislocation,Physical Examination,1
Neuroanatomy,Physical Examination,1
Knee Dislocation,Neuroanatomy,1
Knee Dislocation,Vascular,1
Fractures,Radial Head Subluxation,1
ACL injuries,Acl Injuries,1
ACL injuries,Knee injuries,1
Acl Injuries,Knee injuries,1
Barlow test,Growth & Development,1
Growth & Development,Ortolani test,1
Clubfoot,Congenital Talipes Equinovarus,1
Metabolic Bone Disease,Osteoporosis,1
Pediatric Orthopedics,Slipped Capital Femoral Epiphysis,1
Fractures,Knee Deformity,1
Fractures,Knee deformity,1
Knee Deformity,Knee deformity,1
Dermatology,Psoriatic arthritis,1
Psoriatic Arthritis,Rheumatology,1
Psoriatic arthritis,Rheumatology,1
Rheumatology,Spondyloarthropathy,1
Congenital Anomalies,Shoulder,1
Ankylosing spondylitis,Joints & Arthritis,1
Ankylosing spondylitis,Rheumatology,1
Enchondroma,Fractures,1
Enchondroma,Neoplasia,1
Fractures,Tuberculous Arthritis,1
Interventional Radiology,Tuberculous Arthritis,1
Fractures,Pott'S Paraplegia,1
Fractures,Pott's Paraplegia,1
Pott'S Paraplegia,Pott's Paraplegia,1
General Surgery,Surgical Indications,1
Spine,Surgical approaches,1
Kyphosis,Spinal Deformity,1
Kyphosis,Spinal deformity,1
Spinal Deformity,Spinal deformity,1
Spinal Deformity,Spine,1
Spinal deformity,Spine,1
Fractures,Osteomyelitis,1
Interventional Radiology,Osteomyelitis,1
Fractures,Osteogenesis Imperfecta,1
Fractures,Osteogenesis imperfecta,1
Osteogenesis Imperfecta,Osteogenesis imperfecta,1
Fractures,Myositis ossificans,1
Myositis Ossificans,Myositis ossificans,1
Amenorrhea,Menstrual Disorders,1
General Medicine,Maternal Cardiac Disease,1
General Medicine,Maternal cardiac disease,1
Maternal Cardiac Disease,Maternal cardiac disease,1
Maternal Cardiac Disease,Obstetric Complications,1
Maternal cardiac disease,Obstetric Complications,1
CNS Physiology,Labor & Delivery,1
General Medicine,Pre-Eclampsia,1
General Medicine,Pre-eclampsia,1
Obstetric Complications,Pre-Eclampsia,1
Obstetric Complications,Pre-eclampsia,1
Pre-Eclampsia,Pre-eclampsia,1
Eclampsia,Preeclampsia,1
General Medicine,Preeclampsia,1
Antenatal Care,Theca Lutein Cysts,1
Antenatal Care,Vaginal Bleeding,1
Choriocarcinoma,Gestational Trophoblastic Disease,1
Cervical Cancer,Hysterectomy,1
Hysterectomy,Vaginal Surgery,1
Cervical Dysplasia,Conization,1
Gynecologic Oncology,Lymphatic spread,1
Lymphatic spread,Vulvar carcinoma,1
Direct invasion,Gynecologic Oncology,1
Direct invasion,Vulvar carcinoma,1
Gynecologic Oncology,Lymphatic drainage,1
Lymphatic drainage,Vulvar carcinoma,1
Airway Management,Antenatal Care,1
Airway Management,Shock,1
Antenatal Care,Shock,1
Antenatal Care,Medical Management,1
Antenatal Care,Methotrexate,1
Medical Management,Methotrexate,1
Pharmacological treatment,Polycystic Ovary Syndrome,1
Gynecologic Oncology,Polycystic Ovary Syndrome,1
Gynecologic Oncology,Ultrasound,1
Polycystic Ovary Syndrome,Ultrasound,1
Fitz-Hugh-Curtis Syndrome,Fitz-Hugh-Curtis syndrome,1
Fitz-Hugh-Curtis Syndrome,Gynecologic Oncology,1
Fitz-Hugh-Curtis Syndrome,Pelvic Inflammatory Disease,1
Fitz-Hugh-Curtis syndrome,Gynecologic Oncology,1
Fitz-Hugh-Curtis syndrome,Pelvic Inflammatory Disease,1
Dysgerminoma,Gynecologic Oncology,1
Dysgerminoma,Neoplasia,1
Ovarian Cysts,Ovarian cysts,1
Pelvic anatomy,Uterine Support,1
Pelvic anatomy,Uterine support,1
Endometriosis,Menstrual Cycle,1
Endometriosis,Investigation,1
Adenomyosis,Airway Management,1
Epidemiology,Hysterectomy,1
Epidemiology,Hysterectomy Indications,1
Epidemiology,Hysterectomy indications,1
Hysterectomy,Hysterectomy Indications,1
Hysterectomy,Hysterectomy indications,1
Hysterectomy Indications,Hysterectomy indications,1
Inflammation & Healing,Pelvic Inflammatory Disease,1
Acute Pelvic Pain,Gynecologic Oncology,1
Acute Pelvic Pain,Obstetric Complications,1
Bacterial Vaginosis,Nugent Score,1
Genital Tuberculosis,Hysterosalpingography,1
Genital Warts,Infectious Diseases,1
Infectious Diseases,Urethritis,1
Cervical Cancer Radiotherapy,Cervical cancer,1
Cervical Cancer Radiotherapy,Cervical cancer radiotherapy,1
Cervical Cancer Radiotherapy,Radiotherapy,1
Cervical cancer,Cervical cancer radiotherapy,1
Cervical cancer,Radiotherapy,1
Cervical cancer radiotherapy,Radiotherapy,1
Amenorrhea,Asherman syndrome,1
Amenorrhea,Uterine Abnormalities,1
Asherman syndrome,Uterine Abnormalities,1
Gardasil,HPV vaccine,1
Gardasil,Virology,1
HPV vaccine,Virology,1
Contraceptives,Levonorgestrel IUD,1
Contraceptives,Mirena,1
Levonorgestrel IUD,Mirena,1
Contraception,Pelvic Inflammatory Disease,1
Hormone Replacement Therapy,Turner Syndrome,1
Cancer prevention,Selective Estrogen Receptor Modulators,1
Cancer prevention,Selective estrogen receptor modulators,1
Cancer prevention,Tamoxifen,1
Breast & Endocrine Surgery,Endocrine Pharmacology,1
Breast & Endocrine Surgery,Selective Estrogen Receptor Modulators,1
Breast & Endocrine Surgery,Selective estrogen receptor modulators,1
Endocrine Pharmacology,Selective Estrogen Receptor Modulators,1
Endocrine Pharmacology,Selective estrogen receptor modulators,1
Endocrine Pharmacology,GnRH analogues,1
Endocrine Pharmacology,Gnrh Analogues,1
Endometriosis,GnRH analogues,1
Endometriosis,Gnrh Analogues,1
GnRH analogues,Gnrh Analogues,1
Endocrine Pharmacology,Progestins,1
Oral contraceptives,Progestins,1
Contraception,IUCD,1
Cerebral Venous Sinus Thrombosis,Postpartum seizures,1
Antenatal Care,hCG,1
Fetal Malpresentation,Labor & Delivery,1
Fetal Physiology,Fetal physiology,1
Fetal Physiology,Obstetric Complications,1
Fetal physiology,Obstetric Complications,1
Birth Injuries,Birth injuries,1
Birth injuries,Neonatology,1
Gynecologic Oncology,Menstrual Cycle,1
Antenatal Care,Maternal Physiology,1
Hematopathology,Maternal Physiology,1
Antenatal Care,Insulin Production,1
Endocrinology,Insulin Production,1
Antenatal Care,Embryology,1
Obstetric Complications,Placentation,1
CNS Physiology,Gynecologic Oncology,1
CNS Physiology,Menopause,1
Gynecologic Oncology,Menopause,1
Biochemistry,Glycoprotein Hormones,1
CNS Physiology,Glycoprotein Hormones,1
Neuroanatomy,Pelvic Inlet,1
Obstetric Complications,Pelvic Inlet,1
Infertility,Obstructive Azoospermia,1
First Trimester,Interventional Radiology,1
First Trimester,Ultrasound,1
Myometrium,Uterus,1
Labor & Delivery,Partogram,1
Placenta Previa,Postpartum hemorrhage,1
Placenta previa,Postpartum hemorrhage,1
Menorrhagia,Menstrual Disorders,1
Breech Presentation,Epidemiology,1
Breech presentation,Epidemiology,1
Fetal Biometry,Fetal biometry,1
Fetal biometry,Obstetric Complications,1
Embryology,Preimplantation Genetic Testing,1
Embryology,IVF,1
Fetal Distress,Obstetric Complications,1
Fetal Distress,Vasa Previa,1
Fetal-Maternal Hemorrhage,Fetomaternal Hemorrhage,1
Fetal-Maternal Hemorrhage,Obstetric Complications,1
Fetomaternal Hemorrhage,Obstetric Complications,1
Cord Prolapse,Cord prolapse,1
Intrauterine Fetal Death,Pediatric Orthopedics,1
Antenatal Care,Folic Acid,1
Radiological Signs Of Fetal Death,Radiological Signs of Fetal Death,1
Chromosomal Abnormalities,Interventional Radiology,1
Chromosomal Abnormalities,Obstetric Complications,1
Abortion,Dilation and Evacuation,1
Anemia,Hemoglobin,1
Anemia,Reference Values,1
Hemoglobin,Reference Values,1
Dermatology,Skin Pathology,1
Dermatology,Skin pathology,1
Skin Pathology,Skin pathology,1
Keratin,Protein Biochemistry,1
Keratin,Protein biochemistry,1
Protein Biochemistry,Protein biochemistry,1
Dermatology,Pigmentation Disorders,1
Dermatology,Pigmentation disorders,1
Endocrine Pharmacology,Pigmentation Disorders,1
Endocrine Pharmacology,Pigmentation disorders,1
Pigmentation Disorders,Pigmentation disorders,1
Dermatology,Hypopigmented Macules,1
Dermatology,Hypopigmented macules,1
Hypopigmented Macules,Hypopigmented macules,1
Dermatology,Postinflammatory Hypopigmentation,1
Dermatology,Postinflammatory hypopigmentation,1
Postinflammatory Hypopigmentation,Postinflammatory hypopigmentation,1
Dermatology,Onychomycosis,1
Calcinosis Cutis,Pediatric Dermatology,1
Biostatistics,Rheumatology,1
Dermatology,Herpes Zoster,1
Herpes Zoster,Herpes zoster,1
Dermatology,Tinea,1
Hypersensitivity,Systemic Pathology,1
Antifungal Drugs,Azoles,1
Antifungal drugs,Azoles,1
Antifungal Drugs,Topical antifungals,1
Antifungal drugs,Topical antifungals,1
Retinoids,Topical therapy,1
Endocrine Pharmacology,Impetigo,1
Acne,Endocrine Pharmacology,1
Androgenetic Alopecia,Androgenetic alopecia,1
Androgenetic Alopecia,Dermatology,1
Androgenetic Alopecia,Endocrine Pharmacology,1
Androgenetic alopecia,Dermatology,1
Androgenetic alopecia,Endocrine Pharmacology,1
CNS Physiology,Epidermal Turnover,1
CNS Physiology,Epidermal turnover,1
Dermatology,Epidermal Turnover,1
Dermatology,Epidermal turnover,1
Epidermal Turnover,Epidermal turnover,1
Parasitology,Scabies,1
Koebner Phenomenon,Koebner phenomenon,1
Langer'S Lines,Langer's lines,1
Dermatology,Mastocytosis,1
Candidiasis,Endocrine Pharmacology,1
Contact Dermatitis,Contact dermatitis,1
Contact Dermatitis,Dermatology,1
Contact dermatitis,Dermatology,1
Genodermatoses,Systemic Pathology,1
Neonatal Skin Disorders,Neonatology,1
Neonatal skin disorders,Neonatology,1
Intravenous Anaesthetics,Propofol,1
Antiplatelet Agents,General Surgery,1
Biochemistry,Neuromuscular Blocking Agents,1
Local Anesthetics,Regional Anaesthesia,1
Regional Anaesthesia,TAP block,1
Anaesthetic Pharmacology,Neuromuscular Blocking Agents,1
Histamine Release,Neuromuscular Blocking Agents,1
Hypotension,Regional Anaesthesia,1
Hypotension,Spinal Anaesthesia,1
Barbiturates,Obstetric Complications,1
Obstetric Complications,Thiopentone,1
Airway Management,LMA,1
LMA,Pediatric Anaesthesia,1
Breathing Circuits,Neonatology,1
Breathing Circuits,Regional Anaesthesia,1
Endocrine Pharmacology,Intravenous Anesthetics,1
Intravenous Anesthetics,Regional Anaesthesia,1
Anesthesia Equipment,Anesthesia equipment,1
Anesthesia Equipment,Gas cylinder,1
Anesthesia Equipment,Safety features,1
Anesthesia equipment,Gas cylinder,1
Anesthesia equipment,Safety features,1
Gas cylinder,Safety features,1
Anesthetic Agents,Anesthetic agents,1
Anesthetic Agents,Pulmonology,1
Anesthetic agents,Pulmonology,1
Airway Assessment,Intubation,1
Airway Assessment,Mallampatti classification,1
Airway assessment,Intubation,1
Airway assessment,Mallampatti classification,1
Intubation,Mallampatti classification,1
Lead apron thickness,Radiation Safety,1
Lead apron thickness,Radiation safety,1
Radiation Safety,Shield material,1
Radiation safety,Shield material,1
MRI brain,Neuroradiology,1
Interventional Radiology,Pediatric Radiology,1
Neonatology,Pediatric Radiology,1
Epidemiology,Radiation Hazards,1
Epidemiology,Radiation hazards,1
Interventional Radiology,Radiation Hazards,1
Interventional Radiology,Radiation hazards,1
Radiation Hazards,Radiation hazards,1
Fetal anomalies,Neural Tube Defects,1
Fetal anomalies,Neural tube defects,1
Fetal anomalies,Ultrasound,1
Neural Tube Defects,Ultrasound,1
Neural tube defects,Ultrasound,1
Interventional Radiology,Pulmonary Radiology,1
Interventional Radiology,Pulmonary radiology,1
Pulmonary Radiology,Pulmonary radiology,1
Pulmonary Radiology,Systemic Pathology,1
Pulmonary radiology,Systemic Pathology,1
Abdominal Imaging,Abdominal imaging,1
Abdominal Imaging,Microbiology,1
Abdominal imaging,Microbiology,1
Radiographic Projections,Radiographic projections,1
Nuclear Medicine,Systemic Pathology,1
General Medicine,Radiation Oncology,1
Environmental Health,Radiation Biology,1
Endocrine Pharmacology,Radiopharmaceuticals,1
Interventional Radiology,Radiopharmaceuticals,1
Biochemistry,Isotopes,1
Interventional Radiology,Isotopes,1
Interventional Radiology,Stereotactic Radiosurgery,1
Interventional Radiology,Stereotactic radiosurgery,1
Stereotactic Radiosurgery,Stereotactic radiosurgery,1
Interventional Radiology,Radiographic Techniques,1
Alcohol Use Disorder,Substance-Related Disorders,1
Growth & Development,Intelligence Testing,1
Intelligence Testing,Neonatology,1
Child Psychiatry,Extrapyramidal symptoms,1
Endocrine Pharmacology,Extrapyramidal symptoms,1
Extrapyramidal Symptoms,Extrapyramidal symptoms,1
Behavior Therapy,Behavior therapy,1
Behavior Therapy,Child Psychiatry,1
Behavior therapy,Child Psychiatry,1
Alcohol,Substance Use,1
Child Psychiatry,Conversion disorder,1
Conversion Disorder,Neurology,1
Conversion disorder,Neurology,1
Child Psychiatry,Substance-Induced Psychosis,1
Child Psychiatry,Substance-induced psychosis,1
Endocrine Pharmacology,Substance-Induced Psychosis,1
Endocrine Pharmacology,Substance-induced psychosis,1
Substance-Induced Psychosis,Substance-induced psychosis,1
Antipsychotic Drugs,Antipsychotics,1
Antipsychotic Drugs,Dopamine antagonists,1
Antipsychotic drugs,Antipsychotics,1
Antipsychotic drugs,Dopamine antagonists,1
Antipsychotics,Dopamine antagonists,1
Functional somatic disorder,Somatoform Disorders,1
Functional somatic disorder,Somatoform disorders,1
Somatoform Disorders,Somatoform disorders,1
Epidemiology,India,1
Epidemiology,Public health,1
India,Public health,1
Child Psychiatry,Culture-Bound Syndromes,1
Child Psychiatry,Culture-bound syndromes,1
Culture-Bound Syndromes,Culture-bound syndromes,1
Culture-Bound Syndromes,Epidemiology,1
Culture-bound syndromes,Epidemiology,1
Child Psychiatry,Gender identity disorders,1
Gender Identity Disorders,Gender identity disorders,1
Antidepressants,TCA,1
Abdomen,Child Psychiatry,1
Coagulation,Coagulation monitoring,1
Coagulation,Thromboelastography,1
Coagulation monitoring,Thromboelastography,1
Airway Management,Pediatric Surgery,1
Airway Management,Pediatric surgery,1
Electrolyte management,Fluid Therapy,1
Electrolyte management,Fluid therapy,1
Fluid Therapy,Fluid therapy,1
Neurological Examination,Trauma,1
Fractures,Patella,1
CEAP classification,Chronic Venous Disorders,1
CEAP classification,Chronic venous disease,1
CEAP classification,Chronic venous disorders,1
Chronic Venous Disorders,Chronic venous disease,1
Chronic Venous Disorders,Chronic venous disorders,1
Chronic venous disease,Chronic venous disorders,1
Sepsis,qSOFA,1
Dorsal column,Neuroanatomy,1
Dorsal column,Spinal cord tracts,1
Neuroanatomy,Spinal cord tracts,1
Anterior horn,Cervical cord,1
Anterior horn,Neuroanatomy,1
Cervical cord,Neuroanatomy,1
Fractures,Reproductive,1
Cerebellum,Gait disorders,1
Gait disorders,Neuroanatomy,1
Head And Neck,Head and Neck Anatomy,1
Cross-sectional imaging,Thoracic Aorta,1
Cross-sectional imaging,Thoracic aorta,1
Cross-sectional imaging,Thorax,1
Thoracic Aorta,Thoracic aorta,1
Thoracic Aorta,Thorax,1
Thoracic aorta,Thorax,1
CNS Physiology,Peripheral Nervous System,1
CNS Physiology,Peripheral nervous system,1
Neuroanatomy,Peripheral Nervous System,1
Neuroanatomy,Peripheral nervous system,1
Lower Limb,Spine,1
Lower Limb,Spinal Nerve,1
Environment & Occupational Health,Tonsillitis,1
Neuroanatomy,Tonsillitis,1
Brachial Plexus,Neuroanatomy,1
Liver cirrhosis,Portocaval Anastomoses,1
Liver cirrhosis,Portocaval anastomoses,1
Liver cirrhosis,Venous anatomy,1
Portocaval Anastomoses,Portocaval anastomoses,1
Portocaval Anastomoses,Venous anatomy,1
Portocaval anastomoses,Venous anatomy,1
Musculocutaneous nerve,Nerve injury,1
Musculocutaneous nerve,Upper Limb,1
Nerve injury,Upper Limb,1
Lower Limb,Nerve graft,1
Lower Limb,Sural nerve,1
Nerve graft,Sural nerve,1
Abdomen,Head & Neck,1
Embryology,Joints & Arthritis,1
Embryology,Vitamins & Nutrition,1
Joints & Arthritis,Vitamins & Nutrition,1
Hand,Muscle function,1
Muscle function,Upper Limb,1
Pancreas,Vascular,1
Inferior frontal gyrus,Neuroanatomy,1
Liver Anatomy,Space of Disse,1
Liver anatomy,Space of Disse,1
Peripheral nervous system,Upper Limb,1
Interventional Radiology,Liver Anatomy,1
Interventional Radiology,Liver anatomy,1
Dermatome,Spinal Cord Fibers,1
Neuroanatomy,Pain pathways,1
Joints & Arthritis,Upper Cervical Vertebrae,1
Joints & Arthritis,Upper cervical vertebrae,1
Upper Cervical Vertebrae,Upper cervical vertebrae,1
Ear,Throat & Larynx,1
Cardiology,Joints & Arthritis,1
Cranial nerves,Joints & Arthritis,1
Joints & Arthritis,Ligaments,1
Autoimmune Liver Disease,Immunopathology,1
Epidemiology,Hepatobiliary Disease,1
Epidemiology,Liver And Biliary Tract,1
Epidemiology,Liver and Biliary Tract,1
Hepatobiliary Disease,Liver And Biliary Tract,1
Hepatobiliary Disease,Liver and Biliary Tract,1
Liver And Biliary Tract,Liver and Biliary Tract,1
Apoptosis,Marfan syndrome,1
Cell Death,Marfan syndrome,1
Leukemia,Lymphoproliferative Disorders,1
Connective Tissue Disorders,Extracellular Matrix,1
Immunophenotyping,Interstitial lung disease,1
Caffeine,Endocrine Pharmacology,1
Caffeine,Sleep,1
Endocrine Pharmacology,Sleep,1
Acetylcholine,Sleep,1
Acetylcholine,Calcium,1
Acetylcholine,Synaptic Transmission,1
Calcium,Synaptic Transmission,1
Nerve Muscle,Pain Management,1
Nerve Muscle,Thermoreception,1
Pain Management,Thermoreception,1
Carbohydrate Metabolism,Diabetes mellitus,1
Diabetes mellitus,Endocrine,1
Kidney function tests,Renal,1
Action potential,Neurophysiology,1
Membrane potential,Neurophysiology,1
Membrane potential,Potassium,1
Neurophysiology,Potassium,1
Cardiac Muscle Physiology,Cardiac muscle physiology,1
Cardiac Muscle Physiology,Ventricular action potential,1
Cardiac muscle physiology,Ventricular action potential,1
CNS Physiology,Cardiac Action Potential,1
Head & Neck,Neonatology,1
Cell Signaling,Spinal Cord,1
Baroreceptor Reflex,Potassium Homeostasis,1
Bacterial Toxins,Microbiology,1
Biochemistry,Signal Transduction,1
CNS Physiology,Signal Transduction,1
Body fluid compartments,Electrolyte balance,1
Body fluid compartments,Fluid Compartments,1
Body fluid compartments,Fluid compartments,1
Electrolyte balance,Fluid Compartments,1
Electrolyte balance,Fluid compartments,1
Fluid Compartments,Fluid compartments,1
Female urinary symptoms,Incontinence,1
Female urinary symptoms,Urinary incontinence,1
Incontinence,Urinary incontinence,1
Pulmonology,V/Q Ratio,1
Pulmonology,V/Q ratio,1
Pulmonology,Ventilation-perfusion ratio,1
V/Q Ratio,V/Q ratio,1
V/Q Ratio,Ventilation-perfusion ratio,1
V/Q ratio,Ventilation-perfusion ratio,1
CNS Physiology,Gastric Emptying,1
CNS Physiology,Gastric emptying,1
Gastric Emptying,Gastric emptying,1
Gastric Emptying,Gastrointestinal,1
Gastric emptying,Gastrointestinal,1
CNS Physiology,Sleep Physiology,1
CNS Physiology,Sleep physiology,1
Demyelinating Diseases,Demyelinating diseases,1
Demyelinating Diseases,General Medicine,1
Demyelinating Diseases,Systemic Pathology,1
Demyelinating diseases,General Medicine,1
Demyelinating diseases,Systemic Pathology,1
Amygdala,Neuroanatomy,1
Cerebral Circulation,ion channels,1
Hematopathology,ion channels,1
Bainbridge reflex,Cardiology,1
Bainbridge reflex,cardiac output,1
Cardiology,cardiac output,1
Golgi tendon organ,Neurophysiology,1
Golgi tendon organ,proprioception,1
Neurophysiology,proprioception,1
Obstructive Lung Disease,Pulmonary Function Tests,1
Endocrine,Insulin Secretion,1
Endocrine,Insulin secretion,1
Autonomic,Pulmonology,1
ADH mechanism,Renal,1
Cardiac Cycle,Jugular venous pulse,1
Cardiac cycle,Jugular venous pulse,1
Nephron,Renal,1
Histology,Trauma,1
Collagen metabolism,Enzyme Deficiency,1
Collagen metabolism,Enzyme deficiency,1
Collagen metabolism,Scurvy,1
Enzyme Deficiency,Enzyme deficiency,1
Enzyme Deficiency,Scurvy,1
Enzyme deficiency,Scurvy,1
Enzymology,Protein Metabolism,1
Lipid Metabolism,Neoplasia,1
Carbohydrate Metabolism,Toxicology,1
Enzymology,Gastroenterology,1
Gastroenterology,Renal,1
Carbohydrate Metabolism,Environment & Occupational Health,1
Environment & Occupational Health,Genetics & Molecular Biology,1
Carbohydrate Metabolism,Joints & Arthritis,1
Enzymology,General Medicine,1
Endocrine Pharmacology,Nucleotide Metabolism,1
Endocrine Pharmacology,Nucleotide metabolism,1
Enzymology,Heme Synthesis,1
Enzymology,Lead poisoning,1
Heme Synthesis,Lead poisoning,1
Acid-Base Disorders,Biochemistry,1
Acid-Base Disorders,General Medicine,1
Biochemistry,Mitochondrial Shuttle,1
Acid-base balance,Electron Transport Chain,1
Acid-base balance,Electron transport chain,1
Lipid Metabolism,Pulmonology,1
Bacteriology,Nerve Muscle,1
Bacterial Toxins,Neurotoxins,1
Cornea & Refractive,Vitamin A Deficiency,1
Genetics & Molecular Biology,Protein Metabolism,1
Biochemistry,Clinical Biochemistry,1
Biochemistry,Clinical biochemistry,1
Metabolic disorders,Systemic Pathology,1
Genetic Metabolic Disorders,Peroxisomal Disorders,1
Amino Acid Metabolism,Nitric Oxide Synthesis,1
Nitric Oxide,Nitric Oxide Synthesis,1
Lipid Metabolism,Neonatology,1
Cardiology,Protein Metabolism,1
Protein Metabolism,Thorax,1
Cellular Biochemistry,Protein Chemistry,1
Cellular Biochemistry,Protein Folding,1
Protein Chemistry,Protein Folding,1
Gene Transfer,Virology,1
Biochemistry,Carcinoid Syndrome,1
Carcinoid Syndrome,General Medicine,1
Hematopathology,High Altitude Physiology,1
Hematopathology,V/Q Ratio,1
High Altitude Physiology,V/Q Ratio,1
Carbohydrate Metabolism,Insulin Secretion,1
Glucose Homeostasis,Insulin Secretion,1
Acid-Base Balance,High Altitude Physiology,1
Carcinogenesis,Genetics & Molecular Biology,1
Carcinogenesis,Gynecologic Oncology,1
Gynecologic Oncology,Immunohistochemistry,1
Cardiomyopathy,Histology,1
Gastroenterology,Lipid Metabolism,1
Inflammation & Healing,Lipid Metabolism,1
Genetics & Molecular Biology,Histology,1
Alzheimer's disease,Neuropathology,1
Histology,Rheumatic Heart Disease,1
Occupational Lung Disease,Occupational Medicine,1
Occupational Lung Disease,Pulmonary Pathology,1
Occupational Medicine,Pulmonary Pathology,1
Nephrology,Nose & PNS,1
Cardiothoracic,Rheumatology,1
Multiple Myeloma,Plasma cell neoplasms,1
Anemia,Megaloblastic Anemia,1
Cytokines,Systemic Pathology,1
Lysosomal storage disorders,Systemic Pathology,1
Biochemistry,Hodgkin Lymphoma,1
Hodgkin Lymphoma,Systemic Pathology,1
Genetics & Molecular Biology,Pulmonology,1
Cardiothoracic,Inflammation & Healing,1
Ballistic Injuries,Systemic Pathology,1
Ballistic injuries,Systemic Pathology,1
Child Sexual Abuse,Child sexual abuse,1
Child Sexual Abuse,Epidemiology,1
Child Sexual Abuse,Thanatology,1
Child sexual abuse,Epidemiology,1
Child sexual abuse,Thanatology,1
Head & Neck,Thanatology,1
Legal Procedures,Thanatology,1
Legal Procedures,Sexual assault,1
Thanatology,Virology,1
Dermatology,Heavy metal poisoning,1
Heme synthesis,Porphyrin Metabolism,1
Lead poisoning,Porphyrin Metabolism,1
Lead poisoning,Porphyrin metabolism,1
Heme Synthesis,Lead Poisoning,1
Paracetamol Overdose,Toxicology,1
Ligature Marks,Thanatology,1
Head & Neck,Toxicology,1
Paraphilias,Sexual disorders,1
Heat-Related Illness,Heat-related illness,1
Heat-Related Illness,Thermoregulation,1
Heat-related illness,Thermoregulation,1
Medical Jurisprudence,Medical jurisprudence,1
Sexual Assault Examination,Thanatology,1
Indian Penal Code,Sexual Offences,1
Indian Penal Code,Thanatology,1
Clinical Features,Immunopathology,1
Clinical Features,Infectious Diseases,1
Bacteriology,Thorax,1
Acid-base balance,Esophageal motility,1
Acid-base balance,Gastrointestinal,1
Endocrine Pharmacology,Gastroesophageal Reflux Disease,1
Endocrine Pharmacology,Gastroesophageal reflux disease,1
Chemotherapy & Anticancer,Nerve Muscle,1
Chemotherapy & Anticancer,Neuroanatomy,1
Bacteriology,Neurology,1
Immunopathology,Neurology,1
Antihypertensive Drugs,General Medicine,1
Antihypertensive drugs,General Medicine,1
General Medicine,Pharmacokinetics,1
Child Psychiatry,Nerve Muscle,1
Embryology,Hematopathology,1
Metabolic acidosis,Toxicology,1
Antidiarrheal Drugs,Drug abuse,1
Antidiarrheal drugs,Drug abuse,1
Antidiarrheal drugs,Autonomic,1
Hematopathology,Nerve Muscle,1
Hematopathology,Neuroanatomy,1
Endocrine,Immunopathology,1
Endocrine,Virology,1
Obstetric Complications,Renal,1
Obstetric Complications,Toxicology,1
Inflammation & Healing,Toxicology,1
Diuretics,Obstetric pharmacology,1
Antigout Agents,Antigout agents,1
Antigout Agents,Pharmacology of gout,1
Antigout agents,Pharmacology of gout,1
Cardiology,Enzymology,1
Cell Injury & Death,Enzymology,1
Cell Injury & Death,Neuroanatomy,1
Enzymology,Neuroanatomy,1
Child Psychiatry,Infectious Diseases,1
Endocrine,Mycology,1
Endocrine,Pulmonology,1
Autonomic,Renal,1
Neurology,Renal,1
Hypolipidemic Drugs,Hypolipidemic drugs,1
Hypolipidemic Drugs,PCSK9 inhibitors,1
Hypolipidemic drugs,PCSK9 inhibitors,1
Endocrine Pharmacology,Thrombolytics,1
Fluoroquinolones,General Medicine,1
Antibiotic Resistance,Antibiotic resistance,1
Antibiotic Resistance,Endocrine Pharmacology,1
Antibiotic Resistance,Microbiology,1
Antibiotic resistance,Endocrine Pharmacology,1
Antibiotic resistance,Microbiology,1
Diuretics,Lithium,1
Alcohol interaction,Metronidazole,1
Prokinetic Agents,Prokinetic agents,1
Renal,Rheumatology,1
Antifungal Therapy,Endocrine Pharmacology,1
Antifungal Therapy,Microbiology,1
Antifungal therapy,Endocrine Pharmacology,1
Antifungal therapy,Microbiology,1
Child Psychiatry,Extrapyramidal Side Effects,1
Child Psychiatry,Extrapyramidal side effects,1
Endocrine Pharmacology,Extrapyramidal Side Effects,1
Endocrine Pharmacology,Extrapyramidal side effects,1
Antibiotic Mechanisms,Antibiotic mechanisms,1
Antibiotic Mechanisms,Endocrine Pharmacology,1
Antibiotic Mechanisms,Microbiology,1
Antibiotic mechanisms,Endocrine Pharmacology,1
Antibiotic mechanisms,Microbiology,1
Breathlessness,High Altitude Illness,1
Breathlessness,High altitude illness,1
High Altitude Illness,High altitude illness,1
Fluoroquinolones,Liver disease,1
Antimicrobials,Toxicology,1
Autonomic,Enzymology,1
Endocrine Pharmacology,Molecular Targeted Therapy,1
Endocrine Pharmacology,Molecular targeted therapy,1
Molecular Targeted Therapy,Molecular targeted therapy,1
Molecular Targeted Therapy,Systemic Pathology,1
Molecular targeted therapy,Systemic Pathology,1
Antifungal Drugs,Onychomycosis,1
Antifungal drugs,Onychomycosis,1
Anticoagulants,Direct factor Xa inhibitors,1
Infectious Diseases,Toxicology,1
Nicotine Dependence,Nicotine dependence,1
Nicotine Dependence,Smoking cessation,1
Nicotine dependence,Smoking cessation,1
Antimicrobials,Carrier state,1
Antimicrobials,Diphtheria,1
Carrier state,Diphtheria,1
Adrenergic Agonists,Adrenergic drugs,1
Adrenergic Agonists,Alpha agonist,1
Adrenergic agonists,Adrenergic drugs,1
Adrenergic agonists,Alpha agonist,1
Adrenergic drugs,Alpha agonist,1
Cholinesterase inhibitors,Myasthenia Gravis,1
Cholinesterase inhibitors,Neuromuscular junction,1
Myasthenia Gravis,Neuromuscular junction,1
Antifungal Drugs,Antifungal agents,1
Antifungal agents,Antifungal drugs,1
Antiemetic Drugs,Chemotherapy side effects,1
Antiemetic drugs,Chemotherapy side effects,1
Antidiuretic hormone antagonists,SIADH,1
Antidiuretic hormone antagonists,SIADH management,1
Antidiuretic hormone antagonists,Siadh Management,1
SIADH,SIADH management,1
SIADH,Siadh Management,1
SIADH management,Siadh Management,1
Endocrine Pharmacology,Osmotic Diuretics,1
Osmotic Diuretics,Squint & Pediatric Ophthalmology,1
Antigout Drugs,Antigout drugs,1
Antigout Drugs,Endocrine Pharmacology,1
Antiviral Pharmacology,Antiviral agents,1
Antiviral Pharmacology,Neuraminidase inhibitors,1
Antiviral agents,Neuraminidase inhibitors,1
Antipsychotics,Movement Disorder Treatment,1
Antipsychotics,Movement disorder treatment,1
Antipsychotics,Rheumatic fever,1
Movement Disorder Treatment,Movement disorder treatment,1
Movement Disorder Treatment,Rheumatic fever,1
Movement disorder treatment,Rheumatic fever,1
Ionization,Pharmacokinetics,1
Bacteriology,Throat & Larynx,1
Histology,Throat & Larynx,1
Antigout drugs,Gout,1
Endocrine Pharmacology,Monoclonal Antibodies,1
Endocrine Pharmacology,Monoclonal antibodies,1
Immunosuppressants,Monoclonal Antibodies,1
Immunosuppressants,Monoclonal antibodies,1
Monoclonal Antibodies,Monoclonal antibodies,1
Lower Limb,Mycology,1
Drug Classification,Drug classification,1
Drug Classification,Endocrine Pharmacology,1
Drug classification,Endocrine Pharmacology,1
Leptospirosis,Microbiology,1
General Medicine,Staphylococcus,1
Microbiology,Staphylococcus,1
Microbiology,Trichomonas,1
Neonatology,Parasitology,1
Leishmaniasis,Vector-borne diseases,1
Malaria,Plasmodium species,1
Leishmaniasis,Parasitology,1
Dermatology,STIs,1
Dermatology,Stis,1
Infectious Diseases,Stis,1
STIs,Stis,1
Immunopathology,Mycology,1
Brucellosis,Microbiology,1
General Medicine,Intestinal Protozoa,1
General Medicine,Intestinal protozoa,1
Intestinal Protozoa,Microbiology,1
Intestinal protozoa,Microbiology,1
General Medicine,Immunodeficiency,1
Thorax,Vitamins & Nutrition,1
Inflammation & Healing,Orbital Cellulitis,1
Inflammation & Healing,Orbital cellulitis,1
Inflammation & Healing,Squint & Pediatric Ophthalmology,1
Orbital Cellulitis,Orbital cellulitis,1
Orbital Cellulitis,Squint & Pediatric Ophthalmology,1
Orbital cellulitis,Squint & Pediatric Ophthalmology,1
Cornea & Refractive,Fuchs' Endothelial Dystrophy,1
Cornea & Refractive,Fuchs' endothelial dystrophy,1
Fuchs' Endothelial Dystrophy,Fuchs' endothelial dystrophy,1
Fuchs' Endothelial Dystrophy,Squint & Pediatric Ophthalmology,1
Fuchs' endothelial dystrophy,Squint & Pediatric Ophthalmology,1
Cardiology,Endothelin Receptors,1
Cardiology,Endothelin receptors,1
Endocrine Pharmacology,Endothelin Receptors,1
Endocrine Pharmacology,Endothelin receptors,1
Endothelin Receptors,Endothelin receptors,1
Endocrine Pharmacology,Muscle Relaxants,1
Endocrine Pharmacology,Skeletal Muscle Relaxants,1
Muscle Relaxants,Skeletal Muscle Relaxants,1
Antimicrobials,Histology,1
Drug Interactions,Urology,1
Bone metabolism,Endocrine Pharmacology,1
Bone metabolism,Pharmacology Of Bone Metabolism,1
Bone metabolism,Pharmacology of bone metabolism,1
Endocrine Pharmacology,Pharmacology Of Bone Metabolism,1
Endocrine Pharmacology,Pharmacology of bone metabolism,1
Pharmacology Of Bone Metabolism,Pharmacology of bone metabolism,1
Biochemistry,Gout,1
Cardiac Arrest,General Medicine,1
Cardiac arrest,General Medicine,1
Anticoagulant Therapy,Anticoagulant therapy,1
Anticoagulant Therapy,Endocrine Pharmacology,1
Anticoagulant Therapy,General Medicine,1
Anticoagulant therapy,General Medicine,1
Glaucoma,Head & Neck,1
Glaucoma,Inflammation & Healing,1
Retina,Vitamins & Nutrition,1
Squint & Pediatric Ophthalmology,Visual Field Defects,1
Squint & Pediatric Ophthalmology,Visual field defects,1
Conjunctivitis,Neonatology,1
Autonomic,Neonatology,1
Inflammation & Healing,Neonatology,1
Neurology,Wilson disease,1
Squint & Pediatric Ophthalmology,Wilson Disease,1
Squint & Pediatric Ophthalmology,Wilson disease,1
General Medicine,Uveitis,1
Head & Neck,Retina,1
Leukocoria,Retinoblastoma,1
Optic Nerve,Photophobia,1
Lens & Cataract,Regional Anaesthesia,1
Lens & Cataract,Spine,1
Cornea & Refractive,Protein Metabolism,1
Macula,Optic nerve,1
Cavernous Sinus Thrombosis,Cavernous sinus thrombosis,1
Cavernous Sinus Thrombosis,Squint & Pediatric Ophthalmology,1
Cavernous sinus thrombosis,Squint & Pediatric Ophthalmology,1
Endocrine,Hematopathology,1
Endocrine,Thorax,1
Fractures,Squint & Pediatric Ophthalmology,1
SUBJ:Radiology,SUBJ:Ophthalmology,1
CT & MRI,Cornea & Refractive,1
Legal And Ethical Issues,Legal and ethical issues,1
Legal And Ethical Issues,Obstetric Complications,1
Legal and ethical issues,Obstetric Complications,1
Insanity defense,Legal Medicine,1
Insanity defense,Legal medicine,1
Autonomic,Cornea & Refractive,1
Cornea & Refractive,Neurology,1
Glaucoma,Neonatology,1
Neonatology,Ocular pharmacology,1
Ptosis,Squint & Pediatric Ophthalmology,1
Interventional Radiology,Pneumocephalus,1
Glaucoma,Histology,1
Child Rights,Constitutional Articles,1
Arrhythmias,Cardiac Emergencies,1
Bone diseases,Metabolic Bone Diseases,1
Bone diseases,Metabolic bone disease,1
Metabolic Bone Diseases,Metabolic bone disease,1
CKD anemia management,Renal,1
Endocrinology,Vitamins & Nutrition,1
Biostatistics,Hematopathology,1
Biostatistics,Thanatology,1
Diabetes Mellitus,Metabolic Emergencies,1
Asthma,Inflammation & Healing,1
Endocrine Pharmacology,Inflammation & Healing,1
Arrhythmia,Cardiology,1
Arrhythmia,PSVT,1
Cardiology,PSVT,1
ARDS,COVID-19,1
ARDS,Ventilation,1
Ards,COVID-19,1
Ards,Ventilation,1
COVID-19,Ventilation,1
General Medicine,Rheumatic Fever,1
Rheumatic Fever,Systemic Pathology,1
Diabetic Ketoacidosis,General Medicine,1
Diabetic Ketoacidosis,Neonatology,1
Gastroenterology,Lower Limb,1
Antimicrobials,Thorax,1
Antibiotic Prophylaxis,Antibiotic prophylaxis,1
Antibiotic Prophylaxis,Cardiac surgery,1
Antibiotic prophylaxis,Cardiac surgery,1
Idiopathic Pulmonary Fibrosis,Idiopathic pulmonary fibrosis,1
Idiopathic Pulmonary Fibrosis,Pulmonology,1
Idiopathic pulmonary fibrosis,Pulmonology,1
Acute promyelocytic leukemia,Chromosomal Translocation,1
Acute promyelocytic leukemia,Chromosomal translocation,1
Chromosomal Translocation,Chromosomal translocation,1
General Medicine,Movement Disorders,1
General Surgery,Liver And Biliary Tree,1
General Surgery,Liver and biliary tree,1
Interventional Radiology,Liver And Biliary Tree,1
Interventional Radiology,Liver and biliary tree,1
Liver And Biliary Tree,Liver and biliary tree,1
Microbiology,Urologic Pathology,1
Microbiology,Urologic pathology,1
Systemic Pathology,Urologic Pathology,1
Systemic Pathology,Urologic pathology,1
Urologic Pathology,Urologic pathology,1
Ascites,Peritonitis,1
Encephalitis,Temporal lobe lesion,1
Antiviral therapy,Hepatitis B,1
Carbohydrate Metabolism,Regional Anaesthesia,1
Thorax,Toxicology,1
Endocrine,Interventional Radiology,1
Cardiac Electrophysiology,ECG interpretation,1
Cardiac Electrophysiology,Electrolyte imbalances,1
Cardiac electrophysiology,ECG interpretation,1
Cardiac electrophysiology,Electrolyte imbalances,1
ECG interpretation,Electrolyte imbalances,1
ECG changes,Emergency management,1
ECG changes,Hyperkalemia,1
Emergency management,Hyperkalemia,1
Antidepressant Toxicity,Antidepressant toxicity,1
Antidepressant Toxicity,Management of poisoning,1
Antidepressant Toxicity,TCA overdose,1
Antidepressant toxicity,Management of poisoning,1
Antidepressant toxicity,TCA overdose,1
Management of poisoning,TCA overdose,1
ICU Management,Pulmonology,1
ICU Management,Systemic Sclerosis,1
Pulmonology,Systemic Sclerosis,1
Hemoglobinopathies,Sickle Cell Disease,1
Biochemistry,Diagnostic Methods,1
Biochemistry,Hemoglobinopathy,1
Diagnostic Methods,Hemoglobinopathy,1
Cardiology,Gastroenterology,1
Catecholamines,Pheochromocytoma,1
Eosinophilia,Miliary Pattern,1
Eosinophilia,Tropical Pulmonary Eosinophilia,1
Miliary Pattern,Tropical Pulmonary Eosinophilia,1
Renal,Thorax,1
Genetics & Molecular Biology,Immunopathology,1
Metabolic Acidosis,Renal,1
Nephrogenic Diabetes Insipidus,Renal,1
Nephrogenic Diabetes Insipidus,Water Balance,1
Renal,Water Balance,1
Aortic Regurgitation,Cardiology,1
Aortic Regurgitation,Neonatology,1
Emergency Medicine,Frostbite,1
General Medicine,Pituitary Disorders,1
General Medicine,Pituitary disorders,1
General Medicine,Pulmonary Edema,1
General Medicine,Pulmonary edema,1
Pulmonary Edema,Pulmonary edema,1
Dermatology,Immunopathology,1
CBD Stones,Choledocholithiasis,1
CBD Stones,Gallstone Disease,1
Choledocholithiasis,Gallstone Disease,1
Carbohydrate Metabolism,Pulmonology,1
Cardiac Arrhythmias,Cardioversion,1
Cardiac Arrhythmias,Supraventricular Tachycardia,1
Cardioversion,Supraventricular Tachycardia,1
Crohn's disease,Fecal Calprotectin,1
Crohn's disease,Inflammatory Bowel Disease,1
Fecal Calprotectin,Inflammatory Bowel Disease,1
Irritable Bowel Syndrome,Irritable bowel syndrome,1
Irritable Bowel Syndrome,Stool calprotectin,1
Irritable bowel syndrome,Stool calprotectin,1
Headache,Meningeal irritation,1
Headache,Subarachnoid Hemorrhage,1
Headache,Subarachnoid hemorrhage,1
Meningeal irritation,Subarachnoid Hemorrhage,1
Meningeal irritation,Subarachnoid hemorrhage,1
CSF analysis,Meningitis,1
Cardiology,Nerve Muscle,1
Dermatology,Oral Lesions,1
Dermatology,Oral lesions,1
General Medicine,Oral Lesions,1
General Medicine,Oral lesions,1
General Medicine,Neurological Disorders,1
General Medicine,Neurological disorders,1
Neurological Disorders,Systemic Pathology,1
Neurological disorders,Systemic Pathology,1
Bilirubin Metabolism,Genetics & Molecular Biology,1
Alcoholic Cardiomyopathy,Cardiomyopathy,1
Abdominal Pain,Rheumatic Fever,1
Cardiology,Congenital Rubella Syndrome,1
Actinomycosis,CT Scan,1
Infectious Diseases,Neuroanatomy,1
Gastric ulcer,Gastroenterology,1
Gastric ulcer,Gastrointestinal,1
Food poisoning,Foodborne Illnesses,1
Food poisoning,Foodborne illnesses,1
Bacteriology,Joints & Arthritis,1
Gastrointestinal,Virology,1
Actinomycosis,Microbiology,1
Immunization,Maternal health,1
COPD,Pulmonary function,1
Copd,Pulmonary function,1
Defluoridation,Fluorosis,1
Defluoridation,Water treatment,1
Fluorosis,Water treatment,1
Coronary Artery Disease,Coronary artery disease,1
Coronary Artery Disease,Dietary guidelines,1
Coronary artery disease,Dietary guidelines,1
Chemical emergency,Shelter-in-place,1
Chemical emergency,Toxic Exposure,1
Chemical emergency,Toxic exposure,1
Shelter-in-place,Toxic Exposure,1
Shelter-in-place,Toxic exposure,1
Toxic Exposure,Toxic exposure,1
Clinical Trials,Epidemiology,1
Census,Epidemiology,1
COVID-19,Surveillance,1
Entomology,Mosquito,1
Mosquito,Vector Control,1
Antenatal Care,Antiretroviral therapy,1
Nephrology,Pulmonology,1
Neoplasia,Thanatology,1
Thiamine,Vitamins & Nutrition,1
Epidemiology,Public Health Metrics,1
Maternal Mortality,Public Health Metrics,1
Health Schemes,Maternal Health Programs,1
Health Schemes,Public Health,1
Maternal Health Programs,Public Health,1
Biostatistics,Categorical Data Analysis,1
Biostatistics,Statistical Tests,1
Categorical Data Analysis,Statistical Tests,1
Albendazole,Deworming,1
Albendazole,Parasitic Diseases,1
Deworming,Parasitic Diseases,1
Disaster Management,Rehabilitation,1
Disaster Management,National Health Programs,1
Immunology,Vaccine Storage,1
Immunization,Vaccination schedule,1
Bacteriological testing,Water Sample Collection,1
Bacteriological testing,Water sample collection,1
Water Sample Collection,Water sample collection,1
Cobalt therapy,Radiation Therapy,1
Cobalt therapy,Radiation therapy,1
Radiation Therapy,Radiation therapy,1
Health Indicators,Mortality Rates,1
Trauma,Virology,1
Cardiothoracic,Lens & Cataract,1
Epidemiology,Waste Management,1
Maternal And Child Health,Maternal Health,1
Maternal Health,Maternal and Child Health,1
WHO STEPS approach,Who Steps Approach,1
Rabies Control,Rabies control,1
Endocrinology,Immunology,1
Environment & Occupational Health,Immunopathology,1
Carbohydrate Metabolism,Gastrointestinal,1
Epidemiology,History Taking,1
Epidemiology,History taking,1
History Taking,History taking,1
Tetanus Prophylaxis,Tetanus prophylaxis,1
Tetanus Prophylaxis,Wound management,1
Tetanus prophylaxis,Wound management,1
Air Pollution,Epidemiology,1
Child Psychiatry,Mental Healthcare Act,1
Maternal-Fetal Antibody Transfer,Maternal-Fetal Immunity,1
Maternal-Fetal Antibody Transfer,Vaccines,1
Maternal-Fetal Immunity,Vaccines,1
Cancer Screening,Prostate Cancer,1
Cancer Screening,Screening Effectiveness,1
Prostate Cancer,Screening Effectiveness,1
Bias,Bias In Studies,1
Bias,Bias in Studies,1
Bias,Reporting Bias,1
Bias In Studies,Bias in Studies,1
Bias In Studies,Reporting Bias,1
Bias in Studies,Reporting Bias,1
Disease transmission,Waterborne Diseases,1
Disease transmission,Waterborne diseases,1
Waterborne Diseases,Waterborne diseases,1
Population coverage,Secondary Service Centre,1
Population coverage,Vision 2020,1
Secondary Service Centre,Vision 2020,1
Dietary Fiber,Dietary fiber,1
Health Legislation,Indian Constitution,1
Epidemiology,Health Services Planning,1
Carrier classification,Epidemiology,1
Biostatistics,Diagnostic tests,1
Biochemistry,Vitamin A Deficiency,1
Biochemistry,Vitamin A deficiency,1
Confounding,Epidemiology,1
Antenatal Care,HIV,1
Antenatal Care,Vertical transmission,1
HIV,Vertical transmission,1
Antimicrobial Prophylaxis,Antimicrobial prophylaxis,1
Antimicrobial Prophylaxis,Chemoprophylaxis,1
Antimicrobial Prophylaxis,Meningococcal meningitis,1
Antimicrobial prophylaxis,Chemoprophylaxis,1
Antimicrobial prophylaxis,Meningococcal meningitis,1
Chemoprophylaxis,Meningococcal meningitis,1
Epidemiology,Risk factors,1
Epidemiology,Visceral leishmaniasis,1
Risk factors,Visceral leishmaniasis,1
Celiac artery,Superior mesenteric artery,1
Celiac artery,Vascular,1
Superior mesenteric artery,Vascular,1
Epidemiology,Immunology,1
Attack rates,Epidemiology,1
Aortic pathology,Interventional Radiology,1
Interventional Radiology,Thoracic imaging,1
Environment & Occupational Health,Laryngeal Cancer,1
Cardiology,Nose & PNS,1
Endocrinology,Nose & PNS,1
Environment & Occupational Health,Nasal Surgery,1
Environment & Occupational Health,Nasal surgery,1
Nasal Surgery,Nasal surgery,1
Ear Examination,Hearing Loss,1
Chronic Suppurative Otitis Media,Myringoplasty,1
Ossiculoplasty,Tympanoplasty,1
Cranial Nerve Examination,Cranial nerve examination,1
Cranial Nerve Examination,Cranial nerves,1
Cranial Nerve Examination,Gag reflex,1
Cranial nerve examination,Cranial nerves,1
Cranial nerve examination,Gag reflex,1
Cranial nerves,Gag reflex,1
Head impulse test,Vestibular Function Tests,1
Head impulse test,Vestibular function tests,1
Head impulse test,Vestibular neuronitis,1
Vestibular Function Tests,Vestibular function tests,1
Vestibular Function Tests,Vestibular neuronitis,1
Vestibular function tests,Vestibular neuronitis,1
Nasal Septum,Septal perforation,1
Nasal septum,Septal perforation,1
Otitis Media,Tympanostomy Tube,1
Postoperative Bleeding,Tonsillectomy,1
Brain Abscess,Intracranial Complications,1
Brain Abscess,Otitis Media,1
Intracranial Complications,Otitis Media,1
Epistaxis,Intracranial complications,1
Cochlear hair cells,Hearing Loss,1
Cochlear hair cells,Hearing loss,1
Croup,Neck Radiography,1
Croup,Neck radiography,1
Croup,Steeple sign,1
Neck Radiography,Neck radiography,1
Neck Radiography,Steeple sign,1
Neck radiography,Steeple sign,1
Head & Neck,Nasopharynx,1
Auditory Ossicles,Auditory ossicles,1
Auditory Ossicles,Head & Neck,1
Auditory ossicles,Head & Neck,1
Head and Neck,Oral Cavity,1
Head and Neck,Oral cavity,1
Otitis Media,Systemic Pathology,1
Otitis media,Systemic Pathology,1
Atrophic Rhinitis,Atrophic rhinitis,1
Atrophic Rhinitis,Paranasal sinus imaging,1
Atrophic rhinitis,Paranasal sinus imaging,1
Acute Parotitis,Acute parotitis,1
Acute Parotitis,Salivary gland disorders,1
Acute parotitis,Salivary gland disorders,1
General Medicine,Nasal Polyps,1
General Medicine,Nasal polyps,1
Laryngology,Neuroanatomy,1
Bacteriology,Head & Neck,1
Environment & Occupational Health,Tracheostomy,1
Environment & Occupational Health,Paranasal sinus imaging,1
Environment & Occupational Health,Paranasal Sinus Radiology,1
Environment & Occupational Health,Paranasal sinus radiology,1
Interventional Radiology,Paranasal Sinus Radiology,1
Interventional Radiology,Paranasal sinus radiology,1
Paranasal Sinus Radiology,Paranasal sinus radiology,1
Neisseria,Squint & Pediatric Ophthalmology,1
Astigmatism,Squint & Pediatric Ophthalmology,1
Glaucoma,Systemic Pathology,1
General Surgery,Superior Mesenteric Artery,1
General Surgery,Superior mesenteric artery,1
Neuroanatomy,Superior Mesenteric Artery,1
Neuroanatomy,Superior mesenteric artery,1
Superior Mesenteric Artery,Superior mesenteric artery,1
Neuroanatomy,Optic Disc,1
Neuroanatomy,Optic disc,1
Optic Disc,Optic disc,1
Optic Disc,Squint & Pediatric Ophthalmology,1
Optic disc,Squint & Pediatric Ophthalmology,1
Testicular Torsion,Testicular torsion,1
Anal Carcinoma,Anal carcinoma,1
Suture Materials,Suture materials,1
Environment & Occupational Health,Head And Neck Cancer,1
Environment & Occupational Health,Head and neck cancer,1
General Surgery,Head And Neck Cancer,1
General Surgery,Head and neck cancer,1
Head And Neck Cancer,Head and neck cancer,1
Gastrointestinal Surgery,Inflammation & Healing,1
Gastrointestinal Surgery,Lower Limb,1
Endocrinology,Interventional Radiology,1
Pancreatitis,Surgical Management,1
Liver Cirrhosis,Portal Hypertension,1
Dermatology,Genital Warts,1
General Surgery,Intra-Abdominal Abscess,1
General Surgery,Intra-abdominal Abscess,1
Intra-Abdominal Abscess,Intra-abdominal Abscess,1
Intra-Abdominal Abscess,Neuroanatomy,1
Intra-abdominal Abscess,Neuroanatomy,1
Biliary Stones,Biliary stones,1
Biliary Stones,Liver abscess,1
Biliary stones,Liver abscess,1
Bowel perforation,Pneumoperitoneum,1
Lymphedema,Surgical complications,1
Emergency management,Thorax,1
Recurrent Laryngeal Nerve Palsy,Recurrent laryngeal nerve palsy,1
Recurrent Laryngeal Nerve Palsy,Thyroidectomy complications,1
Recurrent laryngeal nerve palsy,Thyroidectomy complications,1
Head And Neck Anatomy,Nerve injury,1
Head and Neck,Nerve injury,1
Head and Neck Anatomy,Nerve injury,1
Infectious Diseases,Wound assessment,1
Esophageal disorders,Interventional Radiology,1
Abdominal Surgery,Abdominal surgery,1
Abdominal Surgery,Surgical imaging,1
Abdominal surgery,Surgical imaging,1
Primary Survey,Primary survey,1
Primary Survey,Trauma,1
Primary survey,Trauma,1
Neoplasia,Trauma,1
Cardiology,Virology,1
Intraoperative PTH monitoring,Parathyroid Adenoma,1
Intraoperative PTH monitoring,Parathyroid adenoma,1
Parathyroid Adenoma,Parathyroid adenoma,1
Claudication,Peripheral Arterial Disease,1
Claudication,Peripheral arterial disease,1
Peripheral Arterial Disease,Peripheral arterial disease,1
Breast & Endocrine Surgery,DIEP flap,1
Dermatology,Melanoma,1
Melanoma,Systemic Pathology,1
Surgical Instruments,Surgical instruments,1
Surgical Knots,Surgical knots,1
Biliary Tract,Cholelithiasis,1
Dermatologic Pathology,Dermatologic pathology,1
Dermatologic Pathology,Dermatopathology,1
Dermatologic Pathology,Skin lesions,1
Dermatologic pathology,Dermatopathology,1
Dermatologic pathology,Skin lesions,1
Dermatopathology,Skin lesions,1
Bell'S Palsy,Bell's palsy,1
Bell'S Palsy,Environment & Occupational Health,1
Bell'S Palsy,General Medicine,1
Bell's palsy,Environment & Occupational Health,1
Bell's palsy,General Medicine,1
General Surgery,Organ Transplantation,1
Esophageal Disorders,Systemic Pathology,1
Genitourinary Anatomy,Neuroanatomy,1
Crohn'S Disease,Crohn's disease,1
Crohn'S Disease,Gastrointestinal,1
Crohn's disease,Gastrointestinal,1
Gastrointestinal,Pyloric Stenosis,1
Gastrointestinal,Pyloric stenosis,1
Glasgow Coma Scale,Motor response,1
Glasgow Coma Scale,Head Injury,1
Glasgow Coma Scale,Trauma,1
Abdominal Aortic Aneurysm,Surgical indication,1
Abdominal aortic aneurysm,Surgical indication,1
Surgical indication,Vascular,1
Genetics & Molecular Biology,Thorax,1
Mucopolysaccharidosis,Neonatology,1
Epidemiology,Infant Feeding,1
Immunodeficiency,Immunopathology,1
Immunopathology,Neonatology,1
Emergency Medicine,Foreign Body Airway Obstruction,1
Emergency Medicine,Foreign body airway obstruction,1
Foreign Body Airway Obstruction,Neonatology,1
Foreign body airway obstruction,Neonatology,1
Lower Limb,Thorax,1
Gastrointestinal,Lower Limb,1
Neurology,Seizure Disorders,1
Seizure Disorders,Seizure disorders,1
Dehydration,Gastroenteritis,1
Dehydration,Neonatology,1
Gastroenteritis,Neonatology,1
Gastroenterology,Pediatric Orthopedics,1
Cell Injury & Death,Neonatology,1
Neonatology,Neurology,1
Histology,Lipid Metabolism,1
Chromosomal Abnormalities,Systemic Pathology,1
Retractors,Surgical Instruments,1
Neonatology,Patent ductus arteriosus,1
Patent Ductus Arteriosus,Patent ductus arteriosus,1
Fluid therapy,Gastroenterology,1
Fluid therapy,Neonatology,1
Hip Disorders,Hip disorders,1
Fractures,Gartland classification,1
Bone Dysplasias,Fractures,1
Bone Dysplasias,Interventional Radiology,1
Cerebral palsy,Gait disorders,1
Cerebral palsy,Neurology,1
Dislocation,Fractures,1
Scaphoid,Vascular,1
Hematopathology,Scaphoid,1
Regional Anaesthesia,X-ray,1
General Surgery,Surgical Materials,1
General Surgery,Surgical materials,1
Fractures,Painful arc syndrome,1
Fractures,Shoulder impingement,1
Painful arc syndrome,Shoulder impingement,1
Bone Lesions,Cysts,1
Mucopolysaccharidoses,Neonatology,1
Mucopolysaccharidoses,Systemic Pathology,1
Histology,Menstrual Disorders,1
Amniotic Band Syndrome,Neonatology,1
Breast & Endocrine Surgery,Postpartum Hemorrhage,1
Biostatistics,Labor & Delivery,1
Labor & Delivery,Neonatology,1
Breast & Endocrine Surgery,Breech Presentation,1
Labor & Delivery,Pulmonology,1
Interventional Radiology,Pelvic organ prolapse,1
Obstetric Complications,Pelvic organ prolapse,1
Chemotherapy & Anticancer,Environment & Occupational Health,1
Chemotherapy & Anticancer,Gastrointestinal Surgery,1
Environment & Occupational Health,Gastrointestinal Surgery,1
Pelvic Floor Surgery,Uterine Prolapse,1
Sacrocolpopexy,Uterine Prolapse,1
Mesh Anchoring,Uterine Prolapse,1
Antenatal Care,Biochemistry,1
Biochemistry,Connective Tissue Disorders,1
Biochemistry,Connective tissue disorders,1
Connective Tissue Disorders,Systemic Pathology,1
Connective tissue disorders,Systemic Pathology,1
Anhydramnios,Obstetric Complications,1
Antenatal Care,Teratogens,1
Teratogens,Uterine Anomalies,1
Contraception,Uterine Anomalies,1
Antenatal Care,Radiation,1
Antenatal Care,Radiation Exposure,1
Radiation,Radiation Exposure,1
Antenatal Care,Renal,1
Head & Neck,Pulmonology,1
Head & Neck,Renal,1
Trichomoniasis,Vaginitis,1
Gestational Age Estimation,Gestational age,1
Gestational Age Estimation,Gestational age estimation,1
Gestational Age Estimation,Ultrasound,1
Gestational age,Gestational age estimation,1
Gestational age,Ultrasound,1
Gestational age estimation,Ultrasound,1
Fetal Anomalies,Fetal anomalies,1
Fetal Anomalies,Maternal diabetes,1
Fetal anomalies,Maternal diabetes,1
Prolactin,Sleep,1
Perineal Tear,Perineal tear,1
Perineal Tear,Postpartum care,1
Perineal tear,Postpartum care,1
Head & Neck,Reproductive,1
Labor & Delivery,Reproductive,1
Labor & Delivery,Prostaglandins,1
Menstrual Disorders,Vitamins & Nutrition,1
Bacteriology,Enzymology,1
Enzymology,Pulmonology,1
Menstrual cycle,Reproduction,1
Dermatology therapy,Vulvar Diseases,1
Dermatology therapy,Vulvar diseases,1
Dermatology therapy,Vulvar disorders,1
Vulvar Diseases,Vulvar diseases,1
Vulvar Diseases,Vulvar disorders,1
Vulvar diseases,Vulvar disorders,1
Chromosome abnormalities,Gestational Trophoblastic Disease,1
Chromosome abnormalities,Hydatidiform mole,1
Gestational Trophoblastic Disease,Hydatidiform mole,1
Premature ejaculation,Sexual Dysfunction,1
Premature ejaculation,Sexual dysfunction,1
Fasting plasma glucose,Gestational Diabetes,1
Fasting plasma glucose,Gestational diabetes,1
Microbiology,Trichomoniasis,1
Obstetric Complications,Trichomoniasis,1
Endocrine Pharmacology,Magnesium Sulfate Therapy,1
Endocrine Pharmacology,Magnesium sulfate therapy,1
Magnesium Sulfate Therapy,Magnesium sulfate therapy,1
Magnesium Sulfate Therapy,Obstetric Complications,1
Magnesium sulfate therapy,Obstetric Complications,1
Meconium Peritonitis,Meconium peritonitis,1
Meconium Peritonitis,Neonatology,1
Meconium Peritonitis,Obstetric Complications,1
Meconium peritonitis,Neonatology,1
Meconium peritonitis,Obstetric Complications,1
Antenatal Care,Histology,1
AMH,Ovarian Reserve Assessment,1
AMH,Ovarian reserve,1
AMH,Ovarian reserve assessment,1
Ovarian Reserve Assessment,Ovarian reserve,1
Ovarian Reserve Assessment,Ovarian reserve assessment,1
Ovarian reserve,Ovarian reserve assessment,1
Management Of Uterine Fibroids,Management of uterine fibroids,1
Management Of Uterine Fibroids,Menorrhagia,1
Management Of Uterine Fibroids,Uterine fibroid,1
Management of uterine fibroids,Menorrhagia,1
Management of uterine fibroids,Uterine fibroid,1
Menorrhagia,Uterine fibroid,1
Endocrine,Lower Limb,1
Endocrine,Upper Limb,1
Embryology,Lipid Metabolism,1
Iodine deficiency,Vitamins & Nutrition,1
Emergency Medicine,Shoulder Dystocia,1
General Medicine,Peripartum Cardiomyopathy,1
Obstetric Complications,Peripartum Cardiomyopathy,1
Obstetric Anesthesia,Obstetric Complications,1
Obstetric Anesthesia,Regional Anaesthesia,1
Obstetric Complications,Postpartum hemorrhage,1
Hormone therapy,Pessary,1
Hormone therapy,Uterine Prolapse,1
Hormone therapy,Uterine prolapse,1
Pessary,Uterine Prolapse,1
Pessary,Uterine prolapse,1
Lepromin test,Leprosy,1
Lepromin test,Ulnar nerve,1
Leprosy,Ulnar nerve,1
Contraception,General Medicine,1
Psoriasis,Systemic Pathology,1
Pelvic Ligaments,Pyometra,1
Pigmentation Disorders,Vitiligo,1
Genetics & Molecular Biology,Head & Neck,1
Antimicrobial Therapy,Microbiology,1
Antimicrobial therapy,Microbiology,1
Dermatology,Viral Warts,1
Dermatology,Viral warts,1
Microbiology,Viral Warts,1
Microbiology,Viral warts,1
Viral Warts,Viral warts,1
Blistering Skin Diseases,Dermatology,1
Blistering Skin Diseases,Systemic Pathology,1
Acne,Epidemiology,1
Dermatitis,Dermatology,1
Dermatology,Infections of Skin,1
Infections of Skin,Neuroanatomy,1
Dermatology,Gastrointestinal Surgery,1
Dermatology,Nerve Muscle,1
Gastrointestinal Surgery,Nerve Muscle,1
Dermatology,Head & Neck,1
Dermatology,Thorax,1
Dermatology,Urticaria,1
Neurology,Thorax,1
Airway Management,Recovery position,1
Regional Anaesthesia,Trauma,1
Airway Assessment,Regional Anaesthesia,1
Airway assessment,Regional Anaesthesia,1
Lumbar Puncture,Lumbar puncture,1
Lumbar Puncture,Neuroanatomy,1
Lumbar puncture,Neuroanatomy,1
SUBJ:Anatomy,SUBJ:Anaesthesia,1
Anesthetic pharmacology,Depth Of Anesthesia Monitoring,1
Anesthetic pharmacology,Depth of anesthesia monitoring,1
Anesthetic pharmacology,EEG monitoring,1
Depth Of Anesthesia Monitoring,Depth of anesthesia monitoring,1
Depth Of Anesthesia Monitoring,EEG monitoring,1
Depth of anesthesia monitoring,EEG monitoring,1
Psychiatric emergency,Psychotic Disorders,1
Psychiatric emergency,Psychotic disorders,1
Psychiatric emergency,Violent behavior,1
Psychotic Disorders,Violent behavior,1
Psychotic disorders,Violent behavior,1
General Medicine,Pulmonary embolism,1
Environment & Occupational Health,Vascular,1
Neoplasia,X-ray,1
Antenatal Care,Neurology,1
General Medicine,X-ray,1
Interventional Radiology,MRCP,1
Interventional Radiology,Mrcp,1
MRCP,Mrcp,1
CT & MRI,Neuroanatomy,1
Infectious Diseases,X-ray,1
Throat & Larynx,X-ray,1
Upper Limb,X-ray,1
Infectious Diseases,Interventional Radiology,1
Breast & Endocrine Surgery,Fractures,1
Gastrointestinal,X-ray,1
Pneumoperitoneum,Ultrasound,1
Radiation susceptibility,Radiobiology,1
Tetralogy Of Fallot,X-ray,1
Tetralogy of Fallot,X-ray,1
Foreign Body Detection,Foreign body detection,1
Foreign Body Detection,Interventional Radiology,1
Foreign Body Detection,Neonatology,1
Foreign body detection,Interventional Radiology,1
Foreign body detection,Neonatology,1
Interventional Radiology,Radiological Signs,1
Interventional Radiology,Radiological signs,1
Radiological Signs,Radiological signs,1
Gastrointestinal,General Surgery,1
Hepatobiliary Imaging,Hepatobiliary imaging,1
Hepatobiliary Imaging,Neonatology,1
Hepatobiliary imaging,Neonatology,1
Gastroenterology,Thanatology,1
Gastrointestinal,Neurology,1
Environment & Occupational Health,Vitamins & Nutrition,1
CT & MRI,Histology,1
Environment & Occupational Health,Thorax,1
CT & MRI,Contrast agents,1
CT & MRI,MRI,1
Contrast agents,MRI,1
Paraphilic Disorders,Paraphilic disorders,1
Alcohol Intoxication,Emergency Medicine,1
Alcohol intoxication,Emergency Medicine,1
Narcissistic Personality Disorder,Personality Disorders,1
Body Dysmorphic Disorder,Psychiatric assessment,1
Sympathomimetic toxidrome,Toxicology,1
DSM-5,Habit Disorders,1
DSM-5,Habit disorders,1
DSM-5,Tic disorders,1
Habit Disorders,Habit disorders,1
Habit Disorders,Tic disorders,1
Habit disorders,Tic disorders,1
American Association of Mental Retardation,Intellectual Disability,1
American Association of Mental Retardation,Intellectual disability,1
American Association of Mental Retardation,Terminology,1
Intellectual Disability,Terminology,1
Intellectual disability,Terminology,1
Antidepressants,TCA poisoning,1
Antidepressants,Toxicology,1
TCA poisoning,Toxicology,1
Neonatology,Toxicology,1
Child Psychiatry,Toxicology,1
Biostatistics,Child Psychiatry,1
Child Psychiatry,Trauma,1
General Medicine,Sexual Dysfunction,1
General Medicine,Sexual dysfunction,1
Premature Ejaculation,Sexual Dysfunction,1
Dream Theory,Psychoanalysis,1
Abreaction,Psychiatric Terminology,1
Abreaction,Psychiatric terminology,1
Psychiatric Terminology,Psychiatric terminology,1
Dream Theory,Freud's theory,1
Postpartum blues,Substance Use,1
Bulimia nervosa,Eating Disorders,1
Bulimia nervosa,Eating disorders,1
Eating Disorders,Eating disorders,1
Hard palate,Oral cavity,1
Throat & Larynx,Vocal cords,1
Brainstem syndromes,Midbrain lesions,1
Brainstem syndromes,Weber's syndrome,1
Midbrain lesions,Weber's syndrome,1
Complement disorders,Epidemiology,1
Complement disorders,Systemic Pathology,1
Epidemiology,Platelet disorders,1
Platelet disorders,Systemic Pathology,1
Bacteriology,Endocrine Pharmacology,1
Breast & Endocrine Surgery,Burns & Plastic,1
Breast & Endocrine Surgery,Regional Anaesthesia,1
Burns & Plastic,Regional Anaesthesia,1
Medicolegal Terminology,Thanatology,1
Decomposition and Putrefaction,Thanatology,1
Neuroanatomy,Skull and Facial Bones,1
Environment & Occupational Health,Labor & Delivery,1
Factory Act,Labor & Delivery,1
Biomedical Waste Management,Cytotoxic drug disposal,1
Biomedical waste management,Cytotoxic drug disposal,1
Antimicrobials,Neurology,1
Communicable Diseases,Transmission,1
Communicable Diseases,Transmission Modes,1
Transmission,Transmission Modes,1
Interventional Radiology,Paranasal sinus imaging,1
Ophthalmic Pathology,Retina,1
Extraocular Muscles,Ocular Motility,1
Fasciotomy,Neuroanatomy,1
Breast & Endocrine Surgery,Pyloric stenosis,1
Lower Limb,Obstetric Complications,1
Labor & Delivery,Regional Anaesthesia,1
Pelvic organ prolapse,Uterine prolapse,1
Nevus,Skin lesions,1
Cutis marmorata,Skin reactions,1
Dermatology,Pulmonology,1
Contrast agents,Esophageal perforation,1
Bragg peak,Proton therapy,1
Bragg peak,Radiation physics,1
Proton therapy,Radiation physics,1
Gynecologic imaging,Imaging modalities,1
Imaging modalities,Uterine anomalies,1
Head & Neck,X-ray,1
Neuroanatomy,X-ray,1
Aortic dissection,Aortic pathology,1
Aortic dissection,Thoracic imaging,1
DNA repair disorders,Genetics & Molecular Biology,1
DNA repair disorders,Immunodeficiency,1
Antimicrobials,Lens & Cataract,1
Immunization,Vaccination campaigns,1
Vaccination,Vaccination campaigns,1
Autacoids,Endocrine Pharmacology,1
Histology,Oral cavity,1
Throat & Larynx,Vocal cord muscles,1
Brainstem,Cranial nerves,1
Cranial nerves,Stroke syndromes,1
Chest wall,Pulmonology,1
Chest wall,Thorax,1
Brainstem,Cerebellar arteries,1
Cerebellar arteries,Stroke syndromes,1
Neurology,Spinal Cord Disorders,1
Abdomen,Carbohydrate Metabolism,1
Molecular Chaperones,Protein Folding,1
Riboflavin,Vitamins & Nutrition,1
Infectious Diseases,Measles,1
Endocrine Pharmacology,Immunosuppressive drugs,1
Biochemistry,Heavy metal toxicity,1
Heavy metal toxicity,Systemic Pathology,1
Antimicrobial resistance,Gram-negative bacteria,1
Environmental Health,Water sanitation,1
Environmental Health,Water quality,1
Environmental health,Water quality,1
Glaucoma,Hematopathology,1
Hematopathology,Retina,1
Leukemia,Retina,1
Extraocular muscles,Neuroanatomy,1
Extraocular muscles,Squint & Pediatric Ophthalmology,1
Facial bones,Orbit,1
Bartter syndrome,Nephrology,1
Bartter syndrome,Renal,1
Esophageal Motility Disorders,Surgical Management,1
Immunopathology,Vasculitis,1
Peripheral Arterial Disease,Vascular,1
Breast & Endocrine Surgery,Microcalcification,1
Resection Margin,Surgical Oncology,1
Cell Injury & Death,Oncology Surgery,1
Neoplasia,Oncology Surgery,1
Neonatology,Ophthalmia neonatorum,1
Ophthalmia neonatorum,Squint & Pediatric Ophthalmology,1
Bone lesions,Fractures,1
Bone lesions,Interventional Radiology,1
CNS Physiology,Placenta,1
Biochemistry,Maternal Serum Screening,1
Pelvic Floor Disorders,Uterine Prolapse,1
Endocrinology,Menopausal Hormone Therapy,1
Antenatal Care,Antihypertensive drugs,1
Antihypertensive drugs,Preeclampsia,1
Cold exposure,Skin physiology,1
Cold exposure,Thermoregulation,1
Skin physiology,Thermoregulation,1
Airway Management,Endotracheal tube,1
CNS Physiology,Neuromuscular Blocking Agents,1
Breast & Endocrine Surgery,Contrast Studies,1
Contrast Studies,Interventional Radiology,1
Obstetric Complications,Uterine Anomalies,1
Child Psychiatry,Dream Theory,1
Chest Radiograph,Pulmonary Diseases,1
Pulmonology,Thanatology,1
Airway Management,Intracranial hemorrhage,1
Arrhythmias,Heart block,1
Cardiology,Heart block,1
CT & MRI,Gastroenterology,1
CT & MRI,Gastrointestinal,1
Bleeding disorders,Hemophilia,1
Hodgkin lymphoma,Reed-Sternberg cells,1
Potassium balance,Renal,1
Interventional Radiology,Lower Limb,1
Regional Anaesthesia,Squint & Pediatric Ophthalmology,1
Regional Anaesthesia,Squint surgery,1
Squint & Pediatric Ophthalmology,Squint surgery,1
Cranial nerve nuclei,Neuroanatomy,1
Ataxia telangiectasia,Neonatology,1
Ataxia telangiectasia,Systemic Pathology,1
Obstetric Complications,Uterine support,1
Pulmonary function tests,Pulmonology,1
Carbohydrate Metabolism,Insulin processing,1
Endocrine,Insulin processing,1
Metabolic Disorders,Peroxisome,1
Peroxisomal Disorders,Peroxisome,1
Biochemical Pathways,NADPH,1
Biochemical Pathways,NADPH Metabolism,1
NADPH,NADPH Metabolism,1
HDL,Lipid Metabolism,1
Neuroanatomy,Protein Biochemistry,1
Biochemistry,RNA enzymes,1
CNS Physiology,Platelet Disorders,1
Platelet Disorders,Systemic Pathology,1
Biochemistry,Protein Function,1
Protein Function,Systemic Pathology,1
Rheumatic Heart Disease,Systemic Pathology,1
Anxiolytics,Endocrine Pharmacology,1
Antifungal Agents,Microbiology,1
Bacteriology,Cardiology,1
Biochemistry,Catecholamine synthesis,1
Endocrine Pharmacology,Pharmacotherapeutics,1
Cardiology,Digitalis Toxicity,1
Digitalis Toxicity,Endocrine Pharmacology,1
Chemotherapy & Anticancer,Lipid Metabolism,1
CNS Physiology,Prostaglandins,1
Endocrine Pharmacology,Prostaglandins,1
Sexual offenses,Thanatology,1
Neonatology,Thanatology,1
Infectious Diseases,Isolation Precautions,1
Antiprotozoal drugs,Infectious Diseases,1
Criminal law,Criminal procedure,1
Epidemiology,Tribal Health,1
Child Psychiatry,Mental Health Act,1
Health Economics,Industrial Health,1
Employment and Health,Social Determinants of Health,1
Health Legislation,Professional Ethics,1
Health Administration,Health Services,1
Health Policy,Ports regulation,1
Health Policy,Shipping navigation,1
Health Policy,Trade commerce,1
Constitution,Taxation,1
Health Legislation,Taxation,1
Constitution,Press regulation,1
Health Legislation,Press regulation,1
Constitution,Cultural heritage,1
Cultural heritage,Health Legislation,1
Health Services,Rural Health,1
Diagnostic Testing,Diagnostic Tests,1
Diagnostic Testing,Epidemiology,1
Diagnostic Tests,Epidemiology,1
Carrier State,Infectious Diseases,1
Epidemiology,Pneumonia,1
Environment & Occupational Health,Personal protective equipment,1
Epidemiology,Sanitary Landfill,1
Consanguinity,Epidemiology,1
Lids and lacrimal apparatus,Squint & Pediatric Ophthalmology,1
Deep Venous Thrombosis,Venous Thromboembolism,1
Esophagitis,Infectious Diseases,1
Sensory Pathways,Spinal Cord,1
Genetics & Molecular Biology,Skeletal Dysplasias,1
Biochemistry,Hepatology,1
Breast & Endocrine Surgery,Head and Neck surgery,1
Environment & Occupational Health,Head and Neck surgery,1
Inflammation & Healing,Nutrition & Health,1
Endocrinology,Spine,1
Endocrinology,Trauma,1
Neurology,Regional Anaesthesia,1
Cell Injury & Death,Fractures,1
Neoplasia,Spine,1
Spine,X-ray,1
Infectious Diseases,Lower Limb,1
Calcific tendinitis,Shoulder disorders,1
Antenatal Care,Carbohydrate Metabolism,1
Anticonvulsants,Obstetric pharmacology,1
Luteal Phase,Menstrual Cycle,1
Neoplasia,Ultrasound,1
Postpartum Hemorrhage,Prostaglandins,1
Inhalational Anaesthetics,Pulmonology,1
Anaesthesia Monitoring,Depth of Anaesthesia,1
Bilirubin Metabolism,Genetic Disorders,1
Contrast agents,Interventional Radiology,1
Bone lesions,Systemic Pathology,1
Biostatistics,Infectious Diseases,1
Surgical knots,Suturing techniques,1
Gastroenterology,X-ray,1
Abdomen,Emergency surgery,1
Conjunctiva,Pterygium,1
Conjunctival disorders,Pterygium,1
Head & Neck,Nose & PNS,1
Environment & Occupational Health,Laryngeal pathology,1
Herpes zoster,Microbiology,1
Interventional Radiology,Paragonimiasis,1
Microbiology,Paragonimiasis,1
Congenital brain malformations,Interventional Radiology,1
Congenital brain malformations,Neonatology,1
Dermatomes,Thorax,1
Head and Neck,Nerve injuries,1
Nerve injuries,Neuroanatomy,1
Head and Neck,Mandible,1
Mandible,Neuroanatomy,1
"2,3-DPG",Hematopathology,1
Electrophysiology,Ion Channel,1
Endocrine,Enzymology,1
Biochemistry,Pharmacodynamics,1
Endocrine,Inflammation & Healing,1
Chemotherapy & Anticancer,Neoplasia,1
Endocrine Pharmacology,Prokinetic agents,1
Antiemetics,Endocrine Pharmacology,1
Antiemetics,Environment & Occupational Health,1
Biochemistry,Receptor Pharmacology,1
Endocrine Pharmacology,Receptor Pharmacology,1
Abdomen,Antimicrobials,1
Antifungal drugs,Microbiology,1
Endocrine Pharmacology,Protein synthesis inhibitors,1
Microbiology,Protein synthesis inhibitors,1
Abdomen,Toxicology,1
Biochemistry,Immunoassays,1
Immunoassays,Systemic Pathology,1
Biomedical waste management,Epidemiology,1
Cardiology,Non-Communicable Diseases,1
Epidemiology,Non-Communicable Diseases,1
Breast & Endocrine Surgery,Otology,1
Head and Neck Radiology,Paranasal sinus,1
Head and Neck Radiology,Radiographic view,1
Paranasal sinus,Radiographic view,1
Neuro-ophthalmology,Visual pathway,1
Endocrinology,Squint & Pediatric Ophthalmology,1
Orbital disease,Squint & Pediatric Ophthalmology,1
Cornea & Refractive,Immunopathology,1
Cornea & Refractive,Rheumatology,1
Epidemiology,Esophageal motility disorders,1
Head & Neck,Neurology,1
Acid Base Balance,CNS Physiology,1
Acid Base Balance,Epidemiology,1
Epidemiology,Renal,1
Rheumatology,Thanatology,1
Immunopathology,Nephrology,1
Epidemiology,Rheumatology,1
Biliary tract disease,Breast & Endocrine Surgery,1
Cardiac arrhythmias,Epidemiology,1
Gastroenterology,Organic GI disease,1
Irritable Bowel Syndrome,Organic GI disease,1
Endocrinology,Thyroid function tests,1
Hyperthyroidism,Thyroid function tests,1
Frostbite,Warming technique,1
Esophageal motility,Gastroenterology,1
Head & Neck,Spine,1
Renal,Trauma,1
Pulmonology,Vascular,1
Cell Injury & Death,Immunopathology,1
CNS Physiology,Gastrointestinal Surgery,1
Acetaminophen,Analgesics,1
Acetaminophen,Liver failure,1
Analgesics,Liver failure,1
Cardiology,Gastrointestinal Surgery,1
Cardiothoracic,Gastrointestinal Surgery,1
Breast & Endocrine Surgery,Plastic surgery,1
Pneumocytes,Pulmonology,1
Pneumocytes,Surfactant,1
Pulmonology,Surfactant,1
Breast & Endocrine Surgery,Jaundice,1
Breast & Endocrine Surgery,Neonatal Hyperbilirubinemia,1
Jaundice,Neonatal Hyperbilirubinemia,1
Growth & Development,True hermaphroditism,1
Karyotype,True hermaphroditism,1
Lower Limb,Rheumatology,1
Rheumatology,Upper Limb,1
Thorax,X-ray,1
Obstetric Complications,Parasitology,1
Epidemiology,Fractures,1
Epidemiology,Osteoporosis,1
Endocrine,Prolactin,1
Obstetric Injuries,Perineal tear,1
Antenatal Care,Radiation safety,1
Obstetric Complications,Radiation safety,1
Endocrine,Labor & Delivery,1
Labor & Delivery,Menstrual Disorders,1
Gametogenesis,Meiosis,1
Gametogenesis,Reproduction,1
Meiosis,Reproduction,1
Enzymology,Menstrual Disorders,1
Embryology,Fertilization,1
Infectious Diseases,Menstrual Disorders,1
Ichthyosis,Neonatology,1
Biostatistics,Histology,1
Biostatistics,Neoplasia,1
Epidemiology,Hydrocephalus,1
Mood Disorders,Schizoaffective disorder,1
Biochemistry,Pellagra,1
Dermatology,Pellagra,1
Biostatistics,Genetics & Molecular Biology,1
Inflammation & Healing,Thanatology,1
Thanatology,Thorax,1
Breast & Endocrine Surgery,Oral and Maxillofacial Surgery,1
Environment & Occupational Health,Oral and Maxillofacial Surgery,1
Gastrointestinal,Polyps,1
Barium swallow,Upper GI imaging,1
Dermatology,Lichen sclerosus,1
Biochemistry,Ichthyosis,1
Bullous diseases,Stevens-Johnson syndrome,1
Cardiology,X-ray,1
Head & Neck,Parasitology,1
Inflammation & Healing,Parasitology,1
