topic,primary_subject,question_count,years_seen,year_list,recurrence,recent_count,years_since_last,due_for_return,importance_score,priority_band
Reproductive,Physiology,183,15,"2010,2011,2012,2013,2014,2015,2016,2017,2018,2019,2020,2021,2022,2023,2024",0.938,17,1,True,86.6,Must
Urology,Surgery,108,15,"2010,2011,2012,2013,2014,2015,2016,2017,2018,2019,2020,2021,2022,2023,2024",0.938,11,1,True,86.6,Must
Lower Limb,Anatomy,136,16,"2010,2011,2012,2013,2014,2015,2016,2017,2018,2019,2020,2021,2022,2023,2024,2025",1.0,21,0,False,86.5,Must
Neoplasia,Pathology,451,16,"2010,2011,2012,2013,2014,2015,2016,2017,2018,2019,2020,2021,2022,2023,2024,2025",1.0,64,0,False,86.4,Must
Inflammation & Healing,Pathology,315,16,"2010,2011,2012,2013,2014,2015,2016,2017,2018,2019,2020,2021,2022,2023,2024,2025",1.0,45,0,False,86.4,Must
Gastrointestinal Surgery,Surgery,59,16,"2010,2011,2012,2013,2014,2015,2016,2017,2018,2019,2020,2021,2022,2023,2024,2025",1.0,8,0,False,86.4,Must
Neurology,Medicine,317,16,"2010,2011,2012,2013,2014,2015,2016,2017,2018,2019,2020,2021,2022,2023,2024,2025",1.0,38,0,False,86.2,Must
Genetics & Molecular Biology,Biochemistry,330,16,"2010,2011,2012,2013,2014,2015,2016,2017,2018,2019,2020,2021,2022,2023,2024,2025",1.0,35,0,False,86.1,Must
Endocrinology,Medicine,293,16,"2010,2011,2012,2013,2014,2015,2016,2017,2018,2019,2020,2021,2022,2023,2024,2025",1.0,33,0,False,86.1,Must
Trauma,Surgery,277,16,"2010,2011,2012,2013,2014,2015,2016,2017,2018,2019,2020,2021,2022,2023,2024,2025",1.0,31,0,False,86.1,Must
Toxicology,Forensic Medicine,214,16,"2010,2011,2012,2013,2014,2015,2016,2017,2018,2019,2020,2021,2022,2023,2024,2025",1.0,23,0,False,86.1,Must
Cardiology,Medicine,619,16,"2010,2011,2012,2013,2014,2015,2016,2017,2018,2019,2020,2021,2022,2023,2024,2025",1.0,63,0,False,86.0,Must
Hematopathology,Pathology,451,16,"2010,2011,2012,2013,2014,2015,2016,2017,2018,2019,2020,2021,2022,2023,2024,2025",1.0,43,0,False,86.0,Must
Thanatology,Forensic Medicine,358,16,"2010,2011,2012,2013,2014,2015,2016,2017,2018,2019,2020,2021,2022,2023,2024,2025",1.0,35,0,False,86.0,Must
Antimicrobials,Pharmacology,86,15,"2010,2011,2012,2013,2014,2015,2016,2017,2018,2019,2020,2021,2022,2023,2024",0.938,3,1,True,86.0,Must
Emergency Medicine,Medicine,84,16,"2010,2011,2012,2013,2014,2015,2016,2017,2018,2019,2020,2021,2022,2023,2024,2025",1.0,8,0,False,86.0,Must
General Medicine,Medicine,418,16,"2010,2011,2012,2013,2014,2015,2016,2017,2018,2019,2020,2021,2022,2023,2024,2025",1.0,36,0,False,85.9,Must
Obstetric Complications,OBG,347,16,"2010,2011,2012,2013,2014,2015,2016,2017,2018,2019,2020,2021,2022,2023,2024,2025",1.0,30,0,False,85.9,Must
Renal,Physiology,296,16,"2010,2011,2012,2013,2014,2015,2016,2017,2018,2019,2020,2021,2022,2023,2024,2025",1.0,28,0,False,85.9,Must
Gastroenterology,Medicine,211,16,"2010,2011,2012,2013,2014,2015,2016,2017,2018,2019,2020,2021,2022,2023,2024,2025",1.0,18,0,False,85.9,Must
Breast & Endocrine Surgery,Surgery,162,16,"2010,2011,2012,2013,2014,2015,2016,2017,2018,2019,2020,2021,2022,2023,2024,2025",1.0,15,0,False,85.9,Must
Pulmonology,Physiology,500,16,"2010,2011,2012,2013,2014,2015,2016,2017,2018,2019,2020,2021,2022,2023,2024,2025",1.0,42,0,False,85.8,Must
Vitamins & Nutrition,Biochemistry,407,16,"2010,2011,2012,2013,2014,2015,2016,2017,2018,2019,2020,2021,2022,2023,2024,2025",1.0,31,0,False,85.8,Must
Growth & Development,Pediatrics,242,15,"2010,2011,2012,2013,2014,2015,2016,2017,2018,2019,2020,2021,2022,2023,2024",0.938,5,1,True,85.8,Must
Infectious Diseases,Microbiology,747,16,"2010,2011,2012,2013,2014,2015,2016,2017,2018,2019,2020,2021,2022,2023,2024,2025",1.0,52,0,False,85.7,Must
Neuroanatomy,Anatomy,557,16,"2010,2011,2012,2013,2014,2015,2016,2017,2018,2019,2020,2021,2022,2023,2024,2025",1.0,38,0,False,85.7,Must
Systemic Pathology,Pathology,408,16,"2010,2011,2012,2013,2014,2015,2016,2017,2018,2019,2020,2021,2022,2023,2024,2025",1.0,28,0,False,85.7,Must
Bacteriology,Microbiology,406,16,"2010,2011,2012,2013,2014,2015,2016,2017,2018,2019,2020,2021,2022,2023,2024,2025",1.0,28,0,False,85.7,Must
Neonatology,Pediatrics,400,16,"2010,2011,2012,2013,2014,2015,2016,2017,2018,2019,2020,2021,2022,2023,2024,2025",1.0,29,0,False,85.7,Must
Gastrointestinal,Physiology,267,16,"2010,2011,2012,2013,2014,2015,2016,2017,2018,2019,2020,2021,2022,2023,2024,2025",1.0,20,0,False,85.7,Must
Carbohydrate Metabolism,Biochemistry,264,16,"2010,2011,2012,2013,2014,2015,2016,2017,2018,2019,2020,2021,2022,2023,2024,2025",1.0,18,0,False,85.7,Must
Immunology,Microbiology,264,16,"2010,2011,2012,2013,2014,2015,2016,2017,2018,2019,2020,2021,2022,2023,2024,2025",1.0,19,0,False,85.7,Must
Vascular,Surgery,193,16,"2010,2011,2012,2013,2014,2015,2016,2017,2018,2019,2020,2021,2022,2023,2024,2025",1.0,14,0,False,85.7,Must
Rheumatology,Medicine,147,16,"2010,2011,2012,2013,2014,2015,2016,2017,2018,2019,2020,2021,2022,2023,2024,2025",1.0,11,0,False,85.7,Must
Epidemiology,Community Medicine,677,16,"2010,2011,2012,2013,2014,2015,2016,2017,2018,2019,2020,2021,2022,2023,2024,2025",1.0,39,0,False,85.6,Must
Microbiology,Microbiology,504,16,"2010,2011,2012,2013,2014,2015,2016,2017,2018,2019,2020,2021,2022,2023,2024,2025",1.0,31,0,False,85.6,Must
Dermatology,Dermatology,324,16,"2010,2011,2012,2013,2014,2015,2016,2017,2018,2019,2020,2021,2022,2023,2024,2025",1.0,18,0,False,85.6,Must
Endocrine Pharmacology,Pharmacology,632,16,"2010,2011,2012,2013,2014,2015,2016,2017,2018,2019,2020,2021,2022,2023,2024,2025",1.0,33,0,False,85.5,Must
Virology,Microbiology,307,16,"2010,2011,2012,2013,2014,2015,2016,2017,2018,2019,2020,2021,2022,2023,2024,2025",1.0,15,0,False,85.5,Must
Gynecologic Oncology,OBG,273,16,"2010,2011,2012,2013,2014,2015,2016,2017,2018,2019,2020,2021,2022,2023,2024,2025",1.0,15,0,False,85.5,Must
Environment & Occupational Health,ENT,229,16,"2010,2011,2012,2013,2014,2015,2016,2017,2018,2019,2020,2021,2022,2023,2024,2025",1.0,12,0,False,85.5,Must
Nephrology,Medicine,132,16,"2010,2011,2012,2013,2014,2015,2016,2017,2018,2019,2020,2021,2022,2023,2024,2025",1.0,7,0,False,85.5,Must
Upper Limb,Anatomy,203,16,"2010,2011,2012,2013,2014,2015,2016,2017,2018,2019,2020,2021,2022,2023,2024,2025",1.0,9,0,False,85.4,Must
Squint & Pediatric Ophthalmology,Ophthalmology,188,16,"2010,2011,2012,2013,2014,2015,2016,2017,2018,2019,2020,2021,2022,2023,2024,2025",1.0,8,0,False,85.4,Must
Child Psychiatry,Psychiatry,278,16,"2010,2011,2012,2013,2014,2015,2016,2017,2018,2019,2020,2021,2022,2023,2024,2025",1.0,6,0,False,85.2,Must
Histology,Anatomy,151,15,"2011,2012,2013,2014,2015,2016,2017,2018,2019,2020,2021,2022,2023,2024,2025",0.938,29,0,False,85.0,Must
Endocrine,Physiology,175,15,"2010,2011,2012,2013,2014,2015,2016,2017,2018,2019,2020,2022,2023,2024,2025",0.938,30,0,False,84.8,Must
Labor & Delivery,OBG,144,15,"2010,2011,2012,2013,2014,2015,2016,2017,2018,2019,2020,2021,2022,2024,2025",0.938,24,0,False,84.8,Must
Enzymology,Biochemistry,122,15,"2010,2012,2013,2014,2015,2016,2017,2018,2019,2020,2021,2022,2023,2024,2025",0.938,15,0,False,84.4,Must
General Surgery,Surgery,117,15,"2010,2011,2013,2014,2015,2016,2017,2018,2019,2020,2021,2022,2023,2024,2025",0.938,15,0,False,84.4,Must
Mycology,Microbiology,116,15,"2010,2011,2012,2013,2014,2016,2017,2018,2019,2020,2021,2022,2023,2024,2025",0.938,15,0,False,84.4,Must
Metabolic Disorders,Biochemistry,48,15,"2010,2011,2012,2013,2014,2016,2017,2018,2019,2020,2021,2022,2023,2024,2025",0.938,6,0,False,84.4,Must
Airway Management,Anaesthesia,73,14,"2010,2011,2012,2013,2014,2015,2016,2017,2018,2019,2020,2021,2022,2024",0.875,4,1,True,84.3,Must
Fractures,Orthopedics,417,15,"2011,2012,2013,2014,2015,2016,2017,2018,2019,2020,2021,2022,2023,2024,2025",0.938,44,0,False,84.2,Must
Genetic Disorders,Pathology,49,14,"2010,2011,2012,2013,2014,2015,2016,2017,2018,2019,2020,2021,2022,2024",0.875,2,1,True,84.2,Must
Public Health,Community Medicine,44,14,"2010,2011,2012,2013,2014,2015,2016,2017,2018,2019,2020,2021,2022,2024",0.875,2,1,True,84.2,Must
Lipid Metabolism,Biochemistry,210,15,"2010,2011,2012,2013,2014,2015,2016,2017,2018,2019,2021,2022,2023,2024,2025",0.938,21,0,False,84.1,Must
Autonomic,Pharmacology,89,14,"2010,2011,2012,2013,2014,2015,2016,2017,2018,2019,2020,2021,2022,2024",0.875,3,1,True,84.1,Must
Antenatal Care,OBG,325,15,"2010,2011,2012,2013,2014,2015,2016,2017,2018,2019,2020,2021,2022,2024,2025",0.938,22,0,False,83.8,Must
Embryology,Anatomy,237,15,"2011,2012,2013,2014,2015,2016,2017,2018,2019,2020,2021,2022,2023,2024,2025",0.938,16,0,False,83.8,Must
Abdomen,Anatomy,157,15,"2011,2012,2013,2014,2015,2016,2017,2018,2019,2020,2021,2022,2023,2024,2025",0.938,11,0,False,83.8,Must
Regional Anaesthesia,Anaesthesia,116,14,"2011,2012,2013,2014,2015,2016,2017,2018,2019,2020,2021,2022,2023,2024",0.875,1,1,True,83.8,Must
Parasitology,Microbiology,215,15,"2011,2012,2013,2014,2015,2016,2017,2018,2019,2020,2021,2022,2023,2024,2025",0.938,12,0,False,83.7,Must
Infertility,OBG,57,15,"2010,2011,2012,2013,2014,2015,2016,2017,2018,2019,2020,2021,2022,2024,2025",0.938,3,0,False,83.7,Must
Interventional Radiology,Radiology,293,15,"2010,2012,2013,2014,2015,2016,2017,2018,2019,2020,2021,2022,2023,2024,2025",0.938,15,0,False,83.6,Must
Cornea & Refractive,Ophthalmology,142,15,"2010,2012,2013,2014,2015,2016,2017,2018,2019,2020,2021,2022,2023,2024,2025",0.938,7,0,False,83.6,Must
Biochemistry,Biochemistry,361,15,"2010,2011,2013,2014,2015,2016,2017,2018,2019,2020,2021,2022,2023,2024,2025",0.938,15,0,False,83.5,Must
CNS Physiology,Physiology,190,15,"2011,2012,2013,2014,2015,2016,2017,2018,2019,2020,2021,2022,2023,2024,2025",0.938,7,0,False,83.5,Must
Head & Neck,Anatomy,149,14,"2012,2013,2014,2015,2016,2017,2018,2019,2020,2021,2022,2023,2024,2025",0.875,26,0,False,83.0,Must
Medical Jurisprudence,Forensic Medicine,87,13,"2010,2012,2013,2014,2016,2017,2018,2019,2020,2021,2022,2023,2024",0.812,10,1,True,83.0,Must
Spine,Orthopedics,56,13,"2010,2012,2013,2014,2015,2016,2017,2018,2019,2020,2021,2023,2024",0.812,5,1,True,82.8,Must
Thorax,Anatomy,195,14,"2012,2013,2014,2015,2016,2017,2018,2019,2020,2021,2022,2023,2024,2025",0.875,27,0,False,82.6,Must
X-ray,Radiology,38,14,"2011,2012,2013,2014,2016,2017,2018,2019,2020,2021,2022,2023,2024,2025",0.875,5,0,False,82.6,Must
Biostatistics,Community Medicine,121,14,"2010,2011,2012,2013,2014,2015,2016,2017,2018,2019,2020,2021,2024,2025",0.875,15,0,False,82.5,Must
Mood Disorders,Psychiatry,47,12,"2010,2011,2012,2013,2014,2015,2016,2019,2020,2021,2022,2023",0.75,0,2,True,82.5,Must
Lymphoma,Pathology,32,12,"2010,2012,2013,2014,2015,2016,2017,2018,2019,2020,2021,2022",0.75,0,3,True,82.5,Must
Contraception,OBG,76,13,"2011,2012,2013,2014,2015,2016,2017,2018,2019,2020,2021,2022,2024",0.812,4,1,True,82.4,Must
Cranial Nerves,Anatomy,60,14,"2010,2012,2013,2014,2015,2016,2017,2018,2019,2020,2021,2022,2024,2025",0.875,7,0,False,82.4,Must
Retina,Ophthalmology,132,13,"2011,2012,2013,2014,2015,2016,2017,2018,2019,2020,2021,2022,2024",0.812,5,1,True,82.3,Must
Immunization,Community Medicine,101,13,"2012,2013,2014,2015,2016,2017,2018,2019,2020,2021,2022,2023,2024",0.812,4,1,True,82.3,Must
National Health Programs,Community Medicine,65,14,"2010,2011,2012,2013,2014,2015,2016,2017,2018,2019,2021,2022,2024,2025",0.875,7,0,False,82.3,Must
Inborn Errors of Metabolism,Biochemistry,47,14,"2012,2013,2014,2015,2016,2017,2018,2019,2020,2021,2022,2023,2024,2025",0.875,5,0,False,82.3,Must
Neuro-ophthalmology,Ophthalmology,54,13,"2010,2011,2012,2013,2014,2015,2016,2018,2019,2020,2021,2022,2024",0.812,2,1,True,82.2,Must
Glaucoma,Ophthalmology,93,13,"2012,2013,2014,2015,2016,2017,2018,2019,2020,2021,2022,2023,2024",0.812,2,1,True,82.1,Must
Pharmacokinetics,Pharmacology,57,13,"2010,2011,2012,2013,2014,2015,2016,2017,2018,2019,2020,2022,2024",0.812,1,1,True,82.1,Must
Adverse Drug Reactions,Pharmacology,39,13,"2010,2011,2012,2013,2014,2016,2017,2018,2019,2020,2021,2022,2024",0.812,1,1,True,82.1,Must
Joints & Arthritis,Anatomy,99,14,"2010,2011,2012,2013,2014,2015,2016,2017,2018,2019,2020,2023,2024,2025",0.875,7,0,False,82.0,Must
Amino Acid Metabolism,Biochemistry,83,14,"2010,2011,2012,2013,2014,2015,2016,2017,2018,2019,2020,2021,2024,2025",0.875,6,0,False,82.0,Must
Nose & PNS,ENT,60,14,"2011,2012,2013,2014,2015,2016,2017,2018,2019,2021,2022,2023,2024,2025",0.875,4,0,False,81.9,Must
Protein Metabolism,Biochemistry,59,14,"2010,2011,2012,2013,2014,2015,2016,2017,2018,2019,2020,2021,2024,2025",0.875,4,0,False,81.9,Must
Head and Neck,Anatomy,140,14,"2011,2012,2013,2014,2015,2016,2017,2018,2019,2020,2021,2022,2024,2025",0.875,8,0,False,81.8,Must
Otology,ENT,122,14,"2010,2011,2012,2013,2014,2015,2016,2018,2019,2020,2021,2022,2024,2025",0.875,7,0,False,81.8,Must
Peripheral Nerves,Anatomy,48,13,"2010,2011,2012,2013,2014,2016,2018,2019,2020,2021,2022,2024,2025",0.812,11,0,False,81.7,Must
Environmental Health,Community Medicine,78,14,"2010,2011,2012,2013,2014,2015,2016,2017,2018,2019,2020,2021,2024,2025",0.875,3,0,False,81.6,Must
Cell Injury & Death,Pathology,83,13,"2010,2012,2013,2014,2015,2016,2018,2019,2020,2021,2023,2024,2025",0.812,16,0,False,81.3,Must
Immunopathology,Pathology,95,13,"2012,2013,2014,2015,2016,2017,2018,2019,2020,2021,2022,2024,2025",0.812,15,0,False,81.0,Must
Critical Care,Medicine,21,12,"2010,2011,2013,2014,2015,2016,2017,2018,2019,2021,2023,2024",0.75,2,1,True,81.0,Must
Congenital Anomalies,Pediatrics,40,13,"2010,2011,2012,2013,2014,2015,2016,2018,2019,2020,2021,2024,2025",0.812,5,0,False,80.6,Must
Cranial nerves,Anatomy,36,12,"2011,2012,2013,2014,2015,2016,2017,2018,2019,2021,2022,2024",0.75,2,1,True,80.6,Must
Biomedical Waste Management,Community Medicine,25,11,"2011,2012,2013,2014,2015,2016,2017,2018,2020,2021,2022",0.688,0,3,True,80.6,Must
Abdominal Anatomy,Anatomy,22,12,"2010,2011,2012,2013,2014,2015,2017,2018,2019,2020,2022,2024",0.75,1,1,True,80.5,Must
Neurophysiology,Physiology,120,12,"2012,2013,2014,2015,2016,2017,2018,2019,2020,2022,2023,2024",0.75,5,1,True,80.4,Must
Identification,Forensic Medicine,27,12,"2010,2011,2012,2013,2014,2015,2017,2018,2019,2020,2022,2024",0.75,1,1,True,80.4,Must
Head And Neck,Anatomy,74,13,"2012,2013,2014,2015,2016,2017,2018,2019,2020,2022,2023,2024,2025",0.812,6,0,False,80.2,Must
Demography & Family Planning,Community Medicine,73,12,"2012,2013,2014,2015,2016,2017,2018,2019,2020,2021,2022,2024",0.75,1,1,True,80.1,Must
Tuberculosis,Community Medicine,89,13,"2010,2011,2012,2013,2014,2015,2016,2017,2018,2020,2022,2024,2025",0.812,6,0,False,80.0,Must
Genetic disorders,Pathology,30,12,"2010,2012,2013,2014,2015,2016,2018,2019,2020,2022,2024,2025",0.75,5,0,False,79.2,Must
Menstrual Disorders,OBG,35,12,"2011,2012,2013,2014,2015,2016,2017,2019,2020,2023,2024,2025",0.75,5,0,False,78.9,Must
Vasculitis,Pathology,41,10,"2012,2013,2014,2015,2016,2017,2018,2020,2021,2022",0.625,0,3,True,78.8,Must
HIV/AIDS,Medicine,23,10,"2012,2013,2014,2015,2016,2017,2018,2019,2020,2022",0.625,0,3,True,78.8,Must
Health Indicators,Community Medicine,25,11,"2010,2011,2012,2013,2014,2015,2016,2018,2019,2021,2024",0.688,1,1,True,78.5,Must
Ear,ENT,63,11,"2012,2013,2014,2015,2016,2018,2019,2020,2022,2023,2024",0.688,2,1,True,78.4,Must
Vaccines,Microbiology,39,11,"2012,2013,2014,2015,2016,2017,2020,2021,2022,2023,2024",0.688,1,1,True,78.4,Must
Ultrasound,OBG,35,11,"2010,2012,2013,2014,2016,2019,2020,2021,2022,2023,2024",0.688,1,1,True,78.4,Must
Burns & Plastic,Surgery,32,11,"2011,2012,2013,2014,2015,2016,2017,2018,2020,2022,2024",0.688,1,1,True,78.4,Must
Arrhythmias,Medicine,22,11,"2010,2011,2013,2015,2017,2018,2019,2020,2022,2024,2025",0.688,6,0,False,78.4,Must
Lens & Cataract,Ophthalmology,95,12,"2012,2013,2014,2015,2016,2017,2018,2019,2021,2023,2024,2025",0.75,6,0,False,78.1,Must
Head and Neck Anatomy,Anatomy,37,12,"2011,2012,2014,2015,2016,2017,2018,2019,2021,2022,2024,2025",0.75,2,0,False,78.0,Must
Anticoagulants,Pharmacology,22,12,"2010,2012,2013,2014,2015,2016,2017,2018,2019,2022,2023,2025",0.75,1,0,False,78.0,Must
Esophageal Disorders,Surgery,25,11,"2010,2012,2013,2015,2016,2017,2018,2019,2020,2024,2025",0.688,5,0,False,77.6,Must
Hernia & Abdominal Wall,Surgery,42,10,"2012,2013,2014,2015,2016,2018,2019,2021,2023,2024",0.625,4,1,True,77.2,Must
Pelvic Anatomy,Anatomy,24,10,"2010,2011,2012,2013,2014,2015,2017,2019,2022,2024",0.625,2,1,True,77.1,Must
Health Care Delivery,Community Medicine,38,9,"2010,2012,2013,2014,2015,2016,2019,2022,2023",0.562,0,2,True,76.9,Must
Cell Biology,Biochemistry,26,9,"2011,2012,2013,2014,2015,2016,2017,2019,2022",0.562,0,3,True,76.9,Must
Infections of Bone & Joint,ENT,24,9,"2013,2014,2015,2016,2018,2019,2020,2022,2023",0.562,0,2,True,76.9,Must
Anemia,Medicine,23,9,"2010,2012,2014,2015,2016,2019,2020,2021,2022",0.562,0,3,True,76.9,Must
Valvular Heart Disease,Medicine,23,11,"2010,2012,2013,2014,2016,2018,2019,2020,2021,2024,2025",0.688,3,0,False,76.9,Must
Transfusion Medicine,Pathology,21,9,"2010,2012,2013,2014,2015,2016,2017,2018,2020",0.562,0,5,True,76.9,Must
Hepatology,Medicine,20,10,"2010,2012,2013,2016,2017,2018,2019,2020,2023,2024",0.625,1,1,True,76.8,Must
Uveitis,Ophthalmology,45,10,"2012,2013,2014,2015,2016,2019,2020,2021,2022,2024",0.625,2,1,True,76.7,Must
Psychopharmacology,Pharmacology,37,11,"2011,2012,2013,2014,2016,2018,2019,2020,2022,2024,2025",0.688,4,0,False,76.7,Must
Pharynx,ENT,24,10,"2012,2013,2014,2015,2016,2017,2018,2022,2023,2024",0.625,1,1,True,76.7,Must
Communicable Diseases,Community Medicine,33,10,"2010,2012,2013,2014,2016,2017,2018,2019,2020,2024",0.625,1,1,True,76.6,Must
Malaria,Microbiology,33,10,"2010,2012,2013,2014,2015,2016,2018,2022,2023,2024",0.625,1,1,True,76.6,Must
Chemotherapy & Anticancer,Pharmacology,32,10,"2010,2012,2013,2014,2015,2016,2019,2020,2023,2024",0.625,1,1,True,76.6,Must
Refractive Errors,Ophthalmology,31,10,"2012,2013,2014,2015,2016,2017,2018,2019,2020,2024",0.625,1,1,True,76.6,Must
Otitis Media,ENT,30,10,"2013,2014,2015,2016,2018,2019,2020,2021,2022,2024",0.625,1,1,True,76.6,Must
Neuromuscular Blockers,Anaesthesia,20,11,"2010,2012,2013,2014,2016,2017,2018,2019,2020,2021,2025",0.688,2,0,False,76.6,Must
Throat & Larynx,ENT,52,11,"2010,2012,2013,2014,2016,2017,2018,2019,2023,2024,2025",0.688,4,0,False,76.4,Must
Electrolyte Imbalance,Medicine,23,11,"2010,2011,2014,2015,2016,2017,2018,2020,2021,2022,2025",0.688,1,0,False,76.1,Must
Acid-Base Balance,Physiology,21,10,"2010,2011,2015,2016,2019,2020,2021,2022,2024,2025",0.625,5,0,False,76.1,Must
Strabismus,Ophthalmology,36,9,"2012,2013,2014,2015,2016,2019,2020,2021,2024",0.562,5,1,True,75.8,Must
Pelvis & Perineum,Anatomy,34,8,"2010,2012,2013,2014,2015,2016,2018,2019",0.5,0,6,True,75.0,Must
Pneumonia,Pathology,30,8,"2012,2013,2014,2015,2016,2018,2019,2021",0.5,0,4,True,75.0,Must
Inborn errors of metabolism,Biochemistry,29,8,"2010,2012,2013,2014,2015,2016,2018,2019",0.5,0,6,True,75.0,Must
Glomerular Diseases,Pathology,22,8,"2012,2013,2014,2015,2018,2020,2021,2022",0.5,0,3,True,75.0,Must
Antipsychotics,Pharmacology,21,8,"2011,2013,2014,2015,2016,2017,2018,2020",0.5,0,5,True,75.0,Must
Rhinology,ENT,36,9,"2010,2013,2014,2015,2016,2018,2019,2022,2024",0.562,2,1,True,74.9,Must
Inborn Errors Of Metabolism,Biochemistry,35,10,"2012,2013,2014,2015,2016,2018,2019,2022,2024,2025",0.625,4,0,False,74.9,Must
Enzymes,Biochemistry,21,9,"2012,2013,2014,2015,2016,2017,2018,2023,2024",0.562,1,1,True,74.9,Must
Diuretics,Pharmacology,30,10,"2012,2013,2014,2015,2018,2019,2020,2022,2024,2025",0.625,3,0,False,74.8,Must
Maternal and Child Health,Community Medicine,26,9,"2010,2012,2013,2014,2016,2019,2021,2022,2024",0.562,1,1,True,74.8,Must
Immunodeficiency,Pathology,23,10,"2013,2014,2015,2016,2017,2018,2019,2022,2024,2025",0.625,2,0,False,74.6,Must
Neuroimaging,Radiology,21,8,"2012,2013,2014,2015,2017,2018,2019,2024",0.5,4,1,True,74.4,Must
Head And Neck Anatomy,Anatomy,20,10,"2011,2013,2014,2015,2016,2018,2019,2021,2022,2025",0.625,1,0,False,74.2,Must
Personality Disorders,Psychiatry,29,8,"2012,2013,2014,2015,2016,2019,2021,2024",0.5,4,1,True,73.9,Must
Lysosomal Storage Disorders,Biochemistry,20,8,"2010,2012,2014,2015,2019,2022,2024,2025",0.5,7,0,False,73.5,Must
Refractive errors,Ophthalmology,23,8,"2012,2013,2014,2015,2016,2018,2020,2024",0.5,2,1,True,73.4,Must
Leprosy,Dermatology,22,8,"2011,2012,2013,2014,2016,2019,2021,2024",0.5,2,1,True,73.4,Must
HIV,Medicine,20,9,"2011,2014,2015,2018,2019,2020,2022,2024,2025",0.562,3,0,False,73.4,Must
Local Anaesthetics,Pharmacology,28,8,"2011,2012,2013,2014,2015,2016,2019,2024",0.5,2,1,True,73.2,Must
Muscle Physiology,Physiology,27,8,"2012,2013,2014,2015,2016,2018,2020,2024",0.5,2,1,True,73.2,Must
Schizophrenia & Psychosis,Psychiatry,52,8,"2011,2012,2013,2014,2015,2016,2023,2024",0.5,3,1,True,73.1,Must
Inhalational Anaesthetics,Anaesthesia,25,7,"2011,2012,2013,2014,2015,2016,2019",0.438,0,6,True,73.1,Must
Amino acid metabolism,Biochemistry,22,7,"2010,2012,2013,2014,2015,2017,2019",0.438,0,6,True,73.1,Must
Pancreas,Anatomy,22,7,"2010,2012,2013,2015,2018,2020,2021",0.438,0,4,True,73.1,Must
Anxiety & OCD,Psychiatry,23,8,"2013,2014,2015,2016,2017,2018,2019,2024",0.5,1,1,True,72.9,Must
Orbit,Ophthalmology,34,8,"2012,2013,2014,2015,2016,2018,2021,2024",0.5,1,1,True,72.8,Must
Diabetes Mellitus,Medicine,19,9,"2013,2014,2015,2017,2019,2020,2022,2024,2025",0.562,5,0,False,72.8,Must
Postmortem Changes,Forensic Medicine,19,9,"2012,2013,2014,2016,2017,2018,2019,2024,2025",0.562,5,0,False,72.8,Must
Adverse drug reactions,Pharmacology,28,9,"2011,2012,2013,2014,2015,2019,2020,2022,2025",0.562,2,0,False,72.6,Must
Postpartum Hemorrhage,OBG,18,10,"2011,2012,2013,2014,2016,2019,2020,2021,2022,2024",0.625,2,1,True,72.5,Must
Shock,Physiology,19,8,"2011,2012,2013,2015,2016,2017,2018,2019",0.5,0,6,True,72.1,Must
Public Health Programs,Community Medicine,22,8,"2010,2014,2016,2019,2020,2021,2024,2025",0.5,3,0,False,71.4,Must
Nerve Muscle,Physiology,19,8,"2013,2014,2018,2019,2022,2023,2024,2025",0.5,5,0,False,70.9,Must
Sexual Offences,Forensic Medicine,20,8,"2012,2013,2014,2015,2016,2019,2024,2025",0.5,2,0,False,70.8,Must
Histopathology,Pathology,18,9,"2011,2012,2013,2014,2016,2017,2018,2019,2020",0.562,0,5,True,70.8,Must
Screening,Community Medicine,28,8,"2010,2011,2012,2013,2014,2015,2020,2025",0.5,1,0,False,70.4,Must
Disaster Management,Community Medicine,27,7,"2013,2015,2019,2020,2021,2022,2024",0.438,5,1,False,70.0,Must
Coagulation,Biochemistry,17,10,"2010,2011,2012,2013,2014,2016,2017,2018,2022,2024",0.625,2,1,True,69.7,High
Surgical Oncology,Surgery,18,9,"2010,2013,2014,2015,2018,2019,2020,2024,2025",0.562,4,0,False,69.5,High
Abdominal Imaging,Radiology,16,10,"2010,2013,2015,2016,2017,2018,2019,2020,2021,2024",0.625,3,1,True,68.9,High
Antimicrobial Drugs,Pharmacology,18,10,"2010,2011,2012,2013,2016,2017,2018,2019,2020,2025",0.625,1,0,False,68.8,High
Uterine Anomalies,OBG,20,7,"2013,2016,2017,2018,2020,2021,2024",0.438,1,1,False,68.6,High
Protein Structure,Biochemistry,18,7,"2013,2014,2015,2016,2018,2019,2020",0.438,0,5,True,68.1,High
Autoimmune Diseases,Medicine,16,10,"2011,2013,2014,2015,2016,2017,2018,2019,2020,2022",0.625,0,3,True,68.0,High
Study Designs,Community Medicine,18,9,"2012,2014,2015,2016,2017,2018,2019,2020,2025",0.562,1,0,False,67.5,High
Health Education,Community Medicine,17,8,"2010,2012,2013,2014,2015,2016,2019,2021",0.5,0,4,True,66.8,High
Pelvic anatomy,Anatomy,17,9,"2012,2013,2014,2015,2016,2017,2020,2022,2024",0.562,1,1,True,66.8,High
Peripheral nerves,Anatomy,24,6,"2012,2013,2014,2018,2020,2024",0.375,1,1,False,66.7,High
Endometriosis,OBG,21,6,"2012,2013,2014,2016,2020,2024",0.375,1,1,False,66.7,High
Lymphatic System,Anatomy,26,6,"2012,2013,2014,2015,2016,2024",0.375,1,1,False,66.6,High
Urea Cycle,Biochemistry,18,7,"2011,2012,2013,2014,2015,2016,2019",0.438,0,6,True,66.4,High
Amino Acids,Biochemistry,17,8,"2012,2013,2014,2015,2016,2017,2018,2020",0.5,0,5,True,66.4,High
Antimicrobial Resistance,Microbiology,17,8,"2010,2011,2013,2015,2016,2017,2018,2020",0.5,0,5,True,66.3,High
Thyroid Disorders,Medicine,16,9,"2011,2013,2014,2015,2016,2017,2018,2019,2020",0.562,0,5,True,66.3,High
Congenital Heart Disease,Pediatrics,26,6,"2011,2013,2014,2016,2019,2021",0.375,0,4,False,66.2,High
Arteries,Anatomy,20,6,"2010,2011,2012,2013,2019,2024",0.375,2,1,False,66.2,High
Neuromuscular Blocking Agents,Pharmacology,20,6,"2013,2014,2015,2016,2018,2019",0.375,0,6,False,66.2,High
Antidepressants,Pharmacology,17,8,"2011,2012,2013,2014,2015,2016,2018,2022",0.5,0,3,True,66.2,High
Drug Interactions,Pharmacology,16,9,"2010,2013,2014,2015,2016,2017,2018,2020,2021",0.562,0,4,True,66.2,High
Vaccination,Community Medicine,16,9,"2012,2013,2014,2015,2016,2017,2018,2019,2021",0.562,0,4,True,66.1,High
Menopause,OBG,17,10,"2011,2012,2013,2014,2015,2016,2017,2018,2019,2025",0.625,1,0,False,65.7,High
Audiology,ENT,37,5,"2010,2013,2014,2016,2024",0.312,4,1,False,65.5,High
Surgical Instruments,Surgery,16,8,"2010,2016,2017,2018,2019,2020,2024,2025",0.5,6,0,False,65.2,High
Leukemia,Pathology,19,6,"2013,2014,2015,2016,2018,2025",0.375,2,0,False,65.1,High
Coagulation Disorders,Pathology,17,8,"2011,2012,2014,2016,2017,2018,2020,2024",0.5,1,1,True,65.1,High
Membrane Transport,Physiology,17,7,"2012,2014,2015,2016,2018,2021,2023",0.438,0,2,True,65.0,High
Purine Metabolism,Biochemistry,16,9,"2010,2012,2014,2015,2016,2017,2018,2019,2024",0.562,2,1,True,64.9,High
Osteology,Anatomy,20,6,"2011,2012,2013,2014,2017,2018",0.375,0,7,False,64.6,High
Chlamydia,Microbiology,17,7,"2010,2012,2013,2014,2015,2016,2020",0.438,0,5,True,64.4,High
Clinical Biochemistry,Biochemistry,17,7,"2010,2012,2013,2016,2017,2018,2020",0.438,0,5,True,64.4,High
Psychotic Disorders,Psychiatry,18,7,"2010,2013,2014,2019,2020,2024,2025",0.438,3,0,False,64.2,High
Substance Use,Psychiatry,16,9,"2010,2012,2013,2014,2016,2018,2020,2021,2024",0.562,1,1,True,64.2,High
Metabolic Bone Disease,Orthopedics,17,8,"2010,2012,2013,2014,2015,2016,2018,2024",0.5,1,1,True,64.1,High
Legal Medicine,Forensic Medicine,16,8,"2012,2013,2014,2015,2016,2018,2022,2024",0.5,3,1,True,63.9,High
Hiv/Aids,Medicine,16,8,"2012,2013,2014,2015,2016,2017,2018,2019",0.5,0,6,True,63.8,High
Neurotransmitters,Biochemistry,16,8,"2010,2011,2012,2013,2016,2017,2018,2019",0.5,0,6,True,63.4,High
Hip Disorders,Orthopedics,21,4,"2012,2013,2015,2025",0.25,2,0,False,63.2,High
Uterine Prolapse,OBG,16,8,"2012,2014,2015,2016,2017,2018,2024,2025",0.5,4,0,False,62.9,High
Delusional Disorders,Psychiatry,21,4,"2013,2014,2015,2024",0.25,1,1,False,62.7,High
Peptic Ulcer Disease,Medicine,16,7,"2013,2014,2015,2016,2017,2018,2019",0.438,0,6,True,62.4,High
Placenta,OBG,16,7,"2012,2014,2015,2016,2017,2018,2022",0.438,0,3,True,62.2,High
Legal Procedures,Forensic Medicine,15,9,"2012,2016,2017,2019,2020,2021,2022,2024,2025",0.562,3,0,False,61.9,High
Hearing loss,ENT,16,7,"2012,2013,2014,2015,2018,2019,2022",0.438,0,3,True,61.7,High
Radiation Physics,Radiology,16,7,"2010,2012,2013,2015,2016,2017,2018",0.438,0,7,True,61.6,High
Neurosurgery,Surgery,15,9,"2011,2013,2014,2016,2019,2022,2023,2024,2025",0.562,2,0,False,61.5,High
Connective Tissue,Biochemistry,15,8,"2012,2013,2014,2015,2019,2020,2021,2022",0.5,0,3,True,61.3,High
Head Injury,Medicine,15,9,"2011,2012,2013,2014,2015,2017,2018,2019,2024",0.562,1,1,True,61.2,High
Drowning,Forensic Medicine,19,5,"2012,2013,2014,2015,2024",0.312,1,1,False,60.8,High
Colorectal Surgery,Surgery,17,7,"2010,2012,2013,2015,2016,2021,2024",0.438,2,1,False,60.4,High
Metabolic disorders,Biochemistry,17,7,"2013,2014,2015,2016,2018,2023,2024",0.438,1,1,False,60.3,High
Research Methodology,Community Medicine,15,9,"2011,2012,2014,2015,2016,2019,2020,2021,2025",0.562,2,0,False,60.3,High
General Pharmacology,Pharmacology,15,7,"2010,2011,2012,2018,2019,2020,2023",0.438,0,2,True,60.1,High
Protein Chemistry,Biochemistry,18,6,"2012,2013,2014,2015,2016,2018",0.375,0,7,False,59.4,High
Asthma,Medicine,15,8,"2013,2014,2015,2016,2019,2022,2024,2025",0.5,3,0,False,59.1,High
Surgical Procedures,Surgery,13,11,"2010,2013,2015,2016,2017,2018,2019,2020,2021,2024,2025",0.688,2,0,False,59.1,High
Ballistics,Forensic Medicine,17,6,"2014,2015,2016,2019,2022,2024",0.375,1,1,False,58.9,High
Thermoregulation,Physiology,16,7,"2012,2013,2014,2016,2017,2018,2024",0.438,2,1,False,58.7,High
Waste Management,Community Medicine,14,8,"2012,2014,2015,2017,2018,2019,2020,2022",0.5,0,3,True,58.7,High
Asphyxial Deaths,Forensic Medicine,15,8,"2012,2013,2014,2018,2019,2022,2024,2025",0.5,2,0,False,58.6,High
Helminthology,Microbiology,18,5,"2012,2013,2019,2021,2022",0.312,0,3,False,58.3,High
Cardiothoracic,Surgery,14,7,"2010,2014,2018,2019,2020,2021,2023",0.438,0,2,True,58.3,High
Neuropathology,Pathology,14,8,"2011,2012,2013,2015,2016,2019,2024,2025",0.5,5,0,False,58.0,High
Inflammatory Bowel Disease,Medicine,13,9,"2013,2014,2015,2016,2017,2018,2019,2020,2022",0.562,0,3,True,58.0,High
CT & MRI,Radiology,14,7,"2015,2017,2018,2019,2021,2024,2025",0.438,5,0,False,57.7,High
Lymphatic system,Anatomy,18,5,"2010,2012,2013,2014,2016",0.312,0,9,False,57.5,High
Amenorrhea,OBG,16,7,"2010,2012,2014,2016,2018,2020,2024",0.438,1,1,False,57.5,High
Movement Disorders,Medicine,14,8,"2014,2016,2017,2018,2022,2023,2024,2025",0.5,3,0,False,57.3,High
Antimalarial drugs,Pharmacology,17,6,"2012,2013,2014,2015,2016,2018",0.375,0,7,False,57.0,High
Esophagus,Anatomy,16,6,"2012,2013,2015,2016,2021,2024",0.375,2,1,False,56.7,High
Electrolyte disorders,Medicine,14,8,"2012,2013,2014,2015,2016,2018,2020,2024",0.5,1,1,True,56.5,High
Mania,Psychiatry,19,3,"2013,2014,2015",0.188,0,10,False,56.4,High
Brachial Plexus,Anatomy,17,5,"2011,2013,2015,2021,2024",0.312,1,1,False,56.2,High
Diagnostic Tests,Microbiology,13,8,"2010,2012,2015,2016,2017,2018,2019,2021",0.5,0,4,True,56.2,High
Vestibular Disorders,ENT,17,4,"2013,2014,2022,2024",0.25,3,1,False,56.0,High
Nucleotide Metabolism,Biochemistry,16,6,"2012,2013,2014,2015,2016,2024",0.375,2,1,False,56.0,High
Culture Media,Microbiology,13,8,"2012,2013,2014,2016,2019,2020,2021,2022",0.5,0,3,True,55.8,High
Pediatric Surgery,Surgery,14,8,"2010,2012,2014,2015,2016,2022,2024,2025",0.5,2,0,False,55.6,High
Pharmacodynamics,Pharmacology,16,6,"2013,2014,2015,2016,2019,2020",0.375,0,5,False,55.2,High
Serology,Microbiology,16,6,"2012,2013,2015,2016,2018,2021",0.375,0,4,False,54.9,High
Preeclampsia,OBG,14,7,"2012,2014,2016,2018,2020,2022,2024",0.438,2,1,False,54.6,High
Refraction,Ophthalmology,16,6,"2012,2013,2014,2015,2016,2017",0.375,0,8,False,54.5,High
Antimalarial Drugs,Pharmacology,16,6,"2012,2013,2014,2015,2016,2018",0.375,0,7,False,54.3,High
Pediatric Oncology,Pediatrics,16,6,"2012,2013,2014,2015,2016,2019",0.375,0,6,False,54.3,High
Congenital anomalies,Surgery,13,8,"2012,2013,2014,2016,2019,2020,2021,2024",0.5,1,1,True,54.3,High
Drug Metabolism,Pharmacology,13,7,"2013,2014,2015,2016,2017,2018,2020",0.438,0,5,True,54.2,High
Clinical Pharmacology,Pharmacology,13,7,"2010,2013,2015,2016,2017,2018,2019",0.438,0,6,True,54.1,High
Age Estimation,Forensic Medicine,15,4,"2013,2014,2016,2024",0.25,6,1,False,53.8,High
Cerebellum,Anatomy,14,7,"2010,2012,2013,2014,2015,2019,2024",0.438,3,1,False,53.7,High
Anticancer Drugs,Pharmacology,13,7,"2011,2012,2013,2014,2015,2022,2023",0.438,0,2,True,53.6,High
Sensory Physiology,Physiology,15,5,"2012,2013,2014,2015,2024",0.312,4,1,False,53.5,High
Cervical Cancer,OBG,13,7,"2010,2012,2013,2014,2015,2016,2018",0.438,0,7,True,53.5,High
Psychotherapy,Psychiatry,13,7,"2010,2013,2015,2016,2017,2018,2021",0.438,0,4,True,53.4,High
Bioenergetics,Biochemistry,18,3,"2012,2013,2014",0.188,0,11,False,53.3,High
Glomerular diseases,Pathology,18,3,"2012,2013,2022",0.188,0,3,False,53.3,High
Antiarrhythmic Drugs,Pharmacology,12,10,"2012,2014,2015,2016,2017,2018,2019,2020,2022,2025",0.625,1,0,False,53.3,High
Scabies,Dermatology,16,5,"2013,2014,2015,2016,2019",0.312,0,6,False,53.0,High
Pituitary Disorders,Medicine,12,9,"2011,2013,2016,2017,2018,2020,2022,2024,2025",0.562,2,0,False,52.9,High
Antidiabetic Drugs,Pharmacology,17,4,"2011,2013,2014,2016",0.25,0,9,False,52.8,High
Pelvic Inflammatory Disease,OBG,15,6,"2013,2014,2015,2016,2018,2020",0.375,0,5,False,52.6,High
Pelvic Organ Prolapse,OBG,12,9,"2012,2013,2016,2017,2018,2019,2021,2024,2025",0.562,2,0,False,52.6,High
Optics,Ophthalmology,12,7,"2012,2013,2014,2015,2016,2019,2023",0.438,0,2,True,52.3,High
Oxidative Phosphorylation,Biochemistry,14,7,"2012,2013,2015,2016,2019,2022,2024",0.438,1,1,False,52.1,High
Conjunctiva,Ophthalmology,15,6,"2012,2013,2014,2015,2016,2019",0.375,0,6,False,52.0,High
Sleep disorders,Psychiatry,15,6,"2012,2013,2014,2015,2016,2019",0.375,0,6,False,51.9,High
Chest Radiology,Radiology,14,7,"2011,2012,2014,2015,2016,2019,2024",0.438,1,1,False,51.9,High
Antifungal Drugs,Pharmacology,12,7,"2010,2012,2015,2016,2018,2019,2020",0.438,0,5,True,51.6,High
Electrolyte Disorders,Medicine,12,7,"2013,2015,2016,2017,2018,2019,2022",0.438,0,3,True,51.6,High
Knee,Orthopedics,15,6,"2011,2012,2013,2014,2015,2016",0.375,0,9,False,51.4,High
Maternal Health,Community Medicine,12,7,"2011,2012,2013,2014,2015,2021,2022",0.438,0,3,True,51.1,High
Neuropharmacology,Pharmacology,12,7,"2011,2013,2014,2016,2017,2018,2021",0.438,0,4,True,51.1,High
Antidiabetic drugs,Pharmacology,17,3,"2013,2014,2016",0.188,0,9,False,51.0,High
Meningitis,Microbiology,12,7,"2010,2012,2013,2014,2016,2020,2022",0.438,0,3,True,51.0,High
Dislocations,Orthopedics,11,9,"2012,2014,2015,2016,2017,2018,2019,2022,2024",0.562,1,1,True,50.9,High
Ocular Anatomy,Ophthalmology,17,3,"2012,2013,2016",0.188,0,9,False,50.8,High
Acid-Base Disorders,Medicine,12,8,"2010,2011,2013,2018,2020,2022,2024,2025",0.5,2,0,False,50.8,High
Psychopathology,Psychiatry,16,4,"2012,2013,2014,2021",0.25,0,4,False,50.5,High
Injuries & Trauma,Forensic Medicine,13,7,"2013,2015,2016,2018,2020,2021,2025",0.438,1,0,False,50.2,High
Glycolysis,Biochemistry,16,4,"2012,2013,2014,2015",0.25,0,10,False,50.0,High
Oral Cavity,ENT,13,7,"2013,2014,2015,2016,2017,2021,2024",0.438,1,1,False,50.0,High
Sleep,Physiology,14,5,"2013,2014,2015,2020,2024",0.312,2,1,False,49.5,High
Cell Physiology,Physiology,13,7,"2012,2013,2014,2017,2018,2023,2024",0.438,1,1,False,49.5,High
Osteoporosis,Orthopedics,11,8,"2011,2014,2016,2017,2018,2020,2021,2024",0.5,1,1,True,49.5,High
Muscles,Anatomy,15,5,"2010,2012,2013,2017,2018",0.312,0,7,False,49.3,High
Culture media,Microbiology,14,6,"2012,2013,2014,2016,2020,2021",0.375,0,4,False,49.3,High
Anticancer drugs,Pharmacology,14,6,"2011,2013,2014,2015,2020,2023",0.375,0,2,False,49.2,High
Cardiac Arrhythmias,Medicine,13,6,"2010,2016,2018,2019,2020,2025",0.375,1,0,False,49.2,High
Glycosaminoglycans,Biochemistry,12,7,"2012,2013,2014,2015,2021,2024,2025",0.438,3,0,False,49.2,High
Maternal And Child Health,Community Medicine,14,6,"2010,2012,2013,2014,2016,2022",0.375,0,3,False,49.0,High
Electron Transport Chain,Biochemistry,13,6,"2012,2013,2014,2016,2022,2024",0.375,2,1,False,49.0,High
Apoptosis,Pathology,11,9,"2010,2011,2012,2013,2014,2015,2019,2024,2025",0.562,2,0,False,49.0,High
Antipsychotic drugs,Pharmacology,14,6,"2012,2013,2014,2015,2016,2018",0.375,0,7,False,48.9,High
Cerebral circulation,Anatomy,16,3,"2013,2014,2016",0.188,0,9,False,48.8,High
Vestibular disorders,ENT,15,4,"2013,2014,2022,2024",0.25,1,1,False,48.8,High
Child Health,Community Medicine,13,6,"2010,2016,2017,2018,2021,2025",0.375,1,0,False,48.7,High
Antiepileptic Drugs,Pharmacology,14,6,"2010,2012,2013,2014,2015,2016",0.375,0,9,False,48.6,High
Pulmonary Embolism,Medicine,11,8,"2010,2012,2013,2014,2016,2017,2020,2025",0.5,3,0,False,48.6,High
Cholesteatoma,ENT,16,3,"2013,2014,2016",0.188,0,9,False,48.4,High
Uterine Fibroids,OBG,11,7,"2012,2013,2014,2016,2017,2018,2019",0.438,0,6,True,48.3,High
Congenital heart disease,Pediatrics,11,7,"2012,2013,2015,2016,2018,2019,2020",0.438,0,5,True,48.2,High
Postpartum hemorrhage,OBG,11,7,"2011,2012,2013,2014,2016,2019,2022",0.438,0,3,True,47.9,High
Transplantation,Pathology,10,8,"2010,2014,2015,2016,2017,2018,2019,2020",0.5,0,5,True,47.9,High
Prostaglandins,Pharmacology,14,5,"2012,2013,2018,2019,2020",0.312,0,5,False,47.7,High
Chromosomal Abnormalities,Pathology,14,5,"2013,2014,2015,2016,2020",0.312,0,5,False,47.6,High
Sarcoidosis,Medicine,14,5,"2013,2014,2015,2018,2022",0.312,0,3,False,47.4,High
General Physiology,Physiology,13,5,"2010,2016,2022,2023,2024",0.312,1,1,False,47.3,High
Otosclerosis,ENT,14,5,"2010,2013,2015,2016,2019",0.312,0,6,False,47.2,High
Abnormal Uterine Bleeding,OBG,10,8,"2011,2012,2013,2014,2016,2018,2019,2020",0.5,0,5,True,47.2,High
Citric Acid Cycle,Biochemistry,14,5,"2012,2013,2014,2015,2016",0.312,0,9,False,47.1,High
Gout,Pharmacology,14,4,"2014,2017,2018,2024",0.25,1,1,False,47.0,High
Hearing Loss,ENT,11,7,"2013,2014,2015,2018,2022,2024,2025",0.438,3,0,False,47.0,High
Gluconeogenesis,Biochemistry,14,5,"2012,2013,2014,2015,2016",0.312,0,9,False,46.9,High
Neuroradiology,Radiology,12,6,"2013,2015,2016,2019,2021,2024",0.375,2,1,False,46.9,High
Disaster management,Community Medicine,13,5,"2013,2015,2019,2024,2025",0.312,2,0,False,46.6,High
Nucleic Acids,Biochemistry,13,6,"2012,2013,2014,2016,2020,2022",0.375,0,3,False,46.6,High
Breech Presentation,OBG,10,8,"2013,2014,2015,2016,2018,2019,2022,2024",0.5,1,1,True,46.6,High
Delusional disorders,Psychiatry,16,2,"2013,2015",0.125,0,10,False,46.5,High
Ocular anatomy,Ophthalmology,16,2,"2013,2016",0.125,0,9,False,46.4,High
Electrocardiography,Medicine,13,6,"2012,2013,2014,2015,2016,2019",0.375,0,6,False,46.4,High
Antiepileptic drugs,Pharmacology,13,6,"2010,2012,2013,2014,2015,2016",0.375,0,9,False,46.1,High
Peripheral Nervous System,Anatomy,12,6,"2011,2012,2015,2016,2019,2024",0.375,2,1,False,46.1,High
Complement System,Microbiology,13,6,"2011,2012,2013,2014,2017,2018",0.375,0,7,False,46.0,High
Peripheral Nerve Injuries,Orthopedics,13,5,"2012,2014,2015,2018,2023",0.312,0,2,False,46.0,High
Hypertension,Medicine,12,6,"2010,2014,2015,2016,2021,2024",0.375,2,1,False,46.0,High
Fetal Circulation,Anatomy,10,7,"2011,2012,2013,2016,2017,2020,2021",0.438,0,4,True,45.9,High
Nail Disorders,Dermatology,10,7,"2012,2013,2014,2015,2016,2019,2022",0.438,0,3,True,45.7,High
Plastic Surgery,Surgery,13,4,"2012,2020,2022,2023",0.25,0,2,False,45.6,High
Lacrimal Apparatus,Ophthalmology,15,3,"2012,2013,2014",0.188,0,11,False,45.5,High
Metabolic bone disease,Orthopedics,11,7,"2012,2013,2014,2015,2018,2024,2025",0.438,2,0,False,45.3,High
Otitis media,ENT,14,4,"2013,2015,2016,2020",0.25,0,5,False,45.2,High
Conjunctivitis,Ophthalmology,11,7,"2013,2014,2016,2017,2018,2021,2024",0.438,1,1,False,44.8,Medium
Dementia,Medicine,9,8,"2010,2012,2014,2015,2016,2018,2019,2020",0.5,0,5,True,44.7,Medium
Gestational Trophoblastic Disease,OBG,12,6,"2010,2014,2015,2016,2019,2021",0.375,0,4,False,44.2,Medium
Antihypertensive Drugs,Pharmacology,11,7,"2010,2012,2014,2015,2017,2018,2024",0.438,1,1,False,44.1,Medium
Poisoning,Forensic Medicine,12,4,"2018,2021,2022,2024",0.25,2,1,False,44.0,Medium
Sleep Disorders,Psychiatry,12,6,"2012,2013,2014,2015,2016,2019",0.375,0,6,False,43.9,Medium
Sterilization & Hospital Infection,Microbiology,12,6,"2012,2013,2014,2016,2017,2018",0.375,0,7,False,43.9,Medium
Cns Pharmacology,Pharmacology,11,7,"2010,2012,2013,2016,2018,2022,2024",0.438,1,1,False,43.9,Medium
Hemoglobinopathies,Pathology,12,6,"2010,2012,2013,2014,2016,2022",0.375,0,3,False,43.8,Medium
Dyslipidemia,Pharmacology,13,3,"2013,2014,2024",0.188,3,1,False,43.7,Medium
Cytokines,Pathology,10,7,"2013,2014,2015,2019,2020,2022,2024",0.438,2,1,False,43.6,Medium
Lacrimal apparatus,Ophthalmology,15,2,"2012,2013",0.125,0,12,False,43.5,Medium
Energy Metabolism,Physiology,11,7,"2010,2011,2012,2013,2014,2015,2025",0.438,1,0,False,43.5,Medium
Anthropometry,Forensic Medicine,14,3,"2012,2013,2014",0.188,0,11,False,42.9,Medium
Pancreatitis,Medicine,12,5,"2015,2016,2017,2018,2023",0.312,0,2,False,42.8,Medium
Psoriasis,Dermatology,11,6,"2012,2014,2015,2016,2022,2024",0.375,1,1,False,42.6,Medium
Diabetic retinopathy,Ophthalmology,13,4,"2011,2012,2013,2016",0.25,0,9,False,42.5,Medium
Knee Injuries,Orthopedics,11,6,"2013,2014,2015,2018,2020,2024",0.375,1,1,False,42.4,Medium
Musculoskeletal System,Anatomy,11,6,"2016,2017,2018,2019,2020,2021",0.375,0,4,False,42.4,Medium
Nuclear Medicine,Radiology,13,4,"2012,2014,2015,2016",0.25,0,9,False,42.1,Medium
Urinary system,Anatomy,11,6,"2012,2013,2014,2015,2016,2025",0.375,1,0,False,42.0,Medium
Rheumatic Fever,Medicine,10,7,"2013,2014,2017,2018,2019,2022,2024",0.438,1,1,False,42.0,Medium
Rheumatoid Arthritis,Medicine,10,7,"2013,2014,2016,2017,2018,2022,2025",0.438,1,0,False,42.0,Medium
Skin Lesions,Dermatology,10,7,"2013,2014,2015,2016,2017,2018,2024",0.438,1,1,False,42.0,Medium
Radiotherapy,Radiology,11,6,"2013,2014,2015,2016,2018,2023",0.375,0,2,False,41.9,Medium
Wound Management,Surgery,11,6,"2014,2015,2016,2018,2020,2023",0.375,0,2,False,41.9,Medium
Medical jurisprudence,Forensic Medicine,10,6,"2013,2014,2019,2021,2022,2024",0.375,2,1,False,41.9,Medium
Sexual Assault,Forensic Medicine,11,6,"2012,2014,2018,2019,2020,2022",0.375,0,3,False,41.8,Medium
Chromosomal Disorders,Medicine,10,7,"2012,2013,2014,2015,2016,2021,2024",0.438,1,1,False,41.8,Medium
Reflexes,Physiology,11,6,"2013,2014,2015,2016,2019,2020",0.375,0,5,False,41.6,Medium
Complement system,Microbiology,12,5,"2012,2013,2014,2016,2018",0.312,0,7,False,41.5,Medium
Connective Tissue Disorders,Medicine,9,5,"2013,2019,2020,2024,2025",0.312,5,0,False,41.5,Medium
Obesity,Community Medicine,12,5,"2010,2012,2013,2014,2015",0.312,0,10,False,41.4,Medium
Viral Hepatitis,Medicine,11,6,"2010,2014,2015,2017,2018,2022",0.375,0,3,False,41.4,Medium
Thyroid Neoplasms,Pathology,10,7,"2011,2012,2013,2014,2015,2020,2024",0.438,1,1,False,41.4,Medium
Middle Ear,Anatomy,12,5,"2012,2013,2014,2015,2016",0.312,0,9,False,41.3,Medium
Binocular Vision,Ophthalmology,10,4,"2013,2021,2024,2025",0.25,5,0,False,41.3,Medium
Facial Nerve,Anatomy,13,3,"2013,2015,2016",0.188,0,9,False,41.1,Medium
Neonatal Resuscitation,Pediatrics,11,6,"2012,2014,2015,2016,2017,2018",0.375,0,7,False,41.1,Medium
Wilson Disease,Medicine,8,8,"2010,2013,2014,2015,2018,2019,2023,2024",0.5,1,1,True,41.1,Medium
DNA Replication,Biochemistry,11,6,"2012,2013,2015,2016,2017,2018",0.375,0,7,False,41.0,Medium
Cerebral Circulation,Anatomy,12,4,"2013,2014,2020,2024",0.25,1,1,False,40.9,Medium
Brainstem Syndromes,Medicine,10,6,"2016,2017,2018,2019,2020,2024",0.375,1,1,False,40.8,Medium
Postpartum Complications,OBG,8,8,"2016,2017,2018,2019,2020,2022,2024,2025",0.5,2,0,False,40.8,Medium
Cell Signaling,Physiology,8,7,"2013,2015,2016,2018,2020,2021,2023",0.438,0,2,True,40.7,Medium
Head and neck,Anatomy,12,4,"2012,2013,2016,2025",0.25,1,0,False,40.5,Medium
Antimicrobial resistance,Microbiology,11,5,"2013,2015,2016,2018,2024",0.312,1,1,False,40.4,Medium
Epidemiological Study Designs,Community Medicine,8,7,"2012,2014,2016,2017,2018,2019,2020",0.438,0,5,True,40.4,Medium
Eating Disorders,Psychiatry,11,5,"2014,2015,2018,2020,2022",0.312,0,3,False,40.3,Medium
Diabetic Retinopathy,Ophthalmology,10,6,"2012,2014,2016,2021,2022,2024",0.375,1,1,False,40.3,Medium
Vector Control,Community Medicine,11,5,"2011,2013,2014,2016,2025",0.312,1,0,False,40.2,Medium
Gas Exchange,Physiology,8,7,"2012,2014,2015,2016,2017,2018,2020",0.438,0,5,True,40.2,Medium
Sexual Dysfunction,Psychiatry,8,7,"2012,2013,2014,2015,2018,2019,2023",0.438,0,2,True,40.2,Medium
Skeletal Radiology,Radiology,8,7,"2012,2013,2016,2017,2018,2019,2020",0.438,0,5,True,40.2,Medium
Imaging,Radiology,8,7,"2012,2013,2014,2016,2017,2019,2021",0.438,0,4,True,40.1,Medium
Antitubercular Drugs,Pharmacology,10,6,"2011,2014,2015,2018,2022,2025",0.375,1,0,False,40.0,Medium
Sexual Disorders,Psychiatry,10,6,"2012,2015,2018,2019,2021,2023",0.375,0,2,False,39.9,Medium
Contraindications,Anaesthesia,8,7,"2011,2013,2014,2015,2016,2017,2018",0.438,0,7,True,39.9,Medium
Hepatitis B,Microbiology,10,6,"2012,2013,2014,2016,2018,2024",0.375,1,1,False,39.8,Medium
Substance Abuse,Psychiatry,10,6,"2011,2012,2013,2019,2020,2024",0.375,1,1,False,39.6,Medium
Neurocutaneous Syndromes,Pediatrics,8,7,"2010,2011,2012,2013,2016,2017,2018",0.438,0,7,True,39.6,Medium
Preventive Medicine,Community Medicine,10,5,"2012,2018,2019,2020,2025",0.312,2,0,False,39.5,Medium
Cellular Physiology,Physiology,10,6,"2011,2012,2013,2014,2016,2024",0.375,1,1,False,39.4,Medium
Urolithiasis,Pathology,8,6,"2012,2013,2017,2018,2024,2025",0.375,4,0,False,39.4,Medium
Bacterial Toxins,Microbiology,9,7,"2012,2013,2014,2016,2020,2022,2024",0.438,1,1,False,39.2,Medium
COPD,Medicine,9,7,"2013,2014,2015,2016,2017,2018,2024",0.438,1,1,False,39.2,Medium
Cardiac Cycle,Physiology,9,7,"2010,2013,2015,2016,2017,2018,2024",0.438,1,1,False,39.2,Medium
Urinary System,Anatomy,10,5,"2012,2013,2014,2016,2025",0.312,2,0,False,39.0,Medium
Retinoblastoma,Ophthalmology,10,6,"2011,2014,2015,2016,2019,2021",0.375,0,4,False,38.9,Medium
Protein Synthesis,Biochemistry,11,5,"2012,2013,2014,2016,2019",0.312,0,6,False,38.8,Medium
Paranasal Sinuses,Radiology,10,6,"2013,2014,2015,2016,2018,2020",0.375,0,5,False,38.7,Medium
Water Quality,Community Medicine,10,6,"2011,2014,2015,2016,2017,2018",0.375,0,7,False,38.7,Medium
Fluid and Electrolyte Balance,Medicine,9,6,"2012,2014,2016,2022,2024,2025",0.375,2,0,False,38.7,Medium
Medical Negligence,Forensic Medicine,10,6,"2012,2013,2014,2018,2020,2022",0.375,0,3,False,38.6,Medium
Intellectual Disability,Psychiatry,10,6,"2011,2013,2014,2015,2016,2018",0.375,0,7,False,38.5,Medium
Thoracic Imaging,Radiology,8,7,"2013,2016,2017,2018,2019,2024,2025",0.438,2,0,False,38.4,Medium
Hemostasis,Pathology,10,6,"2011,2012,2013,2014,2015,2020",0.375,0,5,False,38.2,Medium
Psychotic disorders,Psychiatry,11,4,"2010,2012,2013,2025",0.25,1,0,False,37.9,Medium
Pigmentary Disorders,Dermatology,9,6,"2012,2016,2018,2019,2022,2024",0.375,1,1,False,37.9,Medium
Cell physiology,Physiology,11,4,"2012,2013,2016,2024",0.25,1,1,False,37.8,Medium
Immunopharmacology,Pharmacology,8,7,"2010,2011,2012,2013,2014,2021,2024",0.438,2,1,False,37.8,Medium
Genetic Syndromes,Medicine,8,6,"2011,2012,2013,2017,2018,2024",0.375,3,1,False,37.6,Medium
Fetal Physiology,OBG,7,7,"2012,2013,2014,2016,2018,2020,2022",0.438,0,3,True,37.6,Medium
Visual Pathway,Anatomy,7,7,"2010,2013,2015,2016,2018,2020,2021",0.438,0,4,True,37.5,Medium
Oral cavity,ENT,9,6,"2013,2014,2017,2018,2021,2024",0.375,1,1,False,37.3,Medium
Drug interactions,Pharmacology,11,4,"2013,2014,2015,2016",0.25,0,9,False,37.2,Medium
ECG Interpretation,Medicine,8,7,"2012,2016,2017,2018,2019,2020,2024",0.438,1,1,False,37.1,Medium
Neuromuscular Disorders,Medicine,7,7,"2010,2011,2012,2015,2016,2017,2019",0.438,0,6,True,37.0,Medium
Cardiomyopathies,Medicine,8,6,"2016,2017,2018,2019,2020,2024",0.375,2,1,False,36.9,Medium
Communicable And Non-Communicable Diseases,Community Medicine,10,3,"2022,2023,2024",0.188,1,1,False,36.7,Medium
Pediatric Orthopedics,Orthopedics,10,4,"2014,2016,2022,2023",0.25,0,2,False,36.7,Medium
Knee injuries,Orthopedics,10,5,"2013,2014,2016,2018,2020",0.312,0,5,False,36.6,Medium
Food Poisoning,Microbiology,9,6,"2012,2016,2017,2018,2020,2021",0.375,0,4,False,36.6,Medium
Diagnostic tests,Microbiology,8,6,"2013,2015,2016,2018,2019,2024",0.375,2,1,False,36.5,Medium
Musculoskeletal Radiology,Radiology,10,5,"2012,2013,2014,2015,2021",0.312,0,4,False,36.4,Medium
Dissociative Disorders,Psychiatry,10,3,"2012,2013,2024",0.188,3,1,False,36.3,Medium
Antifungal drugs,Pharmacology,9,6,"2011,2012,2015,2016,2018,2020",0.375,0,5,False,36.3,Medium
Autoimmune diseases,Medicine,9,5,"2012,2013,2017,2024,2025",0.312,2,0,False,36.3,Medium
Antifungal Agents,Pharmacology,9,6,"2013,2014,2016,2017,2019,2020",0.375,0,5,False,36.2,Medium
Pediatric surgery,Surgery,8,6,"2012,2013,2016,2022,2024,2025",0.375,2,0,False,36.2,Medium
Electrophysiology,Physiology,9,6,"2010,2012,2015,2016,2018,2020",0.375,0,5,False,36.1,Medium
Head and Neck Oncology,ENT,8,6,"2010,2013,2015,2016,2024,2025",0.375,2,0,False,36.1,Medium
Head injury,Surgery,9,6,"2012,2013,2015,2016,2018,2019",0.375,0,6,False,36.0,Medium
Inheritance patterns,Biochemistry,9,4,"2012,2013,2019,2024",0.25,3,1,False,36.0,Medium
Measles,Community Medicine,9,6,"2012,2013,2014,2016,2018,2021",0.375,0,4,False,35.9,Medium
Head and Neck Surgery,Surgery,10,4,"2013,2014,2021,2024",0.25,1,1,False,35.8,Medium
Diphtheria,Microbiology,9,6,"2011,2012,2013,2015,2019,2020",0.375,0,5,False,35.8,Medium
Large intestine,Anatomy,11,3,"2014,2015,2016",0.188,0,9,False,35.7,Medium
CNS Pharmacology,Pharmacology,10,5,"2010,2012,2013,2014,2021",0.312,0,4,False,35.7,Medium
Geriatrics,Medicine,9,6,"2010,2012,2013,2016,2018,2020",0.375,0,5,False,35.7,Medium
Health Promotion,Community Medicine,9,6,"2010,2011,2013,2014,2019,2022",0.375,0,3,False,35.7,Medium
Bone Pathology,Pathology,9,6,"2010,2013,2014,2015,2016,2018",0.375,0,7,False,35.6,Medium
Mechanical Injuries,Forensic Medicine,12,2,"2012,2013",0.125,0,12,False,35.5,Medium
Hand Anatomy,Anatomy,9,5,"2013,2014,2016,2020,2024",0.312,1,1,False,35.5,Medium
Malabsorption,Medicine,9,5,"2013,2014,2019,2020,2025",0.312,1,0,False,35.4,Medium
Brachial plexus,Anatomy,11,3,"2013,2015,2019",0.188,0,6,False,35.3,Medium
Autacoids,Pharmacology,9,5,"2013,2017,2018,2020,2023",0.312,0,2,False,35.3,Medium
Hemolytic Anemias,Pathology,9,5,"2012,2013,2019,2022,2024",0.312,1,1,False,35.3,Medium
Hallucinations,Psychiatry,11,3,"2013,2014,2015",0.188,0,10,False,35.2,Medium
Autoimmune Disorders,Medicine,9,5,"2010,2013,2017,2019,2024",0.312,1,1,False,35.2,Medium
Health Administration,Community Medicine,8,5,"2013,2019,2021,2022,2024",0.312,2,1,False,35.2,Medium
Delusions,Psychiatry,11,3,"2012,2013,2016",0.188,0,9,False,35.1,Medium
Spinal Tuberculosis,Orthopedics,11,3,"2012,2013,2016",0.188,0,9,False,35.1,Medium
Asphyxia,Forensic Medicine,8,6,"2013,2014,2016,2018,2022,2024",0.375,1,1,False,35.1,Medium
Spondyloarthropathies,Medicine,8,5,"2012,2014,2021,2024,2025",0.312,2,0,False,35.1,Medium
Visual Field Defects,Ophthalmology,8,6,"2013,2014,2016,2019,2021,2024",0.375,1,1,False,35.1,Medium
Obsessive-Compulsive Disorder,Psychiatry,11,3,"2012,2013,2019",0.188,0,6,False,35.0,Medium
CNS pharmacology,Pharmacology,9,5,"2012,2013,2016,2018,2024",0.312,1,1,False,35.0,Medium
Plague,Community Medicine,9,5,"2011,2013,2015,2016,2024",0.312,1,1,False,34.9,Medium
Surgical Materials,Surgery,8,6,"2013,2014,2016,2017,2018,2024",0.375,1,1,False,34.9,Medium
Facial nerve,Anatomy,10,4,"2012,2013,2015,2016",0.25,0,9,False,34.8,Medium
Head and neck anatomy,ENT,10,4,"2013,2014,2018,2022",0.25,0,3,False,34.8,Medium
Cell signaling,Physiology,10,4,"2013,2015,2016,2018",0.25,0,7,False,34.7,Medium
Hepatitis,Microbiology,10,4,"2013,2014,2017,2018",0.25,0,7,False,34.7,Medium
Jaundice,Pediatrics,9,5,"2012,2016,2018,2020,2022",0.312,0,3,False,34.7,Medium
Cardiac Arrest,Medicine,8,5,"2014,2016,2017,2018,2024",0.312,2,1,False,34.7,Medium
Glycogen Storage Diseases,Biochemistry,8,5,"2012,2015,2018,2022,2024",0.312,2,1,False,34.6,Medium
Cardiac electrophysiology,Physiology,10,4,"2012,2014,2015,2022",0.25,0,3,False,34.5,Medium
Liver Pathology,Pathology,10,4,"2012,2013,2016,2018",0.25,0,7,False,34.5,Medium
Substance-Related Disorders,Psychiatry,10,4,"2013,2014,2015,2016",0.25,0,9,False,34.5,Medium
Pelvis And Perineum,Anatomy,9,5,"2013,2014,2015,2016,2023",0.312,0,2,False,34.5,Medium
Antihypertensive drugs,Pharmacology,8,6,"2010,2013,2014,2015,2018,2024",0.375,1,1,False,34.4,Medium
Antioxidants,Biochemistry,10,4,"2013,2014,2015,2016",0.25,0,9,False,34.3,Medium
Biomedical waste management,Community Medicine,9,5,"2012,2013,2016,2017,2020",0.312,0,5,False,34.3,Medium
Pain Management,Anaesthesia,8,5,"2012,2014,2015,2019,2024",0.312,2,1,False,34.3,Medium
Thoracic Radiology,Radiology,8,5,"2015,2021,2022,2023,2024",0.312,1,1,False,34.3,Medium
Bleeding disorders,Pathology,7,7,"2013,2015,2016,2017,2018,2019,2024",0.438,1,1,False,34.3,Medium
Surgical Techniques,Surgery,7,6,"2010,2017,2018,2019,2024,2025",0.375,2,0,False,34.2,Medium
Valvular heart disease,Medicine,9,5,"2012,2013,2018,2019,2020",0.312,0,5,False,34.1,Medium
Neuromuscular blockers,Anaesthesia,9,3,"2012,2013,2025",0.188,3,0,False,34.0,Medium
Cardiovascular Drugs,Pharmacology,8,6,"2014,2016,2018,2019,2020,2021",0.375,0,4,False,34.0,Medium
Pericardial Diseases,Medicine,9,5,"2010,2013,2014,2019,2020",0.312,0,5,False,33.9,Medium
Vestibular system,ENT,12,1,2013,0.062,0,12,False,33.8,Medium
Antitubercular drugs,Pharmacology,9,5,"2011,2014,2015,2016,2018",0.312,0,7,False,33.8,Medium
Cvs Pharmacology,Pharmacology,10,2,"2022,2023",0.125,0,2,False,33.7,Medium
Intravenous Anaesthetics,Anaesthesia,9,5,"2011,2013,2015,2016,2019",0.312,0,6,False,33.7,Medium
Hemodynamics,Physiology,9,5,"2012,2013,2014,2015,2016",0.312,0,9,False,33.6,Medium
Ptosis,Ophthalmology,9,5,"2012,2013,2014,2016,2019",0.312,0,6,False,33.6,Medium
Beta Blockers,Pharmacology,11,2,"2014,2015",0.125,0,10,False,33.5,Medium
Head And Neck Surgery,Surgery,9,4,"2013,2019,2021,2024",0.25,1,1,False,33.4,Medium
Prenatal Diagnosis,OBG,9,5,"2010,2013,2014,2016,2018",0.312,0,7,False,33.4,Medium
Ear Anatomy,Anatomy,8,5,"2014,2018,2020,2022,2024",0.312,1,1,False,33.4,Medium
Porphyrin Metabolism,Biochemistry,8,6,"2013,2014,2015,2016,2018,2022",0.375,0,3,False,33.4,Medium
Spleen,Anatomy,9,5,"2010,2012,2013,2014,2015",0.312,0,10,False,33.3,Medium
Extraocular Muscles,Anatomy,8,6,"2012,2013,2014,2016,2017,2018",0.375,0,7,False,33.1,Medium
Health Services,Community Medicine,8,5,"2012,2015,2019,2022,2024",0.312,1,1,False,33.1,Medium
Uterine anomalies,OBG,9,4,"2013,2016,2017,2020",0.25,0,5,False,33.0,Medium
Inguinal Canal,Anatomy,8,5,"2014,2015,2016,2018,2024",0.312,1,1,False,33.0,Medium
Nail disorders,Dermatology,8,6,"2012,2013,2014,2015,2016,2019",0.375,0,6,False,33.0,Medium
Paediatric Surgery,Surgery,8,6,"2010,2011,2016,2017,2021,2022",0.375,0,3,False,33.0,Medium
Blast injuries,Forensic Medicine,11,2,"2012,2013",0.125,0,12,False,32.9,Medium
Large Intestine,Anatomy,10,3,"2014,2015,2016",0.188,0,9,False,32.9,Medium
Firearm Injuries,Forensic Medicine,8,5,"2012,2014,2019,2022,2024",0.312,1,1,False,32.9,Medium
Antiviral Agents,Pharmacology,8,5,"2010,2015,2017,2019,2024",0.312,1,1,False,32.8,Medium
Molecular pathology,Pathology,8,5,"2011,2012,2015,2019,2024",0.312,1,1,False,32.8,Medium
Antiemetics,Pharmacology,7,6,"2011,2018,2019,2020,2022,2024",0.375,1,1,False,32.8,Medium
Indian Penal Code,Forensic Medicine,10,3,"2013,2019,2020",0.188,0,5,False,32.7,Medium
Keratitis,Ophthalmology,10,3,"2013,2014,2016",0.188,0,9,False,32.7,Medium
Cestodes,Microbiology,10,3,"2012,2013,2016",0.188,0,9,False,32.6,Medium
Uroradiology,Radiology,8,5,"2012,2015,2016,2021,2024",0.312,1,1,False,32.6,Medium
Heme Synthesis,Biochemistry,7,5,"2014,2016,2019,2022,2024",0.312,2,1,False,32.6,Medium
Local Anesthetics,Pharmacology,7,6,"2014,2016,2019,2020,2022,2024",0.375,1,1,False,32.6,Medium
Shoulder,Orthopedics,10,3,"2012,2015,2016",0.188,0,9,False,32.5,Medium
Conversion Disorder,Psychiatry,10,3,"2013,2014,2016",0.188,0,9,False,32.4,Medium
Ossification,Anatomy,10,3,"2013,2014,2015",0.188,0,10,False,32.4,Medium
Fertilization,Physiology,7,6,"2013,2014,2016,2017,2020,2024",0.375,1,1,False,32.4,Medium
Tympanic membrane,ENT,10,3,"2012,2013,2014",0.188,0,11,False,32.2,Medium
Hemolytic anemias,Pathology,8,4,"2012,2013,2019,2024",0.25,2,1,False,32.2,Medium
Diagnostic Microbiology,Microbiology,7,6,"2012,2013,2014,2018,2021,2025",0.375,1,0,False,32.2,Medium
Middle ear,Anatomy,10,3,"2012,2014,2015",0.188,0,10,False,32.1,Medium
Biliary Tract,Surgery,7,6,"2011,2014,2015,2016,2019,2025",0.375,1,0,False,32.1,Medium
Chemoprophylaxis,Pharmacology,7,6,"2012,2013,2016,2017,2018,2024",0.375,1,1,False,32.1,Medium
Rickets,Pediatrics,7,5,"2013,2015,2018,2021,2024",0.312,2,1,False,32.1,Medium
Inhalational anaesthetics,Anaesthesia,10,3,"2012,2013,2014",0.188,0,11,False,32.0,Medium
Hemolytic Anemia,Pathology,9,4,"2012,2014,2015,2022",0.25,0,3,False,32.0,Medium
Neurofibromatosis,Dermatology,9,4,"2012,2013,2016,2018",0.25,0,7,False,32.0,Medium
Muscle physiology,Physiology,8,4,"2012,2013,2016,2024",0.25,2,1,False,32.0,Medium
Water Purification,Community Medicine,7,6,"2011,2013,2016,2017,2018,2024",0.375,1,1,False,32.0,Medium
Genodermatoses,Dermatology,9,4,"2012,2013,2016,2018",0.25,0,7,False,31.9,Medium
Clinical Trials,Pharmacology,8,4,"2016,2019,2022,2025",0.25,1,0,False,31.9,Medium
Cholera,Microbiology,9,4,"2012,2014,2015,2016",0.25,0,9,False,31.8,Medium
Clinical Signs,Medicine,9,4,"2013,2014,2016,2017",0.25,0,8,False,31.8,Medium
Congenital Talipes Equinovarus,Orthopedics,9,4,"2013,2014,2015,2016",0.25,0,9,False,31.8,Medium
Ocular motility,Ophthalmology,9,4,"2011,2013,2014,2019",0.25,0,6,False,31.8,Medium
Syphilis,Dermatology,7,5,"2011,2012,2015,2016,2024",0.312,2,1,False,31.8,Medium
Lysosomal storage disorders,Biochemistry,6,4,"2012,2018,2024,2025",0.25,4,0,False,31.8,Medium
Tonsillectomy,ENT,10,2,"2013,2024",0.125,1,1,False,31.7,Medium
Adverse drug effects,Pharmacology,9,4,"2012,2013,2015,2016",0.25,0,9,False,31.7,Medium
Amyloidosis,Pathology,9,4,"2012,2013,2015,2022",0.25,0,3,False,31.7,Medium
Antimicrobial therapy,Pharmacology,8,5,"2014,2015,2016,2021,2023",0.312,0,2,False,31.7,Medium
Intestinal Obstruction,Surgery,9,4,"2012,2013,2014,2021",0.25,0,4,False,31.6,Medium
Placenta Previa,OBG,8,5,"2014,2015,2016,2019,2022",0.312,0,3,False,31.6,Medium
Interstitial Lung Disease,Medicine,9,4,"2010,2013,2014,2015",0.25,0,10,False,31.5,Medium
Myeloproliferative Neoplasms,Pathology,9,4,"2010,2013,2014,2015",0.25,0,10,False,31.5,Medium
Sinusitis,ENT,8,5,"2013,2014,2015,2016,2019",0.312,0,6,False,31.4,Medium
Body Fluids,Physiology,8,5,"2012,2013,2014,2016,2021",0.312,0,4,False,31.1,Medium
Radiation physics,Radiology,8,5,"2012,2013,2015,2016,2017",0.312,0,8,False,31.1,Medium
Vector-Borne Diseases,Community Medicine,8,5,"2011,2012,2014,2016,2017",0.312,0,8,False,31.1,Medium
Antiplatelet Drugs,Pharmacology,8,5,"2012,2013,2015,2017,2018",0.312,0,7,False,31.0,Medium
Eyelid disorders,Ophthalmology,8,5,"2012,2013,2014,2016,2020",0.312,0,5,False,31.0,Medium
Musculoskeletal Anatomy,Anatomy,8,5,"2011,2014,2016,2017,2018",0.312,0,7,False,31.0,Medium
Corticosteroids,Pharmacology,8,5,"2012,2014,2016,2017,2018",0.312,0,7,False,30.9,Medium
Environmental health,Community Medicine,8,5,"2012,2013,2016,2017,2018",0.312,0,7,False,30.9,Medium
Salivary Glands,ENT,8,5,"2012,2013,2014,2015,2019",0.312,0,6,False,30.9,Medium
Surgical Anatomy,Anatomy,7,6,"2013,2016,2017,2018,2019,2021",0.375,0,4,False,30.9,Medium
Visual fields,Ophthalmology,7,5,"2013,2018,2019,2021,2024",0.312,1,1,False,30.9,Medium
Beta blockers,Pharmacology,10,2,"2014,2015",0.125,0,10,False,30.8,Medium
Spinal Anaesthesia,Anaesthesia,8,5,"2011,2012,2013,2014,2016",0.312,0,9,False,30.7,Medium
Factory Act,Community Medicine,9,3,"2016,2017,2018",0.188,0,7,False,30.6,Medium
Cardiomyopathy,Medicine,7,5,"2014,2015,2018,2019,2024",0.312,1,1,False,30.5,Medium
Molecular Pathology,Pathology,7,6,"2011,2012,2014,2019,2020,2021",0.375,0,4,False,30.5,Medium
Uterine prolapse,OBG,7,6,"2012,2014,2015,2016,2017,2018",0.375,0,7,False,30.5,Medium
Shoulder Dystocia,OBG,7,5,"2011,2015,2016,2018,2024",0.312,1,1,False,30.4,Medium
Hearing Tests,ENT,8,3,"2013,2018,2024",0.188,2,1,False,30.3,Medium
Heavy metal poisoning,Forensic Medicine,7,6,"2011,2012,2013,2016,2017,2022",0.375,0,3,False,30.3,Medium
Immunosuppressants,Pharmacology,7,6,"2010,2012,2014,2016,2018,2021",0.375,0,4,False,30.3,Medium
MRI,Radiology,7,6,"2012,2013,2014,2015,2016,2019",0.375,0,6,False,30.3,Medium
Heart,Anatomy,10,2,"2012,2013",0.125,0,12,False,30.2,Medium
Venous Thromboembolism,Medicine,9,3,"2012,2014,2019",0.188,0,6,False,30.2,Medium
Inherited Metabolic Disorders,Biochemistry,6,1,2024,0.062,6,1,False,30.2,Medium
Nutrition & Health,Biochemistry,6,5,"2016,2018,2019,2020,2024",0.312,2,1,False,30.2,Medium
Asphyxial deaths,Forensic Medicine,9,3,"2013,2019,2022",0.188,0,3,False,30.1,Medium
Hypersensitivity,Pathology,9,3,"2011,2014,2016",0.188,0,9,False,30.0,Medium
Epilepsy,Pediatrics,7,6,"2010,2011,2013,2014,2015,2022",0.375,0,3,False,30.0,Medium
Hyponatremia,Medicine,7,5,"2010,2014,2015,2016,2025",0.312,1,0,False,30.0,Medium
Electroconvulsive Therapy,Psychiatry,9,3,"2013,2014,2015",0.188,0,10,False,29.9,Medium
Contrast Media,Radiology,7,6,"2010,2011,2013,2014,2016,2018",0.375,0,7,False,29.9,Medium
Medical Ethics,Forensic Medicine,6,5,"2010,2014,2018,2022,2024",0.312,2,1,False,29.9,Medium
Vaccine Storage,Community Medicine,6,4,"2013,2014,2021,2024",0.25,3,1,False,29.9,Medium
Special Senses,Physiology,6,4,"2013,2014,2018,2024",0.25,3,1,False,29.8,Medium
Antipsychotic Drugs,Pharmacology,9,3,"2013,2015,2016",0.188,0,9,False,29.7,Medium
International Health,Community Medicine,8,4,"2011,2013,2022,2023",0.25,0,2,False,29.7,Medium
Basic Life Support,Medicine,6,6,"2012,2013,2015,2019,2020,2024",0.375,1,1,False,29.7,Medium
Postmortem changes,Forensic Medicine,8,4,"2014,2015,2016,2018",0.25,0,7,False,29.6,Medium
Communicable diseases,Community Medicine,6,5,"2012,2013,2019,2024,2025",0.312,2,0,False,29.6,Medium
Surface anatomy,Anatomy,9,3,"2012,2013,2014",0.188,0,11,False,29.5,Medium
Health Planning,Community Medicine,8,4,"2012,2013,2014,2020",0.25,0,5,False,29.5,Medium
Antifungal agents,Pharmacology,8,4,"2013,2014,2016,2018",0.25,0,7,False,29.4,Medium
Acute Pancreatitis,Surgery,8,4,"2013,2014,2016,2020",0.25,0,5,False,29.1,Medium
Inflammatory bowel disease,Medicine,8,4,"2013,2014,2016,2019",0.25,0,6,False,29.1,Medium
Heavy Metal Poisoning,Forensic Medicine,7,5,"2011,2012,2016,2017,2022",0.312,0,3,False,29.1,Medium
Opioid Analgesics,Pharmacology,8,4,"2012,2013,2015,2016",0.25,0,9,False,29.0,Medium
Antimicrobial Therapy,Pharmacology,7,5,"2014,2015,2016,2021,2023",0.312,0,2,False,29.0,Medium
Hemolytic anemia,Pathology,7,5,"2014,2015,2016,2019,2022",0.312,0,3,False,28.8,Medium
EEG,Physiology,7,5,"2013,2015,2016,2017,2018",0.312,0,7,False,28.6,Medium
Mediastinum,Anatomy,7,5,"2013,2016,2017,2018,2019",0.312,0,6,False,28.6,Medium
Wound Care,Surgery,6,3,"2020,2022,2024",0.188,3,1,False,28.6,Medium
Antimicrobial Agents,Pharmacology,8,4,"2010,2012,2014,2015",0.25,0,10,False,28.5,Medium
Acne,Dermatology,7,5,"2012,2013,2014,2016,2023",0.312,0,2,False,28.5,Medium
Antiarrhythmic drugs,Pharmacology,7,5,"2012,2014,2015,2016,2018",0.312,0,7,False,28.5,Medium
Nasal Cavity,ENT,7,5,"2012,2013,2014,2015,2022",0.312,0,3,False,28.5,Medium
Neuromuscular Junction,Pharmacology,7,5,"2013,2014,2015,2018,2019",0.312,0,6,False,28.5,Medium
Hearing tests,ENT,10,1,2013,0.062,0,12,False,28.4,Medium
Nystagmus,ENT,10,1,2013,0.062,0,12,False,28.4,Medium
Genetic Skin Disorders,Dermatology,7,4,"2014,2015,2020,2024",0.25,1,1,False,28.4,Medium
Esophageal Motility Disorders,Medicine,6,5,"2015,2016,2018,2020,2025",0.312,1,0,False,28.3,Medium
Mechanism of Action,Pharmacology,6,6,"2012,2017,2018,2019,2020,2022",0.375,0,3,False,28.3,Medium
Connective tissue disorders,Medicine,5,4,"2013,2019,2024,2025",0.25,3,0,False,28.2,Medium
Maternal Mortality,Community Medicine,7,4,"2013,2014,2015,2024",0.25,1,1,False,28.1,Medium
Postoperative Complications,Surgery,7,5,"2010,2012,2013,2014,2016",0.312,0,9,False,28.1,Medium
Reproduction,Physiology,6,5,"2012,2014,2019,2020,2024",0.312,1,1,False,28.1,Medium
Mortality Indicators,Community Medicine,7,5,"2011,2012,2013,2014,2015",0.312,0,10,False,28.0,Medium
ADHD,Psychiatry,6,6,"2012,2014,2017,2018,2019,2021",0.375,0,4,False,28.0,Medium
Antimetabolites,Pharmacology,6,5,"2012,2016,2019,2023,2024",0.312,1,1,False,28.0,Medium
Heart Failure,Medicine,6,5,"2011,2013,2019,2020,2025",0.312,1,0,False,28.0,Medium
Metal Poisoning,Forensic Medicine,8,3,"2016,2017,2018",0.188,0,7,False,27.9,Medium
Coagulation disorders,Pathology,6,6,"2013,2014,2016,2017,2019,2020",0.375,0,5,False,27.9,Medium
Extracellular Matrix,Biochemistry,6,5,"2014,2015,2016,2020,2025",0.312,1,0,False,27.9,Medium
Ligaments,Anatomy,6,5,"2010,2016,2017,2018,2024",0.312,1,1,False,27.9,Medium
Osteomyelitis,Orthopedics,6,6,"2012,2013,2015,2016,2021,2022",0.375,0,3,False,27.9,Medium
Systemic Vasculitis,Medicine,6,6,"2012,2014,2016,2017,2018,2020",0.375,0,5,False,27.9,Medium
Pediatric Respiratory,Pediatrics,8,2,"2022,2023",0.125,0,2,False,27.8,Medium
Laryngology,ENT,6,5,"2011,2013,2015,2019,2024",0.312,1,1,False,27.8,Medium
Lymphoid organs,Anatomy,9,2,"2013,2014",0.125,0,11,False,27.7,Medium
Parathyroid Disorders,Medicine,7,5,"2010,2011,2012,2013,2016",0.312,0,9,False,27.7,Medium
Lactation,Community Medicine,6,6,"2012,2014,2015,2016,2017,2018",0.375,0,7,False,27.7,Medium
Filariasis,Microbiology,6,5,"2013,2014,2015,2016,2024",0.312,1,1,False,27.6,Medium
Menstrual cycle,Physiology,6,4,"2011,2012,2019,2024",0.25,2,1,False,27.6,Medium
Disease Transmission,Community Medicine,6,5,"2011,2012,2016,2018,2025",0.312,1,0,False,27.5,Medium
Neck Anatomy,Anatomy,6,6,"2011,2012,2013,2014,2016,2020",0.375,0,5,False,27.5,Medium
Thoracic Anatomy,Anatomy,6,6,"2011,2012,2014,2016,2017,2018",0.375,0,7,False,27.5,Medium
Immunomodulators,Pharmacology,5,5,"2010,2011,2016,2024,2025",0.312,2,0,False,27.4,Medium
Antihyperlipidemic Drugs,Pharmacology,8,3,"2014,2015,2016",0.188,0,9,False,27.3,Medium
Cartilage,Anatomy,8,3,"2013,2016,2020",0.188,0,5,False,27.2,Medium
Organic Mental Disorders,Psychiatry,8,3,"2013,2014,2016",0.188,0,9,False,27.2,Medium
Platelet Disorders,Pathology,7,4,"2014,2017,2018,2019",0.25,0,6,False,27.2,Medium
General Anaesthetics,Pharmacology,8,3,"2013,2014,2015",0.188,0,10,False,27.1,Medium
Psychoanalysis,Psychiatry,8,3,"2012,2013,2018",0.188,0,7,False,27.0,Medium
Cardiac Electrophysiology,Physiology,7,4,"2014,2015,2019,2022",0.25,0,3,False,27.0,Medium
Cerebral Cortex,Anatomy,7,4,"2012,2017,2018,2020",0.25,0,5,False,27.0,Medium
Paraphilias,Psychiatry,7,4,"2014,2015,2016,2021",0.25,0,4,False,27.0,Medium
Liver pathology,Pathology,8,3,"2012,2013,2016",0.188,0,9,False,26.9,Medium
Acute Leukemia,Pathology,5,2,"2022,2024",0.125,4,1,False,26.9,Medium
Chest Radiography,Radiology,8,3,"2011,2013,2014",0.188,0,11,False,26.8,Medium
Helminths,Microbiology,7,4,"2012,2016,2018,2020",0.25,0,5,False,26.8,Medium
Kidney,Anatomy,7,4,"2014,2015,2016,2019",0.25,0,6,False,26.8,Medium
Autopsy,Forensic Medicine,7,4,"2013,2014,2015,2018",0.25,0,7,False,26.7,Medium
Carbohydrates,Biochemistry,7,4,"2013,2014,2019,2020",0.25,0,5,False,26.7,Medium
Dermatophytes,Microbiology,7,4,"2012,2013,2018,2022",0.25,0,3,False,26.7,Medium
Lipid-lowering drugs,Pharmacology,7,4,"2012,2013,2018,2019",0.25,0,6,False,26.7,Medium
Menstrual Cycle,Physiology,7,4,"2010,2014,2016,2019",0.25,0,6,False,26.7,Medium
Nasopharynx,ENT,7,4,"2013,2014,2018,2022",0.25,0,3,False,26.7,Medium
Spinal Cord,Anatomy,6,5,"2016,2018,2019,2021,2023",0.312,0,2,False,26.7,Medium
Ct & Mri,Radiology,5,3,"2021,2024,2025",0.188,3,0,False,26.7,Medium
Vector Borne Diseases,Community Medicine,8,3,"2011,2012,2013",0.188,0,12,False,26.6,Medium
Gastric carcinoma,Pathology,7,4,"2011,2014,2015,2020",0.25,0,5,False,26.6,Medium
Inguinal region,Anatomy,7,4,"2012,2013,2015,2019",0.25,0,6,False,26.6,Medium
Bronchodilators,Pharmacology,7,4,"2010,2013,2015,2022",0.25,0,3,False,26.5,Medium
Hand,Anatomy,7,4,"2012,2013,2015,2020",0.25,0,5,False,26.5,Medium
Lichen Planus,Dermatology,7,4,"2013,2014,2015,2016",0.25,0,9,False,26.5,Medium
Myopia,Ophthalmology,7,4,"2012,2014,2015,2016",0.25,0,9,False,26.5,Medium
Neural Tube Defects,OBG,7,4,"2010,2014,2015,2016",0.25,0,9,False,26.5,Medium
Urinary bladder,Anatomy,7,4,"2012,2014,2015,2018",0.25,0,7,False,26.5,Medium
Chromosomal abnormalities,Pediatrics,7,4,"2013,2014,2015,2016",0.25,0,9,False,26.4,Medium
Psoriatic arthritis,Orthopedics,7,4,"2013,2014,2015,2016",0.25,0,9,False,26.4,Medium
Teratogenicity,Pharmacology,7,4,"2010,2014,2016,2020",0.25,0,5,False,26.4,Medium
Child Abuse,Forensic Medicine,6,4,"2011,2019,2020,2025",0.25,1,0,False,26.4,Medium
Copper Metabolism,Biochemistry,5,3,"2015,2019,2024",0.188,3,1,False,26.4,Medium
Antiplatelet drugs,Pharmacology,7,4,"2012,2013,2015,2018",0.25,0,7,False,26.3,Medium
Catatonia,Psychiatry,7,4,"2013,2014,2015,2016",0.25,0,9,False,26.3,Medium
Nasal Surgery,ENT,5,3,"2013,2020,2024",0.188,3,1,False,26.3,Medium
Suture Materials,Surgery,6,4,"2016,2017,2018,2025",0.25,1,0,False,26.2,Medium
Episiotomy,OBG,5,3,"2014,2024,2025",0.188,3,0,False,26.2,Medium
Nematodes,Microbiology,7,4,"2011,2012,2013,2016",0.25,0,9,False,26.1,Medium
Oropharynx,ENT,7,3,"2013,2016,2024",0.188,1,1,False,26.1,Medium
Physics,Radiology,7,4,"2010,2012,2013,2021",0.25,0,4,False,26.1,Medium
Air Pollution,Community Medicine,6,5,"2011,2012,2016,2020,2021",0.312,0,4,False,26.1,Medium
Antineoplastic Drugs,Pharmacology,6,5,"2012,2014,2019,2020,2022",0.312,0,3,False,26.1,Medium
Eyelid Disorders,Ophthalmology,6,5,"2010,2014,2016,2020,2021",0.312,0,4,False,26.1,Medium
Ocular Oncology,Ophthalmology,6,5,"2012,2013,2016,2019,2021",0.312,0,4,False,26.1,Medium
Sexual disorders,Psychiatry,6,5,"2012,2015,2018,2019,2021",0.312,0,4,False,26.1,Medium
Binocular vision,Ophthalmology,7,2,"2013,2024",0.125,2,1,False,26.0,Medium
Cell Death,Pathology,6,3,"2015,2024,2025",0.188,2,0,False,26.0,Medium
Epistaxis,ENT,6,3,"2013,2021,2024",0.188,2,1,False,26.0,Medium
Ocular Physiology,Ophthalmology,6,4,"2013,2020,2021,2024",0.25,1,1,False,26.0,Medium
Sleep Physiology,Physiology,6,4,"2012,2013,2020,2024",0.25,1,1,False,26.0,Medium
Diaphragm,Anatomy,5,4,"2016,2017,2018,2024",0.25,2,1,False,26.0,Medium
Hip disorders,Orthopedics,5,3,"2012,2024,2025",0.188,3,0,False,26.0,Medium
Pheochromocytoma,Medicine,5,4,"2012,2019,2021,2024",0.25,2,1,False,26.0,Medium
Post-Mortem Changes,Forensic Medicine,5,4,"2012,2019,2021,2024",0.25,2,1,False,26.0,Medium
Sclera,Ophthalmology,7,3,"2013,2022,2023",0.188,0,2,False,25.9,Medium
Delirium,Psychiatry,6,4,"2011,2013,2019,2024",0.25,1,1,False,25.9,Medium
Purine metabolism,Biochemistry,6,5,"2013,2014,2015,2018,2019",0.312,0,6,False,25.9,Medium
Trauma Surgery,Surgery,5,4,"2011,2016,2021,2024",0.25,2,1,False,25.9,Medium
Cranial Venous Sinuses,Anatomy,9,1,2013,0.062,0,12,False,25.8,Medium
Cranial venous sinuses,Anatomy,9,1,2013,0.062,0,12,False,25.8,Medium
Septoplasty,ENT,9,1,2013,0.062,0,12,False,25.8,Medium
Radial Nerve,Anatomy,8,2,"2015,2016",0.125,0,9,False,25.8,Medium
Antimigraine Drugs,Pharmacology,6,4,"2014,2015,2016,2024",0.25,1,1,False,25.8,Medium
Antimigraine drugs,Pharmacology,6,4,"2014,2015,2016,2024",0.25,1,1,False,25.8,Medium
Connective tissue,Biochemistry,6,4,"2012,2013,2018,2024",0.25,1,1,False,25.8,Medium
Hepatobiliary System,Anatomy,6,5,"2012,2013,2014,2016,2019",0.312,0,6,False,25.8,Medium
Laryngeal Anatomy,ENT,6,4,"2012,2015,2016,2024",0.25,1,1,False,25.8,Medium
Pancreatic Disorders,Medicine,6,5,"2011,2012,2013,2018,2020",0.312,0,5,False,25.8,Medium
Resuscitation,Medicine,6,5,"2012,2015,2016,2018,2020",0.312,0,5,False,25.8,Medium
Thoracic Surgery,Surgery,6,5,"2012,2013,2015,2020,2021",0.312,0,4,False,25.8,Medium
Health Legislation,Community Medicine,7,3,"2018,2019,2020",0.188,0,5,False,25.7,Medium
Abnormal uterine bleeding,OBG,6,5,"2012,2013,2014,2017,2020",0.312,0,5,False,25.7,Medium
Fatty Acid Synthesis,Biochemistry,6,5,"2012,2014,2016,2017,2018",0.312,0,7,False,25.7,Medium
Innate Immunity,Microbiology,6,5,"2011,2012,2013,2016,2022",0.312,0,3,False,25.7,Medium
Pyloric Stenosis,Pediatrics,5,5,"2014,2017,2018,2021,2024",0.312,1,1,False,25.7,Medium
Uterine disorders,OBG,5,4,"2012,2017,2024,2025",0.25,2,0,False,25.7,Medium
Benzodiazepines,Pharmacology,6,5,"2012,2013,2014,2015,2016",0.312,0,9,False,25.6,Medium
Bilirubin Metabolism,Biochemistry,5,5,"2013,2016,2019,2020,2024",0.312,1,1,False,25.6,Medium
Infant Feeding,Community Medicine,5,4,"2012,2014,2024,2025",0.25,2,0,False,25.6,Medium
Prenatal Screening,OBG,6,5,"2010,2013,2014,2016,2018",0.312,0,7,False,25.5,Medium
Chest Imaging,Radiology,5,5,"2012,2014,2018,2022,2024",0.312,1,1,False,25.5,Medium
Gynaecological Oncology,OBG,5,5,"2012,2016,2018,2020,2024",0.312,1,1,False,25.5,Medium
Ventilation,Anaesthesia,5,5,"2014,2016,2017,2018,2025",0.312,1,0,False,25.5,Medium
Visual field defects,Ophthalmology,5,5,"2013,2014,2016,2021,2024",0.312,1,1,False,25.5,Medium
Wilson disease,Medicine,5,5,"2013,2014,2015,2023,2024",0.312,1,1,False,25.5,Medium
Neuromuscular disorders,Medicine,6,5,"2011,2012,2013,2015,2016",0.312,0,9,False,25.4,Medium
Abdominal Aortic Aneurysm,Surgery,5,5,"2010,2015,2016,2020,2024",0.312,1,1,False,25.4,Medium
Birth Injuries,Pediatrics,5,5,"2014,2015,2016,2018,2024",0.312,1,1,False,25.4,Medium
Venous thromboembolism,Medicine,5,5,"2012,2014,2016,2019,2025",0.312,1,0,False,25.4,Medium
Ankle Injuries,Orthopedics,5,5,"2012,2014,2015,2016,2025",0.312,1,0,False,25.3,Medium
Copd,Medicine,5,5,"2013,2014,2015,2016,2024",0.312,1,1,False,25.3,Medium
Mood Stabilizers,Pharmacology,5,5,"2010,2013,2015,2020,2024",0.312,1,1,False,25.3,Medium
Peripheral Neuropathy,Medicine,5,5,"2012,2013,2016,2019,2024",0.312,1,1,False,25.3,Medium
Antineoplastic Agents,Pharmacology,7,3,"2014,2016,2020",0.188,0,5,False,25.2,Medium
Herpesviruses,Microbiology,5,5,"2010,2012,2017,2018,2024",0.312,1,1,False,25.2,Medium
Bacterial Meningitis,Microbiology,5,5,"2010,2011,2012,2019,2025",0.312,1,0,False,25.1,Medium
Anterior segment,Ophthalmology,8,2,"2012,2013",0.125,0,12,False,24.9,Low
Ketone Bodies,Biochemistry,8,2,"2012,2013",0.125,0,12,False,24.9,Low
Rhinitis,ENT,7,3,"2013,2014,2020",0.188,0,5,False,24.9,Low
Amniotic Fluid,OBG,7,3,"2013,2014,2019",0.188,0,6,False,24.8,Low
Concept Of Health And Disease,Community Medicine,7,2,"2022,2023",0.125,0,2,False,24.8,Low
Alcohol Use Disorder,Psychiatry,7,3,"2012,2013,2016",0.188,0,9,False,24.7,Low
Duodenum,Anatomy,7,3,"2014,2015,2016",0.188,0,9,False,24.7,Low
Fetal Anomalies,OBG,6,4,"2010,2020,2021,2022",0.25,0,3,False,24.7,Low
Bariatric Surgery,Surgery,7,3,"2010,2014,2016",0.188,0,9,False,24.5,Low
Peripheral nerve injuries,Orthopedics,7,3,"2012,2014,2015",0.188,0,10,False,24.5,Low
Bone Lesions,Radiology,6,4,"2016,2017,2018,2019",0.25,0,6,False,24.5,Low
Eclampsia,OBG,6,4,"2013,2016,2019,2022",0.25,0,3,False,24.5,Low
Colorectal cancer,Surgery,7,3,"2013,2014,2016",0.188,0,9,False,24.4,Low
Substance-related disorders,Psychiatry,7,3,"2013,2014,2015",0.188,0,10,False,24.4,Low
Fetal Presentation,OBG,6,4,"2014,2015,2020,2021",0.25,0,4,False,24.4,Low
Rigor mortis,Forensic Medicine,5,3,"2014,2022,2024",0.188,2,1,False,24.4,Low
Neisseria,Microbiology,7,3,"2012,2013,2018",0.188,0,7,False,24.3,Low
Antithyroid Drugs,Pharmacology,6,4,"2014,2015,2016,2022",0.25,0,3,False,24.3,Low
Dermatopathology,Dermatology,6,4,"2013,2016,2018,2022",0.25,0,3,False,24.3,Low
Hematological Malignancies,Pathology,5,4,"2019,2021,2022,2024",0.25,1,1,False,24.3,Low
Paediatric Emergencies,Pediatrics,4,4,"2014,2021,2024,2025",0.25,2,0,False,24.3,Low
Spinal tuberculosis,Orthopedics,7,3,"2012,2013,2016",0.188,0,9,False,24.2,Low
Drug Toxicity,Pharmacology,6,4,"2010,2013,2018,2019",0.25,0,6,False,24.2,Low
ECG,Medicine,6,4,"2011,2016,2018,2019",0.25,0,6,False,24.2,Low
Ocular Pharmacology,Pharmacology,6,4,"2013,2019,2020,2021",0.25,0,4,False,24.2,Low
Paranasal Sinus,ENT,6,4,"2014,2016,2017,2018",0.25,0,7,False,24.2,Low
Anticoagulation,OBG,5,4,"2019,2021,2022,2024",0.25,1,1,False,24.2,Low
Antimicrobial drugs,Pharmacology,7,3,"2011,2012,2013",0.188,0,12,False,24.1,Low
Antiviral agents,Pharmacology,6,2,"2015,2024",0.125,2,1,False,24.1,Low
Cognitive Disorders,Psychiatry,6,4,"2013,2016,2017,2018",0.25,0,7,False,24.1,Low
Protein Biochemistry,Biochemistry,6,4,"2014,2015,2016,2019",0.25,0,6,False,24.1,Low
Compartment Syndromes,Orthopedics,4,1,2024,0.062,4,1,False,24.1,Low
Sensory Receptors,Physiology,4,1,2024,0.062,4,1,False,24.1,Low
Esophageal disorders,Surgery,6,4,"2013,2014,2015,2020",0.25,0,5,False,24.0,Low
Influenza,Microbiology,6,4,"2012,2013,2015,2020",0.25,0,5,False,24.0,Low
Lipid-Lowering Drugs,Pharmacology,6,4,"2012,2013,2018,2019",0.25,0,6,False,24.0,Low
Nasal surgery,ENT,6,3,"2013,2019,2024",0.188,1,1,False,24.0,Low
Thyroid disorders,Medicine,6,4,"2012,2015,2016,2020",0.25,0,5,False,24.0,Low
Visual Fields,Ophthalmology,5,4,"2013,2019,2022,2024",0.25,1,1,False,24.0,Low
Criminal Law,Forensic Medicine,6,4,"2012,2013,2017,2019",0.25,0,6,False,23.9,Low
Dna Replication,Biochemistry,6,4,"2012,2015,2016,2018",0.25,0,7,False,23.9,Low
Oligohydramnios,OBG,6,4,"2013,2014,2015,2020",0.25,0,5,False,23.9,Low
Age estimation,Forensic Medicine,5,3,"2014,2016,2024",0.188,2,1,False,23.9,Low
Surveillance,Community Medicine,5,3,"2014,2016,2025",0.188,2,0,False,23.9,Low
Abdominal anatomy,Anatomy,6,4,"2013,2014,2015,2018",0.25,0,7,False,23.8,Low
Otitis Externa,ENT,6,4,"2013,2014,2015,2016",0.25,0,9,False,23.8,Low
Prognosis,Psychiatry,6,4,"2012,2013,2015,2016",0.25,0,9,False,23.8,Low
Puberty,Pediatrics,6,4,"2012,2014,2015,2020",0.25,0,5,False,23.8,Low
Lymphomas,Pathology,5,3,"2013,2016,2024",0.188,2,1,False,23.8,Low
Pelvic organ prolapse,OBG,5,4,"2016,2017,2020,2024",0.25,1,1,False,23.8,Low
Surgical Management,Surgery,5,4,"2015,2018,2023,2024",0.25,1,1,False,23.8,Low
Extraocular muscles,Ophthalmology,6,4,"2012,2013,2015,2018",0.25,0,7,False,23.7,Low
Inguinal Region,Anatomy,6,4,"2012,2013,2014,2019",0.25,0,6,False,23.7,Low
Lichen planus,Dermatology,6,4,"2012,2014,2015,2016",0.25,0,9,False,23.7,Low
Neural tube defects,OBG,6,4,"2011,2014,2015,2016",0.25,0,9,False,23.7,Low
Plant Poisons,Forensic Medicine,6,2,"2012,2024",0.125,2,1,False,23.7,Low
Suicide,Psychiatry,6,4,"2012,2014,2015,2016",0.25,0,9,False,23.7,Low
Trace elements,Biochemistry,6,4,"2012,2014,2016,2019",0.25,0,6,False,23.7,Low
Dissociative disorders,Psychiatry,5,3,"2012,2013,2024",0.188,2,1,False,23.7,Low
Leishmaniasis,Microbiology,5,3,"2013,2014,2024",0.188,2,1,False,23.7,Low
Disease Surveillance,Community Medicine,6,4,"2010,2013,2014,2019",0.25,0,6,False,23.6,Low
NSAIDs,Pharmacology,6,4,"2012,2013,2014,2016",0.25,0,9,False,23.6,Low
Opioids,Pharmacology,6,4,"2011,2012,2015,2022",0.25,0,3,False,23.6,Low
Parathyroid disorders,Medicine,6,4,"2010,2012,2016,2022",0.25,0,3,False,23.6,Low
Aphasia,Medicine,5,4,"2014,2016,2020,2024",0.25,1,1,False,23.6,Low
Genital Tuberculosis,OBG,6,4,"2012,2013,2014,2016",0.25,0,9,False,23.5,Low
Hepatobiliary Surgery,Surgery,6,4,"2012,2013,2015,2016",0.25,0,9,False,23.5,Low
Cervical Pathology,OBG,5,5,"2014,2015,2018,2020,2021",0.312,0,4,False,23.5,Low
Surgical Complications,Surgery,5,4,"2010,2015,2018,2025",0.25,1,0,False,23.5,Low
Wrist,Orthopedics,5,4,"2013,2016,2018,2024",0.25,1,1,False,23.5,Low
Radiation Safety,Radiology,6,4,"2010,2011,2015,2016",0.25,0,9,False,23.4,Low
Airway Devices,Anaesthesia,5,5,"2011,2017,2018,2019,2022",0.312,0,3,False,23.4,Low
Multiple Myeloma,Pathology,5,4,"2012,2014,2016,2024",0.25,1,1,False,23.4,Low
Peripheral Artery Disease,Medicine,5,5,"2014,2016,2017,2018,2020",0.312,0,5,False,23.4,Low
Enzyme Kinetics,Biochemistry,5,5,"2012,2016,2017,2018,2020",0.312,0,5,False,23.3,Low
Fluid and Electrolyte Management,Pediatrics,5,4,"2012,2015,2017,2024",0.25,1,1,False,23.3,Low
Sensory physiology,Physiology,5,4,"2013,2014,2015,2024",0.25,1,1,False,23.3,Low
Study designs,Community Medicine,5,4,"2012,2013,2018,2025",0.25,1,0,False,23.3,Low
Tracheostomy,ENT,5,5,"2013,2014,2015,2018,2022",0.312,0,3,False,23.3,Low
Wrist Injuries,Orthopedics,5,5,"2012,2016,2017,2018,2019",0.312,0,6,False,23.3,Low
Leukemias,Medicine,4,2,"2019,2024",0.125,3,1,False,23.3,Low
Orbital Disorders,Ophthalmology,4,2,"2020,2024",0.125,3,1,False,23.3,Low
Glomerulonephritis,Medicine,5,5,"2012,2013,2014,2018,2022",0.312,0,3,False,23.2,Low
Septic Arthritis,Orthopedics,5,5,"2012,2013,2017,2018,2019",0.312,0,6,False,23.2,Low
Clinical Anatomy,Anatomy,4,2,"2016,2024",0.125,3,1,False,23.2,Low
Laryngeal Muscles,Anatomy,4,2,"2016,2024",0.125,3,1,False,23.2,Low
Arthroscopy,Orthopedics,8,1,2013,0.062,0,12,False,23.1,Low
Mechanical injuries,Forensic Medicine,8,1,2013,0.062,0,12,False,23.1,Low
Stature estimation,Forensic Medicine,8,1,2013,0.062,0,12,False,23.1,Low
Antiviral Drugs,Pharmacology,5,5,"2012,2013,2016,2018,2019",0.312,0,6,False,23.1,Low
Neurodegenerative Disorders,Medicine,5,5,"2011,2014,2016,2018,2019",0.312,0,6,False,23.1,Low
Pancreatic Cancer,Surgery,5,5,"2012,2015,2016,2017,2018",0.312,0,7,False,23.1,Low
Obstetric Procedures,OBG,4,2,"2014,2024",0.125,3,1,False,23.1,Low
Autoimmune disorders,Medicine,5,4,"2010,2013,2014,2024",0.25,1,1,False,23.0,Low
Bone metabolism,Pharmacology,5,5,"2011,2014,2015,2016,2018",0.312,0,7,False,23.0,Low
Dna Structure,Biochemistry,5,5,"2012,2014,2015,2016,2018",0.312,0,7,False,23.0,Low
Mycoplasma,Microbiology,5,5,"2012,2013,2016,2017,2018",0.312,0,7,False,23.0,Low
Paraneoplastic Syndromes,Medicine,5,5,"2012,2014,2015,2016,2018",0.312,0,7,False,23.0,Low
Subarachnoid Hemorrhage,Medicine,5,5,"2010,2013,2015,2018,2020",0.312,0,5,False,23.0,Low
High Altitude Physiology,Physiology,3,2,"2024,2025",0.125,3,0,False,23.0,Low
Terminology,Surgery,6,3,"2017,2018,2021",0.188,0,4,False,22.9,Low
Endophthalmitis,Ophthalmology,5,5,"2011,2013,2015,2016,2018",0.312,0,7,False,22.9,Low
Fascia,Anatomy,5,5,"2010,2012,2016,2017,2018",0.312,0,7,False,22.9,Low
Obsessive-compulsive disorder,Psychiatry,8,1,2012,0.062,0,13,False,22.8,Low
Ureter,Anatomy,7,2,"2014,2016",0.125,0,9,False,22.8,Low
Chronic Pancreatitis,Surgery,5,5,"2011,2012,2013,2014,2018",0.312,0,7,False,22.8,Low
Multiple Sclerosis,Medicine,7,2,"2014,2015",0.125,0,10,False,22.7,Low
Perineal Tears,OBG,6,3,"2016,2018,2020",0.188,0,5,False,22.7,Low
Blindness,Community Medicine,7,2,"2013,2014",0.125,0,11,False,22.6,Low
Lymphatic drainage,Anatomy,7,2,"2013,2016",0.125,0,9,False,22.5,Low
Rabies,Microbiology,7,2,"2013,2014",0.125,0,11,False,22.5,Low
Substance-Related And Addictive Disorders,Psychiatry,5,3,"2017,2023,2024",0.188,1,1,False,22.5,Low
Paranasal sinuses,ENT,7,2,"2013,2015",0.125,0,10,False,22.4,Low
Cardiac Arrest Management,Medicine,6,3,"2016,2017,2018",0.188,0,7,False,22.4,Low
Fever,Physiology,6,3,"2012,2017,2018",0.188,0,7,False,22.4,Low
Iron Metabolism,Biochemistry,6,3,"2013,2014,2020",0.188,0,5,False,22.4,Low
Radiation Oncology,Radiology,6,3,"2016,2017,2018",0.188,0,7,False,22.4,Low
Sepsis,Medicine,5,3,"2018,2023,2024",0.188,1,1,False,22.4,Low
Dna Repair,Biochemistry,4,3,"2015,2021,2024",0.188,2,1,False,22.4,Low
Paranasal sinus imaging,ENT,4,3,"2017,2018,2024",0.188,2,1,False,22.4,Low
Antibodies,Microbiology,7,2,"2011,2013",0.125,0,12,False,22.3,Low
Disease surveillance,Community Medicine,7,2,"2012,2013",0.125,0,12,False,22.3,Low
Surface Anatomy,Anatomy,7,2,"2012,2014",0.125,0,11,False,22.3,Low
Melanoma,Dermatology,6,3,"2014,2016,2020",0.188,0,5,False,22.3,Low
Gastroesophageal Reflux Disease,Surgery,4,3,"2016,2024,2025",0.188,2,0,False,22.3,Low
Bronchial Asthma,Pharmacology,7,2,"2012,2013",0.125,0,12,False,22.2,Low
Migraine,Pharmacology,6,3,"2010,2016,2022",0.188,0,3,False,22.2,Low
Nasal Polyps,ENT,6,3,"2013,2015,2022",0.188,0,3,False,22.2,Low
Urogenital System,Anatomy,6,3,"2015,2016,2018",0.188,0,7,False,22.2,Low
Acute leukemia,Pathology,4,3,"2012,2018,2024",0.188,2,1,False,22.2,Low
Skull Foramina,Anatomy,4,3,"2011,2019,2025",0.188,2,0,False,22.2,Low
Antiplatelet Agents,Pharmacology,6,3,"2014,2015,2016",0.188,0,9,False,22.1,Low
Epidermis,Dermatology,6,3,"2015,2016,2018",0.188,0,7,False,22.1,Low
Grievous Hurt,Forensic Medicine,6,3,"2014,2015,2016",0.188,0,9,False,22.1,Low
Grievous hurt,Forensic Medicine,6,3,"2014,2015,2016",0.188,0,9,False,22.1,Low
Hodgkin Lymphoma,Pathology,6,3,"2014,2016,2018",0.188,0,7,False,22.1,Low
Testicular torsion,Surgery,4,3,"2013,2016,2024",0.188,2,1,False,22.1,Low
Abdominal Vasculature,Anatomy,6,3,"2012,2015,2020",0.188,0,5,False,22.0,Low
Nerve Injury,Surgery,6,3,"2013,2018,2021",0.188,0,4,False,22.0,Low
Pelvis and Perineum,Anatomy,6,3,"2013,2015,2016",0.188,0,9,False,22.0,Low
Pterygium,Ophthalmology,6,3,"2014,2015,2019",0.188,0,6,False,22.0,Low
Seizure disorders,Psychiatry,6,3,"2013,2016,2022",0.188,0,3,False,22.0,Low
Study Design,Community Medicine,6,3,"2014,2015,2016",0.188,0,9,False,22.0,Low
Granulomatous diseases,Pathology,4,3,"2012,2014,2024",0.188,2,1,False,22.0,Low
Dermatomyositis,Dermatology,6,3,"2012,2014,2016",0.188,0,9,False,21.9,Low
Drug dependence,Pharmacology,6,3,"2013,2016,2020",0.188,0,5,False,21.9,Low
Gynecological Oncology,OBG,6,3,"2014,2015,2016",0.188,0,9,False,21.9,Low
Micronutrients,Community Medicine,6,3,"2013,2017,2018",0.188,0,7,False,21.9,Low
Paranasal Sinus Imaging,Radiology,5,3,"2017,2018,2024",0.188,1,1,False,21.9,Low
Urological Procedures,Surgery,4,3,"2010,2011,2024",0.188,2,1,False,21.9,Low
Appendicitis,Surgery,6,3,"2013,2014,2015",0.188,0,10,False,21.8,Low
Chromosomal disorders,Pediatrics,6,3,"2012,2014,2016",0.188,0,9,False,21.8,Low
Organic mental disorders,Psychiatry,6,3,"2013,2014,2016",0.188,0,9,False,21.8,Low
Plasma Cell Disorders,Pathology,6,3,"2012,2014,2022",0.188,0,3,False,21.8,Low
Shoulder Dislocation,Orthopedics,6,3,"2013,2015,2016",0.188,0,9,False,21.8,Low
Conjunctival Disorders,Ophthalmology,5,4,"2012,2019,2021,2022",0.25,0,3,False,21.8,Low
Pancreatic disorders,Medicine,5,3,"2013,2018,2024",0.188,1,1,False,21.8,Low
Uterine Pathology,OBG,5,4,"2016,2018,2020,2023",0.25,0,2,False,21.8,Low
Conversion disorder,Psychiatry,6,3,"2013,2014,2016",0.188,0,9,False,21.7,Low
Fluid And Electrolyte Disturbances,Pediatrics,6,2,"2022,2023",0.125,0,2,False,21.7,Low
Intravenous Anesthetics,Anaesthesia,6,3,"2012,2016,2019",0.188,0,6,False,21.7,Low
Protein chemistry,Biochemistry,6,3,"2012,2015,2016",0.188,0,9,False,21.7,Low
Somatic Symptom Disorders,Psychiatry,6,3,"2012,2014,2019",0.188,0,6,False,21.7,Low
Thalassemia,Pathology,6,3,"2011,2014,2016",0.188,0,9,False,21.7,Low
Uterine Rupture,OBG,6,3,"2013,2014,2015",0.188,0,10,False,21.7,Low
Fluoroquinolones,Pharmacology,5,4,"2012,2014,2020,2022",0.25,0,3,False,21.7,Low
Microcirculation,Physiology,5,2,"2012,2024",0.125,2,1,False,21.7,Low
Peroxisomal Disorders,Biochemistry,5,3,"2012,2019,2024",0.188,1,1,False,21.7,Low
Genitourinary Pathology,Pathology,4,4,"2016,2018,2022,2025",0.25,1,0,False,21.7,Low
Lymphatic Drainage,Anatomy,6,3,"2012,2013,2015",0.188,0,10,False,21.6,Low
Congenital Uterine Anomalies,OBG,5,4,"2013,2017,2018,2020",0.25,0,5,False,21.6,Low
Esophageal Imaging,Radiology,5,4,"2016,2017,2018,2020",0.25,0,5,False,21.6,Low
Platelet disorders,Pathology,5,4,"2016,2017,2018,2019",0.25,0,6,False,21.6,Low
STIs,Dermatology,5,4,"2014,2018,2020,2023",0.25,0,2,False,21.6,Low
Skin Disorders,Dermatology,5,4,"2011,2014,2017,2023",0.25,0,2,False,21.6,Low
Systemic Mycoses,Microbiology,5,4,"2011,2018,2019,2020",0.25,0,5,False,21.6,Low
Acid-base balance,Medicine,4,4,"2015,2018,2022,2025",0.25,1,0,False,21.6,Low
Lysosomal Storage Diseases,Biochemistry,4,4,"2016,2019,2020,2024",0.25,1,1,False,21.6,Low
School Health,Community Medicine,4,4,"2015,2019,2021,2024",0.25,1,1,False,21.6,Low
Antidotes,Pharmacology,5,4,"2014,2015,2018,2019",0.25,0,6,False,21.5,Low
Deficiency Diseases,Biochemistry,5,4,"2012,2014,2018,2021",0.25,0,4,False,21.5,Low
Infective Endocarditis,Microbiology,5,4,"2014,2016,2019,2022",0.25,0,3,False,21.5,Low
Laxatives,Pharmacology,5,4,"2015,2016,2017,2018",0.25,0,7,False,21.5,Low
Nucleotide metabolism,Biochemistry,5,3,"2013,2016,2024",0.188,1,1,False,21.5,Low
Porphyrin metabolism,Biochemistry,5,4,"2013,2016,2018,2022",0.25,0,3,False,21.5,Low
Post-mortem Changes,Forensic Medicine,5,4,"2012,2017,2019,2021",0.25,0,4,False,21.5,Low
Esophageal Surgery,Surgery,4,4,"2016,2018,2019,2024",0.25,1,1,False,21.5,Low
Immunohistochemistry,Pathology,4,4,"2014,2016,2022,2025",0.25,1,0,False,21.5,Low
Antibiotic Resistance,Microbiology,5,4,"2015,2016,2017,2020",0.25,0,5,False,21.4,Low
Breech presentation,OBG,5,4,"2012,2016,2018,2019",0.25,0,6,False,21.4,Low
Cardiac cycle,Physiology,5,3,"2012,2015,2024",0.188,1,1,False,21.4,Low
Drug metabolism,Pharmacology,5,4,"2013,2015,2017,2018",0.25,0,7,False,21.4,Low
Hydrocephalus,Medicine,5,4,"2014,2015,2016,2020",0.25,0,5,False,21.4,Low
Rehabilitation,Community Medicine,5,3,"2013,2014,2024",0.188,1,1,False,21.4,Low
Cns Stimulants,Pharmacology,4,4,"2015,2016,2019,2024",0.25,1,1,False,21.4,Low
Glucose metabolism,Physiology,4,4,"2015,2016,2019,2024",0.25,1,1,False,21.4,Low
Insulin Secretion,Physiology,4,4,"2014,2015,2019,2025",0.25,1,0,False,21.4,Low
Ocular Motility,Ophthalmology,4,4,"2013,2017,2019,2024",0.25,1,1,False,21.4,Low
Vitamin Deficiencies,Biochemistry,4,4,"2012,2018,2021,2024",0.25,1,1,False,21.4,Low
Ocular oncology,Ophthalmology,6,3,"2011,2012,2013",0.188,0,12,False,21.3,Low
Airway Assessment,Anaesthesia,5,4,"2012,2016,2017,2018",0.25,0,7,False,21.3,Low
Endoscopy,Surgery,5,4,"2013,2014,2019,2020",0.25,0,5,False,21.3,Low
Food Hygiene,Community Medicine,5,4,"2011,2016,2017,2018",0.25,0,7,False,21.3,Low
Protozoology,Microbiology,5,4,"2012,2013,2016,2023",0.25,0,2,False,21.3,Low
Signal Transduction,Biochemistry,5,4,"2011,2015,2017,2021",0.25,0,4,False,21.3,Low
Cervical cancer,OBG,4,4,"2012,2016,2018,2024",0.25,1,1,False,21.3,Low
Drugs For Gout,Pharmacology,4,4,"2013,2016,2018,2025",0.25,1,0,False,21.3,Low
Rigor Mortis,Forensic Medicine,4,4,"2013,2014,2019,2024",0.25,1,1,False,21.3,Low
Epithelium,Anatomy,3,3,"2019,2024,2025",0.188,2,0,False,21.3,Low
Foreign Body Airway Obstruction,Medicine,3,3,"2018,2024,2025",0.188,2,0,False,21.3,Low
Laparoscopic Surgery,Surgery,5,4,"2012,2014,2016,2020",0.25,0,5,False,21.2,Low
Sampling Methods,Community Medicine,5,4,"2011,2013,2019,2021",0.25,0,4,False,21.2,Low
Diabetes mellitus,Medicine,4,4,"2012,2014,2019,2024",0.25,1,1,False,21.2,Low
Fluid And Electrolyte Management,Pediatrics,4,4,"2012,2015,2017,2024",0.25,1,1,False,21.2,Low
Head and Neck Imaging,ENT,4,4,"2013,2014,2016,2024",0.25,1,1,False,21.2,Low
Leptospirosis,Medicine,4,4,"2011,2012,2022,2024",0.25,1,1,False,21.2,Low
Pituitary Gland,Medicine,4,4,"2013,2015,2016,2025",0.25,1,0,False,21.2,Low
ARDS,Medicine,3,3,"2015,2024,2025",0.188,2,0,False,21.2,Low
Acid-base disorders,Medicine,5,4,"2013,2015,2016,2018",0.25,0,7,False,21.1,Low
Antiulcer drugs,Pharmacology,5,4,"2010,2015,2016,2018",0.25,0,7,False,21.1,Low
Erythema Multiforme,Dermatology,5,4,"2013,2014,2015,2016",0.25,0,9,False,21.1,Low
Implantation,OBG,5,4,"2012,2014,2015,2020",0.25,0,5,False,21.1,Low
Ligament injuries,Orthopedics,5,4,"2013,2014,2016,2018",0.25,0,7,False,21.1,Low
Opioid Withdrawal,Pharmacology,5,4,"2013,2014,2015,2016",0.25,0,9,False,21.1,Low
Post-operative Complications,Ophthalmology,5,4,"2010,2016,2018,2020",0.25,0,5,False,21.1,Low
Urinary Bladder,Anatomy,5,4,"2012,2014,2015,2018",0.25,0,7,False,21.1,Low
Medical Entomology,Microbiology,4,4,"2012,2014,2015,2025",0.25,1,0,False,21.1,Low
Spinal Disorders,Orthopedics,4,4,"2012,2013,2015,2024",0.25,1,1,False,21.1,Low
Surgical oncology,Surgery,4,4,"2012,2014,2015,2025",0.25,1,0,False,21.1,Low
Lumbar Plexus,Anatomy,3,3,"2014,2024,2025",0.188,2,0,False,21.1,Low
Atopic Dermatitis,Dermatology,5,4,"2012,2013,2015,2016",0.25,0,9,False,21.0,Low
Clubfoot,Orthopedics,5,4,"2012,2013,2015,2016",0.25,0,9,False,21.0,Low
Coenzymes,Biochemistry,5,4,"2011,2012,2015,2016",0.25,0,9,False,21.0,Low
Glycogen Metabolism,Biochemistry,5,4,"2012,2014,2016,2018",0.25,0,7,False,21.0,Low
Papulosquamous,Dermatology,5,4,"2010,2012,2014,2021",0.25,0,4,False,21.0,Low
Ovarian Cancer,OBG,4,4,"2012,2013,2014,2024",0.25,1,1,False,21.0,Low
Thyroid neoplasms,Pathology,4,4,"2012,2013,2014,2024",0.25,1,1,False,21.0,Low
Compartment syndromes,Orthopedics,3,1,2024,0.062,3,1,False,21.0,Low
Episiotomy Repair,OBG,3,1,2024,0.062,3,1,False,21.0,Low
Hearing Loss Diagnosis,ENT,3,1,2024,0.062,3,1,False,21.0,Low
Laryngeal muscles,Anatomy,3,1,2024,0.062,3,1,False,21.0,Low
Vector-borne diseases,Community Medicine,3,3,"2012,2024,2025",0.188,2,0,False,21.0,Low
Antiretroviral Drugs,Pharmacology,5,4,"2010,2013,2016,2017",0.25,0,8,False,20.9,Low
Atherosclerosis,Pathology,5,4,"2012,2013,2015,2016",0.25,0,9,False,20.9,Low
Nsaids,Pharmacology,5,4,"2012,2013,2014,2016",0.25,0,9,False,20.9,Low
Receptor pharmacology,Pharmacology,5,4,"2011,2013,2014,2015",0.25,0,10,False,20.9,Low
Gastric Surgery,Surgery,4,4,"2010,2012,2014,2024",0.25,1,1,False,20.9,Low
Acute Kidney Injury,Medicine,5,4,"2010,2014,2015,2016",0.25,0,9,False,20.8,Low
Cardiopulmonary Cerebral Resuscitation,Anaesthesia,5,2,"2023,2024",0.125,1,1,False,20.8,Low
Eye Anatomy,Ophthalmology,5,4,"2010,2013,2014,2015",0.25,0,10,False,20.8,Low
Primary Health Care,Community Medicine,5,4,"2010,2014,2015,2016",0.25,0,9,False,20.8,Low
Proteins,Biochemistry,5,4,"2010,2012,2013,2014",0.25,0,11,False,20.7,Low
Sociology,Community Medicine,5,4,"2010,2012,2013,2014",0.25,0,11,False,20.7,Low
Metabolic Bone Diseases,Medicine,4,2,"2020,2025",0.125,2,0,False,20.7,Low
Sexual Offenses,Forensic Medicine,4,2,"2019,2024",0.125,2,1,False,20.6,Low
Congenital nasolacrimal duct obstruction,Ophthalmology,7,1,2013,0.062,0,12,False,20.5,Low
Infectious keratitis,Ophthalmology,7,1,2013,0.062,0,12,False,20.5,Low
Population pyramid,Community Medicine,7,1,2013,0.062,0,12,False,20.5,Low
Tonsil disorders,ENT,7,1,2013,0.062,0,12,False,20.5,Low
Mucopolysaccharidosis,Biochemistry,4,2,"2014,2025",0.125,2,0,False,20.3,Low
Heme synthesis,Biochemistry,5,3,"2016,2019,2022",0.188,0,3,False,20.2,Low
Skull Base,Anatomy,4,2,"2013,2025",0.125,2,0,False,20.2,Low
Electroconvulsive therapy,Psychiatry,6,2,"2013,2015",0.125,0,10,False,20.0,Low
Somatic symptom disorders,Psychiatry,6,2,"2012,2019",0.125,0,6,False,20.0,Low
Hepatobiliary Pancreatic Surgery,Surgery,6,1,2023,0.062,0,2,False,19.9,Low
Social Security,Community Medicine,6,2,"2013,2020",0.125,0,5,False,19.9,Low
Cardiac arrhythmias,Medicine,5,3,"2016,2019,2020",0.188,0,5,False,19.9,Low
Legal aspects,Community Medicine,5,3,"2016,2019,2020",0.188,0,5,False,19.9,Low
Rheumatic Heart Disease,Pathology,5,3,"2016,2019,2023",0.188,0,2,False,19.9,Low
Anal Carcinoma,Surgery,2,2,"2024,2025",0.125,2,0,False,19.9,Low
Autoimmune Liver Disease,Medicine,2,2,"2024,2025",0.125,2,0,False,19.9,Low
Bias In Screening,Community Medicine,2,2,"2024,2025",0.125,2,0,False,19.9,Low
Bias in Screening,Community Medicine,2,2,"2024,2025",0.125,2,0,False,19.9,Low
Foreign body airway obstruction,ENT,2,2,"2024,2025",0.125,2,0,False,19.9,Low
Lymphoproliferative Disorders,Medicine,2,2,"2024,2025",0.125,2,0,False,19.9,Low
Thiazide Diuretics,Pharmacology,2,2,"2024,2025",0.125,2,0,False,19.9,Low
Chest radiography,Radiology,6,2,"2013,2014",0.125,0,11,False,19.8,Low
Gender Identity Disorders,Psychiatry,6,2,"2013,2016",0.125,0,9,False,19.8,Low
Substance abuse,Psychiatry,6,2,"2012,2020",0.125,0,5,False,19.8,Low
Dehydration,Pediatrics,5,3,"2014,2016,2022",0.188,0,3,False,19.8,Low
Hyperthyroidism,Medicine,5,3,"2016,2019,2020",0.188,0,5,False,19.8,Low
Intubation,Anaesthesia,5,3,"2016,2018,2019",0.188,0,6,False,19.8,Low
Maternal and child health,Community Medicine,5,3,"2013,2018,2022",0.188,0,3,False,19.8,Low
Myasthenia Gravis,Medicine,5,3,"2013,2019,2020",0.188,0,5,False,19.8,Low
Vitamin A Deficiency,Ophthalmology,5,3,"2014,2019,2021",0.188,0,4,False,19.8,Low
Blast Injuries,Forensic Medicine,6,2,"2012,2013",0.125,0,12,False,19.7,Low
Plasma Proteins,Biochemistry,6,2,"2012,2013",0.125,0,12,False,19.7,Low
Antiretroviral therapy,Pharmacology,5,3,"2016,2018,2019",0.188,0,6,False,19.7,Low
Health Management,Community Medicine,5,3,"2012,2016,2020",0.188,0,5,False,19.7,Low
Systemic mycoses,Microbiology,5,3,"2013,2019,2022",0.188,0,3,False,19.7,Low
Thrombosis,Pathology,5,3,"2012,2015,2020",0.188,0,5,False,19.7,Low
Abdominal Radiology,Radiology,4,3,"2012,2021,2024",0.188,1,1,False,19.7,Low
Hand Muscles,Anatomy,4,3,"2018,2019,2024",0.188,1,1,False,19.7,Low
Pyrimidine Metabolism,Biochemistry,6,2,"2012,2013",0.125,0,12,False,19.6,Low
Staining techniques,Microbiology,6,2,"2012,2016",0.125,0,9,False,19.6,Low
Protein Binding,Pharmacology,5,2,"2014,2024",0.125,1,1,False,19.6,Low
Uterine Support,OBG,4,3,"2016,2018,2024",0.188,1,1,False,19.6,Low
COVID-19,Anaesthesia,3,2,"2022,2025",0.125,2,0,False,19.6,Low
Hypothalamus,Physiology,6,2,"2012,2013",0.125,0,12,False,19.5,Low
Nephrotic syndrome,Pathology,6,2,"2012,2014",0.125,0,11,False,19.5,Low
Poxviruses,Microbiology,6,2,"2012,2014",0.125,0,11,False,19.5,Low
Health Policy,Community Medicine,5,3,"2010,2014,2019",0.188,0,6,False,19.5,Low
Protein Folding,Biochemistry,5,3,"2013,2016,2018",0.188,0,7,False,19.5,Low
Electron transport chain,Biochemistry,4,3,"2013,2022,2024",0.188,1,1,False,19.5,Low
Peripheral nervous system,Anatomy,4,3,"2015,2019,2024",0.188,1,1,False,19.5,Low
Atrial Fibrillation,Medicine,3,2,"2022,2024",0.125,2,1,False,19.5,Low
Conjunctival Lesions,Ophthalmology,3,2,"2021,2024",0.125,2,1,False,19.5,Low
Infectious Dermatoses,Dermatology,3,2,"2022,2024",0.125,2,1,False,19.5,Low
Collagen,Biochemistry,5,3,"2012,2016,2019",0.188,0,6,False,19.4,Low
Gastric Carcinoma,Pathology,5,3,"2014,2015,2020",0.188,0,5,False,19.4,Low
Gestational Diabetes,OBG,5,3,"2013,2016,2019",0.188,0,6,False,19.4,Low
Nephrotoxicity,Pharmacology,5,3,"2015,2016,2017",0.188,0,8,False,19.4,Low
Oxidative phosphorylation,Biochemistry,5,2,"2013,2024",0.125,1,1,False,19.4,Low
Staging,Surgery,5,3,"2013,2016,2019",0.188,0,6,False,19.4,Low
Tonsillitis,ENT,5,2,"2013,2024",0.125,1,1,False,19.4,Low
Gait disorders,Medicine,4,3,"2014,2019,2024",0.188,1,1,False,19.4,Low
General Anaesthesia,Anaesthesia,4,3,"2013,2020,2025",0.188,1,0,False,19.4,Low
Lymphedema,Surgery,4,3,"2012,2021,2025",0.188,1,0,False,19.4,Low
Plasma cell neoplasms,Pathology,4,3,"2013,2016,2024",0.188,1,1,False,19.4,Low
Sexual assault,Forensic Medicine,4,3,"2012,2022,2024",0.188,1,1,False,19.4,Low
Streptococcus,Microbiology,4,3,"2015,2016,2025",0.188,1,0,False,19.4,Low
DNA repair,Biochemistry,3,2,"2019,2024",0.125,2,1,False,19.4,Low
Legal Aspects,Forensic Medicine,3,2,"2019,2024",0.125,2,1,False,19.4,Low
Antihyperlipidemic drugs,Pharmacology,5,3,"2014,2015,2016",0.188,0,9,False,19.3,Low
Antiplatelet agents,Pharmacology,5,3,"2014,2015,2016",0.188,0,9,False,19.3,Low
Bias,Community Medicine,5,2,"2012,2024",0.125,1,1,False,19.3,Low
Neuromuscular blocking agents,Pharmacology,5,3,"2014,2015,2019",0.188,0,6,False,19.3,Low
Oncogenes,Pathology,5,3,"2013,2015,2018",0.188,0,7,False,19.3,Low
Oxygen Transport,Physiology,5,3,"2014,2015,2016",0.188,0,9,False,19.3,Low
Pharmacognosy,Pharmacology,5,3,"2014,2015,2016",0.188,0,9,False,19.3,Low
Postoperative complications,Surgery,5,3,"2013,2014,2016",0.188,0,9,False,19.3,Low
Venous system,Anatomy,5,3,"2014,2015,2016",0.188,0,9,False,19.3,Low
Chronic Suppurative Otitis Media,ENT,4,3,"2013,2015,2024",0.188,1,1,False,19.3,Low
Neurotology,ENT,4,3,"2013,2017,2024",0.188,1,1,False,19.3,Low
Thromboembolism,Medicine,4,3,"2013,2017,2024",0.188,1,1,False,19.3,Low
Vitamin C,Biochemistry,3,2,"2014,2025",0.125,2,0,False,19.3,Low
Cardiac Imaging,Radiology,5,3,"2013,2014,2019",0.188,0,6,False,19.2,Low
Fatty Acid Oxidation,Biochemistry,5,3,"2012,2015,2022",0.188,0,3,False,19.2,Low
Glucocorticoids,Pharmacology,5,3,"2013,2015,2018",0.188,0,7,False,19.2,Low
Hand and Wrist,Orthopedics,5,3,"2014,2015,2017",0.188,0,8,False,19.2,Low
Hemoglobin,Biochemistry,5,3,"2012,2013,2016",0.188,0,9,False,19.2,Low
Inheritance Patterns,Biochemistry,5,3,"2010,2013,2023",0.188,0,2,False,19.2,Low
Metastasis,Pathology,5,3,"2013,2015,2016",0.188,0,9,False,19.2,Low
Pigmented Lesions,Dermatology,5,3,"2013,2017,2018",0.188,0,7,False,19.2,Low
Poliomyelitis,Microbiology,5,3,"2014,2015,2016",0.188,0,9,False,19.2,Low
Psoriatic Arthritis,Medicine,5,3,"2014,2015,2016",0.188,0,9,False,19.2,Low
Uronic Acid Pathway,Biochemistry,5,3,"2012,2014,2016",0.188,0,9,False,19.2,Low
Uterine fibroids,OBG,5,3,"2012,2016,2018",0.188,0,7,False,19.2,Low
Vitamin A deficiency,Ophthalmology,5,3,"2013,2014,2019",0.188,0,6,False,19.2,Low
Firearm injuries,Forensic Medicine,4,3,"2013,2014,2024",0.188,1,1,False,19.2,Low
Intestinal obstruction,Radiology,4,3,"2013,2014,2024",0.188,1,1,False,19.2,Low
Ocular Surface Disease,Ophthalmology,4,3,"2013,2016,2024",0.188,1,1,False,19.2,Low
Parasitic Diseases,Surgery,4,3,"2013,2016,2024",0.188,1,1,False,19.2,Low
Uterine rupture,OBG,4,3,"2013,2014,2024",0.188,1,1,False,19.2,Low
Antidiarrheal drugs,Pharmacology,3,2,"2015,2024",0.125,2,1,False,19.2,Low
Entomology,Community Medicine,3,2,"2011,2025",0.125,2,0,False,19.2,Low
Hiv,Medicine,3,2,"2015,2024",0.125,2,1,False,19.2,Low
Abdominal imaging,Radiology,5,3,"2012,2014,2016",0.188,0,9,False,19.1,Low
Antiprotozoal drugs,Pharmacology,5,3,"2012,2013,2019",0.188,0,6,False,19.1,Low
Bioterrorism,Microbiology,5,3,"2011,2013,2020",0.188,0,5,False,19.1,Low
Bronchiectasis,Medicine,5,3,"2013,2014,2015",0.188,0,10,False,19.1,Low
Clinical biochemistry,Biochemistry,5,3,"2012,2013,2020",0.188,0,5,False,19.1,Low
Pediatric Emergencies,Pediatrics,5,3,"2012,2014,2016",0.188,0,9,False,19.1,Low
Peritoneum,Anatomy,5,3,"2013,2015,2016",0.188,0,9,False,19.1,Low
Pain Physiology,Physiology,3,2,"2010,2024",0.125,2,1,False,19.1,Low
Down Syndrome,Pediatrics,5,3,"2013,2014,2015",0.188,0,10,False,19.0,Low
Vector-borne Diseases,Community Medicine,5,3,"2011,2014,2017",0.188,0,8,False,19.0,Low
Postpartum complications,OBG,4,4,"2016,2017,2021,2022",0.25,0,3,False,19.0,Low
Carbohydrate Chemistry,Biochemistry,5,3,"2012,2013,2016",0.188,0,9,False,18.9,Low
Pelvimetry,OBG,5,3,"2012,2013,2016",0.188,0,9,False,18.9,Low
Porphyrias,Dermatology,5,3,"2012,2013,2015",0.188,0,10,False,18.9,Low
Rickettsial diseases,Microbiology,5,3,"2012,2014,2015",0.188,0,10,False,18.9,Low
Skull,Anatomy,5,3,"2010,2012,2018",0.188,0,7,False,18.9,Low
Autoimmune Blistering Diseases,Dermatology,4,4,"2012,2019,2021,2022",0.25,0,3,False,18.9,Low
Gynaecological Procedures,OBG,4,4,"2016,2017,2018,2023",0.25,0,2,False,18.9,Low
Musculoskeletal Imaging,Radiology,4,4,"2015,2019,2020,2021",0.25,0,4,False,18.9,Low
Pituitary Hormones,Physiology,4,4,"2014,2018,2020,2022",0.25,0,3,False,18.9,Low
Bone Disorders,Radiology,4,4,"2013,2018,2019,2021",0.25,0,4,False,18.8,Low
Cellular Adaptations,Pathology,4,4,"2014,2015,2020,2021",0.25,0,4,False,18.8,Low
Ecg Interpretation,Medicine,4,4,"2016,2017,2018,2019",0.25,0,6,False,18.8,Low
Spinal Cord Syndromes,Medicine,4,4,"2016,2017,2018,2019",0.25,0,6,False,18.8,Low
Vaginitis,OBG,4,4,"2013,2018,2020,2021",0.25,0,4,False,18.8,Low
The Nervous System,Physiology,5,2,"2022,2023",0.125,0,2,False,18.7,Low
Abdominal Pain,Radiology,4,4,"2011,2018,2019,2021",0.25,0,4,False,18.7,Low
Cleft Lip And Palate,Surgery,4,4,"2013,2016,2019,2020",0.25,0,5,False,18.7,Low
Clinical Features,Pathology,4,4,"2013,2015,2018,2021",0.25,0,4,False,18.7,Low
Molecular Diagnostics,Microbiology,4,4,"2010,2016,2019,2022",0.25,0,3,False,18.7,Low
Molecular diagnostics,Microbiology,4,4,"2014,2015,2016,2022",0.25,0,3,False,18.7,Low
Portal Hypertension,Medicine,4,4,"2011,2016,2018,2023",0.25,0,2,False,18.7,Low
Actinomycosis,Microbiology,4,4,"2013,2014,2018,2019",0.25,0,6,False,18.6,Low
Alzheimer'S Disease,Medicine,4,4,"2015,2016,2017,2018",0.25,0,7,False,18.6,Low
Anaerobic Bacteria,Microbiology,4,4,"2013,2016,2017,2018",0.25,0,7,False,18.6,Low
Antihypertensives,Pharmacology,4,4,"2011,2016,2018,2020",0.25,0,5,False,18.6,Low
Bone lesions,Radiology,4,4,"2012,2017,2018,2019",0.25,0,6,False,18.6,Low
Cellular Pathology,Pathology,4,4,"2011,2014,2018,2021",0.25,0,4,False,18.6,Low
Depressive Disorders,Psychiatry,4,4,"2013,2014,2019,2020",0.25,0,5,False,18.6,Low
Fetal anomalies,OBG,4,4,"2011,2016,2017,2020",0.25,0,5,False,18.6,Low
IMNCI,Pediatrics,4,4,"2010,2013,2019,2022",0.25,0,3,False,18.6,Low
Iron Deficiency Anemia,Pathology,4,4,"2014,2015,2016,2021",0.25,0,4,False,18.6,Low
Oculocardiac Reflex,Anaesthesia,4,4,"2015,2016,2017,2018",0.25,0,7,False,18.6,Low
Paediatric Dermatology,Pediatrics,4,4,"2014,2016,2017,2018",0.25,0,7,False,18.6,Low
Urogenital Radiology,Radiology,4,4,"2014,2015,2016,2020",0.25,0,5,False,18.6,Low
Airway assessment,Anaesthesia,4,4,"2012,2016,2017,2018",0.25,0,7,False,18.5,Low
Alcohol Withdrawal,Psychiatry,4,4,"2013,2014,2017,2018",0.25,0,7,False,18.5,Low
Anaesthesia Monitoring,Anaesthesia,4,4,"2011,2016,2017,2019",0.25,0,6,False,18.5,Low
Fluid Resuscitation,Surgery,4,4,"2014,2015,2016,2018",0.25,0,7,False,18.5,Low
Intraoperative Complications,Anaesthesia,4,4,"2011,2016,2017,2018",0.25,0,7,False,18.5,Low
Ischemic Heart Disease,Medicine,4,4,"2011,2013,2019,2020",0.25,0,5,False,18.5,Low
Acid Base Balance,Physiology,4,4,"2012,2013,2015,2020",0.25,0,5,False,18.4,Low
Antiulcer Drugs,Pharmacology,4,4,"2010,2015,2016,2018",0.25,0,7,False,18.4,Low
Fetal Medicine,OBG,4,4,"2012,2013,2015,2020",0.25,0,5,False,18.4,Low
Genetic syndromes,Medicine,4,4,"2012,2014,2017,2018",0.25,0,7,False,18.4,Low
Knee disorders,Orthopedics,4,4,"2012,2014,2015,2020",0.25,0,5,False,18.4,Low
Lithium,Pharmacology,4,4,"2011,2014,2015,2020",0.25,0,5,False,18.4,Low
Liver Disorders,OBG,4,4,"2010,2012,2018,2019",0.25,0,6,False,18.4,Low
Nerve Injuries,Anatomy,4,4,"2011,2014,2015,2021",0.25,0,4,False,18.4,Low
Parvovirus B19,Microbiology,4,4,"2011,2014,2016,2018",0.25,0,7,False,18.4,Low
Septic arthritis,Orthopedics,4,4,"2012,2013,2017,2019",0.25,0,6,False,18.4,Low
Atopic dermatitis,Dermatology,4,4,"2012,2013,2015,2016",0.25,0,9,False,18.3,Low
Dental Anatomy,Anatomy,4,4,"2011,2014,2016,2017",0.25,0,8,False,18.3,Low
Diagnosis,ENT,4,4,"2010,2014,2015,2019",0.25,0,6,False,18.3,Low
Erythema multiforme,Dermatology,4,4,"2013,2014,2015,2016",0.25,0,9,False,18.3,Low
Membrane transport,Physiology,4,4,"2012,2013,2015,2016",0.25,0,9,False,18.3,Low
Neuropsychiatry,Psychiatry,4,4,"2012,2013,2014,2017",0.25,0,8,False,18.3,Low
Otitis externa,ENT,4,4,"2013,2014,2015,2016",0.25,0,9,False,18.3,Low
Post-operative complications,Ophthalmology,4,4,"2011,2012,2017,2018",0.25,0,7,False,18.3,Low
Radiation Biology,Radiology,4,4,"2010,2011,2016,2021",0.25,0,4,False,18.3,Low
Demographic Cycle,Community Medicine,5,2,"2019,2021",0.125,0,4,False,18.2,Low
Contraceptives,Pharmacology,4,4,"2011,2012,2014,2016",0.25,0,9,False,18.2,Low
Head And Neck Oncology,ENT,4,4,"2010,2013,2015,2016",0.25,0,9,False,18.2,Low
History of Medicine,Surgery,4,4,"2010,2012,2013,2018",0.25,0,7,False,18.2,Low
Vector control,Community Medicine,4,4,"2012,2013,2014,2016",0.25,0,9,False,18.2,Low
Autopsy Techniques,Forensic Medicine,5,2,"2018,2023",0.125,0,2,False,18.1,Low
Hypoglycemia,Medicine,4,4,"2010,2011,2014,2016",0.25,0,9,False,18.1,Low
Laryngeal Disorders,ENT,4,4,"2010,2011,2015,2016",0.25,0,9,False,18.1,Low
Osteoarthritis,Orthopedics,4,4,"2011,2012,2013,2014",0.25,0,11,False,18.1,Low
Scoliosis,Orthopedics,4,4,"2010,2012,2014,2015",0.25,0,10,False,18.1,Low
Torture,Forensic Medicine,6,1,2014,0.062,0,11,False,18.0,Low
Ipc Sections,Forensic Medicine,5,2,"2016,2022",0.125,0,3,False,18.0,Low
Gross Anatomy,Anatomy,4,2,"2020,2025",0.125,1,0,False,18.0,Low
Pancreatic Surgery,Surgery,4,4,"2010,2011,2012,2015",0.25,0,10,False,18.0,Low
Acetylcholine,Physiology,2,1,2024,0.062,2,1,False,18.0,Low
Amniotic Band Syndrome,OBG,2,1,2025,0.062,2,0,False,18.0,Low
Cochlear Implants,ENT,2,1,2024,0.062,2,1,False,18.0,Low
Collagen Metabolism,Biochemistry,2,1,2025,0.062,2,0,False,18.0,Low
Conjunctival lesions,Ophthalmology,2,1,2024,0.062,2,1,False,18.0,Low
Coronary Artery Disease,Medicine,2,1,2025,0.062,2,0,False,18.0,Low
Crystal arthropathies,Medicine,2,1,2024,0.062,2,1,False,18.0,Low
Demographic Transition,Community Medicine,2,1,2024,0.062,2,1,False,18.0,Low
Demographic transition,Community Medicine,2,1,2024,0.062,2,1,False,18.0,Low
Drug Mechanism,Pharmacology,2,1,2024,0.062,2,1,False,18.0,Low
Dyslipidemias,Biochemistry,2,1,2025,0.062,2,0,False,18.0,Low
Episiotomy repair,OBG,2,1,2024,0.062,2,1,False,18.0,Low
Familial Hypercholesterolemia,Biochemistry,2,1,2025,0.062,2,0,False,18.0,Low
Foreign Bodies,Surgery,2,1,2024,0.062,2,1,False,18.0,Low
Head and Neck Pathology,Pathology,2,1,2025,0.062,2,0,False,18.0,Low
Hematologic malignancies,Pathology,2,1,2024,0.062,2,1,False,18.0,Low
High altitude physiology,Physiology,2,1,2024,0.062,2,1,False,18.0,Low
Metaboelic Disorders,Anatomy,2,1,2024,0.062,2,1,False,18.0,Low
Neck Swellings,Surgery,2,1,2024,0.062,2,1,False,18.0,Low
Plain Radiography,Radiology,2,1,2024,0.062,2,1,False,18.0,Low
Pre-Eclampsia Eclampsia Management,OBG,2,1,2024,0.062,2,1,False,18.0,Low
Pre-eclampsia Eclampsia management,OBG,2,1,2024,0.062,2,1,False,18.0,Low
Psychiatric assessment,Psychiatry,2,1,2024,0.062,2,1,False,18.0,Low
Spinal Nerves,Orthopedics,2,1,2024,0.062,2,1,False,18.0,Low
Surgical Principles,Surgery,2,1,2024,0.062,2,1,False,18.0,Low
Testicular Torsion,Surgery,2,1,2024,0.062,2,1,False,18.0,Low
Consumer Protection,Forensic Medicine,6,1,2013,0.062,0,12,False,17.8,Low
Herpes Keratitis,Ophthalmology,6,1,2013,0.062,0,12,False,17.8,Low
Herpes keratitis,Ophthalmology,6,1,2013,0.062,0,12,False,17.8,Low
Myeloproliferative neoplasms,Pathology,6,1,2013,0.062,0,12,False,17.8,Low
Oculoplasty,Ophthalmology,6,1,2013,0.062,0,12,False,17.8,Low
Optics And Refraction,Ophthalmology,6,1,2013,0.062,0,12,False,17.8,Low
Optics and Refraction,Ophthalmology,6,1,2013,0.062,0,12,False,17.8,Low
Clinical Examination,ENT,3,3,"2018,2021,2024",0.188,1,1,False,17.8,Low
Ocular Surface Diseases,Ophthalmology,3,3,"2019,2021,2024",0.188,1,1,False,17.8,Low
Post-mortem changes,Forensic Medicine,3,3,"2019,2021,2024",0.188,1,1,False,17.8,Low
CNS stimulants,Pharmacology,3,3,"2016,2021,2024",0.188,1,1,False,17.7,Low
DNA Repair,Biochemistry,3,3,"2015,2021,2024",0.188,1,1,False,17.7,Low
Systemic Sclerosis,Medicine,3,3,"2016,2021,2024",0.188,1,1,False,17.7,Low
Postmortem Examination,Forensic Medicine,5,2,"2014,2018",0.125,0,7,False,17.6,Low
Drugs for Gout,Pharmacology,3,3,"2016,2018,2025",0.188,1,0,False,17.6,Low
Enzyme Inhibition,Biochemistry,3,3,"2014,2019,2024",0.188,1,1,False,17.6,Low
Esophageal motility,Physiology,3,3,"2012,2020,2025",0.188,1,0,False,17.6,Low
Fluid Therapy,Medicine,3,3,"2013,2022,2024",0.188,1,1,False,17.6,Low
Glucose Homeostasis,Biochemistry,3,3,"2011,2021,2025",0.188,1,0,False,17.6,Low
Inherited Disorders,Medicine,3,3,"2016,2017,2024",0.188,1,1,False,17.6,Low
Intracranial hemorrhage,Medicine,3,3,"2016,2018,2024",0.188,1,1,False,17.6,Low
Mood stabilizers,Pharmacology,3,3,"2014,2020,2024",0.188,1,1,False,17.6,Low
Oral Anatomy,Anatomy,3,3,"2016,2018,2024",0.188,1,1,False,17.6,Low
Oral Cavity Anatomy,Anatomy,3,3,"2017,2018,2024",0.188,1,1,False,17.6,Low
Pneumoperitoneum,Radiology,3,3,"2012,2021,2024",0.188,1,1,False,17.6,Low
Uterine support,OBG,3,3,"2016,2018,2024",0.188,1,1,False,17.6,Low
Vitiligo,Dermatology,3,3,"2014,2019,2024",0.188,1,1,False,17.6,Low
Antineoplastic agents,Pharmacology,5,2,"2014,2016",0.125,0,9,False,17.5,Low
GERD,Medicine,5,2,"2015,2016",0.125,0,9,False,17.5,Low
Trigeminal nerve,Anatomy,5,2,"2014,2016",0.125,0,9,False,17.5,Low
Sensory receptors,Physiology,4,2,"2015,2024",0.125,1,1,False,17.5,Low
Fetal Distress,OBG,3,3,"2014,2016,2025",0.188,1,0,False,17.5,Low
Gangrene,Pathology,3,3,"2015,2016,2024",0.188,1,1,False,17.5,Low
Gynecological Pathology,Pathology,3,3,"2014,2016,2025",0.188,1,0,False,17.5,Low
Intracranial Hemorrhage,Radiology,3,3,"2014,2018,2024",0.188,1,1,False,17.5,Low
Nasal septum,ENT,3,3,"2013,2019,2024",0.188,1,1,False,17.5,Low
Non-communicable Diseases,Community Medicine,3,3,"2014,2016,2024",0.188,1,1,False,17.5,Low
Obstetric Emergencies,OBG,3,3,"2012,2020,2024",0.188,1,1,False,17.5,Low
Optic nerve,Ophthalmology,3,3,"2013,2017,2024",0.188,1,1,False,17.5,Low
Pyloric stenosis,Pediatrics,3,3,"2014,2017,2024",0.188,1,1,False,17.5,Low
Pelvic Fascia,Anatomy,5,2,"2010,2016",0.125,0,9,False,17.4,Low
Arrhythmia,Medicine,4,2,"2014,2025",0.125,1,0,False,17.4,Low
Anemias,Pathology,3,3,"2010,2018,2024",0.188,1,1,False,17.4,Low
Antifungal Therapy,Pharmacology,3,3,"2013,2016,2024",0.188,1,1,False,17.4,Low
Antifungal therapy,Pharmacology,3,3,"2013,2016,2024",0.188,1,1,False,17.4,Low
Bone Metabolism,Medicine,3,3,"2010,2017,2025",0.188,1,0,False,17.4,Low
Bullous Diseases,Dermatology,3,3,"2013,2015,2024",0.188,1,1,False,17.4,Low
Cold Chain,Community Medicine,3,3,"2013,2014,2024",0.188,1,1,False,17.4,Low
Gallstone Disease,Surgery,3,3,"2011,2016,2024",0.188,1,1,False,17.4,Low
Inheritance,Biochemistry,3,3,"2013,2016,2024",0.188,1,1,False,17.4,Low
Nasal Anatomy,ENT,3,3,"2013,2014,2024",0.188,1,1,False,17.4,Low
Orbital diseases,Ophthalmology,3,3,"2014,2015,2024",0.188,1,1,False,17.4,Low
Synaptic Transmission,Physiology,3,3,"2013,2014,2024",0.188,1,1,False,17.4,Low
Thermoreception,Physiology,3,3,"2013,2016,2024",0.188,1,1,False,17.4,Low
Thrombolytics,Pharmacology,3,3,"2010,2019,2024",0.188,1,1,False,17.4,Low
Tympanoplasty,ENT,3,3,"2013,2014,2024",0.188,1,1,False,17.4,Low
Drug Dependence,Pharmacology,5,2,"2013,2020",0.125,0,5,False,17.3,Low
Rheumatoid arthritis,Orthopedics,5,2,"2014,2015",0.125,0,10,False,17.3,Low
Urogenital system,Anatomy,5,2,"2014,2016",0.125,0,9,False,17.3,Low
Dietary fiber,Biochemistry,4,2,"2013,2024",0.125,1,1,False,17.3,Low
Fluid and Electrolytes,Pediatrics,4,2,"2013,2024",0.125,1,1,False,17.3,Low
Maternal health,Community Medicine,4,2,"2013,2024",0.125,1,1,False,17.3,Low
Anaesthetic Complications,Anaesthesia,3,3,"2010,2016,2024",0.188,1,1,False,17.3,Low
Fasting Metabolism,Biochemistry,3,3,"2012,2013,2025",0.188,1,0,False,17.3,Low
Mycetoma,Microbiology,3,3,"2012,2013,2024",0.188,1,1,False,17.3,Low
Free Radicals,Biochemistry,5,2,"2014,2015",0.125,0,10,False,17.2,Low
Hypernatremia,Medicine,5,2,"2014,2015",0.125,0,10,False,17.2,Low
Lymphoid Organs,Anatomy,5,2,"2013,2018",0.125,0,7,False,17.2,Low
Opioid analgesics,Pharmacology,5,2,"2013,2015",0.125,0,10,False,17.2,Low
Integumentary System,Anatomy,4,3,"2018,2019,2021",0.188,0,4,False,17.2,Low
Plant poisons,Forensic Medicine,4,2,"2012,2024",0.125,1,1,False,17.2,Low
Acid base disorders,Medicine,3,3,"2011,2013,2024",0.188,1,1,False,17.2,Low
Environmental Physiology,Physiology,3,3,"2011,2012,2024",0.188,1,1,False,17.2,Low
Heart failure,Pharmacology,3,3,"2011,2012,2024",0.188,1,1,False,17.2,Low
Antihistamines,Pharmacology,5,2,"2013,2014",0.125,0,11,False,17.1,Low
Aqueous humor,Ophthalmology,5,2,"2013,2014",0.125,0,11,False,17.1,Low
Congenital talipes equinovarus,Orthopedics,5,2,"2013,2014",0.125,0,11,False,17.1,Low
Inquest,Forensic Medicine,5,2,"2013,2015",0.125,0,10,False,17.1,Low
Intravenous anesthetics,Anaesthesia,5,2,"2012,2019",0.125,0,6,False,17.1,Low
Scleritis,Ophthalmology,5,2,"2013,2015",0.125,0,10,False,17.1,Low
Vibrio,Microbiology,5,2,"2010,2014",0.125,0,11,False,17.1,Low
Skin Conditions,Dermatology,4,3,"2014,2019,2021",0.188,0,4,False,17.1,Low
Organ Transplantation,Surgery,3,3,"2010,2011,2024",0.188,1,1,False,17.1,Low
Elbow Dislocation,Orthopedics,5,2,"2012,2013",0.125,0,12,False,17.0,Low
Exercise physiology,Physiology,5,2,"2012,2013",0.125,0,12,False,17.0,Low
Musculoskeletal radiology,Radiology,5,2,"2012,2013",0.125,0,12,False,17.0,Low
Normal flora,Microbiology,5,2,"2012,2013",0.125,0,12,False,17.0,Low
Thoracic surgery,Surgery,5,2,"2012,2016",0.125,0,9,False,17.0,Low
Cholelithiasis,Surgery,4,3,"2016,2019,2020",0.188,0,5,False,17.0,Low
Neuromuscular Blockade,Anaesthesia,4,3,"2014,2016,2022",0.188,0,3,False,17.0,Low
Public Health Legislation,Community Medicine,4,3,"2016,2018,2020",0.188,0,5,False,17.0,Low
Skin lesions,Dermatology,4,3,"2017,2018,2019",0.188,0,6,False,17.0,Low
Spinal Cord Lesions,Medicine,4,3,"2017,2018,2019",0.188,0,6,False,17.0,Low
Autism spectrum disorder,Psychiatry,5,2,"2010,2013",0.125,0,12,False,16.9,Low
Adrenergic agonists,Pharmacology,4,3,"2015,2016,2019",0.188,0,6,False,16.9,Low
Adverse Effects,Pharmacology,4,3,"2013,2018,2020",0.188,0,5,False,16.9,Low
Astigmatism,Ophthalmology,4,3,"2016,2018,2019",0.188,0,6,False,16.9,Low
Drug Administration,Pharmacology,4,3,"2015,2016,2019",0.188,0,6,False,16.9,Low
Fetal Lung Maturity,OBG,4,3,"2016,2017,2018",0.188,0,7,False,16.9,Low
Laryngeal Cancer,ENT,4,3,"2015,2016,2023",0.188,0,2,False,16.9,Low
Neurological Disorders,Medicine,4,3,"2015,2018,2019",0.188,0,6,False,16.9,Low
Pleural Effusion,Medicine,4,3,"2014,2016,2020",0.188,0,5,False,16.9,Low
Pre-eclampsia,OBG,4,3,"2016,2018,2019",0.188,0,6,False,16.9,Low
Tetralogy Of Fallot,Pediatrics,4,3,"2016,2019,2020",0.188,0,5,False,16.9,Low
Tetralogy of Fallot,Pediatrics,4,3,"2016,2019,2020",0.188,0,5,False,16.9,Low
Visual pathway,Anatomy,4,3,"2016,2018,2020",0.188,0,5,False,16.9,Low
Vulvar Disorders,OBG,4,3,"2016,2018,2019",0.188,0,6,False,16.9,Low
Brainstem,Anatomy,4,3,"2012,2018,2020",0.188,0,5,False,16.8,Low
Enzyme Deficiencies,Biochemistry,4,3,"2014,2018,2022",0.188,0,3,False,16.8,Low
Food poisoning,Microbiology,4,3,"2012,2018,2020",0.188,0,5,False,16.8,Low
Gynaecological Surgery,OBG,4,3,"2012,2018,2019",0.188,0,6,False,16.8,Low
History of Microbiology,Microbiology,4,3,"2016,2017,2018",0.188,0,7,False,16.8,Low
Megaloblastic anemia,Pathology,4,3,"2013,2014,2020",0.188,0,5,False,16.8,Low
Metabolic Acidosis,Medicine,4,3,"2014,2019,2020",0.188,0,5,False,16.8,Low
Obstetric Anaesthesia,Anaesthesia,4,3,"2016,2017,2018",0.188,0,7,False,16.8,Low
Sexual dysfunction,Psychiatry,4,3,"2015,2018,2019",0.188,0,6,False,16.8,Low
Surgical Prophylaxis,Surgery,4,3,"2015,2016,2018",0.188,0,7,False,16.8,Low
Spinal Deformities,Orthopedics,5,2,"2010,2012",0.125,0,13,False,16.7,Low
Antepartum Hemorrhage,OBG,4,3,"2012,2019,2022",0.188,0,3,False,16.7,Low
Antiemetic Drugs,Pharmacology,4,3,"2012,2016,2019",0.188,0,6,False,16.7,Low
Aortic diseases,Medicine,4,3,"2012,2019,2021",0.188,0,4,False,16.7,Low
Arboviruses,Microbiology,4,3,"2012,2014,2020",0.188,0,5,False,16.7,Low
Carpal Bones,Anatomy,4,3,"2015,2016,2019",0.188,0,6,False,16.7,Low
Drug adverse effects,Pharmacology,4,3,"2014,2016,2018",0.188,0,7,False,16.7,Low
E. coli,Microbiology,4,3,"2014,2016,2020",0.188,0,5,False,16.7,Low
Extrapyramidal side effects,Pharmacology,4,3,"2014,2016,2020",0.188,0,5,False,16.7,Low
Fluid And Electrolyte Balance,Surgery,4,3,"2014,2016,2022",0.188,0,3,False,16.7,Low
Gestational Age,OBG,4,3,"2013,2015,2021",0.188,0,4,False,16.7,Low
Innate immunity,Microbiology,4,3,"2012,2016,2022",0.188,0,3,False,16.7,Low
Onychomycosis,Microbiology,4,3,"2014,2016,2020",0.188,0,5,False,16.7,Low
Optic Nerve,Ophthalmology,4,3,"2013,2018,2021",0.188,0,4,False,16.7,Low
Pulmonary Function Tests,Physiology,4,3,"2013,2016,2019",0.188,0,6,False,16.7,Low
Anaesthetic Agents,Anaesthesia,4,3,"2012,2019,2020",0.188,0,5,False,16.6,Low
Bone Imaging,Radiology,4,3,"2011,2016,2018",0.188,0,7,False,16.6,Low
Bullous Disorders,Dermatology,4,3,"2013,2014,2021",0.188,0,4,False,16.6,Low
Diabetes Insipidus,Medicine,4,3,"2011,2016,2018",0.188,0,7,False,16.6,Low
Eicosanoids,Biochemistry,4,3,"2014,2015,2019",0.188,0,6,False,16.6,Low
Peptic ulcer disease,Medicine,4,3,"2013,2015,2018",0.188,0,7,False,16.6,Low
Pharyngeal Arches,Anatomy,4,3,"2012,2018,2019",0.188,0,6,False,16.6,Low
Achalasia,Surgery,4,3,"2014,2015,2016",0.188,0,9,False,16.5,Low
Antineoplastic drugs,Pharmacology,4,3,"2012,2014,2022",0.188,0,3,False,16.5,Low
Antithyroid drugs,Pharmacology,4,3,"2014,2015,2016",0.188,0,9,False,16.5,Low
Barbiturates,Pharmacology,4,3,"2013,2014,2016",0.188,0,9,False,16.5,Low
Cervical Dysplasia,OBG,4,3,"2014,2015,2016",0.188,0,9,False,16.5,Low
Gastric Cancer,Pathology,4,3,"2012,2014,2016",0.188,0,9,False,16.5,Low
Investigation,Surgery,4,3,"2014,2015,2016",0.188,0,9,False,16.5,Low
Mineral Metabolism,Physiology,4,3,"2013,2016,2017",0.188,0,8,False,16.5,Low
Optic Neuritis,Ophthalmology,4,3,"2012,2015,2016",0.188,0,9,False,16.5,Low
Optic neuritis,Ophthalmology,4,3,"2012,2015,2016",0.188,0,9,False,16.5,Low
Pituitary gland,Anatomy,4,3,"2012,2015,2016",0.188,0,9,False,16.5,Low
Reconstructive Surgery,Surgery,4,3,"2012,2014,2020",0.188,0,5,False,16.5,Low
Rheumatic fever,Medicine,4,3,"2013,2014,2018",0.188,0,7,False,16.5,Low
Thyroid Hormones,Biochemistry,4,3,"2013,2015,2018",0.188,0,7,False,16.5,Low
Vasa Previa,OBG,4,3,"2014,2015,2016",0.188,0,9,False,16.5,Low
Vitreous,Ophthalmology,4,3,"2013,2015,2016",0.188,0,9,False,16.5,Low
Vitreous Hemorrhage,Ophthalmology,4,3,"2014,2015,2016",0.188,0,9,False,16.5,Low
Wounds,Forensic Medicine,4,3,"2012,2013,2022",0.188,0,3,False,16.5,Low
Bacterial Cell Wall,Microbiology,4,3,"2010,2014,2016",0.188,0,9,False,16.4,Low
Calcification,Pathology,4,3,"2013,2014,2016",0.188,0,9,False,16.4,Low
Cerebrospinal Fluid,Physiology,4,3,"2010,2013,2016",0.188,0,9,False,16.4,Low
Clinical Pathology,Pathology,4,3,"2011,2014,2021",0.188,0,4,False,16.4,Low
Corynebacterium,Microbiology,4,3,"2012,2013,2015",0.188,0,10,False,16.4,Low
Eustachian tube,ENT,4,3,"2013,2014,2016",0.188,0,9,False,16.4,Low
Fetal surveillance,OBG,4,3,"2012,2015,2016",0.188,0,9,False,16.4,Low
Multiple sclerosis,Medicine,4,3,"2013,2014,2015",0.188,0,10,False,16.4,Low
Myocardial infarction,Pathology,4,3,"2013,2014,2016",0.188,0,9,False,16.4,Low
Pancreatic Diseases,Medicine,4,3,"2011,2016,2017",0.188,0,8,False,16.4,Low
Protein Degradation,Biochemistry,4,3,"2012,2015,2016",0.188,0,9,False,16.4,Low
Radiographic signs,Radiology,4,3,"2013,2014,2015",0.188,0,10,False,16.4,Low
Uterus,OBG,4,3,"2013,2014,2016",0.188,0,9,False,16.4,Low
Vaccination Schedule,Community Medicine,4,3,"2012,2014,2017",0.188,0,8,False,16.4,Low
Antianginal Drugs,Pharmacology,4,3,"2011,2013,2016",0.188,0,9,False,16.3,Low
Antianginal drugs,Pharmacology,4,3,"2011,2013,2016",0.188,0,9,False,16.3,Low
Bacterial morphology,Microbiology,4,3,"2012,2013,2014",0.188,0,11,False,16.3,Low
Bacterial toxins,Microbiology,4,3,"2012,2013,2016",0.188,0,9,False,16.3,Low
Compartment Syndrome,Orthopedics,4,3,"2012,2014,2016",0.188,0,9,False,16.3,Low
Genetic Counseling,Community Medicine,4,3,"2010,2012,2019",0.188,0,6,False,16.3,Low
History Of Anaesthesia,Anaesthesia,4,3,"2012,2013,2015",0.188,0,10,False,16.3,Low
History of Anaesthesia,Anaesthesia,4,3,"2012,2013,2015",0.188,0,10,False,16.3,Low
Levels Of Prevention,Community Medicine,4,3,"2012,2013,2014",0.188,0,11,False,16.3,Low
Sanitation,Community Medicine,4,3,"2012,2013,2015",0.188,0,10,False,16.3,Low
Sarcomas,Pathology,4,3,"2010,2012,2020",0.188,0,5,False,16.3,Low
Transfusion medicine,Pathology,4,3,"2012,2013,2016",0.188,0,9,False,16.3,Low
Abdominal Surgery,Surgery,3,2,"2022,2025",0.125,1,0,False,16.1,Low
Consent,Forensic Medicine,3,2,"2022,2024",0.125,1,1,False,16.1,Low
Fungal morphology,Microbiology,3,2,"2019,2024",0.125,1,1,False,15.9,Low
Ans Pharmacology,Pharmacology,4,2,"2022,2023",0.125,0,2,False,15.8,Low
Dream Theory,Psychiatry,3,2,"2018,2024",0.125,1,1,False,15.8,Low
PCPNDT Act,Community Medicine,3,2,"2018,2024",0.125,1,1,False,15.8,Low
Pcpndt Act,Community Medicine,3,2,"2018,2024",0.125,1,1,False,15.8,Low
Pulmonary Pathology,Pathology,3,2,"2017,2024",0.125,1,1,False,15.7,Low
Genitourinary Radiology,Radiology,4,2,"2016,2023",0.125,0,2,False,15.6,Low
Coronary artery disease,Medicine,3,2,"2015,2025",0.125,1,0,False,15.6,Low
Genetic skin disorders,Dermatology,3,2,"2015,2024",0.125,1,1,False,15.6,Low
Horner syndrome,Ophthalmology,3,2,"2015,2024",0.125,1,1,False,15.6,Low
Arsenic Poisoning,Forensic Medicine,5,1,2015,0.062,0,10,False,15.5,Low
Arsenic poisoning,Forensic Medicine,5,1,2015,0.062,0,10,False,15.5,Low
Bone diseases,Radiology,3,2,"2013,2025",0.125,1,0,False,15.5,Low
Carcinoma,Pathology,3,2,"2014,2024",0.125,1,1,False,15.5,Low
Crystal Arthropathy,Medicine,3,2,"2014,2024",0.125,1,1,False,15.5,Low
Ear anatomy,ENT,3,2,"2014,2024",0.125,1,1,False,15.5,Low
Metabolic acidosis,Pathology,3,2,"2014,2024",0.125,1,1,False,15.5,Low
Protein binding,Pharmacology,3,2,"2014,2024",0.125,1,1,False,15.5,Low
Aging,Physiology,4,2,"2019,2022",0.125,0,3,False,15.4,Low
Cesarean Section,OBG,3,2,"2012,2025",0.125,1,0,False,15.4,Low
Intestinal Protozoa,Microbiology,3,2,"2013,2024",0.125,1,1,False,15.4,Low
Intestinal protozoa,Microbiology,3,2,"2013,2024",0.125,1,1,False,15.4,Low
Mineral metabolism,Biochemistry,3,2,"2013,2024",0.125,1,1,False,15.4,Low
Iodine Deficiency Disorders,Community Medicine,5,1,2014,0.062,0,11,False,15.3,Low
Ovarian Neoplasms,OBG,5,1,2014,0.062,0,11,False,15.3,Low
Sternocleidomastoid,Anatomy,5,1,2014,0.062,0,11,False,15.3,Low
Brain Anatomy,Anatomy,4,2,"2019,2020",0.125,0,5,False,15.3,Low
ECG interpretation,Medicine,4,2,"2019,2022",0.125,0,3,False,15.3,Low
Uterine Involution,OBG,4,2,"2013,2022",0.125,0,3,False,15.3,Low
Vaginal Discharge,OBG,4,2,"2015,2021",0.125,0,4,False,15.3,Low
Genetic Code,Biochemistry,5,1,2013,0.062,0,12,False,15.2,Low
Health planning,Community Medicine,5,1,2013,0.062,0,12,False,15.2,Low
Noncommunicable Diseases,Community Medicine,5,1,2013,0.062,0,12,False,15.2,Low
Ocular physiology,Ophthalmology,5,1,2013,0.062,0,12,False,15.2,Low
Pyrimidine metabolism,Biochemistry,5,1,2013,0.062,0,12,False,15.2,Low
Ventricular system,Anatomy,5,1,2013,0.062,0,12,False,15.2,Low
Fluid Compartments,Physiology,4,2,"2016,2021",0.125,0,4,False,15.2,Low
Ichthyosis,Dermatology,4,2,"2016,2020",0.125,0,5,False,15.2,Low
Craniovertebral junction,Anatomy,4,2,"2014,2019",0.125,0,6,False,15.1,Low
Intubation Equipment,Anaesthesia,4,2,"2016,2019",0.125,0,6,False,15.1,Low
Metabolic Syndrome,Medicine,4,2,"2016,2020",0.125,0,5,False,15.1,Low
TCA Cycle,Biochemistry,5,1,2012,0.062,0,13,False,15.0,Low
Tca Cycle,Biochemistry,5,1,2012,0.062,0,13,False,15.0,Low
Anesthesia,Pharmacology,4,2,"2014,2021",0.125,0,4,False,15.0,Low
Ankylosing Spondylitis,Orthopedics,4,2,"2014,2021",0.125,0,4,False,15.0,Low
Habit Disorders,Psychiatry,4,2,"2016,2018",0.125,0,7,False,15.0,Low
Nerve injury,Anatomy,4,2,"2014,2021",0.125,0,4,False,15.0,Low
Opioid Dependence,Pharmacology,4,2,"2012,2019",0.125,0,6,False,15.0,Low
Uterine pathology,OBG,4,2,"2017,2018",0.125,0,7,False,15.0,Low
Anal carcinoma,Surgery,1,1,2025,0.062,1,0,False,15.0,Low
Ankle Sprains,Orthopedics,1,1,2025,0.062,1,0,False,15.0,Low
Anterior horn,Anatomy,1,1,2025,0.062,1,0,False,15.0,Low
Antiarrhythmics,Medicine,1,1,2025,0.062,1,0,False,15.0,Low
Antitubercular Therapy,Medicine,1,1,2025,0.062,1,0,False,15.0,Low
Arterial Supply Of Face,Anatomy,1,1,2025,0.062,1,0,False,15.0,Low
Arterial Supply of Face,Anatomy,1,1,2025,0.062,1,0,False,15.0,Low
Autoimmune Arthritis,Medicine,1,1,2025,0.062,1,0,False,15.0,Low
Bacterial Structure And Virulence,Microbiology,1,1,2025,0.062,1,0,False,15.0,Low
Bacterial structure and virulence,Microbiology,1,1,2025,0.062,1,0,False,15.0,Low
Bacterial virulence,Microbiology,1,1,2025,0.062,1,0,False,15.0,Low
Benign Skin Lesions,Dermatology,1,1,2025,0.062,1,0,False,15.0,Low
Benign uterine conditions,OBG,1,1,2025,0.062,1,0,False,15.0,Low
Biliary Tract Surgery,Surgery,1,1,2025,0.062,1,0,False,15.0,Low
Breech delivery,OBG,1,1,2025,0.062,1,0,False,15.0,Low
CKD anemia management,Medicine,1,1,2025,0.062,1,0,False,15.0,Low
COPD Exacerbation,Medicine,1,1,2025,0.062,1,0,False,15.0,Low
Cell death,Pathology,1,1,2025,0.062,1,0,False,15.0,Low
Census,Community Medicine,1,1,2025,0.062,1,0,False,15.0,Low
Cervical cord,Anatomy,1,1,2025,0.062,1,0,False,15.0,Low
Chemical emergency,Medicine,1,1,2025,0.062,1,0,False,15.0,Low
Child Sexual Abuse,Forensic Medicine,1,1,2025,0.062,1,0,False,15.0,Low
Child sexual abuse,Forensic Medicine,1,1,2025,0.062,1,0,False,15.0,Low
Cholestatic Liver Disease,Medicine,1,1,2025,0.062,1,0,False,15.0,Low
Cofactors,Biochemistry,1,1,2025,0.062,1,0,False,15.0,Low
Collagen metabolism,Biochemistry,1,1,2025,0.062,1,0,False,15.0,Low
Copd Exacerbation,Medicine,1,1,2025,0.062,1,0,False,15.0,Low
Defluoridation,Community Medicine,1,1,2025,0.062,1,0,False,15.0,Low
Dietary guidelines,Medicine,1,1,2025,0.062,1,0,False,15.0,Low
Disease Occurrence,Medicine,1,1,2025,0.062,1,0,False,15.0,Low
Disease Patterns,Medicine,1,1,2025,0.062,1,0,False,15.0,Low
Ear Examination,ENT,1,1,2025,0.062,1,0,False,15.0,Low
Endemic Diseases,Community Medicine,1,1,2025,0.062,1,0,False,15.0,Low
Enzyme Deficiency,Biochemistry,1,1,2025,0.062,1,0,False,15.0,Low
Enzyme deficiency,Biochemistry,1,1,2025,0.062,1,0,False,15.0,Low
Epithelial Tissue,Anatomy,1,1,2025,0.062,1,0,False,15.0,Low
Experimental Study Designs,Community Medicine,1,1,2025,0.062,1,0,False,15.0,Low
Fetal maneuvers,OBG,1,1,2025,0.062,1,0,False,15.0,Low
Head And Neck Pathology,Pathology,1,1,2025,0.062,1,0,False,15.0,Low
Health program evaluation,Community Medicine,1,1,2025,0.062,1,0,False,15.0,Low
Hearing Assessment,ENT,1,1,2025,0.062,1,0,False,15.0,Low
Hematological Markers,Pathology,1,1,2025,0.062,1,0,False,15.0,Low
Hepatobiliary Diseases,Medicine,1,1,2025,0.062,1,0,False,15.0,Low
High altitude sickness,Medicine,1,1,2025,0.062,1,0,False,15.0,Low
Immunophenotyping,Pathology,1,1,2025,0.062,1,0,False,15.0,Low
Interstitial lung disease,Pathology,1,1,2025,0.062,1,0,False,15.0,Low
Measures Of Disease Transmission,Community Medicine,1,1,2025,0.062,1,0,False,15.0,Low
Measures of Disease Transmission,Community Medicine,1,1,2025,0.062,1,0,False,15.0,Low
Metabolic Emergencies,Medicine,1,1,2025,0.062,1,0,False,15.0,Low
Microanatomy,Anatomy,1,1,2025,0.062,1,0,False,15.0,Low
Mosquito,Community Medicine,1,1,2025,0.062,1,0,False,15.0,Low
Nasal And Paranasal Sinus Disorders,ENT,1,1,2025,0.062,1,0,False,15.0,Low
Nasal and paranasal sinus disorders,ENT,1,1,2025,0.062,1,0,False,15.0,Low
Nerve entrapment,Medicine,1,1,2025,0.062,1,0,False,15.0,Low
Ocular Manifestations Of Systemic Diseases,Ophthalmology,1,1,2025,0.062,1,0,False,15.0,Low
Ocular manifestations of systemic diseases,Ophthalmology,1,1,2025,0.062,1,0,False,15.0,Low
Orbital Cellulitis,Ophthalmology,1,1,2025,0.062,1,0,False,15.0,Low
Orbital cellulitis,Ophthalmology,1,1,2025,0.062,1,0,False,15.0,Low
PSVT,Medicine,1,1,2025,0.062,1,0,False,15.0,Low
Pediatric Hip Conditions,Orthopedics,1,1,2025,0.062,1,0,False,15.0,Low
Pelvic Floor,OBG,1,1,2025,0.062,1,0,False,15.0,Low
Perineal Anatomy,OBG,1,1,2025,0.062,1,0,False,15.0,Low
Peripheral neuropathy,Medicine,1,1,2025,0.062,1,0,False,15.0,Low
Phenylalanine Metabolism,Biochemistry,1,1,2025,0.062,1,0,False,15.0,Low
Preoperative Management,Anaesthesia,1,1,2025,0.062,1,0,False,15.0,Low
Preoperative Medication,Anaesthesia,1,1,2025,0.062,1,0,False,15.0,Low
Preventive Health,Biochemistry,1,1,2025,0.062,1,0,False,15.0,Low
Psychiatric emergency,Psychiatry,1,1,2025,0.062,1,0,False,15.0,Low
Scurvy,Biochemistry,1,1,2025,0.062,1,0,False,15.0,Low
Shelter-in-place,Medicine,1,1,2025,0.062,1,0,False,15.0,Low
Shoulder Injuries,Orthopedics,1,1,2025,0.062,1,0,False,15.0,Low
Submandibular Region,Anatomy,1,1,2025,0.062,1,0,False,15.0,Low
Submandibular region,Anatomy,1,1,2025,0.062,1,0,False,15.0,Low
Superior Mesenteric Artery,Anatomy,1,1,2025,0.062,1,0,False,15.0,Low
Toxic Exposure,Medicine,1,1,2025,0.062,1,0,False,15.0,Low
Toxic exposure,Medicine,1,1,2025,0.062,1,0,False,15.0,Low
Umbilical Cord Anatomy,Anatomy,1,1,2025,0.062,1,0,False,15.0,Low
Violent behavior,Psychiatry,1,1,2025,0.062,1,0,False,15.0,Low
Water treatment,Community Medicine,1,1,2025,0.062,1,0,False,15.0,Low
Hysterectomy,OBG,4,2,"2016,2018",0.125,0,7,False,14.9,Low
Liver Anatomy,Anatomy,4,2,"2011,2019",0.125,0,6,False,14.9,Low
Osmotic Diuretics,Pharmacology,4,2,"2014,2019",0.125,0,6,False,14.9,Low
Parotid gland,Anatomy,4,2,"2015,2018",0.125,0,7,False,14.9,Low
Pediatric emergencies,Medicine,4,2,"2012,2022",0.125,0,3,False,14.9,Low
Placenta previa,OBG,4,2,"2016,2019",0.125,0,6,False,14.9,Low
Abortion Methods,OBG,1,1,2024,0.062,1,1,False,14.9,Low
Acid Base Disorders,Medicine,1,1,2024,0.062,1,1,False,14.9,Low
Action potential,Physiology,1,1,2024,0.062,1,1,False,14.9,Low
Acute Lung Injury,Medicine,1,1,2024,0.062,1,1,False,14.9,Low
Acute Stress Disorder,Psychiatry,1,1,2024,0.062,1,1,False,14.9,Low
Advanced cardiac life support,Medicine,1,1,2024,0.062,1,1,False,14.9,Low
Airway Emergencies,Medicine,1,1,2024,0.062,1,1,False,14.9,Low
Albendazole,Community Medicine,1,1,2024,0.062,1,1,False,14.9,Low
Alcohol Poisoning,Forensic Medicine,1,1,2024,0.062,1,1,False,14.9,Low
Alcohols and Glycols,Forensic Medicine,1,1,2024,0.062,1,1,False,14.9,Low
Amputation Levels,Surgery,1,1,2024,0.062,1,1,False,14.9,Low
Ankle Anatomy,Anatomy,1,1,2024,0.062,1,1,False,14.9,Low
Anti-Reflux Surgery,Surgery,1,1,2024,0.062,1,1,False,14.9,Low
Antibiotic Mechanisms,Pharmacology,1,1,2024,0.062,1,1,False,14.9,Low
Antibiotic mechanisms,Pharmacology,1,1,2024,0.062,1,1,False,14.9,Low
Anticancer Drugs D,Anatomy,1,1,2024,0.062,1,1,False,14.9,Low
Antimicrobial Prophylaxis,Pharmacology,1,1,2024,0.062,1,1,False,14.9,Low
Antimicrobial prophylaxis,Pharmacology,1,1,2024,0.062,1,1,False,14.9,Low
Asphyxial Injuries,Forensic Medicine,1,1,2024,0.062,1,1,False,14.9,Low
Atrial Flutter/Fibrillation,Medicine,1,1,2024,0.062,1,1,False,14.9,Low
Atrophic Rhinitis,ENT,1,1,2024,0.062,1,1,False,14.9,Low
Atrophic rhinitis,ENT,1,1,2024,0.062,1,1,False,14.9,Low
Auditory Ossicles,Anatomy,1,1,2024,0.062,1,1,False,14.9,Low
Auditory ossicles,Anatomy,1,1,2024,0.062,1,1,False,14.9,Low
B-cell neoplasms,Pathology,1,1,2024,0.062,1,1,False,14.9,Low
Bell'S Palsy,ENT,1,1,2024,0.062,1,1,False,14.9,Low
Bell's palsy,ENT,1,1,2024,0.062,1,1,False,14.9,Low
Benign liver lesions,Radiology,1,1,2024,0.062,1,1,False,14.9,Low
Bias In Studies,Community Medicine,1,1,2024,0.062,1,1,False,14.9,Low
Bias in Studies,Community Medicine,1,1,2024,0.062,1,1,False,14.9,Low
Biliary Diseases,Radiology,1,1,2024,0.062,1,1,False,14.9,Low
Biopsy,Surgery,1,1,2024,0.062,1,1,False,14.9,Low
Blistering Skin Diseases,Dermatology,1,1,2024,0.062,1,1,False,14.9,Low
Body Dysmorphic Disorder,Psychiatry,1,1,2024,0.062,1,1,False,14.9,Low
Body Preservation,Forensic Medicine,1,1,2024,0.062,1,1,False,14.9,Low
Bowel perforation,Radiology,1,1,2024,0.062,1,1,False,14.9,Low
CBD Stones,Surgery,1,1,2024,0.062,1,1,False,14.9,Low
Caffeine,Physiology,1,1,2024,0.062,1,1,False,14.9,Low
Calcium,Physiology,1,1,2024,0.062,1,1,False,14.9,Low
Carcinogenesis,Pathology,1,1,2024,0.062,1,1,False,14.9,Low
Cardiac Emergencies,Medicine,1,1,2024,0.062,1,1,False,14.9,Low
Cardiac Muscle Physiology,Physiology,1,1,2024,0.062,1,1,False,14.9,Low
Cardiac muscle physiology,Physiology,1,1,2024,0.062,1,1,False,14.9,Low
Categorical Data Analysis,Community Medicine,1,1,2024,0.062,1,1,False,14.9,Low
Census Methods,Community Medicine,1,1,2024,0.062,1,1,False,14.9,Low
Cerebellar Anatomy,Anatomy,1,1,2024,0.062,1,1,False,14.9,Low
Cerebellar anatomy,Anatomy,1,1,2024,0.062,1,1,False,14.9,Low
Cerebellar lesions,Anatomy,1,1,2024,0.062,1,1,False,14.9,Low
Cervical Cancer Staging,OBG,1,1,2024,0.062,1,1,False,14.9,Low
Cholestatic Liver Diseases,Medicine,1,1,2024,0.062,1,1,False,14.9,Low
Cochlear implants,ENT,1,1,2024,0.062,1,1,False,14.9,Low
Congenital Limb Defects,Pediatrics,1,1,2024,0.062,1,1,False,14.9,Low
Congenital Rubella Syndrome,Pediatrics,1,1,2024,0.062,1,1,False,14.9,Low
Cranial Nerve Examination,ENT,1,1,2024,0.062,1,1,False,14.9,Low
Cranial nerve examination,ENT,1,1,2024,0.062,1,1,False,14.9,Low
Crohn'S Disease,Medicine,1,1,2024,0.062,1,1,False,14.9,Low
Cross-sectional imaging,Radiology,1,1,2024,0.062,1,1,False,14.9,Low
Cutaneous Lymphoma,Pathology,1,1,2024,0.062,1,1,False,14.9,Low
DIEP flap,Surgery,1,1,2024,0.062,1,1,False,14.9,Low
Deworming,Community Medicine,1,1,2024,0.062,1,1,False,14.9,Low
Diagnostic Procedures,Dermatology,1,1,2024,0.062,1,1,False,14.9,Low
Dietary Fiber,Biochemistry,1,1,2024,0.062,1,1,False,14.9,Low
Difficult airway,Anaesthesia,1,1,2024,0.062,1,1,False,14.9,Low
Disc Prolapse,Orthopedics,1,1,2024,0.062,1,1,False,14.9,Low
Disease Dynamics,Community Medicine,1,1,2024,0.062,1,1,False,14.9,Low
Drug abuse,Pharmacology,1,1,2024,0.062,1,1,False,14.9,Low
Epiphyseal Plate,Orthopedics,1,1,2024,0.062,1,1,False,14.9,Low
Esophageal diverticula,ENT,1,1,2024,0.062,1,1,False,14.9,Low
External Eye Lesions,Ophthalmology,1,1,2024,0.062,1,1,False,14.9,Low
Fatty Acid Metabolism,Biochemistry,1,1,2024,0.062,1,1,False,14.9,Low
Fetal distress,OBG,1,1,2024,0.062,1,1,False,14.9,Low
Firearm Wounds,Forensic Medicine,1,1,2024,0.062,1,1,False,14.9,Low
First Trimester Complications,OBG,1,1,2024,0.062,1,1,False,14.9,Low
Freud's theory,Psychiatry,1,1,2024,0.062,1,1,False,14.9,Low
Fuchs' Endothelial Dystrophy,Ophthalmology,1,1,2024,0.062,1,1,False,14.9,Low
Fuchs' endothelial dystrophy,Ophthalmology,1,1,2024,0.062,1,1,False,14.9,Low
GERD Management,Pharmacology,1,1,2024,0.062,1,1,False,14.9,Low
Gag reflex,ENT,1,1,2024,0.062,1,1,False,14.9,Low
Gartland classification,Orthopedics,1,1,2024,0.062,1,1,False,14.9,Low
Genetic Metabolic Disorders,Biochemistry,1,1,2024,0.062,1,1,False,14.9,Low
Gerd Management,Pharmacology,1,1,2024,0.062,1,1,False,14.9,Low
Gonadal Dysgenesis,Pediatrics,1,1,2024,0.062,1,1,False,14.9,Low
Gynaecological oncology,OBG,1,1,2024,0.062,1,1,False,14.9,Low
Head And Neck Cancer,ENT,1,1,2024,0.062,1,1,False,14.9,Low
Head and Neck Nerves,Anatomy,1,1,2024,0.062,1,1,False,14.9,Low
Head impulse test,ENT,1,1,2024,0.062,1,1,False,14.9,Low
Health Program Management Cycle,Community Medicine,1,1,2024,0.062,1,1,False,14.9,Low
Health Schemes,Community Medicine,1,1,2024,0.062,1,1,False,14.9,Low
Health Services Planning,Community Medicine,1,1,2024,0.062,1,1,False,14.9,Low
Hearing Loss Causes,ENT,1,1,2024,0.062,1,1,False,14.9,Low
Heat-Related Illness,Medicine,1,1,2024,0.062,1,1,False,14.9,Low
Hematologic Malignancies,Pathology,1,1,2024,0.062,1,1,False,14.9,Low
Hepatobiliary Disease,Medicine,1,1,2024,0.062,1,1,False,14.9,Low
Hip Pathology,Orthopedics,1,1,2024,0.062,1,1,False,14.9,Low
Hyperuricemia Management,Pharmacology,1,1,2024,0.062,1,1,False,14.9,Low
ICDS Program,Community Medicine,1,1,2024,0.062,1,1,False,14.9,Low
Icds Program,Community Medicine,1,1,2024,0.062,1,1,False,14.9,Low
Idiopathic Pulmonary Fibrosis,Medicine,1,1,2024,0.062,1,1,False,14.9,Low
Idiopathic pulmonary fibrosis,Medicine,1,1,2024,0.062,1,1,False,14.9,Low
Immunodeficiency disorders,Pediatrics,1,1,2024,0.062,1,1,False,14.9,Low
Infant feeding,Pediatrics,1,1,2024,0.062,1,1,False,14.9,Low
Inguinal Region Anatomy,Surgery,1,1,2024,0.062,1,1,False,14.9,Low
Injury Interpretation,Forensic Medicine,1,1,2024,0.062,1,1,False,14.9,Low
Instrumental Delivery,OBG,1,1,2024,0.062,1,1,False,14.9,Low
Insulin resistance,Physiology,1,1,2024,0.062,1,1,False,14.9,Low
Intraoperative staining,ENT,1,1,2024,0.062,1,1,False,14.9,Low
Intravenous Fluids,Medicine,1,1,2024,0.062,1,1,False,14.9,Low
Jugular venous pulse,Physiology,1,1,2024,0.062,1,1,False,14.9,Low
Knee Radiology,Orthopedics,1,1,2024,0.062,1,1,False,14.9,Low
Lacrimal Disorders,Ophthalmology,1,1,2024,0.062,1,1,False,14.9,Low
Larynx Anatomy & Physiology,ENT,1,1,2024,0.062,1,1,False,14.9,Low
Lead Poisoning,Biochemistry,1,1,2024,0.062,1,1,False,14.9,Low
Legitimacy,Forensic Medicine,1,1,2024,0.062,1,1,False,14.9,Low
Lepromin test,Microbiology,1,1,2024,0.062,1,1,False,14.9,Low
Liver And Biliary Tract,Medicine,1,1,2024,0.062,1,1,False,14.9,Low
Liver Radiology,Radiology,1,1,2024,0.062,1,1,False,14.9,Low
Liver and Biliary Tract,Medicine,1,1,2024,0.062,1,1,False,14.9,Low
Liver imaging,Radiology,1,1,2024,0.062,1,1,False,14.9,Low
Lumbar plexus,Anatomy,1,1,2024,0.062,1,1,False,14.9,Low
Lung malignancies,Radiology,1,1,2024,0.062,1,1,False,14.9,Low
Lysosomal storage diseases,Biochemistry,1,1,2024,0.062,1,1,False,14.9,Low
MRCP,Radiology,1,1,2024,0.062,1,1,False,14.9,Low
MTP Act,Forensic Medicine,1,1,2024,0.062,1,1,False,14.9,Low
Macula,Ophthalmology,1,1,2024,0.062,1,1,False,14.9,Low
Marfan Syndrome,Medicine,1,1,2024,0.062,1,1,False,14.9,Low
Maternal Health Programs,Community Medicine,1,1,2024,0.062,1,1,False,14.9,Low
Medical Abortion,OBG,1,1,2024,0.062,1,1,False,14.9,Low
Medico-Legal Autopsy,Forensic Medicine,1,1,2024,0.062,1,1,False,14.9,Low
Medicolegal Radiology,Forensic Medicine,1,1,2024,0.062,1,1,False,14.9,Low
Membrane potentials,Physiology,1,1,2024,0.062,1,1,False,14.9,Low
Meningococcal meningitis,Pharmacology,1,1,2024,0.062,1,1,False,14.9,Low
Menstrual Cycle Physiology,OBG,1,1,2024,0.062,1,1,False,14.9,Low
Menstrual physiology,Physiology,1,1,2024,0.062,1,1,False,14.9,Low
Mental health evaluation,Psychiatry,1,1,2024,0.062,1,1,False,14.9,Low
Mesh Anchoring,OBG,1,1,2024,0.062,1,1,False,14.9,Low
Migraine Management,Pharmacology,1,1,2024,0.062,1,1,False,14.9,Low
Mitochondrial Shuttle,Biochemistry,1,1,2024,0.062,1,1,False,14.9,Low
Mitochondrial disorders,Biochemistry,1,1,2024,0.062,1,1,False,14.9,Low
Mrcp,Radiology,1,1,2024,0.062,1,1,False,14.9,Low
Mtp Act,Forensic Medicine,1,1,2024,0.062,1,1,False,14.9,Low
Myringoplasty,ENT,1,1,2024,0.062,1,1,False,14.9,Low
Narcissistic Personality Disorder,Psychiatry,1,1,2024,0.062,1,1,False,14.9,Low
Neck Mass Evaluation,Surgery,1,1,2024,0.062,1,1,False,14.9,Low
Negative Pressure Wound Therapy,Surgery,1,1,2024,0.062,1,1,False,14.9,Low
Negative pressure therapy,Surgery,1,1,2024,0.062,1,1,False,14.9,Low
Negative pressure wound therapy,Surgery,1,1,2024,0.062,1,1,False,14.9,Low
Neonatal HIV Management,Pediatrics,1,1,2024,0.062,1,1,False,14.9,Low
Neonatal Hiv Management,Pediatrics,1,1,2024,0.062,1,1,False,14.9,Low
Neonatal Injuries,Pediatrics,1,1,2024,0.062,1,1,False,14.9,Low
Neonatal Surgical Conditions,Anatomy,1,1,2024,0.062,1,1,False,14.9,Low
Nephron,Physiology,1,1,2024,0.062,1,1,False,14.9,Low
Nervous system pathology,Pathology,1,1,2024,0.062,1,1,False,14.9,Low
Neuraminidase inhibitors,Pharmacology,1,1,2024,0.062,1,1,False,14.9,Low
Neuromuscular physiology,Physiology,1,1,2024,0.062,1,1,False,14.9,Low
"Neurotic, Stress-Related And Somatofordm Disorders",Anatomy,1,1,2024,0.062,1,1,False,14.9,Low
Neurotoxins,Microbiology,1,1,2024,0.062,1,1,False,14.9,Low
Non-Communicable Disease Prevention,Community Medicine,1,1,2024,0.062,1,1,False,14.9,Low
Non-communicable Disease Prevention,Community Medicine,1,1,2024,0.062,1,1,False,14.9,Low
Obstetric Legislation,OBG,1,1,2024,0.062,1,1,False,14.9,Low
Occupational Lung Disease,Medicine,1,1,2024,0.062,1,1,False,14.9,Low
Ocular Adnexa,Ophthalmology,1,1,2024,0.062,1,1,False,14.9,Low
Ocular Imaging,Ophthalmology,1,1,2024,0.062,1,1,False,14.9,Low
Oral anatomy,ENT,1,1,2024,0.062,1,1,False,14.9,Low
Oral mucosal disorders,Dermatology,1,1,2024,0.062,1,1,False,14.9,Low
Oropharyngeal Cancer,ENT,1,1,2024,0.062,1,1,False,14.9,Low
Ossiculoplasty,ENT,1,1,2024,0.062,1,1,False,14.9,Low
Ossification Centers,Forensic Medicine,1,1,2024,0.062,1,1,False,14.9,Low
POCSO Act,Forensic Medicine,1,1,2024,0.062,1,1,False,14.9,Low
Paediatric Symptoms,Pediatrics,1,1,2024,0.062,1,1,False,14.9,Low
Pain physiology,Physiology,1,1,2024,0.062,1,1,False,14.9,Low
Paraphilic Disorders,Psychiatry,1,1,2024,0.062,1,1,False,14.9,Low
Paraphilic disorders,Psychiatry,1,1,2024,0.062,1,1,False,14.9,Low
Penile Disorders,Surgery,1,1,2024,0.062,1,1,False,14.9,Low
Pharyngeal disorders,ENT,1,1,2024,0.062,1,1,False,14.9,Low
Pocso Act,Forensic Medicine,1,1,2024,0.062,1,1,False,14.9,Low
Postmenopausal Bleeding,OBG,1,1,2024,0.062,1,1,False,14.9,Low
Postmenopausal bleeding,OBG,1,1,2024,0.062,1,1,False,14.9,Low
Postoperative Bleeding,ENT,1,1,2024,0.062,1,1,False,14.9,Low
Preeclampsia And Eclampsia,OBG,1,1,2024,0.062,1,1,False,14.9,Low
Preeclampsia and Eclampsia,OBG,1,1,2024,0.062,1,1,False,14.9,Low
Prenatal Care,OBG,1,1,2024,0.062,1,1,False,14.9,Low
Psychiatric Assessment,Psychiatry,1,1,2024,0.062,1,1,False,14.9,Low
Public Health Metrics,Community Medicine,1,1,2024,0.062,1,1,False,14.9,Low
Pulmonary function,Medicine,1,1,2024,0.062,1,1,False,14.9,Low
Rabies Control,Community Medicine,1,1,2024,0.062,1,1,False,14.9,Low
Rabies control,Community Medicine,1,1,2024,0.062,1,1,False,14.9,Low
Recovery position,Medicine,1,1,2024,0.062,1,1,False,14.9,Low
Reporting Bias,Community Medicine,1,1,2024,0.062,1,1,False,14.9,Low
Rhinoplasty,ENT,1,1,2024,0.062,1,1,False,14.9,Low
Sacrocolpopexy,OBG,1,1,2024,0.062,1,1,False,14.9,Low
Sciatica,Orthopedics,1,1,2024,0.062,1,1,False,14.9,Low
Screening Evaluation,Community Medicine,1,1,2024,0.062,1,1,False,14.9,Low
Scrotal Emergencies,Surgery,1,1,2024,0.062,1,1,False,14.9,Low
Septal perforation,ENT,1,1,2024,0.062,1,1,False,14.9,Low
Shoulder dystocia,OBG,1,1,2024,0.062,1,1,False,14.9,Low
Sinonasal obstruction,Radiology,1,1,2024,0.062,1,1,False,14.9,Low
Skeletal Age,Forensic Medicine,1,1,2024,0.062,1,1,False,14.9,Low
Skeletal imaging,Radiology,1,1,2024,0.062,1,1,False,14.9,Low
Skin Graft Physiology,Surgery,1,1,2024,0.062,1,1,False,14.9,Low
Skin Grafts,Surgery,1,1,2024,0.062,1,1,False,14.9,Low
Sleep pharmacology,Pharmacology,1,1,2024,0.062,1,1,False,14.9,Low
Somatosensory System,Physiology,1,1,2024,0.062,1,1,False,14.9,Low
Spinal Nerve,Anatomy,1,1,2024,0.062,1,1,False,14.9,Low
Statistical Tests,Community Medicine,1,1,2024,0.062,1,1,False,14.9,Low
Surgical Drains,Surgery,1,1,2024,0.062,1,1,False,14.9,Low
Surgical indication,Surgery,1,1,2024,0.062,1,1,False,14.9,Low
Surgical sutures,Surgery,1,1,2024,0.062,1,1,False,14.9,Low
Sympathomimetic toxidrome,Pharmacology,1,1,2024,0.062,1,1,False,14.9,Low
Systemic diseases,Pathology,1,1,2024,0.062,1,1,False,14.9,Low
Taste Perception,Anatomy,1,1,2024,0.062,1,1,False,14.9,Low
Taste Physiology,Physiology,1,1,2024,0.062,1,1,False,14.9,Low
Taste Sensation,Anatomy,1,1,2024,0.062,1,1,False,14.9,Low
Taste sensation,ENT,1,1,2024,0.062,1,1,False,14.9,Low
Thiamine,Community Medicine,1,1,2024,0.062,1,1,False,14.9,Low
Thoracic Aorta,Radiology,1,1,2024,0.062,1,1,False,14.9,Low
Thyroid Swellings,Surgery,1,1,2024,0.062,1,1,False,14.9,Low
Topical anesthesia,Anaesthesia,1,1,2024,0.062,1,1,False,14.9,Low
Trace Element Metabolism,Biochemistry,1,1,2024,0.062,1,1,False,14.9,Low
Ulnar nerve,Microbiology,1,1,2024,0.062,1,1,False,14.9,Low
Umbilical cord prolapse,OBG,1,1,2024,0.062,1,1,False,14.9,Low
Urethral Stricture,Surgery,1,1,2024,0.062,1,1,False,14.9,Low
Urethral stricture,Surgery,1,1,2024,0.062,1,1,False,14.9,Low
Uric Acid Metabolism,Biochemistry,1,1,2024,0.062,1,1,False,14.9,Low
Urinary Tract Stones,Pathology,1,1,2024,0.062,1,1,False,14.9,Low
Urologic pathology,Pathology,1,1,2024,0.062,1,1,False,14.9,Low
Urological surgery,Surgery,1,1,2024,0.062,1,1,False,14.9,Low
Urticaria,Dermatology,1,1,2024,0.062,1,1,False,14.9,Low
Ventilation Perfusion,Physiology,1,1,2024,0.062,1,1,False,14.9,Low
Ventricular action potential,Physiology,1,1,2024,0.062,1,1,False,14.9,Low
Vesicular Lesions,Dermatology,1,1,2024,0.062,1,1,False,14.9,Low
Vestibular Function Tests,ENT,1,1,2024,0.062,1,1,False,14.9,Low
Vestibular function tests,ENT,1,1,2024,0.062,1,1,False,14.9,Low
Vestibular neuronitis,ENT,1,1,2024,0.062,1,1,False,14.9,Low
Voice Disorders,ENT,1,1,2024,0.062,1,1,False,14.9,Low
Wound assessment,Surgery,1,1,2024,0.062,1,1,False,14.9,Low
ion channels,Physiology,1,1,2024,0.062,1,1,False,14.9,Low
Amblyopia,Ophthalmology,4,2,"2015,2016",0.125,0,9,False,14.8,Low
Ocular pharmacology,Ophthalmology,4,2,"2013,2019",0.125,0,6,False,14.8,Low
Plastic surgery,Surgery,4,2,"2012,2020",0.125,0,5,False,14.8,Low
Rectum,Anatomy,4,2,"2015,2016",0.125,0,9,False,14.8,Low
Diabetic Emergencies,Medicine,2,2,"2022,2025",0.125,1,0,False,14.8,Low
Drug Hypersensitivity,Medicine,2,2,"2022,2024",0.125,1,1,False,14.8,Low
Health Program Evaluation,Microbiology,2,2,"2021,2025",0.125,1,0,False,14.8,Low
Infectious dermatoses,Dermatology,2,2,"2022,2024",0.125,1,1,False,14.8,Low
Chemoreceptors,Physiology,4,2,"2012,2019",0.125,0,6,False,14.7,Low
Dermatologic Signs,Dermatology,4,2,"2013,2016",0.125,0,9,False,14.7,Low
Dermatological Signs,Dermatology,4,2,"2012,2016",0.125,0,9,False,14.7,Low
Epidemiological Studies,Community Medicine,4,2,"2014,2019",0.125,0,6,False,14.7,Low
Gynaecologic oncology,OBG,4,2,"2012,2018",0.125,0,7,False,14.7,Low
Head And Neck Lymphatics,Anatomy,4,2,"2012,2016",0.125,0,9,False,14.7,Low
Health indicators,Community Medicine,4,2,"2013,2018",0.125,0,7,False,14.7,Low
IPC sections,Forensic Medicine,4,2,"2014,2016",0.125,0,9,False,14.7,Low
Neurocognitive Disorders,Psychiatry,4,2,"2013,2018",0.125,0,7,False,14.7,Low
Pancreatic carcinoma,Pathology,4,2,"2014,2016",0.125,0,9,False,14.7,Low
Turner syndrome,Medicine,4,2,"2014,2016",0.125,0,9,False,14.7,Low
Abdominal Wall Defects,Anatomy,2,2,"2019,2024",0.125,1,1,False,14.7,Low
Abdominal radiology,Radiology,2,2,"2021,2024",0.125,1,1,False,14.7,Low
Amputations,Surgery,2,2,"2019,2024",0.125,1,1,False,14.7,Low
Autoimmune Skin Disorders,Dermatology,2,2,"2019,2024",0.125,1,1,False,14.7,Low
Barium Swallow,Radiology,2,2,"2020,2024",0.125,1,1,False,14.7,Low
Benign Uterine Conditions,OBG,2,2,"2019,2025",0.125,1,0,False,14.7,Low
Biologics,Pharmacology,2,2,"2021,2024",0.125,1,1,False,14.7,Low
Choledocholithiasis,Surgery,2,2,"2020,2024",0.125,1,1,False,14.7,Low
Clinical Presentation,Pediatrics,2,2,"2018,2025",0.125,1,0,False,14.7,Low
Congenital Brain Malformations,Radiology,2,2,"2019,2024",0.125,1,1,False,14.7,Low
Congenital Malformations,Pediatrics,2,2,"2018,2025",0.125,1,0,False,14.7,Low
Crohn's disease,Medicine,2,2,"2020,2024",0.125,1,1,False,14.7,Low
Fat Embolism,Orthopedics,2,2,"2020,2024",0.125,1,1,False,14.7,Low
Fat embolism,Orthopedics,2,2,"2020,2024",0.125,1,1,False,14.7,Low
Foreign bodies,ENT,2,2,"2021,2024",0.125,1,1,False,14.7,Low
Gram-Positive Bacteria,Microbiology,2,2,"2019,2024",0.125,1,1,False,14.7,Low
Gram-positive Bacteria,Microbiology,2,2,"2019,2024",0.125,1,1,False,14.7,Low
High Altitude Sickness,Medicine,2,2,"2020,2025",0.125,1,0,False,14.7,Low
Lymphoid Neoplasms,Pathology,2,2,"2019,2024",0.125,1,1,False,14.7,Low
Marfan syndrome,Ophthalmology,2,2,"2019,2025",0.125,1,0,False,14.7,Low
Membrane Potentials,Physiology,2,2,"2019,2024",0.125,1,1,False,14.7,Low
Monoclonal Antibodies,Pharmacology,2,2,"2018,2025",0.125,1,0,False,14.7,Low
Mucopolysaccharidoses,Biochemistry,2,2,"2020,2024",0.125,1,1,False,14.7,Low
Neuro-Oncology,Medicine,2,2,"2020,2024",0.125,1,1,False,14.7,Low
Obstetric pharmacology,Pharmacology,2,2,"2019,2024",0.125,1,1,False,14.7,Low
Oral Lesions,ENT,2,2,"2019,2024",0.125,1,1,False,14.7,Low
Oral lesions,ENT,2,2,"2019,2024",0.125,1,1,False,14.7,Low
Orbital Pathology,Ophthalmology,2,2,"2020,2024",0.125,1,1,False,14.7,Low
Paternity,Pharmacology,2,2,"2021,2024",0.125,1,1,False,14.7,Low
Postpartum care,OBG,2,2,"2020,2024",0.125,1,1,False,14.7,Low
Salivary Gland Pathology,Pathology,2,2,"2018,2025",0.125,1,0,False,14.7,Low
Scaphoid,Orthopedics,2,2,"2019,2024",0.125,1,1,False,14.7,Low
Superior mesenteric artery,Radiology,2,2,"2018,2025",0.125,1,0,False,14.7,Low
Suture materials,Surgery,2,2,"2018,2025",0.125,1,0,False,14.7,Low
Umbilical Cord,OBG,2,2,"2018,2025",0.125,1,0,False,14.7,Low
V/Q Ratio,Physiology,2,2,"2020,2025",0.125,1,0,False,14.7,Low
Adverse effects,Pharmacology,4,2,"2014,2015",0.125,0,10,False,14.6,Low
Androgens,Pharmacology,4,2,"2014,2016",0.125,0,9,False,14.6,Low
Ankylosing spondylitis,Orthopedics,4,2,"2014,2016",0.125,0,9,False,14.6,Low
Cell Membrane Transport,Physiology,4,2,"2014,2015",0.125,0,10,False,14.6,Low
Choking,Forensic Medicine,4,2,"2013,2018",0.125,0,7,False,14.6,Low
Down syndrome,Pathology,4,2,"2014,2015",0.125,0,10,False,14.6,Low
Drug toxicity,Pharmacology,4,2,"2013,2020",0.125,0,5,False,14.6,Low
Enterococci,Microbiology,4,2,"2012,2015",0.125,0,10,False,14.6,Low
Free Radicals And Antioxidants,Biochemistry,4,2,"2014,2016",0.125,0,9,False,14.6,Low
Free Radicals and Antioxidants,Biochemistry,4,2,"2014,2016",0.125,0,9,False,14.6,Low
Hand And Wrist,Orthopedics,4,2,"2014,2015",0.125,0,10,False,14.6,Low
Hypercalcemia,Medicine,4,2,"2013,2016",0.125,0,9,False,14.6,Low
ICDS,Community Medicine,4,2,"2012,2015",0.125,0,10,False,14.6,Low
IUD,OBG,4,2,"2014,2015",0.125,0,10,False,14.6,Low
Impetigo,Dermatology,4,2,"2014,2016",0.125,0,9,False,14.6,Low
Iron deficiency anemia,Pathology,4,2,"2014,2015",0.125,0,10,False,14.6,Low
Laryngeal Mask Airway,Anaesthesia,4,2,"2014,2015",0.125,0,10,False,14.6,Low
Listeria,Microbiology,4,2,"2014,2015",0.125,0,10,False,14.6,Low
Neuromuscular junction,Pharmacology,4,2,"2013,2019",0.125,0,6,False,14.6,Low
Ocular surface disease,Ophthalmology,4,2,"2013,2016",0.125,0,9,False,14.6,Low
Parasomnia,Psychiatry,4,2,"2013,2015",0.125,0,10,False,14.6,Low
Phobias,Psychiatry,4,2,"2013,2019",0.125,0,6,False,14.6,Low
Plasma proteins,Physiology,4,2,"2013,2015",0.125,0,10,False,14.6,Low
Precocious Puberty,Pediatrics,4,2,"2014,2015",0.125,0,10,False,14.6,Low
Professional Ethics,Forensic Medicine,4,2,"2013,2019",0.125,0,6,False,14.6,Low
Radiation Dose,Radiology,4,2,"2013,2015",0.125,0,10,False,14.6,Low
Sutures,Surgery,4,2,"2013,2015",0.125,0,10,False,14.6,Low
Thyroid gland,Anatomy,4,2,"2014,2016",0.125,0,9,False,14.6,Low
Transmission,Microbiology,4,2,"2014,2017",0.125,0,8,False,14.6,Low
Tuberculosis Control,Community Medicine,4,2,"2014,2016",0.125,0,9,False,14.6,Low
Typhoid,Microbiology,4,2,"2014,2015",0.125,0,10,False,14.6,Low
Typhoid Fever,Microbiology,4,2,"2014,2015",0.125,0,10,False,14.6,Low
Ards,Medicine,2,2,"2015,2025",0.125,1,0,False,14.6,Low
Dyslipidemia Drugs,Pharmacology,2,2,"2017,2024",0.125,1,1,False,14.6,Low
Fluorosis,Community Medicine,2,2,"2015,2025",0.125,1,0,False,14.6,Low
Gastroesophageal reflux disease,Surgery,2,2,"2016,2025",0.125,1,0,False,14.6,Low
Hand muscles,Anatomy,2,2,"2018,2024",0.125,1,1,False,14.6,Low
Hypertrophic Cardiomyopathy,Medicine,2,2,"2016,2024",0.125,1,1,False,14.6,Low
Immunodeficiency Disorders,Pediatrics,2,2,"2018,2024",0.125,1,1,False,14.6,Low
Knee Ligament Injuries,Orthopedics,2,2,"2018,2024",0.125,1,1,False,14.6,Low
Language,Anatomy,2,2,"2016,2024",0.125,1,1,False,14.6,Low
Membrane physiology,Physiology,2,2,"2018,2024",0.125,1,1,False,14.6,Low
Mortality Rates,Community Medicine,2,2,"2016,2024",0.125,1,1,False,14.6,Low
Nerve Fiber Classification,Anatomy,2,2,"2016,2025",0.125,1,0,False,14.6,Low
Occupational Medicine,ENT,2,2,"2016,2024",0.125,1,1,False,14.6,Low
Pharyngeal Disorders,ENT,2,2,"2016,2024",0.125,1,1,False,14.6,Low
Pigmentation Disorders,Dermatology,2,2,"2016,2024",0.125,1,1,False,14.6,Low
Prokinetic Drugs,Physiology,2,2,"2016,2025",0.125,1,0,False,14.6,Low
Uric acid metabolism,Pharmacology,2,2,"2018,2024",0.125,1,1,False,14.6,Low
AIDS,Medicine,4,2,"2013,2014",0.125,0,11,False,14.5,Low
Antimycobacterial Drugs,Pharmacology,4,2,"2012,2016",0.125,0,9,False,14.5,Low
Antimycobacterial drugs,Pharmacology,4,2,"2012,2016",0.125,0,9,False,14.5,Low
Lymph Node,Anatomy,4,2,"2013,2015",0.125,0,10,False,14.5,Low
Neck Dissection,ENT,4,2,"2013,2015",0.125,0,10,False,14.5,Low
Neonatal Care,Pediatrics,4,2,"2013,2014",0.125,0,11,False,14.5,Low
Patellofemoral Disorders,Orthopedics,4,2,"2013,2016",0.125,0,9,False,14.5,Low
Poisons,Forensic Medicine,4,2,"2013,2016",0.125,0,9,False,14.5,Low
Pupillary reflexes,Ophthalmology,4,2,"2013,2016",0.125,0,9,False,14.5,Low
Abdominal aortic aneurysm,Surgery,2,2,"2015,2024",0.125,1,1,False,14.5,Low
Adolescent Health,ENT,2,2,"2014,2024",0.125,1,1,False,14.5,Low
Alcohol Intoxication,Forensic Medicine,2,2,"2014,2024",0.125,1,1,False,14.5,Low
Alcohol intoxication,Forensic Medicine,2,2,"2014,2024",0.125,1,1,False,14.5,Low
Alzheimer's disease,Psychiatry,2,2,"2015,2024",0.125,1,1,False,14.5,Low
Anorectal Disorders,Surgery,2,2,"2014,2024",0.125,1,1,False,14.5,Low
Antidiarrheal Drugs,Pharmacology,2,2,"2015,2024",0.125,1,1,False,14.5,Low
Antiviral therapy,Pharmacology,2,2,"2015,2024",0.125,1,1,False,14.5,Low
Ballistic Injuries,Forensic Medicine,2,2,"2015,2024",0.125,1,1,False,14.5,Low
Ballistic injuries,Forensic Medicine,2,2,"2015,2024",0.125,1,1,False,14.5,Low
Cardiopulmonary Resuscitation,Medicine,2,2,"2013,2024",0.125,1,1,False,14.5,Low
Chronic Wounds,Surgery,2,2,"2013,2024",0.125,1,1,False,14.5,Low
Congenital CNS Anomalies,Radiology,2,2,"2013,2024",0.125,1,1,False,14.5,Low
External ear,ENT,2,2,"2014,2024",0.125,1,1,False,14.5,Low
Fatty acid oxidation,Biochemistry,2,2,"2013,2024",0.125,1,1,False,14.5,Low
Glucose Metabolism,Physiology,2,2,"2015,2024",0.125,1,1,False,14.5,Low
Head and neck cancer,Pharmacology,2,2,"2013,2024",0.125,1,1,False,14.5,Low
Heat-related illness,Medicine,2,2,"2015,2024",0.125,1,1,False,14.5,Low
Ligament Injuries,Orthopedics,2,2,"2012,2025",0.125,1,0,False,14.5,Low
Metabolic Bone Disorders,Pediatrics,2,2,"2013,2024",0.125,1,1,False,14.5,Low
Methanol poisoning,Forensic Medicine,2,2,"2015,2024",0.125,1,1,False,14.5,Low
Nasal Septum,ENT,2,2,"2013,2024",0.125,1,1,False,14.5,Low
Neonatal Disorders,Biochemistry,2,2,"2015,2024",0.125,1,1,False,14.5,Low
Ocular Pathology,Pathology,2,2,"2013,2024",0.125,1,1,False,14.5,Low
Ovarian Pathology,OBG,2,2,"2014,2024",0.125,1,1,False,14.5,Low
Paediatric Ophthalmology,Ophthalmology,2,2,"2014,2024",0.125,1,1,False,14.5,Low
Pulmonary embolism,Radiology,2,2,"2013,2025",0.125,1,0,False,14.5,Low
Red Cell Disorders,Pathology,2,2,"2015,2024",0.125,1,1,False,14.5,Low
Refractive Surgery,Ophthalmology,2,2,"2015,2024",0.125,1,1,False,14.5,Low
Shoulder Region,Anatomy,2,2,"2013,2025",0.125,1,0,False,14.5,Low
Shoulder region,Anatomy,2,2,"2013,2025",0.125,1,0,False,14.5,Low
Stroke Management,Medicine,2,2,"2014,2024",0.125,1,1,False,14.5,Low
Surgical Sutures,OBG,2,2,"2013,2024",0.125,1,1,False,14.5,Low
Thoracic aorta,Anatomy,2,2,"2015,2024",0.125,1,1,False,14.5,Low
Thyroid Carcinoma,Pathology,2,2,"2015,2024",0.125,1,1,False,14.5,Low
Thyroid carcinoma,Pathology,2,2,"2015,2024",0.125,1,1,False,14.5,Low
Treatment,Pharmacology,2,2,"2015,2024",0.125,1,1,False,14.5,Low
Urologic Pathology,Pathology,2,2,"2014,2024",0.125,1,1,False,14.5,Low
Voice disorders,ENT,2,2,"2013,2024",0.125,1,1,False,14.5,Low
Water Sanitation,Community Medicine,2,2,"2014,2025",0.125,1,0,False,14.5,Low
Angiogenesis,Pathology,4,2,"2013,2014",0.125,0,11,False,14.4,Low
Axilla,Anatomy,4,2,"2013,2014",0.125,0,11,False,14.4,Low
Colorectal Cancer,Surgery,4,2,"2013,2014",0.125,0,11,False,14.4,Low
Intraocular pressure,Ophthalmology,4,2,"2013,2014",0.125,0,11,False,14.4,Low
Krebs Cycle,Biochemistry,4,2,"2012,2014",0.125,0,11,False,14.4,Low
Lupus vulgaris,Dermatology,4,2,"2013,2014",0.125,0,11,False,14.4,Low
Maternal mortality,Community Medicine,4,2,"2013,2015",0.125,0,10,False,14.4,Low
Mortality indicators,Community Medicine,4,2,"2013,2014",0.125,0,11,False,14.4,Low
Perception,Psychiatry,4,2,"2013,2014",0.125,0,11,False,14.4,Low
Prenatal diagnosis,OBG,4,2,"2013,2014",0.125,0,11,False,14.4,Low
Trematodes,Microbiology,4,2,"2012,2018",0.125,0,7,False,14.4,Low
Tropical Medicine,Community Medicine,3,3,"2019,2020,2022",0.188,0,3,False,14.4,Low
Antiviral Pharmacology,Pharmacology,2,2,"2011,2024",0.125,1,1,False,14.4,Low
Asthma Management,Medicine,2,2,"2012,2024",0.125,1,1,False,14.4,Low
Infections of Skin,Anatomy,2,2,"2012,2024",0.125,1,1,False,14.4,Low
Liver diseases,Medicine,2,2,"2012,2024",0.125,1,1,False,14.4,Low
Mitochondrial Disorders,Biochemistry,2,2,"2011,2024",0.125,1,1,False,14.4,Low
Pancreatic hormones,Physiology,2,2,"2012,2024",0.125,1,1,False,14.4,Low
Pelvic Floor Surgery,OBG,2,2,"2011,2024",0.125,1,1,False,14.4,Low
Radiculopathy,Orthopedics,2,2,"2012,2024",0.125,1,1,False,14.4,Low
Sleep physiology,Psychiatry,2,2,"2012,2024",0.125,1,1,False,14.4,Low
Antimalarials,Pharmacology,4,2,"2012,2013",0.125,0,12,False,14.3,Low
Bruises,Forensic Medicine,4,2,"2012,2013",0.125,0,12,False,14.3,Low
Colorectal surgery,Surgery,4,2,"2012,2013",0.125,0,12,False,14.3,Low
Drug Side Effects,Pharmacology,4,2,"2010,2020",0.125,0,5,False,14.3,Low
Health education,Community Medicine,4,2,"2012,2013",0.125,0,12,False,14.3,Low
Hepatobiliary system,Anatomy,4,2,"2012,2013",0.125,0,12,False,14.3,Low
Immunoglobulins,Microbiology,4,2,"2012,2013",0.125,0,12,False,14.3,Low
Infectious mononucleosis,Microbiology,4,2,"2012,2014",0.125,0,11,False,14.3,Low
Inhalational Anesthetics,Anaesthesia,4,2,"2012,2014",0.125,0,11,False,14.3,Low
Mechanical Asphyxia,Forensic Medicine,4,2,"2012,2013",0.125,0,12,False,14.3,Low
Mechanical asphyxia,Forensic Medicine,4,2,"2012,2013",0.125,0,12,False,14.3,Low
Osteonecrosis,Orthopedics,4,2,"2012,2015",0.125,0,10,False,14.3,Low
PCOD,OBG,4,2,"2011,2013",0.125,0,12,False,14.3,Low
Pcod,OBG,4,2,"2011,2013",0.125,0,12,False,14.3,Low
Pediatric oncology,Pediatrics,4,2,"2012,2014",0.125,0,11,False,14.3,Low
Phospholipids,Biochemistry,4,2,"2012,2013",0.125,0,12,False,14.3,Low
Pigmented lesions,Dermatology,4,2,"2012,2013",0.125,0,12,False,14.3,Low
Primary health care,Community Medicine,4,2,"2012,2013",0.125,0,12,False,14.3,Low
Pulmonary Mechanics,Physiology,4,2,"2012,2013",0.125,0,12,False,14.3,Low
Regeneration,Pathology,4,2,"2012,2013",0.125,0,12,False,14.3,Low
Social Sciences,Community Medicine,4,2,"2012,2013",0.125,0,12,False,14.3,Low
Postpartum Hemorrhage Management,OBG,3,3,"2019,2020,2021",0.188,0,4,False,14.3,Low
Multiple Gestation,OBG,2,2,"2010,2024",0.125,1,1,False,14.3,Low
Biotechnology,Microbiology,4,2,"2011,2013",0.125,0,12,False,14.2,Low
Lipoproteins,Biochemistry,4,2,"2011,2012",0.125,0,13,False,14.2,Low
Paediatric ophthalmology,Ophthalmology,4,2,"2011,2013",0.125,0,12,False,14.2,Low
Rectal Prolapse,Surgery,4,2,"2010,2012",0.125,0,13,False,14.2,Low
Cell biology,Biochemistry,3,3,"2016,2019,2020",0.188,0,5,False,14.2,Low
Emergency Surgery,Surgery,3,3,"2011,2022,2023",0.188,0,2,False,14.2,Low
Environmental Medicine,Medicine,3,3,"2015,2020,2021",0.188,0,4,False,14.2,Low
Genital Warts,Dermatology,3,3,"2016,2018,2023",0.188,0,2,False,14.2,Low
Gestational age,OBG,3,3,"2016,2019,2021",0.188,0,4,False,14.2,Low
Neck Masses,ENT,3,3,"2015,2020,2022",0.188,0,3,False,14.2,Low
Neonatal Skin Conditions,Pediatrics,3,3,"2017,2018,2020",0.188,0,5,False,14.2,Low
Neuromuscular Pharmacology,Pharmacology,3,3,"2017,2018,2020",0.188,0,5,False,14.2,Low
Nitric Oxide,Biochemistry,3,3,"2017,2019,2020",0.188,0,5,False,14.2,Low
Pediatric Dermatology,Dermatology,3,3,"2016,2018,2021",0.188,0,4,False,14.2,Low
Prognostic Scores,Medicine,3,3,"2018,2019,2020",0.188,0,5,False,14.2,Low
Stroke Syndromes,Medicine,3,3,"2017,2019,2020",0.188,0,5,False,14.2,Low
Triage,Medicine,3,3,"2015,2019,2022",0.188,0,3,False,14.2,Low
Vaccinology,Microbiology,3,3,"2013,2021,2022",0.188,0,3,False,14.2,Low
Ventilation Perfusion Matching,Physiology,3,3,"2017,2018,2020",0.188,0,5,False,14.2,Low
Abdominal Emergencies,Medicine,3,3,"2011,2019,2022",0.188,0,3,False,14.1,Low
Abortion,OBG,3,3,"2015,2016,2022",0.188,0,3,False,14.1,Low
Airway Obstruction,ENT,3,3,"2015,2018,2019",0.188,0,6,False,14.1,Low
Cervical Insufficiency,OBG,3,3,"2014,2016,2022",0.188,0,3,False,14.1,Low
Diagnostic Techniques,Microbiology,3,3,"2016,2018,2020",0.188,0,5,False,14.1,Low
Extrapyramidal Symptoms,Pharmacology,3,3,"2015,2016,2022",0.188,0,3,False,14.1,Low
Fluid therapy,Medicine,3,3,"2013,2018,2022",0.188,0,3,False,14.1,Low
Foodborne Illnesses,Microbiology,3,3,"2015,2018,2021",0.188,0,4,False,14.1,Low
Herpesviridae,Microbiology,3,3,"2014,2019,2021",0.188,0,4,False,14.1,Low
Hydatid Disease,Surgery,3,3,"2014,2019,2020",0.188,0,5,False,14.1,Low
Laparoscopic surgery,Surgery,3,3,"2014,2018,2020",0.188,0,5,False,14.1,Low
Metabolic Pathways,Biochemistry,3,3,"2012,2018,2022",0.188,0,3,False,14.1,Low
Pediatric Infectious,Pediatrics,3,3,"2013,2018,2021",0.188,0,4,False,14.1,Low
Peritonitis,Medicine,3,3,"2011,2020,2022",0.188,0,3,False,14.1,Low
SLE,Dermatology,3,3,"2014,2019,2020",0.188,0,5,False,14.1,Low
Salivary Gland,ENT,3,3,"2015,2016,2022",0.188,0,3,False,14.1,Low
Systemic Diseases,Dermatology,3,3,"2011,2020,2022",0.188,0,3,False,14.1,Low
Thyroid Pathology,Pathology,3,3,"2011,2020,2022",0.188,0,3,False,14.1,Low
Toxins,Microbiology,3,3,"2011,2021,2022",0.188,0,3,False,14.1,Low
Trichomoniasis,OBG,3,3,"2013,2019,2021",0.188,0,4,False,14.1,Low
Vaccine schedule,Community Medicine,3,3,"2016,2018,2019",0.188,0,6,False,14.1,Low
Varicella,Pediatrics,3,3,"2015,2018,2021",0.188,0,4,False,14.1,Low
Adrenergic drugs,Pharmacology,3,3,"2014,2018,2019",0.188,0,6,False,14.0,Low
Alcohol,Forensic Medicine,3,3,"2015,2016,2018",0.188,0,7,False,14.0,Low
Alzheimer's Disease,Medicine,3,3,"2016,2017,2018",0.188,0,7,False,14.0,Low
Anaesthesia Circuits,Anaesthesia,3,3,"2015,2016,2018",0.188,0,7,False,14.0,Low
Antibacterial drugs,Pharmacology,3,3,"2012,2016,2022",0.188,0,3,False,14.0,Low
Antiseptics And Disinfectants,Microbiology,3,3,"2014,2015,2020",0.188,0,5,False,14.0,Low
Biliary system,Anatomy,3,3,"2014,2016,2020",0.188,0,5,False,14.0,Low
CNS Drugs,Pharmacology,3,3,"2014,2018,2019",0.188,0,6,False,14.0,Low
Cardiogenic Shock,Medicine,3,3,"2016,2017,2018",0.188,0,7,False,14.0,Low
Carrier state,Microbiology,3,3,"2014,2016,2019",0.188,0,6,False,14.0,Low
Catecholamine Metabolism,Biochemistry,3,3,"2016,2017,2018",0.188,0,7,False,14.0,Low
Cholinergic Drugs,Pharmacology,3,3,"2012,2019,2020",0.188,0,5,False,14.0,Low
Cranial Nerve Nuclei,Anatomy,3,3,"2016,2017,2018",0.188,0,7,False,14.0,Low
Cranial nerve palsies,Ophthalmology,3,3,"2013,2016,2020",0.188,0,5,False,14.0,Low
Dermatophytosis,Microbiology,3,3,"2013,2014,2022",0.188,0,3,False,14.0,Low
Diabetic Neuropathy,Medicine,3,3,"2016,2017,2018",0.188,0,7,False,14.0,Low
Diagnostic Criteria,Medicine,3,3,"2014,2016,2019",0.188,0,6,False,14.0,Low
Difficult Airway,Anaesthesia,3,3,"2014,2016,2019",0.188,0,6,False,14.0,Low
Electrolyte Disturbances,Medicine,3,3,"2014,2016,2019",0.188,0,6,False,14.0,Low
Electrolyte balance,Physiology,3,3,"2014,2015,2021",0.188,0,4,False,14.0,Low
Enteric fever,Microbiology,3,3,"2013,2015,2023",0.188,0,2,False,14.0,Low
Fluid & Electrolyte Balance,Pediatrics,3,3,"2012,2018,2021",0.188,0,4,False,14.0,Low
Graves Disease,Medicine,3,3,"2016,2017,2018",0.188,0,7,False,14.0,Low
Head Injury Assessment,Medicine,3,3,"2016,2017,2018",0.188,0,7,False,14.0,Low
Health Economics,Community Medicine,3,3,"2012,2019,2020",0.188,0,5,False,14.0,Low
Liver abscess,Medicine,3,3,"2014,2016,2021",0.188,0,4,False,14.0,Low
Measures Of Disease Frequency,Community Medicine,3,3,"2016,2017,2018",0.188,0,7,False,14.0,Low
Measures of Disease Frequency,Community Medicine,3,3,"2016,2017,2018",0.188,0,7,False,14.0,Low
Mechanism of action,Pharmacology,3,3,"2015,2016,2020",0.188,0,5,False,14.0,Low
Mediastinal Compartments,Anatomy,3,3,"2016,2017,2018",0.188,0,7,False,14.0,Low
Menopause Management,OBG,3,3,"2016,2017,2018",0.188,0,7,False,14.0,Low
Muscle Relaxants,Pharmacology,3,3,"2014,2017,2018",0.188,0,7,False,14.0,Low
Nasal polyps,ENT,3,3,"2013,2015,2022",0.188,0,3,False,14.0,Low
Orbital Diseases,Ophthalmology,3,3,"2014,2015,2020",0.188,0,5,False,14.0,Low
Organ donation,Anaesthesia,3,3,"2016,2017,2018",0.188,0,7,False,14.0,Low
Pediatric ENT,ENT,3,3,"2014,2015,2021",0.188,0,4,False,14.0,Low
Pediatric Radiology,Radiology,3,3,"2012,2016,2021",0.188,0,4,False,14.0,Low
Radiation Effects,Radiology,3,3,"2011,2018,2020",0.188,0,5,False,14.0,Low
Radiological signs,Radiology,3,3,"2014,2017,2020",0.188,0,5,False,14.0,Low
Renin-Angiotensin System,Pharmacology,3,3,"2012,2015,2023",0.188,0,2,False,14.0,Low
Salivary gland disorders,ENT,3,3,"2014,2016,2020",0.188,0,5,False,14.0,Low
Serotonin Metabolism,Biochemistry,3,3,"2016,2017,2018",0.188,0,7,False,14.0,Low
Transfusion Reactions,Pathology,3,3,"2015,2016,2018",0.188,0,7,False,14.0,Low
Urine Formation,Physiology,3,3,"2016,2017,2018",0.188,0,7,False,14.0,Low
Vulvar Pathology,OBG,3,3,"2016,2017,2018",0.188,0,7,False,14.0,Low
Connective Tissue Diseases,Dermatology,3,3,"2012,2014,2021",0.188,0,4,False,13.9,Low
Encephalitis,Medicine,3,3,"2010,2014,2023",0.188,0,2,False,13.9,Low
Eyelid Anatomy,Ophthalmology,3,3,"2013,2014,2021",0.188,0,4,False,13.9,Low
Genetic mutations,Pathology,3,3,"2014,2016,2017",0.188,0,8,False,13.9,Low
Genitourinary Anatomy,Anatomy,3,3,"2011,2018,2019",0.188,0,6,False,13.9,Low
Granulomatous Diseases,Pathology,3,3,"2014,2016,2018",0.188,0,7,False,13.9,Low
Hair Disorders,Dermatology,3,3,"2011,2014,2022",0.188,0,3,False,13.9,Low
Hemodialysis,Medicine,3,3,"2014,2015,2018",0.188,0,7,False,13.9,Low
Legal Definitions,Forensic Medicine,3,3,"2014,2016,2017",0.188,0,8,False,13.9,Low
Monitoring,Anaesthesia,3,3,"2012,2014,2022",0.188,0,3,False,13.9,Low
Musculoskeletal Pharmacology,Pharmacology,3,3,"2011,2016,2020",0.188,0,5,False,13.9,Low
Myocardial Infarction,Medicine,3,3,"2013,2016,2019",0.188,0,6,False,13.9,Low
Neisseria Gonorrhoeae,Microbiology,3,3,"2013,2014,2020",0.188,0,5,False,13.9,Low
Neisseria gonorrhoeae,Microbiology,3,3,"2013,2014,2020",0.188,0,5,False,13.9,Low
Pemphigus vulgaris,Dermatology,3,3,"2014,2015,2019",0.188,0,6,False,13.9,Low
Presbyopia,Ophthalmology,3,3,"2014,2016,2017",0.188,0,8,False,13.9,Low
Puerperium,OBG,3,3,"2012,2014,2022",0.188,0,3,False,13.9,Low
Pulmonary,Radiology,3,3,"2013,2016,2018",0.188,0,7,False,13.9,Low
Receptor Pharmacology,Pharmacology,3,3,"2013,2014,2020",0.188,0,5,False,13.9,Low
Thoracic imaging,Radiology,3,3,"2013,2017,2018",0.188,0,7,False,13.9,Low
Uterine Disorders,OBG,3,3,"2011,2017,2019",0.188,0,6,False,13.9,Low
Adenoids,ENT,3,3,"2013,2015,2016",0.188,0,9,False,13.8,Low
Amino Acid Chemistry,Biochemistry,3,3,"2012,2016,2017",0.188,0,8,False,13.8,Low
Ankle injuries,Orthopedics,3,3,"2014,2015,2016",0.188,0,9,False,13.8,Low
Aortic Dissection,Surgery,3,3,"2013,2014,2017",0.188,0,8,False,13.8,Low
Aortic dissection,Surgery,3,3,"2013,2014,2017",0.188,0,8,False,13.8,Low
Bacterial meningitis,Microbiology,3,3,"2011,2012,2023",0.188,0,2,False,13.8,Low
Bioterrorism Agents,Microbiology,3,3,"2011,2013,2020",0.188,0,5,False,13.8,Low
Bone disorders,Radiology,3,3,"2012,2013,2019",0.188,0,6,False,13.8,Low
Breathing Circuits,Anaesthesia,3,3,"2013,2016,2017",0.188,0,8,False,13.8,Low
Calcium homeostasis,Physiology,3,3,"2014,2015,2016",0.188,0,9,False,13.8,Low
Coronary Circulation,Anatomy,3,3,"2012,2015,2019",0.188,0,6,False,13.8,Low
Cryptorchidism,Pediatrics,3,3,"2014,2015,2016",0.188,0,9,False,13.8,Low
Cystic Fibrosis,Pediatrics,3,3,"2012,2013,2019",0.188,0,6,False,13.8,Low
Electrolyte imbalance,Pharmacology,3,3,"2011,2015,2020",0.188,0,5,False,13.8,Low
Hemorrhage,Orthopedics,3,3,"2013,2015,2016",0.188,0,9,False,13.8,Low
Iv Fluids,Pharmacology,3,3,"2014,2015,2016",0.188,0,9,False,13.8,Low
Limbic System,Anatomy,3,3,"2011,2013,2020",0.188,0,5,False,13.8,Low
Liver Diseases,Medicine,3,3,"2011,2016,2018",0.188,0,7,False,13.8,Low
Liver Function Tests,Biochemistry,3,3,"2010,2014,2020",0.188,0,5,False,13.8,Low
Medicolegal Autopsy,Forensic Medicine,3,3,"2012,2014,2019",0.188,0,6,False,13.8,Low
Mental Health,Community Medicine,3,3,"2013,2014,2019",0.188,0,6,False,13.8,Low
Mortality,Community Medicine,3,3,"2014,2015,2016",0.188,0,9,False,13.8,Low
Neonatal Jaundice,Pediatrics,3,3,"2013,2014,2018",0.188,0,7,False,13.8,Low
Nitrogen Metabolism,Biochemistry,3,3,"2011,2014,2019",0.188,0,6,False,13.8,Low
Ophthalmic Investigations,Ophthalmology,3,3,"2012,2014,2020",0.188,0,5,False,13.8,Low
Ovarian Cysts,OBG,3,3,"2014,2015,2016",0.188,0,9,False,13.8,Low
Parkinson'S Disease,Medicine,3,3,"2014,2015,2016",0.188,0,9,False,13.8,Low
Parkinson's disease,Medicine,3,3,"2014,2015,2016",0.188,0,9,False,13.8,Low
Pediatric Anesthesia,Anaesthesia,3,3,"2012,2013,2021",0.188,0,4,False,13.8,Low
Pericardial diseases,Medicine,3,3,"2012,2014,2019",0.188,0,6,False,13.8,Low
Proptosis,Ophthalmology,3,3,"2012,2014,2020",0.188,0,5,False,13.8,Low
Rickettsial Diseases,Microbiology,3,3,"2012,2014,2018",0.188,0,7,False,13.8,Low
Salivary Gland Disorders,ENT,3,3,"2014,2015,2016",0.188,0,9,False,13.8,Low
Systemic Lupus Erythematosus,Medicine,3,3,"2012,2014,2019",0.188,0,6,False,13.8,Low
Vitamin K Metabolism,Biochemistry,3,3,"2011,2016,2017",0.188,0,8,False,13.8,Low
Adenomyosis,OBG,3,3,"2012,2014,2016",0.188,0,9,False,13.7,Low
Aortic Aneurysm,Surgery,3,3,"2010,2013,2019",0.188,0,6,False,13.7,Low
Behavioral Science,Community Medicine,3,3,"2010,2011,2020",0.188,0,5,False,13.7,Low
Caesarean Section,OBG,3,3,"2013,2014,2015",0.188,0,10,False,13.7,Low
Cellular Immunity,Microbiology,3,3,"2011,2014,2016",0.188,0,9,False,13.7,Low
DNA Structure,Biochemistry,3,3,"2012,2015,2016",0.188,0,9,False,13.7,Low
Eye,Anatomy,3,3,"2013,2014,2015",0.188,0,10,False,13.7,Low
Fetal Surveillance,OBG,3,3,"2012,2015,2016",0.188,0,9,False,13.7,Low
Gene Expression,Biochemistry,3,3,"2011,2012,2020",0.188,0,5,False,13.7,Low
Hand injuries,Orthopedics,3,3,"2012,2014,2015",0.188,0,10,False,13.7,Low
Knee Disorders,Orthopedics,3,3,"2013,2014,2015",0.188,0,10,False,13.7,Low
Laryngeal anatomy,ENT,3,3,"2010,2015,2016",0.188,0,9,False,13.7,Low
Legal medicine,Forensic Medicine,3,3,"2012,2013,2018",0.188,0,7,False,13.7,Low
Lung Cancer,Medicine,3,3,"2010,2015,2018",0.188,0,7,False,13.7,Low
Microscopy,Microbiology,3,3,"2013,2014,2016",0.188,0,9,False,13.7,Low
Nasal cavity,ENT,3,3,"2013,2014,2015",0.188,0,10,False,13.7,Low
Nerves,Anatomy,3,3,"2010,2013,2018",0.188,0,7,False,13.7,Low
Oral contraceptives,Pharmacology,3,3,"2013,2014,2016",0.188,0,9,False,13.7,Low
Oxidative Stress,Biochemistry,3,3,"2011,2014,2016",0.188,0,9,False,13.7,Low
Parkinsonism,Medicine,3,3,"2010,2015,2018",0.188,0,7,False,13.7,Low
Pemphigus,Dermatology,3,3,"2012,2014,2015",0.188,0,10,False,13.7,Low
Pharyngology,ENT,3,3,"2011,2013,2019",0.188,0,6,False,13.7,Low
Placenta Praevia,OBG,3,3,"2011,2012,2019",0.188,0,6,False,13.7,Low
Porphyria,Biochemistry,3,3,"2013,2014,2015",0.188,0,10,False,13.7,Low
Steroidogenesis,Biochemistry,3,3,"2013,2014,2016",0.188,0,9,False,13.7,Low
Trigeminal Nerve,Anatomy,3,3,"2012,2014,2016",0.188,0,9,False,13.7,Low
Child health,Community Medicine,3,3,"2012,2013,2014",0.188,0,11,False,13.6,Low
Cranial nerve disorders,ENT,3,3,"2012,2013,2014",0.188,0,11,False,13.6,Low
Health System,Community Medicine,3,3,"2010,2014,2016",0.188,0,9,False,13.6,Low
Hospital Waste Management,Community Medicine,3,3,"2011,2012,2016",0.188,0,9,False,13.6,Low
Japanese Encephalitis,Community Medicine,3,3,"2011,2014,2015",0.188,0,10,False,13.6,Low
Laparoscopy,Surgery,3,3,"2010,2014,2015",0.188,0,10,False,13.6,Low
Pericardium,Anatomy,3,3,"2012,2013,2014",0.188,0,11,False,13.6,Low
Pharmacovigilance,Pharmacology,3,3,"2012,2013,2014",0.188,0,11,False,13.6,Low
Physical Examination,Medicine,3,3,"2010,2012,2016",0.188,0,9,False,13.6,Low
Pulmonary Hypertension,Medicine,3,3,"2010,2014,2015",0.188,0,10,False,13.6,Low
Smooth Muscle,Physiology,3,3,"2011,2012,2015",0.188,0,10,False,13.6,Low
Sulfonamides,Pharmacology,3,3,"2012,2013,2015",0.188,0,10,False,13.6,Low
Cranial Nerve Palsies,Ophthalmology,3,3,"2010,2012,2013",0.188,0,12,False,13.5,Low
Endocarditis,Pathology,3,3,"2010,2012,2013",0.188,0,12,False,13.5,Low
Ocular motility disorders,Ophthalmology,3,3,"2011,2012,2014",0.188,0,11,False,13.5,Low
Stroke,Medicine,3,3,"2011,2012,2014",0.188,0,11,False,13.5,Low
Autopsy techniques,Forensic Medicine,4,1,2018,0.062,0,7,False,13.2,Low
Hydrocele,Surgery,4,1,2016,0.062,0,9,False,12.9,Low
Pneumoconiosis,Medicine,4,1,2016,0.062,0,9,False,12.9,Low
Femoral Nerve,Anatomy,4,1,2015,0.062,0,10,False,12.8,Low
Femoral nerve,Anatomy,4,1,2015,0.062,0,10,False,12.8,Low
Phototherapy,Dermatology,4,1,2015,0.062,0,10,False,12.8,Low
Excretory System,Physiology,3,2,"2022,2023",0.125,0,2,False,12.8,Low
Cervical Vertebrae,Anatomy,4,1,2014,0.062,0,11,False,12.6,Low
Epidermolysis Bullosa,Dermatology,4,1,2014,0.062,0,11,False,12.6,Low
Klebsiella,Microbiology,4,1,2014,0.062,0,11,False,12.6,Low
Miliaria,Dermatology,4,1,2014,0.062,0,11,False,12.6,Low
Pediatric Dosing,Pharmacology,4,1,2014,0.062,0,11,False,12.6,Low
Pediatric dosing,Pharmacology,4,1,2014,0.062,0,11,False,12.6,Low
Pentose Phosphate Pathway,Biochemistry,4,1,2014,0.062,0,11,False,12.6,Low
Acute phase response,Pathology,4,1,2013,0.062,0,12,False,12.5,Low
Autism Spectrum Disorder,Psychiatry,4,1,2013,0.062,0,12,False,12.5,Low
CSF rhinorrhea,ENT,4,1,2013,0.062,0,12,False,12.5,Low
Cancer Chemotherapy,Pharmacology,4,1,2013,0.062,0,12,False,12.5,Low
Cancer chemotherapy,Pharmacology,4,1,2013,0.062,0,12,False,12.5,Low
Cerebral Arteries,Anatomy,4,1,2013,0.062,0,12,False,12.5,Low
Coxa Vara,Orthopedics,4,1,2013,0.062,0,12,False,12.5,Low
Cycloplegia,Ophthalmology,4,1,2013,0.062,0,12,False,12.5,Low
Impulse Control Disorders,Psychiatry,4,1,2013,0.062,0,12,False,12.5,Low
Infectious Eye Diseases,Ophthalmology,4,1,2013,0.062,0,12,False,12.5,Low
International health,Community Medicine,4,1,2013,0.062,0,12,False,12.5,Low
Legg-Calvé-Perthes Disease,Orthopedics,4,1,2013,0.062,0,12,False,12.5,Low
Legg-Calvé-Perthes disease,Orthopedics,4,1,2013,0.062,0,12,False,12.5,Low
Meniere Disease,ENT,4,1,2013,0.062,0,12,False,12.5,Low
Microbial Pathogenesis,Microbiology,4,1,2013,0.062,0,12,False,12.5,Low
Microbial pathogenesis,Microbiology,4,1,2013,0.062,0,12,False,12.5,Low
Phonosurgery,ENT,4,1,2013,0.062,0,12,False,12.5,Low
Congenital Heart Disease Imaging,Radiology,3,2,"2020,2021",0.125,0,4,False,12.5,Low
Enzyme inhibition,Biochemistry,3,2,"2019,2023",0.125,0,2,False,12.5,Low
Radiobiology,Radiology,3,2,"2018,2021",0.125,0,4,False,12.5,Low
Abdominal Vessels,Anatomy,4,1,2012,0.062,0,13,False,12.4,Low
Abdominal vessels,Anatomy,4,1,2012,0.062,0,13,False,12.4,Low
Allergic Eye Disease,Ophthalmology,4,1,2012,0.062,0,13,False,12.4,Low
Hepatobiliary surgery,Surgery,4,1,2012,0.062,0,13,False,12.4,Low
Inhalational anesthetics,Anaesthesia,4,1,2012,0.062,0,13,False,12.4,Low
Nephritic syndrome,Pathology,4,1,2012,0.062,0,13,False,12.4,Low
Sweat Gland Disorders,Dermatology,4,1,2012,0.062,0,13,False,12.4,Low
Sweat gland disorders,Dermatology,4,1,2012,0.062,0,13,False,12.4,Low
Trace Elements,Biochemistry,4,1,2012,0.062,0,13,False,12.4,Low
External Cephalic Version,OBG,3,2,"2019,2020",0.125,0,5,False,12.4,Low
Hyperkalemia,Medicine,3,2,"2014,2022",0.125,0,3,False,12.4,Low
Neck masses,ENT,3,2,"2015,2022",0.125,0,3,False,12.4,Low
Perineal tears,OBG,3,2,"2018,2020",0.125,0,5,False,12.4,Low
Population Dynamics,Community Medicine,3,2,"2016,2021",0.125,0,4,False,12.4,Low
Viral Exanthems,Pathology,3,2,"2018,2023",0.125,0,2,False,12.4,Low
Adrenergic Agonists,Pharmacology,3,2,"2016,2019",0.125,0,6,False,12.3,Low
Antigout drugs,Pharmacology,3,2,"2018,2019",0.125,0,6,False,12.3,Low
Antiparasitic Drugs,Pharmacology,3,2,"2016,2019",0.125,0,6,False,12.3,Low
Aortic Imaging,Radiology,3,2,"2018,2019",0.125,0,6,False,12.3,Low
Contrast Agents,Radiology,3,2,"2017,2019",0.125,0,6,False,12.3,Low
Contrast agents,Radiology,3,2,"2017,2019",0.125,0,6,False,12.3,Low
Fluid Balance,Surgery,3,2,"2012,2021",0.125,0,4,False,12.3,Low
Galactose Metabolism,Biochemistry,3,2,"2018,2019",0.125,0,6,False,12.3,Low
Gestational diabetes,OBG,3,2,"2016,2019",0.125,0,6,False,12.3,Low
History Taking,Medicine,3,2,"2013,2021",0.125,0,4,False,12.3,Low
Image Interpretation,Radiology,3,2,"2016,2022",0.125,0,3,False,12.3,Low
Mechanical Ventilation,Anaesthesia,3,2,"2016,2019",0.125,0,6,False,12.3,Low
Paracetamol Poisoning,Medicine,3,2,"2016,2022",0.125,0,3,False,12.3,Low
Pediatric Anaesthesia,Anaesthesia,3,2,"2016,2019",0.125,0,6,False,12.3,Low
Radiation therapy,Radiology,3,2,"2016,2023",0.125,0,2,False,12.3,Low
Sodium Disorders,Surgery,3,2,"2014,2021",0.125,0,4,False,12.3,Low
Sports injuries,Orthopedics,3,2,"2018,2020",0.125,0,5,False,12.3,Low
Surgical instruments,Surgery,3,2,"2018,2019",0.125,0,6,False,12.3,Low
Surgical procedures,OBG,3,2,"2014,2020",0.125,0,5,False,12.3,Low
Anticoagulant Therapy,Pharmacology,3,2,"2017,2018",0.125,0,7,False,12.2,Low
Biogenic Amines,Biochemistry,3,2,"2016,2018",0.125,0,7,False,12.2,Low
Bleeding Disorders,Pathology,3,2,"2017,2019",0.125,0,6,False,12.2,Low
Craniovertebral Junction,Anatomy,3,2,"2014,2019",0.125,0,6,False,12.2,Low
E. Coli,Microbiology,3,2,"2016,2020",0.125,0,5,False,12.2,Low
Introduction To Pathology,Pathology,3,2,"2016,2018",0.125,0,7,False,12.2,Low
Laryngeal Pathology,ENT,3,2,"2014,2019",0.125,0,6,False,12.2,Low
Legislation,Community Medicine,3,2,"2017,2018",0.125,0,7,False,12.2,Low
Maternal Mortality Ratio,Community Medicine,3,2,"2014,2019",0.125,0,6,False,12.2,Low
Megaloblastic Anemia,Pathology,3,2,"2013,2020",0.125,0,5,False,12.2,Low
Obstructive Lung Disease,Physiology,3,2,"2014,2019",0.125,0,6,False,12.2,Low
Pelvic Ligaments,OBG,3,2,"2017,2018",0.125,0,7,False,12.2,Low
Penile Cancer,Surgery,3,2,"2013,2020",0.125,0,5,False,12.2,Low
Peripartum Cardiomyopathy,OBG,3,2,"2016,2018",0.125,0,7,False,12.2,Low
Pituitary disorders,Medicine,3,2,"2013,2020",0.125,0,5,False,12.2,Low
Radiation safety,Radiology,3,2,"2016,2020",0.125,0,5,False,12.2,Low
Radiographic Views,Radiology,3,2,"2016,2020",0.125,0,5,False,12.2,Low
Anaesthesia Equipment,Anaesthesia,3,2,"2015,2018",0.125,0,7,False,12.1,Low
Antiemetic drugs,Pharmacology,3,2,"2016,2019",0.125,0,6,False,12.1,Low
Anxiolytics,Pharmacology,3,2,"2013,2019",0.125,0,6,False,12.1,Low
Cancer Staging,Surgery,3,2,"2012,2019",0.125,0,6,False,12.1,Low
Catecholamines,Physiology,3,2,"2015,2021",0.125,0,4,False,12.1,Low
Chronic pancreatitis,Surgery,3,2,"2014,2018",0.125,0,7,False,12.1,Low
Conjunctival disorders,Ophthalmology,3,2,"2012,2019",0.125,0,6,False,12.1,Low
Criminal procedure,Forensic Medicine,3,2,"2013,2019",0.125,0,6,False,12.1,Low
Emphysema,Medicine,3,2,"2015,2019",0.125,0,6,False,12.1,Low
Facial Nerve Palsy,ENT,3,2,"2015,2019",0.125,0,6,False,12.1,Low
Facial nerve palsy,ENT,3,2,"2015,2019",0.125,0,6,False,12.1,Low
Gallstones,Surgery,3,2,"2011,2019",0.125,0,6,False,12.1,Low
Glasgow Coma Scale,Medicine,3,2,"2015,2018",0.125,0,7,False,12.1,Low
History Of Microbiology,Microbiology,3,2,"2016,2018",0.125,0,7,False,12.1,Low
Juvenile Idiopathic Arthritis,Pediatrics,3,2,"2015,2019",0.125,0,6,False,12.1,Low
Liver Transplant,Medicine,3,2,"2016,2019",0.125,0,6,False,12.1,Low
Microangiopathic Hemolytic Anemia,Pathology,3,2,"2016,2019",0.125,0,6,False,12.1,Low
Organ Donation,Medicine,3,2,"2016,2017",0.125,0,8,False,12.1,Low
Prolactinoma,Medicine,3,2,"2016,2018",0.125,0,7,False,12.1,Low
Staphylococcus,Microbiology,3,2,"2014,2023",0.125,0,2,False,12.1,Low
Active Transport,Physiology,3,2,"2015,2016",0.125,0,9,False,12.0,Low
Alopecia,Dermatology,3,2,"2014,2019",0.125,0,6,False,12.0,Low
Amniotic fluid,OBG,3,2,"2014,2019",0.125,0,6,False,12.0,Low
Anticonvulsants,Pharmacology,3,2,"2014,2019",0.125,0,6,False,12.0,Low
Antihelminthic Drugs,Pharmacology,3,2,"2014,2016",0.125,0,9,False,12.0,Low
Antihelminthic drugs,Pharmacology,3,2,"2014,2016",0.125,0,9,False,12.0,Low
Biologic Agents,Pharmacology,3,2,"2014,2016",0.125,0,9,False,12.0,Low
Biologic agents,Pharmacology,3,2,"2014,2016",0.125,0,9,False,12.0,Low
Cardiac muscle,Anatomy,3,2,"2015,2016",0.125,0,9,False,12.0,Low
Copper metabolism,Biochemistry,3,2,"2014,2019",0.125,0,6,False,12.0,Low
Death Certificate,Forensic Medicine,3,2,"2014,2019",0.125,0,6,False,12.0,Low
Dental Eruption,Pediatrics,3,2,"2014,2016",0.125,0,9,False,12.0,Low
Dental eruption,Pediatrics,3,2,"2014,2016",0.125,0,9,False,12.0,Low
Extrapyramidal Side Effects,Pharmacology,3,2,"2014,2020",0.125,0,5,False,12.0,Low
Gerd,Medicine,3,2,"2015,2016",0.125,0,9,False,12.0,Low
Heme Metabolism,Biochemistry,3,2,"2012,2022",0.125,0,3,False,12.0,Low
Inferential Statistics,Community Medicine,3,2,"2010,2019",0.125,0,6,False,12.0,Low
Liver transplantation,Surgery,3,2,"2014,2020",0.125,0,5,False,12.0,Low
Maxillary sinus,ENT,3,2,"2015,2016",0.125,0,9,False,12.0,Low
Medical Ethics and Law,Community Medicine,3,2,"2012,2017",0.125,0,8,False,12.0,Low
Muscle Anatomy,Anatomy,3,2,"2010,2018",0.125,0,7,False,12.0,Low
Neurodegenerative disorders,Medicine,3,2,"2011,2018",0.125,0,7,False,12.0,Low
Occupational Lung Diseases,Medicine,3,2,"2014,2016",0.125,0,9,False,12.0,Low
Opioid withdrawal,Pharmacology,3,2,"2014,2016",0.125,0,9,False,12.0,Low
Pelvic floor,Anatomy,3,2,"2015,2018",0.125,0,7,False,12.0,Low
Ponseti Method,Orthopedics,3,2,"2015,2016",0.125,0,9,False,12.0,Low
Risk factors,Medicine,3,2,"2015,2018",0.125,0,7,False,12.0,Low
Selective Estrogen Receptor Modulators,Pharmacology,3,2,"2014,2016",0.125,0,9,False,12.0,Low
Selective estrogen receptor modulators,Pharmacology,3,2,"2014,2016",0.125,0,9,False,12.0,Low
Semen Detection,Forensic Medicine,3,2,"2014,2018",0.125,0,7,False,12.0,Low
Spermatic Cord,Anatomy,3,2,"2015,2016",0.125,0,9,False,12.0,Low
Spermatic cord,Anatomy,3,2,"2015,2016",0.125,0,9,False,12.0,Low
Triptans,Pharmacology,3,2,"2015,2016",0.125,0,9,False,12.0,Low
Vitamin K,Pediatrics,3,2,"2014,2018",0.125,0,7,False,12.0,Low
Water quality,Community Medicine,3,2,"2015,2018",0.125,0,7,False,12.0,Low
Anti-Tubercular Drugs,Pharmacology,3,2,"2014,2015",0.125,0,10,False,11.9,Low
Anticholinesterase Agents,Pharmacology,3,2,"2014,2015",0.125,0,10,False,11.9,Low
Anticholinesterase agents,Pharmacology,3,2,"2014,2015",0.125,0,10,False,11.9,Low
Antimicrobial Susceptibility Testing,Microbiology,3,2,"2013,2019",0.125,0,6,False,11.9,Low
Antiprotozoal Drugs,Pharmacology,3,2,"2013,2019",0.125,0,6,False,11.9,Low
Autoimmune blistering diseases,Dermatology,3,2,"2012,2019",0.125,0,6,False,11.9,Low
Bilirubin metabolism,Biochemistry,3,2,"2013,2016",0.125,0,9,False,11.9,Low
Cerebrospinal fluid,Physiology,3,2,"2013,2016",0.125,0,9,False,11.9,Low
Delusion,Psychiatry,3,2,"2014,2015",0.125,0,10,False,11.9,Low
Ear pathology,ENT,3,2,"2014,2015",0.125,0,10,False,11.9,Low
Enteric nervous system,Physiology,3,2,"2013,2015",0.125,0,10,False,11.9,Low
Enterococcus,Microbiology,3,2,"2014,2015",0.125,0,10,False,11.9,Low
Estrogen,Physiology,3,2,"2014,2016",0.125,0,9,False,11.9,Low
Eustachian Tube,ENT,3,2,"2014,2016",0.125,0,9,False,11.9,Low
Fallopian tube,OBG,3,2,"2014,2015",0.125,0,10,False,11.9,Low
Foot and Ankle,Orthopedics,3,2,"2014,2015",0.125,0,10,False,11.9,Low
HRCT,Radiology,3,2,"2014,2015",0.125,0,10,False,11.9,Low
Hematopoiesis,Physiology,3,2,"2014,2015",0.125,0,10,False,11.9,Low
Hip,Orthopedics,3,2,"2013,2015",0.125,0,10,False,11.9,Low
Intrauterine Fetal Death,OBG,3,2,"2014,2016",0.125,0,9,False,11.9,Low
Iron Preparations,Pharmacology,3,2,"2014,2015",0.125,0,10,False,11.9,Low
Iron preparations,Pharmacology,3,2,"2014,2015",0.125,0,10,False,11.9,Low
Kawasaki disease,Pediatrics,3,2,"2014,2015",0.125,0,10,False,11.9,Low
Neoplasms,Pathology,3,2,"2013,2015",0.125,0,10,False,11.9,Low
Neuro-oncology,Pediatrics,3,2,"2012,2020",0.125,0,5,False,11.9,Low
Notochord,Anatomy,3,2,"2014,2015",0.125,0,10,False,11.9,Low
Oral Contraceptives,Pharmacology,3,2,"2014,2015",0.125,0,10,False,11.9,Low
Oral Hypoglycemics,Pharmacology,3,2,"2014,2015",0.125,0,10,False,11.9,Low
Oral hypoglycemics,Pharmacology,3,2,"2014,2015",0.125,0,10,False,11.9,Low
Plasma Cell Neoplasms,Pathology,3,2,"2013,2016",0.125,0,9,False,11.9,Low
Polio,Microbiology,3,2,"2014,2015",0.125,0,10,False,11.9,Low
Routes of Administration,Pharmacology,3,2,"2014,2015",0.125,0,10,False,11.9,Low
Shigella,Microbiology,3,2,"2014,2016",0.125,0,9,False,11.9,Low
Social Medicine,Community Medicine,3,2,"2013,2019",0.125,0,6,False,11.9,Low
Stomach,Anatomy,3,2,"2014,2015",0.125,0,10,False,11.9,Low
Thiopentone,Anaesthesia,3,2,"2014,2016",0.125,0,9,False,11.9,Low
Thrombocytopenia,Pathology,3,2,"2014,2016",0.125,0,9,False,11.9,Low
Thyroid Gland,Anatomy,3,2,"2014,2016",0.125,0,9,False,11.9,Low
Tourette Syndrome,Psychiatry,3,2,"2014,2015",0.125,0,10,False,11.9,Low
Tourette syndrome,Psychiatry,3,2,"2014,2015",0.125,0,10,False,11.9,Low
Urethral injuries,Surgery,3,2,"2013,2015",0.125,0,10,False,11.9,Low
Venous drainage,Anatomy,3,2,"2014,2016",0.125,0,9,False,11.9,Low
Vitreous hemorrhage,Ophthalmology,3,2,"2014,2016",0.125,0,9,False,11.9,Low
Xenobiotic Metabolism,Biochemistry,3,2,"2014,2016",0.125,0,9,False,11.9,Low
Acute Scrotum,Surgery,3,2,"2013,2016",0.125,0,9,False,11.8,Low
Acute kidney injury,Medicine,3,2,"2013,2014",0.125,0,11,False,11.8,Low
Alcoholic Liver Disease,Pathology,3,2,"2012,2016",0.125,0,9,False,11.8,Low
Antidepressant Drugs,Pharmacology,3,2,"2013,2014",0.125,0,11,False,11.8,Low
Antidepressant drugs,Pharmacology,3,2,"2013,2014",0.125,0,11,False,11.8,Low
Antimuscarinic drugs,Pharmacology,3,2,"2013,2015",0.125,0,10,False,11.8,Low
Appetite Regulation,Physiology,3,2,"2013,2014",0.125,0,11,False,11.8,Low
Arteriosclerosis,Pathology,3,2,"2012,2014",0.125,0,11,False,11.8,Low
Attention Deficit Hyperactivity Disorder,Psychiatry,3,2,"2013,2015",0.125,0,10,False,11.8,Low
Behavioral Therapy,Psychiatry,3,2,"2012,2016",0.125,0,9,False,11.8,Low
Bone Diseases,Radiology,3,2,"2013,2015",0.125,0,10,False,11.8,Low
Bone pathology,Pathology,3,2,"2013,2015",0.125,0,10,False,11.8,Low
CSF leak,Radiology,3,2,"2010,2015",0.125,0,10,False,11.8,Low
Calcium Channel Blockers,Pharmacology,3,2,"2013,2014",0.125,0,11,False,11.8,Low
Cardiac Output,Physiology,3,2,"2013,2014",0.125,0,11,False,11.8,Low
Clostridium,Microbiology,3,2,"2012,2014",0.125,0,11,False,11.8,Low
Disability,Community Medicine,3,2,"2013,2014",0.125,0,11,False,11.8,Low
Enuresis,Pediatrics,3,2,"2013,2015",0.125,0,10,False,11.8,Low
Febrile Seizures,Pediatrics,3,2,"2013,2014",0.125,0,11,False,11.8,Low
Fluid and electrolyte balance,Medicine,3,2,"2013,2014",0.125,0,11,False,11.8,Low
Foot deformities,Orthopedics,3,2,"2013,2014",0.125,0,11,False,11.8,Low
Genetic counseling,Community Medicine,3,2,"2012,2016",0.125,0,9,False,11.8,Low
Head and Neck Neoplasms,ENT,3,2,"2013,2014",0.125,0,11,False,11.8,Low
Insulin therapy,Pharmacology,3,2,"2012,2014",0.125,0,11,False,11.8,Low
Lacrimal System,Ophthalmology,3,2,"2013,2015",0.125,0,10,False,11.8,Low
Levels of Prevention,Community Medicine,3,2,"2012,2014",0.125,0,11,False,11.8,Low
Minerals,Biochemistry,3,2,"2013,2014",0.125,0,11,False,11.8,Low
Myelodysplastic Syndromes,Pathology,3,2,"2013,2014",0.125,0,11,False,11.8,Low
Neck Injuries,Forensic Medicine,3,2,"2013,2014",0.125,0,11,False,11.8,Low
Nerve Physiology,Physiology,3,2,"2012,2018",0.125,0,7,False,11.8,Low
Neuroblastoma,Pediatrics,3,2,"2012,2015",0.125,0,10,False,11.8,Low
Obsessive Compulsive Disorder,Psychiatry,3,2,"2012,2014",0.125,0,11,False,11.8,Low
Prenatal screening,OBG,3,2,"2013,2014",0.125,0,11,False,11.8,Low
Prevention,Community Medicine,3,2,"2012,2014",0.125,0,11,False,11.8,Low
Progestins,Pharmacology,3,2,"2012,2016",0.125,0,9,False,11.8,Low
Radiation Hazards,Community Medicine,3,2,"2012,2016",0.125,0,9,False,11.8,Low
Rotator Cuff,Orthopedics,3,2,"2010,2016",0.125,0,9,False,11.8,Low
Skeletal System,Anatomy,3,2,"2013,2016",0.125,0,9,False,11.8,Low
Sleep Apnea,ENT,3,2,"2013,2014",0.125,0,11,False,11.8,Low
Trichotillomania,Psychiatry,3,2,"2013,2015",0.125,0,10,False,11.8,Low
Tympanic Membrane,ENT,3,2,"2013,2016",0.125,0,9,False,11.8,Low
Vesiculobullous Diseases,Dermatology,3,2,"2013,2015",0.125,0,10,False,11.8,Low
Vesiculobullous diseases,Dermatology,3,2,"2013,2015",0.125,0,10,False,11.8,Low
Adrenergic blockers,Pharmacology,3,2,"2012,2013",0.125,0,12,False,11.7,Low
Embolism,Forensic Medicine,3,2,"2012,2014",0.125,0,11,False,11.7,Low
Exercise Physiology,Physiology,3,2,"2012,2013",0.125,0,12,False,11.7,Low
Hand anatomy,Anatomy,3,2,"2012,2013",0.125,0,12,False,11.7,Low
Hanging,Forensic Medicine,3,2,"2012,2014",0.125,0,11,False,11.7,Low
Imaging Physics,Radiology,3,2,"2012,2014",0.125,0,11,False,11.7,Low
Liver Abscess,Medicine,3,2,"2011,2014",0.125,0,11,False,11.7,Low
Liver Transplantation,Surgery,3,2,"2010,2014",0.125,0,11,False,11.7,Low
Neurocutaneous syndromes,Pathology,3,2,"2012,2013",0.125,0,12,False,11.7,Low
Ocular surface,Ophthalmology,3,2,"2012,2013",0.125,0,12,False,11.7,Low
Optic nerve disorders,Ophthalmology,3,2,"2012,2013",0.125,0,12,False,11.7,Low
Seizures,Pediatrics,3,2,"2012,2014",0.125,0,11,False,11.7,Low
Strangulation,Forensic Medicine,3,2,"2012,2013",0.125,0,12,False,11.7,Low
Vital Statistics,Community Medicine,3,2,"2012,2015",0.125,0,10,False,11.7,Low
Cesarean section,OBG,3,2,"2012,2013",0.125,0,12,False,11.6,Low
Dentition,Pediatrics,3,2,"2012,2013",0.125,0,12,False,11.6,Low
Diagnostic microbiology,Microbiology,3,2,"2010,2013",0.125,0,12,False,11.6,Low
Digestion,Biochemistry,3,2,"2010,2013",0.125,0,12,False,11.6,Low
Hormones,Pharmacology,3,2,"2011,2013",0.125,0,12,False,11.6,Low
Infant Mortality,Community Medicine,3,2,"2012,2013",0.125,0,12,False,11.6,Low
Insecticides,Community Medicine,3,2,"2010,2013",0.125,0,12,False,11.6,Low
Ophthalmic Optics,Ophthalmology,3,2,"2012,2013",0.125,0,12,False,11.6,Low
Ophthalmic investigations,Ophthalmology,3,2,"2010,2013",0.125,0,12,False,11.6,Low
Ophthalmic optics,Ophthalmology,3,2,"2012,2013",0.125,0,12,False,11.6,Low
Perthes Disease,Orthopedics,3,2,"2012,2013",0.125,0,12,False,11.6,Low
Portal hypertension,Pharmacology,3,2,"2011,2013",0.125,0,12,False,11.6,Low
Pupil disorders,Ophthalmology,3,2,"2011,2012",0.125,0,13,False,11.6,Low
Pupillary Reflexes,Ophthalmology,3,2,"2010,2013",0.125,0,12,False,11.6,Low
Venous Disorders,Surgery,3,2,"2012,2013",0.125,0,12,False,11.6,Low
Heart Sounds,Physiology,3,2,"2010,2012",0.125,0,13,False,11.5,Low
Amino Acids And Proteins Chemistry,Biochemistry,3,1,2023,0.062,0,2,False,10.9,Low
Miscellaneous Disorders,Dermatology,3,1,2023,0.062,0,2,False,10.9,Low
Neuro Ophthalmology,Ophthalmology,3,1,2023,0.062,0,2,False,10.9,Low
Platelet And Bleeding Disorders,Pathology,3,1,2023,0.062,0,2,False,10.9,Low
Pre-Anaesthetic Evaluation,Anaesthesia,3,1,2023,0.062,0,2,False,10.9,Low
Sexual Jurisprudence,Forensic Medicine,3,1,2023,0.062,0,2,False,10.9,Low
Court Of Law,Forensic Medicine,3,1,2022,0.062,0,3,False,10.8,Low
Skin Appendages And Their Disorders,Dermatology,3,1,2022,0.062,0,3,False,10.8,Low
Intracranial Complications,ENT,3,1,2021,0.062,0,4,False,10.7,Low
Obstetric Terminology,Surgery,3,1,2021,0.062,0,4,False,10.7,Low
Frostbite,Medicine,3,1,2020,0.062,0,5,False,10.6,Low
Irritable Bowel Syndrome,Medicine,3,1,2020,0.062,0,5,False,10.6,Low
Waterborne Diseases,Community Medicine,3,1,2020,0.062,0,5,False,10.6,Low
Constitution,Community Medicine,3,1,2019,0.062,0,6,False,10.5,Low
Surgical Knots,Surgery,3,1,2019,0.062,0,6,False,10.5,Low
Abdominal Wall Anatomy,Anatomy,3,1,2018,0.062,0,7,False,10.4,Low
Genitourinary tuberculosis,Medicine,3,1,2018,0.062,0,7,False,10.4,Low
Abdominal Regions,Anatomy,3,1,2016,0.062,0,9,False,10.2,Low
Abdominal regions,Anatomy,3,1,2016,0.062,0,9,False,10.2,Low
Anatomical Planes,Anatomy,3,1,2016,0.062,0,9,False,10.2,Low
Anatomical planes,Anatomy,3,1,2016,0.062,0,9,False,10.2,Low
Anterior Cerebral Artery,Anatomy,3,1,2016,0.062,0,9,False,10.2,Low
Anterior cerebral artery,Anatomy,3,1,2016,0.062,0,9,False,10.2,Low
Bio-Medical Waste Management,Community Medicine,3,1,2016,0.062,0,9,False,10.2,Low
C fibers,Physiology,3,1,2016,0.062,0,9,False,10.2,Low
Chorda tympani,ENT,3,1,2016,0.062,0,9,False,10.2,Low
Fetal Monitoring,OBG,3,1,2016,0.062,0,9,False,10.2,Low
Head and Neck Lymphatics,Anatomy,3,1,2016,0.062,0,9,False,10.2,Low
Hyperparathyroidism,Medicine,3,1,2016,0.062,0,9,False,10.2,Low
Laryngeal Neoplasms,ENT,3,1,2016,0.062,0,9,False,10.2,Low
Metal poisoning,Forensic Medicine,3,1,2016,0.062,0,9,False,10.2,Low
Pancreatic Carcinoma,Radiology,3,1,2016,0.062,0,9,False,10.2,Low
Pelvic fascia,Anatomy,3,1,2016,0.062,0,9,False,10.2,Low
Peripheral nerve injury,Anatomy,3,1,2016,0.062,0,9,False,10.2,Low
Radial nerve,Anatomy,3,1,2016,0.062,0,9,False,10.2,Low
Radiopharmaceuticals,Radiology,3,1,2016,0.062,0,9,False,10.2,Low
Vital Signs,Pediatrics,3,1,2016,0.062,0,9,False,10.2,Low
Vulvar carcinoma,OBG,3,1,2016,0.062,0,9,False,10.2,Low
Waste Disposal,Community Medicine,3,1,2016,0.062,0,9,False,10.2,Low
Aortic Arch,Anatomy,3,1,2015,0.062,0,10,False,10.1,Low
Aortic arch,Anatomy,3,1,2015,0.062,0,10,False,10.1,Low
Biliary Tract Neoplasms,Pathology,3,1,2015,0.062,0,10,False,10.1,Low
Cervical Incompetence,OBG,3,1,2015,0.062,0,10,False,10.1,Low
Community Health Workers,Community Medicine,3,1,2015,0.062,0,10,False,10.1,Low
Control Of Breathing,Physiology,3,1,2015,0.062,0,10,False,10.1,Low
Control of Breathing,Physiology,3,1,2015,0.062,0,10,False,10.1,Low
IPC,Forensic Medicine,3,1,2015,0.062,0,10,False,10.1,Low
Mechanoreceptors,Physiology,3,1,2015,0.062,0,10,False,10.1,Low
Proteoglycans,Biochemistry,3,1,2015,0.062,0,10,False,10.1,Low
Selection bias,Community Medicine,3,1,2015,0.062,0,10,False,10.1,Low
Sleep Hygiene,Community Medicine,3,1,2015,0.062,0,10,False,10.1,Low
Sleep hygiene,Community Medicine,3,1,2015,0.062,0,10,False,10.1,Low
Study design,Community Medicine,3,1,2015,0.062,0,10,False,10.1,Low
Tachypnea,Pediatrics,3,1,2015,0.062,0,10,False,10.1,Low
Chickenpox,Community Medicine,3,1,2014,0.062,0,11,False,10.0,Low
Clavicle,Anatomy,3,1,2014,0.062,0,11,False,10.0,Low
Cruciate ligament,Orthopedics,3,1,2014,0.062,0,11,False,10.0,Low
Cytochrome P450,Pharmacology,3,1,2014,0.062,0,11,False,10.0,Low
Gastric Secretions,Physiology,3,1,2014,0.062,0,11,False,10.0,Low
Gastric secretions,Physiology,3,1,2014,0.062,0,11,False,10.0,Low
Head and Neck Cancer,Surgery,3,1,2014,0.062,0,11,False,10.0,Low
Muscle anatomy,Anatomy,3,1,2014,0.062,0,11,False,10.0,Low
Neck muscles,Anatomy,3,1,2014,0.062,0,11,False,10.0,Low
Perceptual Disorders,Psychiatry,3,1,2014,0.062,0,11,False,10.0,Low
Perceptual disorders,Psychiatry,3,1,2014,0.062,0,11,False,10.0,Low
Pityriasis Rubra Pilaris,Dermatology,3,1,2014,0.062,0,11,False,10.0,Low
Pityriasis rubra pilaris,Dermatology,3,1,2014,0.062,0,11,False,10.0,Low
Postnatal care,OBG,3,1,2014,0.062,0,11,False,10.0,Low
Takayasu arteritis,Medicine,3,1,2014,0.062,0,11,False,10.0,Low
Antiretroviral drugs,Pharmacology,3,1,2013,0.062,0,12,False,9.8,Low
Arterial Anastomoses,Anatomy,3,1,2013,0.062,0,12,False,9.8,Low
Arterial anastomoses,Anatomy,3,1,2013,0.062,0,12,False,9.8,Low
Ataxia,ENT,3,1,2013,0.062,0,12,False,9.8,Low
CSF Leak,ENT,3,1,2013,0.062,0,12,False,9.8,Low
Citric acid cycle,Biochemistry,3,1,2013,0.062,0,12,False,9.8,Low
Dactylography,Forensic Medicine,3,1,2013,0.062,0,12,False,9.8,Low
Elbow dislocation,Orthopedics,3,1,2013,0.062,0,12,False,9.8,Low
Epiphyses,Anatomy,3,1,2013,0.062,0,12,False,9.8,Low
Erythroderma,Dermatology,3,1,2013,0.062,0,12,False,9.8,Low
Fatty Liver,Pathology,3,1,2013,0.062,0,12,False,9.8,Low
Fatty liver,Pathology,3,1,2013,0.062,0,12,False,9.8,Low
Fluid And Electrolytes,Pediatrics,3,1,2013,0.062,0,12,False,9.8,Low
Gender Dysphoria,Psychiatry,3,1,2013,0.062,0,12,False,9.8,Low
Helminth Morphology,Microbiology,3,1,2013,0.062,0,12,False,9.8,Low
Helminth morphology,Microbiology,3,1,2013,0.062,0,12,False,9.8,Low
Hereditary polyposis syndromes,Surgery,3,1,2013,0.062,0,12,False,9.8,Low
History Of Psychiatry,Psychiatry,3,1,2013,0.062,0,12,False,9.8,Low
Intravenous fluids,Pharmacology,3,1,2013,0.062,0,12,False,9.8,Low
Mastoid surgery,ENT,3,1,2013,0.062,0,12,False,9.8,Low
Medical Legislation,Forensic Medicine,3,1,2013,0.062,0,12,False,9.8,Low
Medical legislation,Forensic Medicine,3,1,2013,0.062,0,12,False,9.8,Low
Medical qualifications,Forensic Medicine,3,1,2013,0.062,0,12,False,9.8,Low
Mental Status Examination,Psychiatry,3,1,2013,0.062,0,12,False,9.8,Low
Nasolacrimal obstruction,Ophthalmology,3,1,2013,0.062,0,12,False,9.8,Low
Nocturnal Enuresis,Pediatrics,3,1,2013,0.062,0,12,False,9.8,Low
Nucleic acids,Biochemistry,3,1,2013,0.062,0,12,False,9.8,Low
Occupational Deafness,ENT,3,1,2013,0.062,0,12,False,9.8,Low
Occupational deafness,ENT,3,1,2013,0.062,0,12,False,9.8,Low
One Carbon Metabolism,Biochemistry,3,1,2013,0.062,0,12,False,9.8,Low
Patellofemoral disorders,Orthopedics,3,1,2013,0.062,0,12,False,9.8,Low
Perioperative assessment,ENT,3,1,2013,0.062,0,12,False,9.8,Low
Plasma Expanders,Pharmacology,3,1,2013,0.062,0,12,False,9.8,Low
Plasma expanders,Pharmacology,3,1,2013,0.062,0,12,False,9.8,Low
Psychiatric syndromes,Psychiatry,3,1,2013,0.062,0,12,False,9.8,Low
Scrotum,Anatomy,3,1,2013,0.062,0,12,False,9.8,Low
Sleep apnea,ENT,3,1,2013,0.062,0,12,False,9.8,Low
Somatization Disorder,Psychiatry,3,1,2013,0.062,0,12,False,9.8,Low
Somatization disorder,Psychiatry,3,1,2013,0.062,0,12,False,9.8,Low
Starvation Metabolism,Biochemistry,3,1,2013,0.062,0,12,False,9.8,Low
Syndromic Surveillance,Community Medicine,3,1,2013,0.062,0,12,False,9.8,Low
Syndromic surveillance,Community Medicine,3,1,2013,0.062,0,12,False,9.8,Low
Tonsil Disorders,ENT,3,1,2013,0.062,0,12,False,9.8,Low
Vestibular System,ENT,3,1,2013,0.062,0,12,False,9.8,Low
Cell adhesion,Pathology,3,1,2012,0.062,0,13,False,9.7,Low
Cerebral cortex,Anatomy,3,1,2012,0.062,0,13,False,9.7,Low
Estrogens,Pharmacology,3,1,2012,0.062,0,13,False,9.7,Low
Food adulteration,Forensic Medicine,3,1,2012,0.062,0,13,False,9.7,Low
Genital tuberculosis,OBG,3,1,2012,0.062,0,13,False,9.7,Low
Lipoprotein Disorders,Biochemistry,3,1,2012,0.062,0,13,False,9.7,Low
Malpresentation,OBG,3,1,2012,0.062,0,13,False,9.7,Low
Obstetric examination,OBG,3,1,2012,0.062,0,13,False,9.7,Low
Protozoa,Microbiology,3,1,2012,0.062,0,13,False,9.7,Low
Subclavian Artery,Anatomy,3,1,2012,0.062,0,13,False,9.7,Low
Subclavian artery,Anatomy,3,1,2012,0.062,0,13,False,9.7,Low
Sulfur Metabolism,Biochemistry,3,1,2012,0.062,0,13,False,9.7,Low
Sulfur metabolism,Biochemistry,3,1,2012,0.062,0,13,False,9.7,Low
Digoxin Toxicity,Medicine,2,2,"2021,2022",0.125,0,3,False,9.7,Low
Emergency management,Medicine,2,2,"2021,2022",0.125,0,3,False,9.7,Low
Hysteroscopy,OBG,2,2,"2020,2023",0.125,0,2,False,9.7,Low
Liver Cirrhosis,Medicine,2,2,"2020,2023",0.125,0,2,False,9.7,Low
Alcoholism,Medicine,2,2,"2018,2022",0.125,0,3,False,9.6,Low
Antiemetic Side Effects,Pharmacology,2,2,"2018,2022",0.125,0,3,False,9.6,Low
Drug Formulations,Pharmacology,2,2,"2019,2022",0.125,0,3,False,9.6,Low
Follicular Lymphoma,Pathology,2,2,"2020,2021",0.125,0,4,False,9.6,Low
Follicular lymphoma,Pathology,2,2,"2020,2021",0.125,0,4,False,9.6,Low
Gunshot Wounds,Forensic Medicine,2,2,"2018,2022",0.125,0,3,False,9.6,Low
Heart Murmurs,Medicine,2,2,"2019,2023",0.125,0,2,False,9.6,Low
Obstetric History,OBG,2,2,"2020,2021",0.125,0,4,False,9.6,Low
Placental Abnormalities,OBG,2,2,"2019,2022",0.125,0,3,False,9.6,Low
Plasma cell disorders,Pathology,2,2,"2019,2022",0.125,0,3,False,9.6,Low
Postpartum Care,OBG,2,2,"2019,2021",0.125,0,4,False,9.6,Low
Pressure Ulcers,Surgery,2,2,"2020,2022",0.125,0,3,False,9.6,Low
Prostate Cancer,Surgery,2,2,"2020,2021",0.125,0,4,False,9.6,Low
Teratogens,OBG,2,2,"2020,2021",0.125,0,4,False,9.6,Low
Tetanus Prophylaxis,Medicine,2,2,"2020,2021",0.125,0,4,False,9.6,Low
Tropical medicine,Medicine,2,2,"2018,2022",0.125,0,3,False,9.6,Low
Allergy,Pediatrics,2,2,"2016,2022",0.125,0,3,False,9.5,Low
Aneurysm,Surgery,2,2,"2016,2022",0.125,0,3,False,9.5,Low
Bacterial Culture,Microbiology,2,2,"2016,2022",0.125,0,3,False,9.5,Low
Basic life support,Medicine,2,2,"2019,2020",0.125,0,5,False,9.5,Low
Brain Malformations,Radiology,2,2,"2018,2019",0.125,0,6,False,9.5,Low
Cause of Death,Forensic Medicine,2,2,"2018,2019",0.125,0,6,False,9.5,Low
Cervical pathology,OBG,2,2,"2018,2020",0.125,0,5,False,9.5,Low
Chromosomal translocation,Pathology,2,2,"2016,2023",0.125,0,2,False,9.5,Low
Chronic Obstructive Pulmonary Disease,Medicine,2,2,"2018,2019",0.125,0,6,False,9.5,Low
Cleft lip and palate,Surgery,2,2,"2019,2020",0.125,0,5,False,9.5,Low
Colorectal Polyps,Pathology,2,2,"2018,2020",0.125,0,5,False,9.5,Low
Contrast Studies,Radiology,2,2,"2018,2019",0.125,0,6,False,9.5,Low
Diabetic Ketoacidosis,Pediatrics,2,2,"2014,2023",0.125,0,2,False,9.5,Low
Hip Dislocation,Orthopedics,2,2,"2016,2021",0.125,0,4,False,9.5,Low
Imaging modalities,Radiology,2,2,"2017,2022",0.125,0,3,False,9.5,Low
Inflammatory Arthritis,Pathology,2,2,"2018,2020",0.125,0,5,False,9.5,Low
Karyotype,OBG,2,2,"2018,2020",0.125,0,5,False,9.5,Low
Kidney function tests,Biochemistry,2,2,"2014,2023",0.125,0,2,False,9.5,Low
Lumbar puncture,Medicine,2,2,"2016,2021",0.125,0,4,False,9.5,Low
Measures Of Association,Community Medicine,2,2,"2018,2020",0.125,0,5,False,9.5,Low
Measures of Association,Community Medicine,2,2,"2018,2020",0.125,0,5,False,9.5,Low
Mental Health Act,Forensic Medicine,2,2,"2019,2020",0.125,0,5,False,9.5,Low
Musculoskeletal,Pediatrics,2,2,"2018,2019",0.125,0,6,False,9.5,Low
Nephrotic Syndrome,Pathology,2,2,"2016,2021",0.125,0,4,False,9.5,Low
Neurological Examination,Medicine,2,2,"2015,2023",0.125,0,2,False,9.5,Low
Ocular manifestations,Ophthalmology,2,2,"2018,2019",0.125,0,6,False,9.5,Low
Oral Pathology,Medicine,2,2,"2015,2022",0.125,0,3,False,9.5,Low
Pelvic inflammatory disease,OBG,2,2,"2017,2020",0.125,0,5,False,9.5,Low
Peripheral Arterial Disease,Medicine,2,2,"2018,2020",0.125,0,5,False,9.5,Low
Postmortem findings,Forensic Medicine,2,2,"2015,2022",0.125,0,3,False,9.5,Low
Prokinetic Agents,Pharmacology,2,2,"2019,2020",0.125,0,5,False,9.5,Low
Prokinetic agents,Pharmacology,2,2,"2019,2020",0.125,0,5,False,9.5,Low
Spinal Deformity,Orthopedics,2,2,"2016,2021",0.125,0,4,False,9.5,Low
Strabismus Diagnosis,Ophthalmology,2,2,"2019,2020",0.125,0,5,False,9.5,Low
Subcutaneous Mycoses,Microbiology,2,2,"2018,2020",0.125,0,5,False,9.5,Low
Tetanus,Microbiology,2,2,"2018,2020",0.125,0,5,False,9.5,Low
Vulvar disorders,OBG,2,2,"2018,2019",0.125,0,6,False,9.5,Low
Acromegaly,Medicine,2,2,"2016,2020",0.125,0,5,False,9.4,Low
Aldosterone Regulation,Physiology,2,2,"2017,2018",0.125,0,7,False,9.4,Low
Allergic Bronchopulmonary Aspergillosis,Medicine,2,2,"2017,2018",0.125,0,7,False,9.4,Low
Antipsychotic Side Effects,Pharmacology,2,2,"2015,2020",0.125,0,5,False,9.4,Low
Antiseptics and Disinfectants,Microbiology,2,2,"2015,2020",0.125,0,5,False,9.4,Low
Aortic pathology,Radiology,2,2,"2017,2018",0.125,0,7,False,9.4,Low
Ascites,Medicine,2,2,"2013,2022",0.125,0,3,False,9.4,Low
Auditory Implants,ENT,2,2,"2017,2018",0.125,0,7,False,9.4,Low
Cardiac Devices,Medicine,2,2,"2017,2018",0.125,0,7,False,9.4,Low
Cardiac Tamponade,Medicine,2,2,"2016,2019",0.125,0,6,False,9.4,Low
Carrier State,Microbiology,2,2,"2016,2019",0.125,0,6,False,9.4,Low
Cellular physiology,Physiology,2,2,"2016,2019",0.125,0,6,False,9.4,Low
Cholinesterase inhibitors,Pharmacology,2,2,"2016,2019",0.125,0,6,False,9.4,Low
Chronic Kidney Disease,Surgery,2,2,"2014,2021",0.125,0,4,False,9.4,Low
Connective Tissue Biochemistry,Biochemistry,2,2,"2014,2021",0.125,0,4,False,9.4,Low
Cryoglobulinemia,Medicine,2,2,"2017,2018",0.125,0,7,False,9.4,Low
Diagnostic Methods,Medicine,2,2,"2014,2022",0.125,0,3,False,9.4,Low
Dream Analysis,Psychiatry,2,2,"2017,2018",0.125,0,7,False,9.4,Low
Enzyme inhibitors,Pharmacology,2,2,"2016,2019",0.125,0,6,False,9.4,Low
Esophageal motility disorders,Medicine,2,2,"2016,2020",0.125,0,5,False,9.4,Low
Fasciotomy,Surgery,2,2,"2017,2018",0.125,0,7,False,9.4,Low
Fetal lung maturity,OBG,2,2,"2017,2018",0.125,0,7,False,9.4,Low
Fragile X Syndrome,Pediatrics,2,2,"2016,2019",0.125,0,6,False,9.4,Low
Gestational Age Estimation,OBG,2,2,"2014,2021",0.125,0,4,False,9.4,Low
Hemolytic Uremic Syndrome,Pathology,2,2,"2016,2019",0.125,0,6,False,9.4,Low
Herpes Zoster,Dermatology,2,2,"2016,2019",0.125,0,6,False,9.4,Low
Herpes zoster,Dermatology,2,2,"2016,2019",0.125,0,6,False,9.4,Low
Hormone therapy,OBG,2,2,"2017,2018",0.125,0,7,False,9.4,Low
Hypertension Management,Surgery,2,2,"2014,2021",0.125,0,4,False,9.4,Low
Insanity defense,Forensic Medicine,2,2,"2017,2018",0.125,0,7,False,9.4,Low
Intraocular Foreign Body,Ophthalmology,2,2,"2014,2021",0.125,0,4,False,9.4,Low
Liver Physiology,Biochemistry,2,2,"2016,2019",0.125,0,6,False,9.4,Low
Male Sexual Dysfunction,Medicine,2,2,"2017,2018",0.125,0,7,False,9.4,Low
Menopausal Hormone Therapy,OBG,2,2,"2017,2018",0.125,0,7,False,9.4,Low
Menorrhagia,OBG,2,2,"2016,2019",0.125,0,6,False,9.4,Low
Metabolic emergencies,Medicine,2,2,"2013,2022",0.125,0,3,False,9.4,Low
Muscle function,Anatomy,2,2,"2015,2020",0.125,0,5,False,9.4,Low
Neonatal Gi Disorders,Pediatrics,2,2,"2016,2020",0.125,0,5,False,9.4,Low
Neurolathyrism,Community Medicine,2,2,"2014,2021",0.125,0,4,False,9.4,Low
Nevi And Moles,Dermatology,2,2,"2017,2018",0.125,0,7,False,9.4,Low
Occupational Poisoning,Forensic Medicine,2,2,"2012,2023",0.125,0,2,False,9.4,Low
Ophthalmia Neonatorum,Ophthalmology,2,2,"2017,2018",0.125,0,7,False,9.4,Low
Oxygen Therapy,Anaesthesia,2,2,"2014,2022",0.125,0,3,False,9.4,Low
Pelvic Inflammatory Disease Complications,OBG,2,2,"2017,2018",0.125,0,7,False,9.4,Low
Preoperative Evaluation,Anaesthesia,2,2,"2015,2020",0.125,0,5,False,9.4,Low
Primary Survey,Medicine,2,2,"2015,2020",0.125,0,5,False,9.4,Low
Prognostic Factors,Surgery,2,2,"2017,2018",0.125,0,7,False,9.4,Low
Psychodynamic Theories,Psychiatry,2,2,"2017,2018",0.125,0,7,False,9.4,Low
Pulmonary Eosinophilia,Surgery,2,2,"2014,2021",0.125,0,4,False,9.4,Low
Radiological Signs,Radiology,2,2,"2016,2020",0.125,0,5,False,9.4,Low
Screening Tests,Community Medicine,2,2,"2016,2020",0.125,0,5,False,9.4,Low
Skeletal Imaging,Radiology,2,2,"2017,2018",0.125,0,7,False,9.4,Low
Skin Cancer,Dermatology,2,2,"2016,2020",0.125,0,5,False,9.4,Low
Skull Anatomy,Anatomy,2,2,"2017,2018",0.125,0,7,False,9.4,Low
Subarachnoid hemorrhage,Radiology,2,2,"2015,2020",0.125,0,5,False,9.4,Low
Surgical complications,Ophthalmology,2,2,"2014,2021",0.125,0,4,False,9.4,Low
Takayasu Arteritis,Medicine,2,2,"2014,2021",0.125,0,4,False,9.4,Low
Tenosynovitis,Orthopedics,2,2,"2017,2019",0.125,0,6,False,9.4,Low
Thyroidectomy complications,Surgery,2,2,"2015,2021",0.125,0,4,False,9.4,Low
Urinary incontinence,OBG,2,2,"2015,2021",0.125,0,4,False,9.4,Low
Urogenital Imaging,Radiology,2,2,"2017,2018",0.125,0,7,False,9.4,Low
Validity Of Screening Tests,Community Medicine,2,2,"2017,2018",0.125,0,7,False,9.4,Low
Validity of Screening Tests,Community Medicine,2,2,"2017,2018",0.125,0,7,False,9.4,Low
Venous Drainage,Anatomy,2,2,"2014,2022",0.125,0,3,False,9.4,Low
Venous anatomy,Anatomy,2,2,"2013,2023",0.125,0,2,False,9.4,Low
Abdominal surgery,Surgery,2,2,"2012,2022",0.125,0,3,False,9.3,Low
Alopecia Areata,Dermatology,2,2,"2014,2019",0.125,0,6,False,9.3,Low
Alopecia areata,Dermatology,2,2,"2014,2019",0.125,0,6,False,9.3,Low
Amino Acid Metabolism Disorders,Biochemistry,2,2,"2016,2018",0.125,0,7,False,9.3,Low
Anaesthesia equipment,Anaesthesia,2,2,"2015,2017",0.125,0,8,False,9.3,Low
Analgesics,Anaesthesia,2,2,"2012,2020",0.125,0,5,False,9.3,Low
Anesthesia Equipment,Anaesthesia,2,2,"2016,2018",0.125,0,7,False,9.3,Low
Anesthetic Agents,Pharmacology,2,2,"2016,2017",0.125,0,8,False,9.3,Low
Anorectal Surgery,Surgery,2,2,"2012,2020",0.125,0,5,False,9.3,Low
Antibiotic Classification,Pharmacology,2,2,"2016,2017",0.125,0,8,False,9.3,Low
Auditory Physiology,Physiology,2,2,"2014,2018",0.125,0,7,False,9.3,Low
Auditory System,Physiology,2,2,"2014,2018",0.125,0,7,False,9.3,Low
Autoimmune Skin Diseases,Surgery,2,2,"2011,2021",0.125,0,4,False,9.3,Low
B Cell Activation,Microbiology,2,2,"2012,2020",0.125,0,5,False,9.3,Low
Biliary System,Anatomy,2,2,"2014,2019",0.125,0,6,False,9.3,Low
Body fluid compartments,Physiology,2,2,"2013,2021",0.125,0,4,False,9.3,Low
Brain Abscess,Pediatrics,2,2,"2013,2021",0.125,0,4,False,9.3,Low
Brucellosis,Microbiology,2,2,"2013,2021",0.125,0,4,False,9.3,Low
Bullous diseases,Dermatology,2,2,"2013,2020",0.125,0,5,False,9.3,Low
Burn Management,Surgery,2,2,"2016,2018",0.125,0,7,False,9.3,Low
CNS Stimulants,Pharmacology,2,2,"2015,2019",0.125,0,6,False,9.3,Low
Cardiac Imaging Findings,Radiology,2,2,"2014,2019",0.125,0,6,False,9.3,Low
Chelating agents,Pharmacology,2,2,"2010,2022",0.125,0,3,False,9.3,Low
Cholinergic Agonists,Pharmacology,2,2,"2014,2020",0.125,0,5,False,9.3,Low
Clinical Microbiology,Microbiology,2,2,"2012,2022",0.125,0,3,False,9.3,Low
Congenital uterine anomalies,OBG,2,2,"2015,2018",0.125,0,7,False,9.3,Low
Consanguinity,Pathology,2,2,"2015,2019",0.125,0,6,False,9.3,Low
Contraceptive Methods,OBG,2,2,"2014,2020",0.125,0,5,False,9.3,Low
Corynebacterium Diphtheriae,Microbiology,2,2,"2015,2019",0.125,0,6,False,9.3,Low
Corynebacterium diphtheriae,Microbiology,2,2,"2015,2019",0.125,0,6,False,9.3,Low
Croup,Pediatrics,2,2,"2014,2020",0.125,0,5,False,9.3,Low
DNA structure,Biochemistry,2,2,"2014,2018",0.125,0,7,False,9.3,Low
Decomposition,Forensic Medicine,2,2,"2015,2019",0.125,0,6,False,9.3,Low
Deformities,Orthopedics,2,2,"2012,2020",0.125,0,5,False,9.3,Low
Dialysis complications,Medicine,2,2,"2015,2018",0.125,0,7,False,9.3,Low
Diplopia,Ophthalmology,2,2,"2014,2019",0.125,0,6,False,9.3,Low
Drug Elimination,Pharmacology,2,2,"2013,2020",0.125,0,5,False,9.3,Low
Drug side effects,Pharmacology,2,2,"2013,2019",0.125,0,6,False,9.3,Low
Dyslipidemia Management,Pharmacology,2,2,"2014,2018",0.125,0,7,False,9.3,Low
EEG monitoring,Anaesthesia,2,2,"2014,2019",0.125,0,6,False,9.3,Low
Eczema,Dermatology,2,2,"2013,2019",0.125,0,6,False,9.3,Low
Elbow Injuries,Orthopedics,2,2,"2012,2020",0.125,0,5,False,9.3,Low
Fallopian tube anatomy,OBG,2,2,"2012,2020",0.125,0,5,False,9.3,Low
Female Genital Anatomy,OBG,2,2,"2011,2022",0.125,0,3,False,9.3,Low
Femoral Triangle,Anatomy,2,2,"2015,2019",0.125,0,6,False,9.3,Low
Fetal Presentation And Position,Surgery,2,2,"2012,2021",0.125,0,4,False,9.3,Low
Fetal Presentation and Position,Surgery,2,2,"2012,2021",0.125,0,4,False,9.3,Low
First Aid,Medicine,2,2,"2012,2022",0.125,0,3,False,9.3,Low
Fluid Management,Surgery,2,2,"2016,2017",0.125,0,8,False,9.3,Low
Food Adulteration,Forensic Medicine,2,2,"2012,2021",0.125,0,4,False,9.3,Low
Food Microbiology,Microbiology,2,2,"2016,2018",0.125,0,7,False,9.3,Low
Foodborne illnesses,Microbiology,2,2,"2015,2018",0.125,0,7,False,9.3,Low
Forearm Muscles,Anatomy,2,2,"2015,2019",0.125,0,6,False,9.3,Low
Gait abnormalities,Pediatrics,2,2,"2015,2019",0.125,0,6,False,9.3,Low
Gene Transfer,Biochemistry,2,2,"2016,2018",0.125,0,7,False,9.3,Low
General Anesthesia,Radiology,2,2,"2012,2021",0.125,0,4,False,9.3,Low
General Microbiology,Microbiology,2,2,"2012,2021",0.125,0,4,False,9.3,Low
Goitre,Surgery,2,2,"2014,2020",0.125,0,5,False,9.3,Low
Gynaecological procedures,OBG,2,2,"2016,2017",0.125,0,8,False,9.3,Low
Head And Neck Radiology,Radiology,2,2,"2014,2020",0.125,0,5,False,9.3,Low
Head and Neck Radiology,Radiology,2,2,"2014,2020",0.125,0,5,False,9.3,Low
Headache,Anaesthesia,2,2,"2014,2020",0.125,0,5,False,9.3,Low
Health legislation,Community Medicine,2,2,"2013,2019",0.125,0,6,False,9.3,Low
Hemophilia,Pathology,2,2,"2016,2018",0.125,0,7,False,9.3,Low
Hepatobiliary imaging,Radiology,2,2,"2013,2020",0.125,0,5,False,9.3,Low
History,Microbiology,2,2,"2016,2017",0.125,0,8,False,9.3,Low
Hodgkin lymphoma,Medicine,2,2,"2016,2018",0.125,0,7,False,9.3,Low
Homeostasis,Physiology,2,2,"2015,2018",0.125,0,7,False,9.3,Low
Hormone Therapy,OBG,2,2,"2016,2018",0.125,0,7,False,9.3,Low
Hydatid disease,Surgery,2,2,"2014,2019",0.125,0,6,False,9.3,Low
Hyperlipoproteinemia,Biochemistry,2,2,"2014,2019",0.125,0,6,False,9.3,Low
Imaging Modalities,Radiology,2,2,"2012,2022",0.125,0,3,False,9.3,Low
Immunosuppressive Drugs,Pharmacology,2,2,"2016,2018",0.125,0,7,False,9.3,Low
Immunosuppressive drugs,Pharmacology,2,2,"2016,2018",0.125,0,7,False,9.3,Low
Insulin secretion,Physiology,2,2,"2014,2019",0.125,0,6,False,9.3,Low
Intellectual disability,Psychiatry,2,2,"2014,2018",0.125,0,7,False,9.3,Low
Introduction to Pathology,Pathology,2,2,"2016,2018",0.125,0,7,False,9.3,Low
Ion Channels,Pharmacology,2,2,"2015,2019",0.125,0,6,False,9.3,Low
Kaposi Sarcoma,Medicine,2,2,"2015,2018",0.125,0,7,False,9.3,Low
Ldh Isoenzymes,Biochemistry,2,2,"2016,2018",0.125,0,7,False,9.3,Low
Local Anaesthetic Toxicity,Surgery,2,2,"2013,2021",0.125,0,4,False,9.3,Low
Macular Diseases,Ophthalmology,2,2,"2014,2020",0.125,0,5,False,9.3,Low
Medical ethics,Community Medicine,2,2,"2012,2020",0.125,0,5,False,9.3,Low
Meiosis,Physiology,2,2,"2014,2020",0.125,0,5,False,9.3,Low
Membrane Potential,Physiology,2,2,"2014,2018",0.125,0,7,False,9.3,Low
Meninges,Anatomy,2,2,"2013,2021",0.125,0,4,False,9.3,Low
Mesothelioma,Community Medicine,2,2,"2014,2018",0.125,0,7,False,9.3,Low
Microscopic polyangiitis,Medicine,2,2,"2015,2019",0.125,0,6,False,9.3,Low
Molecular Chaperones,Biochemistry,2,2,"2015,2018",0.125,0,7,False,9.3,Low
Motility Disorders,Medicine,2,2,"2014,2020",0.125,0,5,False,9.3,Low
Movement disorders,Medicine,2,2,"2016,2018",0.125,0,7,False,9.3,Low
Muscle relaxants,Pharmacology,2,2,"2014,2018",0.125,0,7,False,9.3,Low
Nasal Septum Surgery,ENT,2,2,"2013,2019",0.125,0,6,False,9.3,Low
Neonatal Dermatology,Dermatology,2,2,"2014,2018",0.125,0,7,False,9.3,Low
Neonatal Skin Disorders,Dermatology,2,2,"2016,2018",0.125,0,7,False,9.3,Low
Neonatal skin disorders,Dermatology,2,2,"2016,2018",0.125,0,7,False,9.3,Low
Nerve injuries,Orthopedics,2,2,"2014,2019",0.125,0,6,False,9.3,Low
Neural crest,Anatomy,2,2,"2015,2018",0.125,0,7,False,9.3,Low
Neurological disorders,Medicine,2,2,"2015,2019",0.125,0,6,False,9.3,Low
Neuromuscular Monitoring,Anaesthesia,2,2,"2016,2018",0.125,0,7,False,9.3,Low
Normal Distribution,Community Medicine,2,2,"2014,2020",0.125,0,5,False,9.3,Low
Optic Disc,Ophthalmology,2,2,"2015,2018",0.125,0,7,False,9.3,Low
Otitis Media Complications,Radiology,2,2,"2013,2021",0.125,0,4,False,9.3,Low
Oxygen therapy,Medicine,2,2,"2014,2020",0.125,0,5,False,9.3,Low
PCR,Microbiology,2,2,"2013,2019",0.125,0,6,False,9.3,Low
Pelvic Pain,OBG,2,2,"2014,2019",0.125,0,6,False,9.3,Low
Perinatal HIV,Pediatrics,2,2,"2011,2022",0.125,0,3,False,9.3,Low
Perinatal Hiv,Pediatrics,2,2,"2011,2022",0.125,0,3,False,9.3,Low
Perineal Tear,OBG,2,2,"2013,2020",0.125,0,5,False,9.3,Low
Postoperative Care,Surgery,2,2,"2014,2019",0.125,0,6,False,9.3,Low
Postoperative care,Surgery,2,2,"2014,2019",0.125,0,6,False,9.3,Low
Postpartum haemorrhage,OBG,2,2,"2016,2017",0.125,0,8,False,9.3,Low
Pre-eclampsia Management,Anaesthesia,2,2,"2016,2018",0.125,0,7,False,9.3,Low
Prioritization,Medicine,2,2,"2016,2017",0.125,0,8,False,9.3,Low
Prophylaxis,Pediatrics,2,2,"2014,2018",0.125,0,7,False,9.3,Low
Protein synthesis inhibitors,Pharmacology,2,2,"2012,2020",0.125,0,5,False,9.3,Low
Pulmonary function tests,Medicine,2,2,"2014,2019",0.125,0,6,False,9.3,Low
Scarring,Surgery,2,2,"2016,2017",0.125,0,8,False,9.3,Low
Sensory Pathways,Physiology,2,2,"2013,2019",0.125,0,6,False,9.3,Low
Sickle Cell Disease,Pediatrics,2,2,"2012,2022",0.125,0,3,False,9.3,Low
Sickle Cell Disease Complications,Pediatrics,2,2,"2016,2018",0.125,0,7,False,9.3,Low
Skeletal Dysplasias,Orthopedics,2,2,"2014,2019",0.125,0,6,False,9.3,Low
Skin Neoplasms,Dermatology,2,2,"2014,2020",0.125,0,5,False,9.3,Low
Skull Imaging,Radiology,2,2,"2016,2017",0.125,0,8,False,9.3,Low
Smoking cessation,Pharmacology,2,2,"2014,2019",0.125,0,6,False,9.3,Low
Spinal Cord Injury,Anatomy,2,2,"2010,2023",0.125,0,2,False,9.3,Low
Spinal Imaging,Radiology,2,2,"2013,2019",0.125,0,6,False,9.3,Low
Strychnine Poisoning,Forensic Medicine,2,2,"2016,2018",0.125,0,7,False,9.3,Low
Strychnine poisoning,Forensic Medicine,2,2,"2016,2018",0.125,0,7,False,9.3,Low
Surgical materials,Surgery,2,2,"2014,2018",0.125,0,7,False,9.3,Low
Thyroid eye disease,Ophthalmology,2,2,"2012,2021",0.125,0,4,False,9.3,Low
Tic disorders,Psychiatry,2,2,"2015,2018",0.125,0,7,False,9.3,Low
Tinea Capitis,Dermatology,2,2,"2013,2021",0.125,0,4,False,9.3,Low
Toxoplasmosis,Microbiology,2,2,"2014,2018",0.125,0,7,False,9.3,Low
Transfusion reactions,Pathology,2,2,"2015,2018",0.125,0,7,False,9.3,Low
Transplant Rejection,Pathology,2,2,"2015,2018",0.125,0,7,False,9.3,Low
Umbilical cord,OBG,2,2,"2016,2017",0.125,0,8,False,9.3,Low
Uterine Imaging,Radiology,2,2,"2016,2017",0.125,0,8,False,9.3,Low
Vaginal discharge,OBG,2,2,"2015,2019",0.125,0,6,False,9.3,Low
Varicose Veins,Surgery,2,2,"2013,2021",0.125,0,4,False,9.3,Low
Vertebral column,Anatomy,2,2,"2014,2019",0.125,0,6,False,9.3,Low
Vesicovaginal Fistula,OBG,2,2,"2010,2022",0.125,0,3,False,9.3,Low
Vitamin deficiencies,Biochemistry,2,2,"2014,2018",0.125,0,7,False,9.3,Low
Water Balance,Physiology,2,2,"2014,2020",0.125,0,5,False,9.3,Low
Wrist Dislocations,Orthopedics,2,2,"2016,2018",0.125,0,7,False,9.3,Low
Acute scrotum,Surgery,2,2,"2013,2016",0.125,0,9,False,9.2,Low
Adenoid,Anatomy,2,2,"2015,2016",0.125,0,9,False,9.2,Low
Adrenergic Drugs,Pharmacology,2,2,"2012,2018",0.125,0,7,False,9.2,Low
Alcoholic liver disease,Pathology,2,2,"2015,2016",0.125,0,9,False,9.2,Low
Amoebiasis,Microbiology,2,2,"2013,2016",0.125,0,9,False,9.2,Low
Anaesthesia depth,Anaesthesia,2,2,"2014,2017",0.125,0,8,False,9.2,Low
Anaesthesia monitoring,Anaesthesia,2,2,"2013,2017",0.125,0,8,False,9.2,Low
Anaesthetic Monitoring,Anaesthesia,2,2,"2010,2019",0.125,0,6,False,9.2,Low
Aneurysms,Surgery,2,2,"2012,2019",0.125,0,6,False,9.2,Low
Anorectal disorders,Surgery,2,2,"2013,2016",0.125,0,9,False,9.2,Low
Anterior chamber angle,Ophthalmology,2,2,"2013,2016",0.125,0,9,False,9.2,Low
Anthrax,Microbiology,2,2,"2015,2016",0.125,0,9,False,9.2,Low
Antibiotic therapy,Pharmacology,2,2,"2014,2016",0.125,0,9,False,9.2,Low
Antiepileptics,Pharmacology,2,2,"2010,2021",0.125,0,4,False,9.2,Low
Antihypertensive agents,Pharmacology,2,2,"2015,2016",0.125,0,9,False,9.2,Low
Antimicrobial Pharmacology,Pharmacology,2,2,"2010,2019",0.125,0,6,False,9.2,Low
Antiparkinson drugs,Pharmacology,2,2,"2014,2016",0.125,0,9,False,9.2,Low
Antiretroviral Therapy,Community Medicine,2,2,"2014,2016",0.125,0,9,False,9.2,Low
Aortic Diseases,Pathology,2,2,"2012,2019",0.125,0,6,False,9.2,Low
Autism Spectrum Disorders,Psychiatry,2,2,"2014,2016",0.125,0,9,False,9.2,Low
Bacterial Characteristics,Microbiology,2,2,"2014,2017",0.125,0,8,False,9.2,Low
Bacterial pathogenesis,Microbiology,2,2,"2015,2016",0.125,0,9,False,9.2,Low
Beta-2 agonists,Pharmacology,2,2,"2014,2016",0.125,0,9,False,9.2,Low
Biliary System Diseases,Surgery,2,2,"2011,2019",0.125,0,6,False,9.2,Low
Biochemical Techniques,Biochemistry,2,2,"2015,2016",0.125,0,9,False,9.2,Low
Bones,Anatomy,2,2,"2013,2016",0.125,0,9,False,9.2,Low
Brachial Plexus Injuries,Orthopedics,2,2,"2014,2015",0.125,0,10,False,9.2,Low
Brain,Anatomy,2,2,"2012,2019",0.125,0,6,False,9.2,Low
Brainstem Nuclei,Anatomy,2,2,"2012,2017",0.125,0,8,False,9.2,Low
Brainstem syndromes,Medicine,2,2,"2013,2017",0.125,0,8,False,9.2,Low
Breathing circuits,Anaesthesia,2,2,"2013,2017",0.125,0,8,False,9.2,Low
Cardiac Glycosides,Pharmacology,2,2,"2014,2016",0.125,0,9,False,9.2,Low
Chemotherapy Agents,Pharmacology,2,2,"2014,2016",0.125,0,9,False,9.2,Low
Chemotherapy agents,Pharmacology,2,2,"2014,2016",0.125,0,9,False,9.2,Low
Chest imaging,Radiology,2,2,"2012,2019",0.125,0,6,False,9.2,Low
Chest radiology,Radiology,2,2,"2014,2015",0.125,0,10,False,9.2,Low
Chronic Otitis Media,ENT,2,2,"2014,2016",0.125,0,9,False,9.2,Low
Classification,Community Medicine,2,2,"2013,2018",0.125,0,7,False,9.2,Low
Cleft Lip and Palate,Surgery,2,2,"2013,2016",0.125,0,9,False,9.2,Low
Cleft Palate,Surgery,2,2,"2014,2016",0.125,0,9,False,9.2,Low
Coagulation Cascade,Physiology,2,2,"2014,2015",0.125,0,10,False,9.2,Low
Contact Dermatitis,Dermatology,2,2,"2013,2016",0.125,0,9,False,9.2,Low
Cranial Nerve Disorders,ENT,2,2,"2013,2016",0.125,0,9,False,9.2,Low
Cranial nerve anatomy,Anatomy,2,2,"2015,2016",0.125,0,9,False,9.2,Low
Dactylitis,Medicine,2,2,"2014,2015",0.125,0,10,False,9.2,Low
Data Analysis,Community Medicine,2,2,"2011,2019",0.125,0,6,False,9.2,Low
Definitions,OBG,2,2,"2013,2017",0.125,0,8,False,9.2,Low
Depth Of Anaesthesia,Anaesthesia,2,2,"2012,2019",0.125,0,6,False,9.2,Low
Dermatitis Herpetiformis,Dermatology,2,2,"2013,2016",0.125,0,9,False,9.2,Low
Dermatitis herpetiformis,Dermatology,2,2,"2013,2016",0.125,0,9,False,9.2,Low
Descriptive Statistics,Community Medicine,2,2,"2010,2019",0.125,0,6,False,9.2,Low
Diagnostic criteria,Psychiatry,2,2,"2013,2016",0.125,0,9,False,9.2,Low
Diagnostics,Community Medicine,2,2,"2014,2015",0.125,0,10,False,9.2,Low
Dialysis Complications,Medicine,2,2,"2014,2015",0.125,0,10,False,9.2,Low
Diffusion,Physiology,2,2,"2015,2016",0.125,0,9,False,9.2,Low
Dopamine agonists,Pharmacology,2,2,"2014,2016",0.125,0,9,False,9.2,Low
Drug Absorption,Pharmacology,2,2,"2014,2017",0.125,0,8,False,9.2,Low
Drug administration,Pharmacology,2,2,"2015,2016",0.125,0,9,False,9.2,Low
Edema,Pathology,2,2,"2014,2016",0.125,0,9,False,9.2,Low
Electrolyte disturbances,Medicine,2,2,"2014,2016",0.125,0,9,False,9.2,Low
Electrolytes,Medicine,2,2,"2010,2020",0.125,0,5,False,9.2,Low
Emergency surgery,Surgery,2,2,"2012,2019",0.125,0,6,False,9.2,Low
Enterobacteriaceae,Microbiology,2,2,"2015,2016",0.125,0,9,False,9.2,Low
Enzyme Classification,Biochemistry,2,2,"2014,2016",0.125,0,9,False,9.2,Low
Enzyme Regulation,Biochemistry,2,2,"2015,2016",0.125,0,9,False,9.2,Low
Enzyme classification,Biochemistry,2,2,"2014,2016",0.125,0,9,False,9.2,Low
Esophageal Perforation,ENT,2,2,"2014,2015",0.125,0,10,False,9.2,Low
Extrapyramidal symptoms,Pharmacology,2,2,"2014,2016",0.125,0,9,False,9.2,Low
Eye anatomy,Ophthalmology,2,2,"2014,2015",0.125,0,10,False,9.2,Low
Familial Adenomatous Polyposis,Surgery,2,2,"2013,2016",0.125,0,9,False,9.2,Low
Fetal Biometry,OBG,2,2,"2014,2016",0.125,0,9,False,9.2,Low
Fluid Electrolyte Balance,Medicine,2,2,"2010,2019",0.125,0,6,False,9.2,Low
Folic acid supplementation,OBG,2,2,"2014,2015",0.125,0,10,False,9.2,Low
Foot And Ankle,Orthopedics,2,2,"2014,2015",0.125,0,10,False,9.2,Low
Functional Bowel Disorders,Medicine,2,2,"2010,2020",0.125,0,5,False,9.2,Low
Gastric Disorders,Medicine,2,2,"2015,2016",0.125,0,9,False,9.2,Low
Gastric Secretion,Physiology,2,2,"2014,2016",0.125,0,9,False,9.2,Low
Gastric cancer,Pathology,2,2,"2014,2016",0.125,0,9,False,9.2,Low
Gestational age assessment,OBG,2,2,"2015,2016",0.125,0,9,False,9.2,Low
Glycemic Control,Biochemistry,2,2,"2015,2016",0.125,0,9,False,9.2,Low
Glycosylation,Biochemistry,2,2,"2014,2016",0.125,0,9,False,9.2,Low
Gynaecological surgery,OBG,2,2,"2012,2018",0.125,0,7,False,9.2,Low
Hand Surgery,Orthopedics,2,2,"2013,2018",0.125,0,7,False,9.2,Low
Head and neck neoplasms,ENT,2,2,"2013,2018",0.125,0,7,False,9.2,Low
Hearing,Physiology,2,2,"2015,2016",0.125,0,9,False,9.2,Low
Hepatitis Viruses,Microbiology,2,2,"2013,2018",0.125,0,7,False,9.2,Low
Hepatotoxicity,Pharmacology,2,2,"2013,2016",0.125,0,9,False,9.2,Low
Hypertensive Retinopathy,Ophthalmology,2,2,"2013,2016",0.125,0,9,False,9.2,Low
Hypertensive retinopathy,Ophthalmology,2,2,"2013,2016",0.125,0,9,False,9.2,Low
Hysterosalpingography,Radiology,2,2,"2014,2016",0.125,0,9,False,9.2,Low
IV Fluids,Pharmacology,2,2,"2015,2016",0.125,0,9,False,9.2,Low
Infantile Spasm,Pharmacology,2,2,"2013,2016",0.125,0,9,False,9.2,Low
Infantile spasm,Pharmacology,2,2,"2013,2016",0.125,0,9,False,9.2,Low
Intraoperative Monitoring,Anaesthesia,2,2,"2011,2018",0.125,0,7,False,9.2,Low
Keratoconus,Ophthalmology,2,2,"2014,2016",0.125,0,9,False,9.2,Low
Ketamine,Pharmacology,2,2,"2014,2015",0.125,0,10,False,9.2,Low
Kidney Function Tests,Biochemistry,2,2,"2014,2016",0.125,0,9,False,9.2,Low
Kyphosis,Orthopedics,2,2,"2013,2016",0.125,0,9,False,9.2,Low
Laryngeal mask airway,Anaesthesia,2,2,"2014,2015",0.125,0,10,False,9.2,Low
Lipids,Biochemistry,2,2,"2012,2018",0.125,0,7,False,9.2,Low
Liver Disease,Medicine,2,2,"2012,2019",0.125,0,6,False,9.2,Low
Liver Metabolism,Biochemistry,2,2,"2012,2019",0.125,0,6,False,9.2,Low
Lumbar Canal Stenosis,Orthopedics,2,2,"2014,2015",0.125,0,10,False,9.2,Low
Lumbar canal stenosis,Orthopedics,2,2,"2014,2015",0.125,0,10,False,9.2,Low
Lung Abscess,Medicine,2,2,"2014,2015",0.125,0,10,False,9.2,Low
Lymph Node Pathology,Pathology,2,2,"2011,2020",0.125,0,5,False,9.2,Low
MRSA,Pharmacology,2,2,"2014,2016",0.125,0,9,False,9.2,Low
Macular disorders,Ophthalmology,2,2,"2011,2020",0.125,0,5,False,9.2,Low
Mastectomy,Surgery,2,2,"2014,2016",0.125,0,9,False,9.2,Low
Maternal Physiology,OBG,2,2,"2015,2016",0.125,0,9,False,9.2,Low
Meningococcal vaccine,Microbiology,2,2,"2015,2016",0.125,0,9,False,9.2,Low
Microcytic anemia,Pathology,2,2,"2014,2015",0.125,0,10,False,9.2,Low
Molecular targeted therapy,Pharmacology,2,2,"2011,2020",0.125,0,5,False,9.2,Low
Muscarinic Antagonists,Pharmacology,2,2,"2015,2016",0.125,0,9,False,9.2,Low
Muscarinic antagonists,Pharmacology,2,2,"2015,2016",0.125,0,9,False,9.2,Low
Myositis Ossificans,Orthopedics,2,2,"2013,2016",0.125,0,9,False,9.2,Low
NADPH Production,Biochemistry,2,2,"2012,2019",0.125,0,6,False,9.2,Low
Necrosis,Pathology,2,2,"2015,2016",0.125,0,9,False,9.2,Low
Neuroleptic Malignant Syndrome,Pharmacology,2,2,"2014,2015",0.125,0,10,False,9.2,Low
Neuroleptic malignant syndrome,Pharmacology,2,2,"2014,2015",0.125,0,10,False,9.2,Low
Nutrient absorption,Biochemistry,2,2,"2015,2016",0.125,0,9,False,9.2,Low
Occupational poisoning,Forensic Medicine,2,2,"2012,2018",0.125,0,7,False,9.2,Low
Ocular Manifestations,Pediatrics,2,2,"2010,2019",0.125,0,6,False,9.2,Low
Ocular Motility Disorders,Ophthalmology,2,2,"2011,2020",0.125,0,5,False,9.2,Low
Oral Cavity Cancer,Surgery,2,2,"2014,2015",0.125,0,10,False,9.2,Low
Ovarian reserve,OBG,2,2,"2012,2019",0.125,0,6,False,9.2,Low
Pde5 Inhibitors,Pharmacology,2,2,"2014,2017",0.125,0,8,False,9.2,Low
Pelvic Floor Disorders,Surgery,2,2,"2012,2018",0.125,0,7,False,9.2,Low
Pelvic Girdle,Anatomy,2,2,"2014,2017",0.125,0,8,False,9.2,Low
Pemphigus Vulgaris,Dermatology,2,2,"2014,2015",0.125,0,10,False,9.2,Low
Peripheral Nerve Entrapment,Orthopedics,2,2,"2012,2018",0.125,0,7,False,9.2,Low
Pertussis,Microbiology,2,2,"2015,2016",0.125,0,9,False,9.2,Low
Pityriasis Rosea,Dermatology,2,2,"2014,2016",0.125,0,9,False,9.2,Low
Pityriasis rosea,Dermatology,2,2,"2014,2016",0.125,0,9,False,9.2,Low
Plant Poisoning,Pharmacology,2,2,"2010,2021",0.125,0,4,False,9.2,Low
Posterior staphyloma,Ophthalmology,2,2,"2014,2015",0.125,0,10,False,9.2,Low
Postmortem Findings,Forensic Medicine,2,2,"2014,2015",0.125,0,10,False,9.2,Low
Precancerous Lesions,Pathology,2,2,"2015,2016",0.125,0,9,False,9.2,Low
Protein synthesis,Biochemistry,2,2,"2014,2016",0.125,0,9,False,9.2,Low
Psychiatric management,Psychiatry,2,2,"2014,2015",0.125,0,10,False,9.2,Low
Public health,Community Medicine,2,2,"2013,2016",0.125,0,9,False,9.2,Low
Pulmonary manifestations,Medicine,2,2,"2014,2016",0.125,0,9,False,9.2,Low
Putrefaction,Forensic Medicine,2,2,"2013,2017",0.125,0,8,False,9.2,Low
Refractive surgery,Ophthalmology,2,2,"2013,2016",0.125,0,9,False,9.2,Low
Regional Anesthesia,Anaesthesia,2,2,"2013,2018",0.125,0,7,False,9.2,Low
Regression Analysis,Community Medicine,2,2,"2011,2020",0.125,0,5,False,9.2,Low
Renin-angiotensin system,Pharmacology,2,2,"2015,2016",0.125,0,9,False,9.2,Low
Routes Of Administration,Pharmacology,2,2,"2014,2015",0.125,0,10,False,9.2,Low
Rural Health,Community Medicine,2,2,"2010,2019",0.125,0,6,False,9.2,Low
Salmonella,Microbiology,2,2,"2014,2015",0.125,0,10,False,9.2,Low
Skin Pathology,Surgery,2,2,"2013,2016",0.125,0,9,False,9.2,Low
Skin cancer,Dermatology,2,2,"2014,2016",0.125,0,9,False,9.2,Low
Skull base,Anatomy,2,2,"2013,2016",0.125,0,9,False,9.2,Low
Slipped Capital Femoral Epiphysis,Orthopedics,2,2,"2013,2016",0.125,0,9,False,9.2,Low
Specimen collection,Microbiology,2,2,"2014,2015",0.125,0,10,False,9.2,Low
Spinal Canal Stenosis,Orthopedics,2,2,"2013,2016",0.125,0,9,False,9.2,Low
Spinal imaging,Radiology,2,2,"2012,2019",0.125,0,6,False,9.2,Low
Spirochetes,Microbiology,2,2,"2013,2016",0.125,0,9,False,9.2,Low
Spleen pathology,Pathology,2,2,"2014,2016",0.125,0,9,False,9.2,Low
Spondylolisthesis,Orthopedics,2,2,"2012,2018",0.125,0,7,False,9.2,Low
Statins,Pharmacology,2,2,"2014,2015",0.125,0,10,False,9.2,Low
Surgical management,Surgery,2,2,"2014,2015",0.125,0,10,False,9.2,Low
Surgical prophylaxis,Surgery,2,2,"2015,2016",0.125,0,9,False,9.2,Low
Surgical techniques,Ophthalmology,2,2,"2014,2015",0.125,0,10,False,9.2,Low
Syndromes,Pathology,2,2,"2014,2016",0.125,0,9,False,9.2,Low
Tamoxifen,Pharmacology,2,2,"2014,2016",0.125,0,9,False,9.2,Low
Thoracic anatomy,Surgery,2,2,"2015,2016",0.125,0,9,False,9.2,Low
Thymus,Anatomy,2,2,"2014,2016",0.125,0,9,False,9.2,Low
Tibialis anterior,Anatomy,2,2,"2014,2016",0.125,0,9,False,9.2,Low
Tinnitus,ENT,2,2,"2014,2015",0.125,0,10,False,9.2,Low
Traction,Orthopedics,2,2,"2013,2016",0.125,0,9,False,9.2,Low
Typhoid fever,Medicine,2,2,"2014,2016",0.125,0,9,False,9.2,Low
Urea cycle,Biochemistry,2,2,"2015,2016",0.125,0,9,False,9.2,Low
Vagus nerve,ENT,2,2,"2014,2015",0.125,0,10,False,9.2,Low
Vision loss,Ophthalmology,2,2,"2014,2015",0.125,0,10,False,9.2,Low
Absorption,Physiology,2,2,"2011,2016",0.125,0,9,False,9.1,Low
Acne Vulgaris,Dermatology,2,2,"2013,2015",0.125,0,10,False,9.1,Low
Air pollution,Community Medicine,2,2,"2012,2016",0.125,0,9,False,9.1,Low
Anal Canal,Anatomy,2,2,"2012,2016",0.125,0,9,False,9.1,Low
Anal Fissure,Pediatrics,2,2,"2013,2014",0.125,0,11,False,9.1,Low
Anal fissure,Pediatrics,2,2,"2013,2014",0.125,0,11,False,9.1,Low
Apolipoproteins,Biochemistry,2,2,"2013,2015",0.125,0,10,False,9.1,Low
Aspiration Prophylaxis,Anaesthesia,2,2,"2013,2014",0.125,0,11,False,9.1,Low
Autopsy technique,Forensic Medicine,2,2,"2012,2015",0.125,0,10,False,9.1,Low
Bacterial Morphology,Microbiology,2,2,"2012,2014",0.125,0,11,False,9.1,Low
Bacterial Pathogenesis,Microbiology,2,2,"2010,2016",0.125,0,9,False,9.1,Low
Bacterial Vaginosis,Microbiology,2,2,"2011,2016",0.125,0,9,False,9.1,Low
Behçet's disease,Dermatology,2,2,"2013,2014",0.125,0,11,False,9.1,Low
Beta-blockers,Pharmacology,2,2,"2013,2015",0.125,0,10,False,9.1,Low
Bile secretion,Physiology,2,2,"2013,2015",0.125,0,10,False,9.1,Low
Biliary Disease,Surgery,2,2,"2012,2016",0.125,0,9,False,9.1,Low
Biliary disease,Surgery,2,2,"2012,2016",0.125,0,9,False,9.1,Low
Birth injuries,OBG,2,2,"2012,2016",0.125,0,9,False,9.1,Low
Bone Neoplasms,Pathology,2,2,"2013,2014",0.125,0,11,False,9.1,Low
Calcium channel blockers,Pharmacology,2,2,"2013,2014",0.125,0,11,False,9.1,Low
Cannabis,Psychiatry,2,2,"2012,2016",0.125,0,9,False,9.1,Low
Cardiac Radiology,Radiology,2,2,"2012,2014",0.125,0,11,False,9.1,Low
Carpal Tunnel Syndrome,Orthopedics,2,2,"2012,2015",0.125,0,10,False,9.1,Low
Cell Adhesion,Physiology,2,2,"2012,2015",0.125,0,10,False,9.1,Low
Cell Adhesion Molecules,Physiology,2,2,"2012,2015",0.125,0,10,False,9.1,Low
Cell Cycle,Pathology,2,2,"2012,2016",0.125,0,9,False,9.1,Low
Cell adhesion molecules,Physiology,2,2,"2012,2014",0.125,0,11,False,9.1,Low
Cephalosporins,Pharmacology,2,2,"2013,2014",0.125,0,11,False,9.1,Low
Chelating Agents,Pharmacology,2,2,"2010,2018",0.125,0,7,False,9.1,Low
Child And Adolescent Psychiatry,Psychiatry,2,2,"2010,2017",0.125,0,8,False,9.1,Low
Child and Adolescent Psychiatry,Psychiatry,2,2,"2010,2017",0.125,0,8,False,9.1,Low
Clinical signs,Surgery,2,2,"2012,2016",0.125,0,9,False,9.1,Low
Colposcopy,OBG,2,2,"2013,2014",0.125,0,11,False,9.1,Low
Compartment syndrome,Orthopedics,2,2,"2012,2016",0.125,0,9,False,9.1,Low
Coronary arteries,Anatomy,2,2,"2012,2016",0.125,0,9,False,9.1,Low
Corrosive poisoning,Forensic Medicine,2,2,"2012,2015",0.125,0,10,False,9.1,Low
Cutaneous Tuberculosis,Dermatology,2,2,"2013,2014",0.125,0,11,False,9.1,Low
Cysts,Surgery,2,2,"2010,2018",0.125,0,7,False,9.1,Low
Dehydration Management,Pediatrics,2,2,"2012,2016",0.125,0,9,False,9.1,Low
Diabetes insipidus,Pharmacology,2,2,"2012,2016",0.125,0,9,False,9.1,Low
Digestion and Absorption,Biochemistry,2,2,"2012,2014",0.125,0,11,False,9.1,Low
Dopamine receptors,Pharmacology,2,2,"2013,2015",0.125,0,10,False,9.1,Low
Drug Monitoring,Pharmacology,2,2,"2010,2017",0.125,0,8,False,9.1,Low
Ectopia Lentis,Ophthalmology,2,2,"2012,2014",0.125,0,11,False,9.1,Low
Elbow,Orthopedics,2,2,"2012,2015",0.125,0,10,False,9.1,Low
Elbow disorders,Orthopedics,2,2,"2012,2014",0.125,0,11,False,9.1,Low
Electrophoresis,Biochemistry,2,2,"2010,2016",0.125,0,9,False,9.1,Low
Emergency Psychiatry,Psychiatry,2,2,"2010,2016",0.125,0,9,False,9.1,Low
Endometrial Carcinoma,Pathology,2,2,"2012,2014",0.125,0,11,False,9.1,Low
Endometrial Hyperplasia,OBG,2,2,"2013,2014",0.125,0,11,False,9.1,Low
Endometrial carcinoma,Pathology,2,2,"2012,2014",0.125,0,11,False,9.1,Low
Erectile dysfunction,Pharmacology,2,2,"2012,2015",0.125,0,10,False,9.1,Low
Extracellular matrix,Biochemistry,2,2,"2013,2015",0.125,0,10,False,9.1,Low
Eyelid anatomy,Ophthalmology,2,2,"2013,2014",0.125,0,11,False,9.1,Low
Feeding And Eating Disorders,Psychiatry,2,2,"2013,2014",0.125,0,11,False,9.1,Low
Fetal medicine,OBG,2,2,"2012,2015",0.125,0,10,False,9.1,Low
Folate metabolism,Biochemistry,2,2,"2013,2015",0.125,0,10,False,9.1,Low
Gas Laws,Physiology,2,2,"2013,2014",0.125,0,11,False,9.1,Low
Gynaecological Cancers,OBG,2,2,"2010,2018",0.125,0,7,False,9.1,Low
Hallux Valgus,Orthopedics,2,2,"2013,2014",0.125,0,11,False,9.1,Low
Hand Injuries,Orthopedics,2,2,"2012,2015",0.125,0,10,False,9.1,Low
Hand Spaces,Anatomy,2,2,"2013,2014",0.125,0,11,False,9.1,Low
Head And Neck Neoplasms,Surgery,2,2,"2013,2014",0.125,0,11,False,9.1,Low
Health Statistics,Community Medicine,2,2,"2012,2014",0.125,0,11,False,9.1,Low
Hemorrhagic Shock,Medicine,2,2,"2013,2015",0.125,0,10,False,9.1,Low
Hormonal Contraceptives,Pharmacology,2,2,"2011,2016",0.125,0,9,False,9.1,Low
Infective endocarditis,Microbiology,2,2,"2012,2014",0.125,0,11,False,9.1,Low
Koebner Phenomenon,Dermatology,2,2,"2011,2016",0.125,0,9,False,9.1,Low
Korsakoff Syndrome,Psychiatry,2,2,"2013,2015",0.125,0,10,False,9.1,Low
Lacrimal system,Ophthalmology,2,2,"2013,2015",0.125,0,10,False,9.1,Low
Larynx Anatomy,Anatomy,2,2,"2010,2017",0.125,0,8,False,9.1,Low
Malignant Hyperthermia,Anaesthesia,2,2,"2012,2014",0.125,0,11,False,9.1,Low
Maternal physiology,OBG,2,2,"2011,2015",0.125,0,10,False,9.1,Low
Motor pathways,Physiology,2,2,"2013,2014",0.125,0,11,False,9.1,Low
Mycobacteria,Microbiology,2,2,"2013,2015",0.125,0,10,False,9.1,Low
Neonatal diagnosis,OBG,2,2,"2013,2015",0.125,0,10,False,9.1,Low
Neonatal intestinal obstruction,Radiology,2,2,"2013,2014",0.125,0,11,False,9.1,Low
Neonatal jaundice,Pediatrics,2,2,"2013,2014",0.125,0,11,False,9.1,Low
Neurological Assessment,Medicine,2,2,"2011,2016",0.125,0,9,False,9.1,Low
Nevi,Dermatology,2,2,"2012,2016",0.125,0,9,False,9.1,Low
Nucleotides,Biochemistry,2,2,"2012,2014",0.125,0,11,False,9.1,Low
Obstructive lung disease,Medicine,2,2,"2013,2014",0.125,0,11,False,9.1,Low
Oncogenic viruses,Microbiology,2,2,"2013,2014",0.125,0,11,False,9.1,Low
Ophthalmic Surgery,Ophthalmology,2,2,"2013,2014",0.125,0,11,False,9.1,Low
Opioid receptors,Pharmacology,2,2,"2013,2015",0.125,0,10,False,9.1,Low
Oral anticoagulants,Pharmacology,2,2,"2013,2014",0.125,0,11,False,9.1,Low
Physical examination,Orthopedics,2,2,"2013,2015",0.125,0,10,False,9.1,Low
Pica,Psychiatry,2,2,"2013,2014",0.125,0,11,False,9.1,Low
Pleural Diseases,Surgery,2,2,"2012,2016",0.125,0,9,False,9.1,Low
Pleural effusion,Medicine,2,2,"2013,2014",0.125,0,11,False,9.1,Low
Pseudo-obstruction,Surgery,2,2,"2012,2014",0.125,0,11,False,9.1,Low
Public Health Administration,Community Medicine,2,2,"2010,2016",0.125,0,9,False,9.1,Low
Pulmonary hypertension,Pharmacology,2,2,"2011,2015",0.125,0,10,False,9.1,Low
Raised Intracranial Pressure,Medicine,2,2,"2013,2015",0.125,0,10,False,9.1,Low
Retinopathy Of Prematurity,Ophthalmology,2,2,"2012,2015",0.125,0,10,False,9.1,Low
Retinopathy of prematurity,Ophthalmology,2,2,"2012,2015",0.125,0,10,False,9.1,Low
Salivary glands,ENT,2,2,"2013,2014",0.125,0,11,False,9.1,Low
Short Bowel Syndrome,Surgery,2,2,"2012,2015",0.125,0,10,False,9.1,Low
Sinus Surgery,ENT,2,2,"2013,2015",0.125,0,10,False,9.1,Low
Skin Signs,Dermatology,2,2,"2013,2015",0.125,0,10,False,9.1,Low
Skin pathology,Pathology,2,2,"2012,2016",0.125,0,9,False,9.1,Low
Social Determinants,Community Medicine,2,2,"2010,2016",0.125,0,9,False,9.1,Low
Somatoform Disorders,Psychiatry,2,2,"2012,2016",0.125,0,9,False,9.1,Low
Spectroscopy,Biochemistry,2,2,"2012,2015",0.125,0,10,False,9.1,Low
Splenic Injury,Surgery,2,2,"2013,2014",0.125,0,11,False,9.1,Low
Systemic vasculitis,Medicine,2,2,"2012,2014",0.125,0,11,False,9.1,Low
Tendons,Anatomy,2,2,"2010,2016",0.125,0,9,False,9.1,Low
Thermal Injuries,Forensic Medicine,2,2,"2012,2016",0.125,0,9,False,9.1,Low
Thoracic Outlet Syndrome,Orthopedics,2,2,"2013,2015",0.125,0,10,False,9.1,Low
Tongue,ENT,2,2,"2013,2014",0.125,0,11,False,9.1,Low
Trachoma,Ophthalmology,2,2,"2013,2014",0.125,0,11,False,9.1,Low
Tyrosine Kinase Inhibitors,Pharmacology,2,2,"2012,2014",0.125,0,11,False,9.1,Low
Urethral Injuries,Surgery,2,2,"2013,2015",0.125,0,10,False,9.1,Low
Urinary Incontinence,OBG,2,2,"2013,2015",0.125,0,10,False,9.1,Low
Uvea,Ophthalmology,2,2,"2012,2016",0.125,0,9,False,9.1,Low
Varicella zoster virus,Microbiology,2,2,"2010,2016",0.125,0,9,False,9.1,Low
Vertebral levels,Anatomy,2,2,"2012,2015",0.125,0,10,False,9.1,Low
Adrenergic Blockers,Pharmacology,2,2,"2012,2013",0.125,0,12,False,9.0,Low
Antiviral drugs,Pharmacology,2,2,"2011,2013",0.125,0,12,False,9.0,Low
Arthroplasty,Orthopedics,2,2,"2010,2013",0.125,0,12,False,9.0,Low
Autoimmunity,Medicine,2,2,"2011,2013",0.125,0,12,False,9.0,Low
Biological drugs,Pharmacology,2,2,"2012,2013",0.125,0,12,False,9.0,Low
Bronchoscopy,Medicine,2,2,"2010,2014",0.125,0,11,False,9.0,Low
Cell-mediated immunity,Microbiology,2,2,"2012,2013",0.125,0,12,False,9.0,Low
Complex Regional Pain Syndrome,Medicine,2,2,"2011,2013",0.125,0,12,False,9.0,Low
Connective tissue diseases,Dermatology,2,2,"2012,2013",0.125,0,12,False,9.0,Low
Drug Eruptions,Dermatology,2,2,"2011,2013",0.125,0,12,False,9.0,Low
Dysfunctional uterine bleeding,OBG,2,2,"2011,2013",0.125,0,12,False,9.0,Low
Energy metabolism,Physiology,2,2,"2011,2013",0.125,0,12,False,9.0,Low
Erectile Dysfunction,Pharmacology,2,2,"2012,2013",0.125,0,12,False,9.0,Low
Erythema Nodosum,Dermatology,2,2,"2011,2013",0.125,0,12,False,9.0,Low
Fatty Acids,Biochemistry,2,2,"2011,2012",0.125,0,13,False,9.0,Low
HPV,OBG,2,2,"2010,2015",0.125,0,10,False,9.0,Low
Head Injuries,Forensic Medicine,2,2,"2011,2014",0.125,0,11,False,9.0,Low
Hip Arthroplasty,Orthopedics,2,2,"2010,2015",0.125,0,10,False,9.0,Low
Humoral Immunity,Microbiology,2,2,"2011,2012",0.125,0,13,False,9.0,Low
Induction Agents,Anaesthesia,2,2,"2012,2013",0.125,0,12,False,9.0,Low
Juvenile Justice,Forensic Medicine,2,2,"2012,2013",0.125,0,12,False,9.0,Low
Laparoscopic Complications,Surgery,2,2,"2010,2014",0.125,0,11,False,9.0,Low
Lung Mechanics,Physiology,2,2,"2011,2014",0.125,0,11,False,9.0,Low
Macular Disorders,Ophthalmology,2,2,"2011,2013",0.125,0,12,False,9.0,Low
Macular degeneration,Ophthalmology,2,2,"2011,2012",0.125,0,13,False,9.0,Low
Muscular Dystrophies,Pediatrics,2,2,"2010,2014",0.125,0,11,False,9.0,Low
Neuro-otology,ENT,2,2,"2010,2013",0.125,0,12,False,9.0,Low
Pain Syndromes,Medicine,2,2,"2011,2014",0.125,0,11,False,9.0,Low
Pathophysiology,Medicine,2,2,"2011,2012",0.125,0,13,False,9.0,Low
Pesticide poisoning,Forensic Medicine,2,2,"2012,2013",0.125,0,12,False,9.0,Low
Polycystic Ovarian Syndrome,OBG,2,2,"2010,2013",0.125,0,12,False,9.0,Low
Primary immunodeficiency,Pathology,2,2,"2012,2013",0.125,0,12,False,9.0,Low
Proctology,Surgery,2,2,"2010,2013",0.125,0,12,False,9.0,Low
Pupil Disorders,Ophthalmology,2,2,"2011,2012",0.125,0,13,False,9.0,Low
Regional anesthesia,Anaesthesia,2,2,"2012,2013",0.125,0,12,False,9.0,Low
Splenectomy,Surgery,2,2,"2010,2014",0.125,0,11,False,9.0,Low
Tuberous Sclerosis,Pediatrics,2,2,"2010,2014",0.125,0,11,False,9.0,Low
Varicella Zoster Virus,Microbiology,2,2,"2010,2014",0.125,0,11,False,9.0,Low
Vibrio Cholerae,Microbiology,2,2,"2010,2015",0.125,0,10,False,9.0,Low
Vibrio cholerae,Microbiology,2,2,"2010,2015",0.125,0,10,False,9.0,Low
Vitreous disorders,Ophthalmology,2,2,"2012,2013",0.125,0,12,False,9.0,Low
Anaesthetic Drugs,Anaesthesia,2,2,"2010,2012",0.125,0,13,False,8.9,Low
Behavioral therapy,Psychiatry,2,2,"2010,2012",0.125,0,13,False,8.9,Low
Diagnostic Test Evaluation,Community Medicine,2,2,"2010,2011",0.125,0,14,False,8.9,Low
Undescended Testis,Surgery,2,2,"2010,2011",0.125,0,14,False,8.9,Low
Urological Oncology,Surgery,2,2,"2010,2011",0.125,0,14,False,8.9,Low
Health Care Of The Community In India,Community Medicine,2,1,2023,0.062,0,2,False,7.9,Low
"Neurotic, Stress-Related And Somatoform Disorders",Psychiatry,2,1,2023,0.062,0,2,False,7.9,Low
Vitarmins,Biochemistry,2,1,2023,0.062,0,2,False,7.9,Low
Alkaptonuria,Pathology,2,1,2021,0.062,0,4,False,7.8,Low
Allied Health Disciplines,Community Medicine,2,1,2022,0.062,0,3,False,7.8,Low
Biliary Stones,Surgery,2,1,2021,0.062,0,4,False,7.8,Low
Cellular Aging,Pathology,2,1,2022,0.062,0,3,False,7.8,Low
Chemotherapy Of Specific Microbial Diseases,Pharmacology,2,1,2022,0.062,0,3,False,7.8,Low
Coagulation monitoring,Surgery,2,1,2022,0.062,0,3,False,7.8,Low
Fundoscopy,Ophthalmology,2,1,2022,0.062,0,3,False,7.8,Low
Gestational Age Calculation,Surgery,2,1,2021,0.062,0,4,False,7.8,Low
Health Services Evaluation,Community Medicine,2,1,2021,0.062,0,4,False,7.8,Low
Lead poisoning,Biochemistry,2,1,2022,0.062,0,3,False,7.8,Low
Maternal Health Indicators,Community Medicine,2,1,2021,0.062,0,4,False,7.8,Low
Musculoskeletal Disorders In Children,Pediatrics,2,1,2022,0.062,0,3,False,7.8,Low
Mutation,Biochemistry,2,1,2022,0.062,0,3,False,7.8,Low
Oxygen Delivery Systems,Anaesthesia,2,1,2022,0.062,0,3,False,7.8,Low
Varicella-Zoster Virus,Surgery,2,1,2021,0.062,0,4,False,7.8,Low
Cervical Cancer Screening,OBG,2,1,2020,0.062,0,5,False,7.7,Low
Claudication,Medicine,2,1,2020,0.062,0,5,False,7.7,Low
Demyelinating Diseases,Physiology,2,1,2020,0.062,0,5,False,7.7,Low
Gametogenesis,Physiology,2,1,2020,0.062,0,5,False,7.7,Low
Hepcidin,Biochemistry,2,1,2020,0.062,0,5,False,7.7,Low
Liver failure,Medicine,2,1,2020,0.062,0,5,False,7.7,Low
Macrocytic Anemia,Medicine,2,1,2020,0.062,0,5,False,7.7,Low
Mental Healthcare Act,Psychiatry,2,1,2020,0.062,0,5,False,7.7,Low
Oral and Maxillofacial Surgery,Surgery,2,1,2020,0.062,0,5,False,7.7,Low
Perineal tear,OBG,2,1,2020,0.062,0,5,False,7.7,Low
Prolactin,Physiology,2,1,2020,0.062,0,5,False,7.7,Low
Sexual Assault Examination,Forensic Medicine,2,1,2020,0.062,0,5,False,7.7,Low
Supraventricular Tachycardia,Medicine,2,1,2020,0.062,0,5,False,7.7,Low
Vision 2020,Community Medicine,2,1,2020,0.062,0,5,False,7.7,Low
Waterborne diseases,Community Medicine,2,1,2020,0.062,0,5,False,7.7,Low
ANCA vasculitis,Medicine,2,1,2019,0.062,0,6,False,7.6,Low
Antigout Drugs,Pharmacology,2,1,2019,0.062,0,6,False,7.6,Low
Basic Surgical Skills,Surgery,2,1,2019,0.062,0,6,False,7.6,Low
Catecholamine Synthesis,Biochemistry,2,1,2019,0.062,0,6,False,7.6,Low
Cochlear implant,ENT,2,1,2019,0.062,0,6,False,7.6,Low
Congenital CNS malformations,Anatomy,2,1,2019,0.062,0,6,False,7.6,Low
Congenital brain malformations,Radiology,2,1,2019,0.062,0,6,False,7.6,Low
Criminal law,Forensic Medicine,2,1,2019,0.062,0,6,False,7.6,Low
Depth of Anaesthesia,Anaesthesia,2,1,2019,0.062,0,6,False,7.6,Low
Dermatomes,Anatomy,2,1,2019,0.062,0,6,False,7.6,Low
Epidemiological Indicators,Community Medicine,2,1,2019,0.062,0,6,False,7.6,Low
Esophageal Ulcers,Medicine,2,1,2019,0.062,0,6,False,7.6,Low
External cephalic version,OBG,2,1,2019,0.062,0,6,False,7.6,Low
Fetal Head Diameters,OBG,2,1,2019,0.062,0,6,False,7.6,Low
Hair disorders,Dermatology,2,1,2019,0.062,0,6,False,7.6,Low
Liver anatomy,Anatomy,2,1,2019,0.062,0,6,False,7.6,Low
Medical Devices,Anaesthesia,2,1,2019,0.062,0,6,False,7.6,Low
Nerve Conduction,Physiology,2,1,2019,0.062,0,6,False,7.6,Low
Ocular surface lesions,Ophthalmology,2,1,2019,0.062,0,6,False,7.6,Low
Ovarian Reserve Assessment,OBG,2,1,2019,0.062,0,6,False,7.6,Low
Patent Ductus Arteriosus,Pediatrics,2,1,2019,0.062,0,6,False,7.6,Low
Surgical knots,Surgery,2,1,2019,0.062,0,6,False,7.6,Low
Action potentials,Physiology,2,1,2018,0.062,0,7,False,7.5,Low
Anticoagulant therapy,Pharmacology,2,1,2018,0.062,0,7,False,7.5,Low
Benign Uterine Disorders,OBG,2,1,2018,0.062,0,7,False,7.5,Low
Benign uterine disorders,OBG,2,1,2018,0.062,0,7,False,7.5,Low
Cardiac arrest,Medicine,2,1,2018,0.062,0,7,False,7.5,Low
Diabetic Ketoacidosis (DKA),Pediatrics,2,1,2018,0.062,0,7,False,7.5,Low
Diabetic Ketoacidosis (Dka),Pediatrics,2,1,2018,0.062,0,7,False,7.5,Low
Gynecologic imaging,Radiology,2,1,2017,0.062,0,8,False,7.5,Low
HIV-associated dermatoses,Dermatology,2,1,2018,0.062,0,7,False,7.5,Low
Jugular Venous Pulse,Physiology,2,1,2018,0.062,0,7,False,7.5,Low
Pelvic Surgery,OBG,2,1,2018,0.062,0,7,False,7.5,Low
Pessary,OBG,2,1,2018,0.062,0,7,False,7.5,Low
Psychiatric Terminology,Psychiatry,2,1,2018,0.062,0,7,False,7.5,Low
Stroke syndromes,Anatomy,2,1,2018,0.062,0,7,False,7.5,Low
Ventilation-Perfusion,Physiology,2,1,2018,0.062,0,7,False,7.5,Low
Alzheimer disease,Medicine,2,1,2016,0.062,0,9,False,7.4,Low
Biliary surgery,Surgery,2,1,2016,0.062,0,9,False,7.4,Low
Bohr Effect,Physiology,2,1,2016,0.062,0,9,False,7.4,Low
Bone imaging,Radiology,2,1,2016,0.062,0,9,False,7.4,Low
CSOM,ENT,2,1,2016,0.062,0,9,False,7.4,Low
Cytoskeleton,Biochemistry,2,1,2016,0.062,0,9,False,7.4,Low
Damage Control Surgery,Surgery,2,1,2016,0.062,0,9,False,7.4,Low
Dopamine antagonists,Pharmacology,2,1,2016,0.062,0,9,False,7.4,Low
Duct ectasia,Surgery,2,1,2016,0.062,0,9,False,7.4,Low
Enchondroma,Orthopedics,2,1,2016,0.062,0,9,False,7.4,Low
Epidemic Investigation,Community Medicine,2,1,2016,0.062,0,9,False,7.4,Low
First Trimester,OBG,2,1,2016,0.062,0,9,False,7.4,Low
Horizontal Gene Transfer,Microbiology,2,1,2016,0.062,0,9,False,7.4,Low
Insulin Resistance,Medicine,2,1,2016,0.062,0,9,False,7.4,Low
Laryngeal Nerve Palsy,ENT,2,1,2016,0.062,0,9,False,7.4,Low
Laryngeal cancer,ENT,2,1,2016,0.062,0,9,False,7.4,Low
Macrolides,Pharmacology,2,1,2016,0.062,0,9,False,7.4,Low
Mastoidectomy,ENT,2,1,2016,0.062,0,9,False,7.4,Low
Medical Management,Surgery,2,1,2016,0.062,0,9,False,7.4,Low
Mumps,Community Medicine,2,1,2016,0.062,0,9,False,7.4,Low
Neonatal examination,Orthopedics,2,1,2016,0.062,0,9,False,7.4,Low
Neurocutaneous Disorders,Pathology,2,1,2016,0.062,0,9,False,7.4,Low
Occupational lung disease,Pathology,2,1,2016,0.062,0,9,False,7.4,Low
Oral hypoglycemic agents,Pharmacology,2,1,2016,0.062,0,9,False,7.4,Low
Palate,Anatomy,2,1,2016,0.062,0,9,False,7.4,Low
Parapharyngeal abscess,ENT,2,1,2016,0.062,0,9,False,7.4,Low
Pediatric Emergency,Pediatrics,2,1,2016,0.062,0,9,False,7.4,Low
Pituitary Adenoma,Medicine,2,1,2016,0.062,0,9,False,7.4,Low
Placental Hormones,OBG,2,1,2016,0.062,0,9,False,7.4,Low
Polycystic Ovary Syndrome,OBG,2,1,2016,0.062,0,9,False,7.4,Low
Salivary Gland Imaging,Radiology,2,1,2016,0.062,0,9,False,7.4,Low
Salivary gland imaging,Radiology,2,1,2016,0.062,0,9,False,7.4,Low
Scrotal Swelling,Surgery,2,1,2016,0.062,0,9,False,7.4,Low
Scrotal swelling,Surgery,2,1,2016,0.062,0,9,False,7.4,Low
Standardization,Community Medicine,2,1,2016,0.062,0,9,False,7.4,Low
Sulfonylureas,Pharmacology,2,1,2016,0.062,0,9,False,7.4,Low
Upper GI Surgery,Surgery,2,1,2016,0.062,0,9,False,7.4,Low
Visual Acuity,Ophthalmology,2,1,2016,0.062,0,9,False,7.4,Low
Visual acuity,Ophthalmology,2,1,2016,0.062,0,9,False,7.4,Low
Vitamin A,Pharmacology,2,1,2016,0.062,0,9,False,7.4,Low
Waste disposal,Community Medicine,2,1,2016,0.062,0,9,False,7.4,Low
ACE inhibitors,Pharmacology,2,1,2015,0.062,0,10,False,7.3,Low
Ace Inhibitors,Pharmacology,2,1,2015,0.062,0,10,False,7.3,Low
Adrenergic Pharmacology,Pharmacology,2,1,2014,0.062,0,11,False,7.3,Low
Adrenergic pharmacology,Pharmacology,2,1,2014,0.062,0,11,False,7.3,Low
Adverse Drug Effects,Pharmacology,2,1,2015,0.062,0,10,False,7.3,Low
Alveolar Gas Equation,Physiology,2,1,2015,0.062,0,10,False,7.3,Low
Anti-tubercular drugs,Pharmacology,2,1,2014,0.062,0,11,False,7.3,Low
Antibiotic sources,Pharmacology,2,1,2014,0.062,0,11,False,7.3,Low
Anticholinergic Drugs,Pharmacology,2,1,2015,0.062,0,10,False,7.3,Low
Anticholinergic drugs,Pharmacology,2,1,2015,0.062,0,10,False,7.3,Low
Aseptic meningitis,Microbiology,2,1,2014,0.062,0,11,False,7.3,Low
Aspiration Pneumonia,Microbiology,2,1,2015,0.062,0,10,False,7.3,Low
Autoantibodies,Pathology,2,1,2014,0.062,0,11,False,7.3,Low
Babesiosis,Microbiology,2,1,2014,0.062,0,11,False,7.3,Low
Beta hCG,OBG,2,1,2014,0.062,0,11,False,7.3,Low
Biomarkers,Pathology,2,1,2014,0.062,0,11,False,7.3,Low
Biomedical Waste,Community Medicine,2,1,2014,0.062,0,11,False,7.3,Low
Blinding,Community Medicine,2,1,2015,0.062,0,10,False,7.3,Low
Body Surface Area,Surgery,2,1,2014,0.062,0,11,False,7.3,Low
CT Physics,Radiology,2,1,2014,0.062,0,11,False,7.3,Low
CT scan,Radiology,2,1,2015,0.062,0,10,False,7.3,Low
Calcium Homeostasis,Physiology,2,1,2015,0.062,0,10,False,7.3,Low
Calcium metabolism,Biochemistry,2,1,2015,0.062,0,10,False,7.3,Low
Caldwell-Luc,ENT,2,1,2015,0.062,0,10,False,7.3,Low
Caldwell-Luc Surgery,ENT,2,1,2015,0.062,0,10,False,7.3,Low
Caldwell-Luc surgery,ENT,2,1,2015,0.062,0,10,False,7.3,Low
Campylobacter jejuni,Microbiology,2,1,2014,0.062,0,11,False,7.3,Low
Carbon Monoxide Poisoning,Medicine,2,1,2015,0.062,0,10,False,7.3,Low
Cardiac Anatomy,Anatomy,2,1,2015,0.062,0,10,False,7.3,Low
Cervical vertebrae,Anatomy,2,1,2014,0.062,0,11,False,7.3,Low
Chemical Bonds,Biochemistry,2,1,2014,0.062,0,11,False,7.3,Low
Chest,Radiology,2,1,2014,0.062,0,11,False,7.3,Low
Clinical Specimen Collection,Microbiology,2,1,2015,0.062,0,10,False,7.3,Low
Clinical Tests,Orthopedics,2,1,2015,0.062,0,10,False,7.3,Low
Coagulation cascade,Physiology,2,1,2014,0.062,0,11,False,7.3,Low
Coeliac Trunk,Anatomy,2,1,2015,0.062,0,10,False,7.3,Low
Colon,Medicine,2,1,2014,0.062,0,11,False,7.3,Low
Conduction abnormalities,Medicine,2,1,2014,0.062,0,11,False,7.3,Low
Csf Leak,Radiology,2,1,2015,0.062,0,10,False,7.3,Low
Ct Physics,Radiology,2,1,2014,0.062,0,11,False,7.3,Low
Cubital Fossa,Anatomy,2,1,2015,0.062,0,10,False,7.3,Low
DNA viruses,Microbiology,2,1,2014,0.062,0,11,False,7.3,Low
DVT risk factors,Medicine,2,1,2014,0.062,0,11,False,7.3,Low
Delusional Disorder,Psychiatry,2,1,2014,0.062,0,11,False,7.3,Low
Dermatological Pharmacology,Pharmacology,2,1,2014,0.062,0,11,False,7.3,Low
Dermatological pharmacology,Pharmacology,2,1,2014,0.062,0,11,False,7.3,Low
Dysphagia,Medicine,2,1,2014,0.062,0,11,False,7.3,Low
Electromyography,Physiology,2,1,2015,0.062,0,10,False,7.3,Low
Fetal Viability,Forensic Medicine,2,1,2014,0.062,0,11,False,7.3,Low
First trimester,OBG,2,1,2014,0.062,0,11,False,7.3,Low
Fistula In Ano,Surgery,2,1,2014,0.062,0,11,False,7.3,Low
Fistula in ano,Surgery,2,1,2014,0.062,0,11,False,7.3,Low
Foot anatomy,Anatomy,2,1,2014,0.062,0,11,False,7.3,Low
Foot drop,Medicine,2,1,2014,0.062,0,11,False,7.3,Low
Gangliosidoses,Biochemistry,2,1,2014,0.062,0,11,False,7.3,Low
Gas exchange,Physiology,2,1,2015,0.062,0,10,False,7.3,Low
Health policy,Community Medicine,2,1,2014,0.062,0,11,False,7.3,Low
Heparin-Induced Thrombocytopenia,Pharmacology,2,1,2014,0.062,0,11,False,7.3,Low
Heparin-induced thrombocytopenia,Pharmacology,2,1,2014,0.062,0,11,False,7.3,Low
Hepatobiliary,Anatomy,2,1,2015,0.062,0,10,False,7.3,Low
Hepatobiliary Pathology,Pathology,2,1,2015,0.062,0,10,False,7.3,Low
Hepatobiliary anatomy,Anatomy,2,1,2014,0.062,0,11,False,7.3,Low
Hepatobiliary pathology,Pathology,2,1,2015,0.062,0,10,False,7.3,Low
Homicide,Forensic Medicine,2,1,2015,0.062,0,10,False,7.3,Low
Horner Syndrome,Ophthalmology,2,1,2015,0.062,0,10,False,7.3,Low
Hydatid cyst,Surgery,2,1,2014,0.062,0,11,False,7.3,Low
IQ classification,Psychiatry,2,1,2015,0.062,0,10,False,7.3,Low
Infant Mortality Rate,Community Medicine,2,1,2015,0.062,0,10,False,7.3,Low
Inguinal canal,Anatomy,2,1,2015,0.062,0,10,False,7.3,Low
Insulin Therapy,Pharmacology,2,1,2014,0.062,0,11,False,7.3,Low
Intermediate Filaments,Biochemistry,2,1,2014,0.062,0,11,False,7.3,Low
Inverted Papilloma,ENT,2,1,2014,0.062,0,11,False,7.3,Low
Ion channels,Physiology,2,1,2015,0.062,0,10,False,7.3,Low
Iron metabolism,Pathology,2,1,2015,0.062,0,10,False,7.3,Low
Kallmann Syndrome,Medicine,2,1,2015,0.062,0,10,False,7.3,Low
Karyotyping,Pathology,2,1,2015,0.062,0,10,False,7.3,Low
Kawasaki Disease,Pediatrics,2,1,2015,0.062,0,10,False,7.3,Low
Kayser-Fleischer ring,Anatomy,2,1,2015,0.062,0,10,False,7.3,Low
Keratoderma,Dermatology,2,1,2014,0.062,0,11,False,7.3,Low
Lacrimal system disorders,Ophthalmology,2,1,2014,0.062,0,11,False,7.3,Low
Lighting,Community Medicine,2,1,2015,0.062,0,10,False,7.3,Low
Lipid Transport,Biochemistry,2,1,2015,0.062,0,10,False,7.3,Low
MRI Safety,Radiology,2,1,2015,0.062,0,10,False,7.3,Low
Manner Of Death,Forensic Medicine,2,1,2015,0.062,0,10,False,7.3,Low
Manner of death,Forensic Medicine,2,1,2015,0.062,0,10,False,7.3,Low
Medical Law,Forensic Medicine,2,1,2014,0.062,0,11,False,7.3,Low
Meniere'S Disease,ENT,2,1,2015,0.062,0,10,False,7.3,Low
Meniere's disease,ENT,2,1,2015,0.062,0,10,False,7.3,Low
Mental State Examination,Psychiatry,2,1,2014,0.062,0,11,False,7.3,Low
Mesenteries,Anatomy,2,1,2015,0.062,0,10,False,7.3,Low
Methemoglobinemia,Biochemistry,2,1,2014,0.062,0,11,False,7.3,Low
Micronutrient Deficiency,Biochemistry,2,1,2014,0.062,0,11,False,7.3,Low
Micronutrient deficiency,Biochemistry,2,1,2014,0.062,0,11,False,7.3,Low
Milestones,Pediatrics,2,1,2015,0.062,0,10,False,7.3,Low
Molecular chaperones,Biochemistry,2,1,2015,0.062,0,10,False,7.3,Low
Mri Safety,Radiology,2,1,2015,0.062,0,10,False,7.3,Low
Muscles Of The Head And Neck,Anatomy,2,1,2015,0.062,0,10,False,7.3,Low
Muscles of the head and neck,Anatomy,2,1,2015,0.062,0,10,False,7.3,Low
NMDA receptors,Pharmacology,2,1,2014,0.062,0,11,False,7.3,Low
Nail disease,Microbiology,2,1,2014,0.062,0,11,False,7.3,Low
Nasal Polyposis,ENT,2,1,2015,0.062,0,10,False,7.3,Low
Neonatal care,Pediatrics,2,1,2014,0.062,0,11,False,7.3,Low
Nerve Supply,Anatomy,2,1,2015,0.062,0,10,False,7.3,Low
Obstructive Sleep Apnea,Medicine,2,1,2014,0.062,0,11,False,7.3,Low
Ophthalmic biomaterials,Ophthalmology,2,1,2015,0.062,0,10,False,7.3,Low
Optic Neuropathy,Ophthalmology,2,1,2014,0.062,0,11,False,7.3,Low
Oropharyngeal carcinoma,Microbiology,2,1,2014,0.062,0,11,False,7.3,Low
Ototoxicity,Pharmacology,2,1,2014,0.062,0,11,False,7.3,Low
Oxygen Toxicity,Physiology,2,1,2014,0.062,0,11,False,7.3,Low
PCOS,OBG,2,1,2014,0.062,0,11,False,7.3,Low
PQLI,Community Medicine,2,1,2015,0.062,0,10,False,7.3,Low
Paget Disease,Pathology,2,1,2015,0.062,0,10,False,7.3,Low
Parotid Gland,ENT,2,1,2015,0.062,0,10,False,7.3,Low
Pelvic Vasculature,Anatomy,2,1,2015,0.062,0,10,False,7.3,Low
Perception Disorders,Psychiatry,2,1,2014,0.062,0,11,False,7.3,Low
Pharmacokinetics Principles,Pharmacology,2,1,2014,0.062,0,11,False,7.3,Low
Pharmacokinetics principles,Pharmacology,2,1,2014,0.062,0,11,False,7.3,Low
Pneumocystis Pneumonia,Microbiology,2,1,2014,0.062,0,11,False,7.3,Low
Pneumocystis pneumonia,Microbiology,2,1,2014,0.062,0,11,False,7.3,Low
Polio Eradication,Community Medicine,2,1,2014,0.062,0,11,False,7.3,Low
Primordial Prevention,Community Medicine,2,1,2014,0.062,0,11,False,7.3,Low
Protein digestion,Biochemistry,2,1,2015,0.062,0,10,False,7.3,Low
Protein structure,Biochemistry,2,1,2014,0.062,0,11,False,7.3,Low
Prozone phenomenon,Pathology,2,1,2015,0.062,0,10,False,7.3,Low
Psychology,Psychiatry,2,1,2015,0.062,0,10,False,7.3,Low
Pupillary Reflex,Ophthalmology,2,1,2015,0.062,0,10,False,7.3,Low
Purine Biosynthesis,Biochemistry,2,1,2014,0.062,0,11,False,7.3,Low
RNA viruses,Microbiology,2,1,2014,0.062,0,11,False,7.3,Low
RNTCP,Community Medicine,2,1,2015,0.062,0,10,False,7.3,Low
Refractive index,Ophthalmology,2,1,2014,0.062,0,11,False,7.3,Low
Regional Anatomy,Anatomy,2,1,2014,0.062,0,11,False,7.3,Low
Rhabdomyolysis,Medicine,2,1,2015,0.062,0,10,False,7.3,Low
Risk groups,Community Medicine,2,1,2015,0.062,0,10,False,7.3,Low
Rubella,Microbiology,2,1,2014,0.062,0,11,False,7.3,Low
STDs,Community Medicine,2,1,2014,0.062,0,11,False,7.3,Low
Selection Bias,Community Medicine,2,1,2015,0.062,0,10,False,7.3,Low
Specific Signs,ENT,2,1,2014,0.062,0,11,False,7.3,Low
Spinal anesthesia,Anaesthesia,2,1,2015,0.062,0,10,False,7.3,Low
Staphylococci,Microbiology,2,1,2015,0.062,0,10,False,7.3,Low
Transplant Surgery,Surgery,2,1,2015,0.062,0,10,False,7.3,Low
Travel Medicine,Community Medicine,2,1,2014,0.062,0,11,False,7.3,Low
Trigeminal Neuralgia,Medicine,2,1,2014,0.062,0,11,False,7.3,Low
Tuberculosis control,Community Medicine,2,1,2014,0.062,0,11,False,7.3,Low
Ulcerative colitis,Pathology,2,1,2014,0.062,0,11,False,7.3,Low
Universal Precautions,Community Medicine,2,1,2015,0.062,0,10,False,7.3,Low
Uterine artery,Anatomy,2,1,2015,0.062,0,10,False,7.3,Low
Vasomotor Rhinitis,ENT,2,1,2015,0.062,0,10,False,7.3,Low
Vasomotor rhinitis,ENT,2,1,2015,0.062,0,10,False,7.3,Low
Viscosity,Physiology,2,1,2015,0.062,0,10,False,7.3,Low
Vitamin B12,Pediatrics,2,1,2014,0.062,0,11,False,7.3,Low
Xerophthalmia,Ophthalmology,2,1,2014,0.062,0,11,False,7.3,Low
Acute Leukemias,Pathology,2,1,2013,0.062,0,12,False,7.2,Low
Acute Suppurative Otitis Media,ENT,2,1,2013,0.062,0,12,False,7.2,Low
Acute leukemias,Pathology,2,1,2013,0.062,0,12,False,7.2,Low
Ankle,Anatomy,2,1,2013,0.062,0,12,False,7.2,Low
Antimicrobial susceptibility testing,Microbiology,2,1,2013,0.062,0,12,False,7.2,Low
Bacillus anthracis,Microbiology,2,1,2013,0.062,0,12,False,7.2,Low
Balanced Anaesthesia,Anaesthesia,2,1,2013,0.062,0,12,False,7.2,Low
Behçet'S Syndrome,Dermatology,2,1,2013,0.062,0,12,False,7.2,Low
Behçet's syndrome,Dermatology,2,1,2013,0.062,0,12,False,7.2,Low
Body Fluid Balance,Physiology,2,1,2013,0.062,0,12,False,7.2,Low
Bone Metastasis,Orthopedics,2,1,2013,0.062,0,12,False,7.2,Low
Breech Delivery,OBG,2,1,2013,0.062,0,12,False,7.2,Low
Bronchiolitis,Pediatrics,2,1,2013,0.062,0,12,False,7.2,Low
Cirrhosis,Medicine,2,1,2013,0.062,0,12,False,7.2,Low
Coarctation of aorta,Radiology,2,1,2013,0.062,0,12,False,7.2,Low
Cognitive Therapy,Psychiatry,2,1,2013,0.062,0,12,False,7.2,Low
Congenital eye disorders,Ophthalmology,2,1,2013,0.062,0,12,False,7.2,Low
Cyclothymia,Psychiatry,2,1,2013,0.062,0,12,False,7.2,Low
Dowry death,Forensic Medicine,2,1,2013,0.062,0,12,False,7.2,Low
Exhumation,Forensic Medicine,2,1,2013,0.062,0,12,False,7.2,Low
Fascial Spaces,Anatomy,2,1,2013,0.062,0,12,False,7.2,Low
Fibrinolytics,Pharmacology,2,1,2013,0.062,0,12,False,7.2,Low
Halothane,Anaesthesia,2,1,2013,0.062,0,12,False,7.2,Low
Hearing disorders,ENT,2,1,2013,0.062,0,12,False,7.2,Low
Hereditary Polyposis Syndromes,Surgery,2,1,2013,0.062,0,12,False,7.2,Low
History of psychiatry,Psychiatry,2,1,2013,0.062,0,12,False,7.2,Low
Housing,Community Medicine,2,1,2013,0.062,0,12,False,7.2,Low
Hypertrophy,Pathology,2,1,2013,0.062,0,12,False,7.2,Low
Infanticide,Forensic Medicine,2,1,2013,0.062,0,12,False,7.2,Low
Infectious eye diseases,Ophthalmology,2,1,2013,0.062,0,12,False,7.2,Low
Inner ear fluids,ENT,2,1,2013,0.062,0,12,False,7.2,Low
Koch postulates,Microbiology,2,1,2013,0.062,0,12,False,7.2,Low
Levels of prevention,Community Medicine,2,1,2013,0.062,0,12,False,7.2,Low
Liver function tests,Biochemistry,2,1,2013,0.062,0,12,False,7.2,Low
Local Anaesthesia,Ophthalmology,2,1,2013,0.062,0,12,False,7.2,Low
Lupus Vulgaris,Dermatology,2,1,2013,0.062,0,12,False,7.2,Low
Lymph node,Anatomy,2,1,2013,0.062,0,12,False,7.2,Low
Mastoid Surgery,ENT,2,1,2013,0.062,0,12,False,7.2,Low
Medical entomology,Community Medicine,2,1,2013,0.062,0,12,False,7.2,Low
Myelodysplastic syndromes,Pathology,2,1,2013,0.062,0,12,False,7.2,Low
National Tuberculosis Control,Community Medicine,2,1,2013,0.062,0,12,False,7.2,Low
Neurocognitive disorders,Psychiatry,2,1,2013,0.062,0,12,False,7.2,Low
Neuromuscular Junction Disorders,Medicine,2,1,2013,0.062,0,12,False,7.2,Low
Neurotransmitter Biochemistry,Biochemistry,2,1,2013,0.062,0,12,False,7.2,Low
Ocular Examination,Ophthalmology,2,1,2013,0.062,0,12,False,7.2,Low
Ocular examination,Ophthalmology,2,1,2013,0.062,0,12,False,7.2,Low
Parasomnias,Psychiatry,2,1,2013,0.062,0,12,False,7.2,Low
Pectoral region,Anatomy,2,1,2013,0.062,0,12,False,7.2,Low
Pigmented Purpuric Dermatoses,Dermatology,2,1,2013,0.062,0,12,False,7.2,Low
Posterior segment,Ophthalmology,2,1,2013,0.062,0,12,False,7.2,Low
Primary health centre,Community Medicine,2,1,2013,0.062,0,12,False,7.2,Low
Psychomotor symptoms,Psychiatry,2,1,2013,0.062,0,12,False,7.2,Low
Radiological Lines,Orthopedics,2,1,2013,0.062,0,12,False,7.2,Low
Rhinoscleroma,ENT,2,1,2013,0.062,0,12,False,7.2,Low
Rib Notching,Radiology,2,1,2013,0.062,0,12,False,7.2,Low
Rib notching,Radiology,2,1,2013,0.062,0,12,False,7.2,Low
Rickettsiology,Microbiology,2,1,2013,0.062,0,12,False,7.2,Low
Sampling methods,Community Medicine,2,1,2013,0.062,0,12,False,7.2,Low
Scrotal Disorders,Surgery,2,1,2013,0.062,0,12,False,7.2,Low
Skeletal system,Anatomy,2,1,2013,0.062,0,12,False,7.2,Low
Spermatogenesis,Physiology,2,1,2013,0.062,0,12,False,7.2,Low
Starvation metabolism,Biochemistry,2,1,2013,0.062,0,12,False,7.2,Low
Steroid Biosynthesis,Biochemistry,2,1,2013,0.062,0,12,False,7.2,Low
Steroid Metabolism,Biochemistry,2,1,2013,0.062,0,12,False,7.2,Low
Steroid biosynthesis,Biochemistry,2,1,2013,0.062,0,12,False,7.2,Low
Surgical Incisions,ENT,2,1,2013,0.062,0,12,False,7.2,Low
Thalamus,Anatomy,2,1,2013,0.062,0,12,False,7.2,Low
Urinary Tract Pathology,Pathology,2,1,2013,0.062,0,12,False,7.2,Low
Urinary tract pathology,Pathology,2,1,2013,0.062,0,12,False,7.2,Low
Vertebral Anomalies,Orthopedics,2,1,2013,0.062,0,12,False,7.2,Low
Vertebral anomalies,Orthopedics,2,1,2013,0.062,0,12,False,7.2,Low
Vestibular Physiology,Physiology,2,1,2013,0.062,0,12,False,7.2,Low
Weight Gain,Pediatrics,2,1,2013,0.062,0,12,False,7.2,Low
Yellow Fever,Community Medicine,2,1,2013,0.062,0,12,False,7.2,Low
Yellow fever,Community Medicine,2,1,2013,0.062,0,12,False,7.2,Low
Airway foreign bodies,Surgery,2,1,2012,0.062,0,13,False,7.1,Low
Amino acid chemistry,Biochemistry,2,1,2012,0.062,0,13,False,7.1,Low
Anesthesia Circuits,Anaesthesia,2,1,2012,0.062,0,13,False,7.1,Low
Antivirals,Pharmacology,2,1,2012,0.062,0,13,False,7.1,Low
Bacterial diseases,Community Medicine,2,1,2012,0.062,0,13,False,7.1,Low
Benign Bone Lesions,Orthopedics,2,1,2012,0.062,0,13,False,7.1,Low
Benign bone lesions,Orthopedics,2,1,2012,0.062,0,13,False,7.1,Low
Coloboma,Ophthalmology,2,1,2012,0.062,0,13,False,7.1,Low
Congenital Ocular Anomalies,Ophthalmology,2,1,2012,0.062,0,13,False,7.1,Low
Congenital disorders,Pediatrics,2,1,2012,0.062,0,13,False,7.1,Low
Congenital ocular anomalies,Ophthalmology,2,1,2012,0.062,0,13,False,7.1,Low
Diarrhea,Medicine,2,1,2012,0.062,0,13,False,7.1,Low
Dysmorphic Syndromes,Pediatrics,2,1,2012,0.062,0,13,False,7.1,Low
Dysmorphic syndromes,Pediatrics,2,1,2012,0.062,0,13,False,7.1,Low
Gait biomechanics,Anatomy,2,1,2012,0.062,0,13,False,7.1,Low
Glucose transport,Physiology,2,1,2012,0.062,0,13,False,7.1,Low
Head and neck lymphatics,Anatomy,2,1,2012,0.062,0,13,False,7.1,Low
Heart failure pharmacotherapy,Pharmacology,2,1,2012,0.062,0,13,False,7.1,Low
Hormonal Regulation,Biochemistry,2,1,2012,0.062,0,13,False,7.1,Low
Inorganic poisoning,Forensic Medicine,2,1,2012,0.062,0,13,False,7.1,Low
Integrated Metabolism,Biochemistry,2,1,2012,0.062,0,13,False,7.1,Low
Macular Degeneration,Ophthalmology,2,1,2012,0.062,0,13,False,7.1,Low
Medical gases,Anaesthesia,2,1,2012,0.062,0,13,False,7.1,Low
Membrane biology,Physiology,2,1,2012,0.062,0,13,False,7.1,Low
Mortality measures,Community Medicine,2,1,2012,0.062,0,13,False,7.1,Low
Mucocutaneous disorders,Medicine,2,1,2012,0.062,0,13,False,7.1,Low
Obsessive compulsive disorder,Psychiatry,2,1,2012,0.062,0,13,False,7.1,Low
Obstetric Pelvis,OBG,2,1,2012,0.062,0,13,False,7.1,Low
Pain Medicine,Anaesthesia,2,1,2012,0.062,0,13,False,7.1,Low
Pain medicine,Anaesthesia,2,1,2012,0.062,0,13,False,7.1,Low
Pharyngeal Muscles,Anatomy,2,1,2012,0.062,0,13,False,7.1,Low
Placental disorders,OBG,2,1,2012,0.062,0,13,False,7.1,Low
Polypharmacy,Medicine,2,1,2012,0.062,0,13,False,7.1,Low
Psychiatric history,Psychiatry,2,1,2012,0.062,0,13,False,7.1,Low
Shoulder injuries,Orthopedics,2,1,2012,0.062,0,13,False,7.1,Low
Snake Envenomation,Forensic Medicine,2,1,2012,0.062,0,13,False,7.1,Low
Streptococci,Microbiology,2,1,2012,0.062,0,13,False,7.1,Low
Systemic associations,Ophthalmology,2,1,2012,0.062,0,13,False,7.1,Low
Ultrasonography,OBG,2,1,2012,0.062,0,13,False,7.1,Low
Urogynecology,OBG,2,1,2012,0.062,0,13,False,7.1,Low
Uterine Adhesions,OBG,2,1,2012,0.062,0,13,False,7.1,Low
Uterine adhesions,OBG,2,1,2012,0.062,0,13,False,7.1,Low
Venous disorders,Dermatology,2,1,2012,0.062,0,13,False,7.1,Low
Biliary Surgery,Surgery,2,1,2010,0.062,0,15,False,7.0,Low
Gram positive cocci,Microbiology,2,1,2011,0.062,0,14,False,7.0,Low
Headache Disorders,Medicine,2,1,2011,0.062,0,14,False,7.0,Low
Headache disorders,Medicine,2,1,2011,0.062,0,14,False,7.0,Low
Hydatidiform Mole,OBG,2,1,2010,0.062,0,15,False,7.0,Low
Neonatal Seizures,Pediatrics,2,1,2011,0.062,0,14,False,7.0,Low
Oncology Drugs,Pharmacology,2,1,2010,0.062,0,15,False,7.0,Low
Patient Safety,Anaesthesia,2,1,2011,0.062,0,14,False,7.0,Low
Phagocytosis,Microbiology,2,1,2011,0.062,0,14,False,7.0,Low
Scoring Systems,Medicine,2,1,2010,0.062,0,15,False,7.0,Low
Targeted Therapy,Surgery,2,1,2010,0.062,0,15,False,7.0,Low
Urological Surgery,Surgery,2,1,2010,0.062,0,15,False,7.0,Low
ADHD medications,Pharmacology,1,1,2022,0.062,0,3,False,4.9,Low
Abdominal Abscesses,Surgery,1,1,2022,0.062,0,3,False,4.9,Low
Acute Heart Failure,Medicine,1,1,2022,0.062,0,3,False,4.9,Low
Acute promyelocytic leukemia,Pathology,1,1,2023,0.062,0,2,False,4.9,Low
Adhd Medications,Pharmacology,1,1,2022,0.062,0,3,False,4.9,Low
Adolescent Psychiatry,Psychiatry,1,1,2022,0.062,0,3,False,4.9,Low
Anhydramnios,OBG,1,1,2022,0.062,0,3,False,4.9,Low
Antibacterial Drugs,Pharmacology,1,1,2022,0.062,0,3,False,4.9,Low
Antibiotic Prophylaxis,Pharmacology,1,1,2023,0.062,0,2,False,4.9,Low
Antibiotic prophylaxis,Pharmacology,1,1,2023,0.062,0,2,False,4.9,Low
Antibiotic-associated Diarrhea,Microbiology,1,1,2022,0.062,0,3,False,4.9,Low
Antidepressant Toxicity,Pharmacology,1,1,2022,0.062,0,3,False,4.9,Low
Antidepressant toxicity,Pharmacology,1,1,2022,0.062,0,3,False,4.9,Low
Antigout Agents,Pharmacology,1,1,2023,0.062,0,2,False,4.9,Low
Antigout agents,Pharmacology,1,1,2023,0.062,0,2,False,4.9,Low
Ascites Complications,Medicine,1,1,2022,0.062,0,3,False,4.9,Low
Ascites complications,Medicine,1,1,2022,0.062,0,3,False,4.9,Low
Aspergillosis,Microbiology,1,1,2022,0.062,0,3,False,4.9,Low
Autoimmune Blistering Disorders,Dermatology,1,1,2022,0.062,0,3,False,4.9,Low
Bacteriological testing,Community Medicine,1,1,2023,0.062,0,2,False,4.9,Low
Baroreceptor Reflex,Physiology,1,1,2022,0.062,0,3,False,4.9,Low
Basics Of Radiology,Radiology,1,1,2022,0.062,0,3,False,4.9,Low
Biological stains,Forensic Medicine,1,1,2022,0.062,0,3,False,4.9,Low
Body Temperature Regulation,Physiology,1,1,2022,0.062,0,3,False,4.9,Low
Bone Dysplasias,Orthopedics,1,1,2023,0.062,0,2,False,4.9,Low
Bone Marrow Examination,Pathology,1,1,2022,0.062,0,3,False,4.9,Low
Bulimia Nervosa,Psychiatry,1,1,2022,0.062,0,3,False,4.9,Low
Bulimia nervosa,Psychiatry,1,1,2022,0.062,0,3,False,4.9,Low
CEAP classification,Surgery,1,1,2023,0.062,0,2,False,4.9,Low
Cancer Biology,Pathology,1,1,2022,0.062,0,3,False,4.9,Low
Cardiac Action Potential,Physiology,1,1,2023,0.062,0,2,False,4.9,Low
Cardiac Pathology,Pathology,1,1,2022,0.062,0,3,False,4.9,Low
Cardiac surgery,Pharmacology,1,1,2023,0.062,0,2,False,4.9,Low
Cellular Metabolism,Pathology,1,1,2022,0.062,0,3,False,4.9,Low
Cerclage,OBG,1,1,2022,0.062,0,3,False,4.9,Low
Chest CT Interpretation,Radiology,1,1,2022,0.062,0,3,False,4.9,Low
Chest Ct Interpretation,Radiology,1,1,2022,0.062,0,3,False,4.9,Low
Cholera Toxin Mechanism,Microbiology,1,1,2022,0.062,0,3,False,4.9,Low
Cholera toxin mechanism,Microbiology,1,1,2022,0.062,0,3,False,4.9,Low
Chromosomal Translocation,Pathology,1,1,2023,0.062,0,2,False,4.9,Low
Chronic Venous Disorders,Surgery,1,1,2023,0.062,0,2,False,4.9,Low
Chronic venous disease,Surgery,1,1,2023,0.062,0,2,False,4.9,Low
Chronic venous disorders,Surgery,1,1,2023,0.062,0,2,False,4.9,Low
Clinical Features of Poisoning,Forensic Medicine,1,1,2022,0.062,0,3,False,4.9,Low
Clinical Scores,Surgery,1,1,2023,0.062,0,2,False,4.9,Low
Clinical trials,Pharmacology,1,1,2022,0.062,0,3,False,4.9,Low
Cobalt therapy,Radiology,1,1,2023,0.062,0,2,False,4.9,Low
Cochlear hair cells,ENT,1,1,2022,0.062,0,3,False,4.9,Low
Congenital Urinary Anomalies,Pediatrics,1,1,2022,0.062,0,3,False,4.9,Low
Congenital urinary anomalies,Pediatrics,1,1,2022,0.062,0,3,False,4.9,Low
Corrnea,Ophthalmology,1,1,2023,0.062,0,2,False,4.9,Low
Dermatological Syndromes,Dermatology,1,1,2023,0.062,0,2,False,4.9,Low
Diabetes complications,Medicine,1,1,2022,0.062,0,3,False,4.9,Low
Doppler,OBG,1,1,2022,0.062,0,3,False,4.9,Low
Dorsal column,Anatomy,1,1,2023,0.062,0,2,False,4.9,Low
Drug Dosing,Pharmacology,1,1,2022,0.062,0,3,False,4.9,Low
Drug Overdose,Pharmacology,1,1,2022,0.062,0,3,False,4.9,Low
Drug hypersensitivity,Pharmacology,1,1,2022,0.062,0,3,False,4.9,Low
Drug-Resistant Tuberculosis Treatment,Pharmacology,1,1,2022,0.062,0,3,False,4.9,Low
Duchenne Muscular Dystrophy,Pediatrics,1,1,2022,0.062,0,3,False,4.9,Low
ECG changes,Medicine,1,1,2022,0.062,0,3,False,4.9,Low
Ear Ossicles,Anatomy,1,1,2022,0.062,0,3,False,4.9,Low
Eating disorders,Psychiatry,1,1,2022,0.062,0,3,False,4.9,Low
Electrolyte imbalances,Physiology,1,1,2022,0.062,0,3,False,4.9,Low
Electrolyte management,Surgery,1,1,2022,0.062,0,3,False,4.9,Low
Emergency Procedures,Surgery,1,1,2023,0.062,0,2,False,4.9,Low
Environment And Health,Community Medicine,1,1,2023,0.062,0,2,False,4.9,Low
Enzyme Assays,Biochemistry,1,1,2022,0.062,0,3,False,4.9,Low
Fat Absorption,Biochemistry,1,1,2022,0.062,0,3,False,4.9,Low
Follicular Disorders,Dermatology,1,1,2023,0.062,0,2,False,4.9,Low
Foreign Body Aspiration,Pediatrics,1,1,2022,0.062,0,3,False,4.9,Low
Fungal Culture Media,Microbiology,1,1,2022,0.062,0,3,False,4.9,Low
Fungal culture media,Microbiology,1,1,2022,0.062,0,3,False,4.9,Low
Gastroenteritis,Pediatrics,1,1,2022,0.062,0,3,False,4.9,Low
General Radiology,Radiology,1,1,2022,0.062,0,3,False,4.9,Low
Genetic Bone Disorders,Pediatrics,1,1,2022,0.062,0,3,False,4.9,Low
Gunshot wounds,Forensic Medicine,1,1,2022,0.062,0,3,False,4.9,Low
HIV Management,Medicine,1,1,2022,0.062,0,3,False,4.9,Low
Headache Syndromes,Anatomy,1,1,2022,0.062,0,3,False,4.9,Low
Hearing Physiology,Anatomy,1,1,2022,0.062,0,3,False,4.9,Low
Hemiballismus,Medicine,1,1,2022,0.062,0,3,False,4.9,Low
Hemoglobinopathy,Biochemistry,1,1,2022,0.062,0,3,False,4.9,Low
Hiv Management,Medicine,1,1,2022,0.062,0,3,False,4.9,Low
Human Papillomavirus,Microbiology,1,1,2022,0.062,0,3,False,4.9,Low
Hyperkalemia Management,Medicine,1,1,2022,0.062,0,3,False,4.9,Low
Hyperthyroidism Treatment,Pharmacology,1,1,2022,0.062,0,3,False,4.9,Low
Hypolipidemic Drugs,Pharmacology,1,1,2022,0.062,0,3,False,4.9,Low
Hypolipidemic drugs,Pharmacology,1,1,2022,0.062,0,3,False,4.9,Low
IPC Sections,Forensic Medicine,1,1,2023,0.062,0,2,False,4.9,Low
Imaging techniques,Radiology,1,1,2022,0.062,0,3,False,4.9,Low
Immunofluorescence,Dermatology,1,1,2022,0.062,0,3,False,4.9,Low
Infantile Spasms,Pediatrics,1,1,2022,0.062,0,3,False,4.9,Low
Inner Ear Anatomy,Anatomy,1,1,2022,0.062,0,3,False,4.9,Low
Inner ear anatomy,Anatomy,1,1,2022,0.062,0,3,False,4.9,Low
Instrumental delivery,OBG,1,1,2022,0.062,0,3,False,4.9,Low
Integrated Essentials,Dermatology,1,1,2022,0.062,0,3,False,4.9,Low
Intra-Abdominal Abscess,Surgery,1,1,2022,0.062,0,3,False,4.9,Low
Intra-abdominal Abscess,Surgery,1,1,2022,0.062,0,3,False,4.9,Low
Introduction To Dermatology,Dermatology,1,1,2023,0.062,0,2,False,4.9,Low
Lidocaine,Pharmacology,1,1,2022,0.062,0,3,False,4.9,Low
Ligature Marks,Forensic Medicine,1,1,2022,0.062,0,3,False,4.9,Low
Liver And Biliary Tree,Surgery,1,1,2023,0.062,0,2,False,4.9,Low
Liver and biliary tree,Surgery,1,1,2023,0.062,0,2,False,4.9,Low
Liver cirrhosis,Anatomy,1,1,2023,0.062,0,2,False,4.9,Low
Low birth weight,Community Medicine,1,1,2022,0.062,0,3,False,4.9,Low
Malposition,OBG,1,1,2022,0.062,0,3,False,4.9,Low
Management Of Breech Presentation,OBG,1,1,2022,0.062,0,3,False,4.9,Low
Management of Breech Presentation,OBG,1,1,2022,0.062,0,3,False,4.9,Low
Management of poisoning,Pharmacology,1,1,2022,0.062,0,3,False,4.9,Low
Medicolegal Examination,Forensic Medicine,1,1,2022,0.062,0,3,False,4.9,Low
Membrane potential,Physiology,1,1,2023,0.062,0,2,False,4.9,Low
Mendelian Inheritance,Biochemistry,1,1,2022,0.062,0,3,False,4.9,Low
Mental health,OBG,1,1,2022,0.062,0,3,False,4.9,Low
Microscopic Anatomy,Anatomy,1,1,2022,0.062,0,3,False,4.9,Low
Middle Ear Disorders,ENT,1,1,2022,0.062,0,3,False,4.9,Low
Miscellaneous,Orthopedics,1,1,2022,0.062,0,3,False,4.9,Low
Mutations,Biochemistry,1,1,2022,0.062,0,3,False,4.9,Low
Neonatal Hypothyroidism,Pediatrics,1,1,2022,0.062,0,3,False,4.9,Low
Nerve Fiber Properties,Physiology,1,1,2022,0.062,0,3,False,4.9,Low
Neuromuscular Blockade Monitoring,Anaesthesia,1,1,2022,0.062,0,3,False,4.9,Low
Oncological Emergencies,Pediatrics,1,1,2022,0.062,0,3,False,4.9,Low
Oral Mucosal Lesions,Medicine,1,1,2022,0.062,0,3,False,4.9,Low
PCSK9 inhibitors,Pharmacology,1,1,2022,0.062,0,3,False,4.9,Low
Paediatric Emergency,Pediatrics,1,1,2022,0.062,0,3,False,4.9,Low
Paracetamol Overdose,Medicine,1,1,2022,0.062,0,3,False,4.9,Low
Paracetamol poisoning,Medicine,1,1,2022,0.062,0,3,False,4.9,Low
Patella,Orthopedics,1,1,2023,0.062,0,2,False,4.9,Low
Pharmacology of gout,Pharmacology,1,1,2023,0.062,0,2,False,4.9,Low
Placental abnormalities,OBG,1,1,2022,0.062,0,3,False,4.9,Low
Placental complications,OBG,1,1,2022,0.062,0,3,False,4.9,Low
Plasmodium species,Microbiology,1,1,2023,0.062,0,2,False,4.9,Low
Portocaval Anastomoses,Anatomy,1,1,2023,0.062,0,2,False,4.9,Low
Portocaval anastomoses,Anatomy,1,1,2023,0.062,0,2,False,4.9,Low
Post-COVID complications,Medicine,1,1,2022,0.062,0,3,False,4.9,Low
Post-mortem Findings,Forensic Medicine,1,1,2022,0.062,0,3,False,4.9,Low
Post-viral complications,Medicine,1,1,2022,0.062,0,3,False,4.9,Low
Postpartum Physiology,OBG,1,1,2022,0.062,0,3,False,4.9,Low
Postpartum Psychiatric Disorders,OBG,1,1,2022,0.062,0,3,False,4.9,Low
Postpartum disorders,OBG,1,1,2022,0.062,0,3,False,4.9,Low
Postpartum psychiatric disorders,OBG,1,1,2022,0.062,0,3,False,4.9,Low
Potassium,Physiology,1,1,2023,0.062,0,2,False,4.9,Low
Potassium Homeostasis,Physiology,1,1,2022,0.062,0,3,False,4.9,Low
Preeclampsia Complications,OBG,1,1,2022,0.062,0,3,False,4.9,Low
Premature Ejaculation,Psychiatry,1,1,2023,0.062,0,2,False,4.9,Low
Previous Cesarean Section,OBG,1,1,2022,0.062,0,3,False,4.9,Low
Radiation Therapy,Radiology,1,1,2023,0.062,0,2,False,4.9,Low
Seizure Disorders,Pediatrics,1,1,2022,0.062,0,3,False,4.9,Low
Sphingolipidoses,Biochemistry,1,1,2022,0.062,0,3,False,4.9,Low
Spinal cord tracts,Anatomy,1,1,2023,0.062,0,2,False,4.9,Low
Stis,Dermatology,1,1,2023,0.062,0,2,False,4.9,Low
Surgical Oncology Principles,Surgery,1,1,2023,0.062,0,2,False,4.9,Low
Surgical imaging,Surgery,1,1,2022,0.062,0,3,False,4.9,Low
TCA overdose,Pharmacology,1,1,2022,0.062,0,3,False,4.9,Low
TCA poisoning,Pharmacology,1,1,2022,0.062,0,3,False,4.9,Low
Temporal lobe lesion,Medicine,1,1,2023,0.062,0,2,False,4.9,Low
Thermoregulation In Fever,Physiology,1,1,2022,0.062,0,3,False,4.9,Low
Thermoregulation in Fever,Physiology,1,1,2022,0.062,0,3,False,4.9,Low
Thromboelastography,Surgery,1,1,2022,0.062,0,3,False,4.9,Low
Triage Categories,Surgery,1,1,2022,0.062,0,3,False,4.9,Low
Trichomonas,Microbiology,1,1,2023,0.062,0,2,False,4.9,Low
Twin Complications,OBG,1,1,2022,0.062,0,3,False,4.9,Low
Tympanostomy Tube,ENT,1,1,2022,0.062,0,3,False,4.9,Low
Urinary tract anomalies,Pediatrics,1,1,2022,0.062,0,3,False,4.9,Low
Vaccination schedule,Community Medicine,1,1,2023,0.062,0,2,False,4.9,Low
Viral Hemorrhagic Fevers,Community Medicine,1,1,2022,0.062,0,3,False,4.9,Low
Viral Warts,Dermatology,1,1,2022,0.062,0,3,False,4.9,Low
Viral warts,Dermatology,1,1,2022,0.062,0,3,False,4.9,Low
WHO STEPS approach,Community Medicine,1,1,2022,0.062,0,3,False,4.9,Low
Water Sample Collection,Community Medicine,1,1,2023,0.062,0,2,False,4.9,Low
Water sample collection,Community Medicine,1,1,2023,0.062,0,2,False,4.9,Low
Who Steps Approach,Community Medicine,1,1,2022,0.062,0,3,False,4.9,Low
Wounds And Injuries,Forensic Medicine,1,1,2022,0.062,0,3,False,4.9,Low
Wounds and Injuries,Forensic Medicine,1,1,2022,0.062,0,3,False,4.9,Low
qSOFA,Medicine,1,1,2023,0.062,0,2,False,4.9,Low
"2,3-DPG",Physiology,1,1,2020,0.062,0,5,False,4.8,Low
ATLS,Medicine,1,1,2020,0.062,0,5,False,4.8,Low
Abdominal Viscera,Anatomy,1,1,2020,0.062,0,5,False,4.8,Low
Acetaminophen,Pharmacology,1,1,2020,0.062,0,5,False,4.8,Low
Acid-Base Disorders / Calcium Metabolism,Physiology,1,1,2021,0.062,0,4,False,4.8,Low
Acneiform Disorders,Dermatology,1,1,2021,0.062,0,4,False,4.8,Low
Acneiform disorders,Dermatology,1,1,2021,0.062,0,4,False,4.8,Low
Acute Chest Pain Evaluation,Radiology,1,1,2021,0.062,0,4,False,4.8,Low
Acute Coronary Syndrome,Medicine,1,1,2021,0.062,0,4,False,4.8,Low
Acute Liver Failure,Medicine,1,1,2020,0.062,0,5,False,4.8,Low
Acute Parotitis,ENT,1,1,2020,0.062,0,5,False,4.8,Low
Acute liver failure,Medicine,1,1,2020,0.062,0,5,False,4.8,Low
Acute parotitis,ENT,1,1,2020,0.062,0,5,False,4.8,Low
Adnexal Masses,OBG,1,1,2021,0.062,0,4,False,4.8,Low
Adnexal masses,OBG,1,1,2021,0.062,0,4,False,4.8,Low
Alcohol interaction,Pharmacology,1,1,2021,0.062,0,4,False,4.8,Low
Alcohol-Related Disorders,Medicine,1,1,2020,0.062,0,5,False,4.8,Low
Altered consciousness,Medicine,1,1,2021,0.062,0,4,False,4.8,Low
Amygdala,Anatomy,1,1,2020,0.062,0,5,False,4.8,Low
Anti-Obesity Drugs,Pharmacology,1,1,2021,0.062,0,4,False,4.8,Low
Anti-obesity drugs,Pharmacology,1,1,2021,0.062,0,4,False,4.8,Low
Antibiotic resistance,Microbiology,1,1,2020,0.062,0,5,False,4.8,Low
Antitubercular Drugs And Oral Contraceptive Pills (Ocps) Interaction,Pharmacology,1,1,2021,0.062,0,4,False,4.8,Low
Aortic Aneurysms,Surgery,1,1,2020,0.062,0,5,False,4.8,Low
Aortic Regurgitation,Medicine,1,1,2020,0.062,0,5,False,4.8,Low
Aplastic Anemia,Medicine,1,1,2021,0.062,0,4,False,4.8,Low
Articulations,Anatomy,1,1,2020,0.062,0,5,False,4.8,Low
Autopsy Findings / Physiological Changes,Forensic Medicine,1,1,2021,0.062,0,4,False,4.8,Low
Autopsy findings,Pharmacology,1,1,2021,0.062,0,4,False,4.8,Low
Ayushman Bharat,Community Medicine,1,1,2021,0.062,0,4,False,4.8,Low
B cell activation,Microbiology,1,1,2020,0.062,0,5,False,4.8,Low
Bacterial Culture Media,Microbiology,1,1,2020,0.062,0,5,False,4.8,Low
Bacterial Food Poisoning,Microbiology,1,1,2020,0.062,0,5,False,4.8,Low
Bacterial STIs,Microbiology,1,1,2020,0.062,0,5,False,4.8,Low
Bacterial Stis,Microbiology,1,1,2020,0.062,0,5,False,4.8,Low
Bacterial Virulence,Microbiology,1,1,2020,0.062,0,5,False,4.8,Low
Barium swallow,Radiology,1,1,2020,0.062,0,5,False,4.8,Low
Benign gynecologic conditions,OBG,1,1,2020,0.062,0,5,False,4.8,Low
Benzene Exposure And Associated Health Effects,Pathology,1,1,2021,0.062,0,4,False,4.8,Low
Biliary Tract Disease,Surgery,1,1,2020,0.062,0,5,False,4.8,Low
Biliary stones,Surgery,1,1,2021,0.062,0,4,False,4.8,Low
Biliary tract disease,Surgery,1,1,2020,0.062,0,5,False,4.8,Low
Binocular Vision Assessment,Ophthalmology,1,1,2021,0.062,0,4,False,4.8,Low
Biomedical Waste Management (Color-Coded Disposal Bags),Community Medicine,1,1,2021,0.062,0,4,False,4.8,Low
Bone Marrow Failure Syndromes,Pathology,1,1,2021,0.062,0,4,False,4.8,Low
Bowel Obstruction,Radiology,1,1,2021,0.062,0,4,False,4.8,Low
Brain Pathology,Medicine,1,1,2021,0.062,0,4,False,4.8,Low
Breathlessness,Medicine,1,1,2020,0.062,0,5,False,4.8,Low
Bullous Skin Diseases,Dermatology,1,1,2020,0.062,0,5,False,4.8,Low
CSF analysis,Microbiology,1,1,2020,0.062,0,5,False,4.8,Low
Cancer Presentation,Pathology,1,1,2021,0.062,0,4,False,4.8,Low
Cancer Screening,Community Medicine,1,1,2020,0.062,0,5,False,4.8,Low
Cardiac risk assessment,Anaesthesia,1,1,2020,0.062,0,5,False,4.8,Low
Cardioversion,Medicine,1,1,2020,0.062,0,5,False,4.8,Low
Cavernous Sinus Thrombosis,Ophthalmology,1,1,2020,0.062,0,5,False,4.8,Low
Cavernous sinus thrombosis,Ophthalmology,1,1,2020,0.062,0,5,False,4.8,Low
Cellular Movement,Physiology,1,1,2020,0.062,0,5,False,4.8,Low
Chest Lesions,Surgery,1,1,2020,0.062,0,5,False,4.8,Low
Chest Pain,Radiology,1,1,2021,0.062,0,4,False,4.8,Low
Child Health Indicators,Community Medicine,1,1,2021,0.062,0,4,False,4.8,Low
Chronic Liver Disease,Medicine,1,1,2020,0.062,0,5,False,4.8,Low
Chronic Lung Disease,Pathology,1,1,2020,0.062,0,5,False,4.8,Low
Chronic Otitis Media Complications,ENT,1,1,2021,0.062,0,4,False,4.8,Low
Clinical Skills,ENT,1,1,2021,0.062,0,4,False,4.8,Low
Colitis,Medicine,1,1,2020,0.062,0,5,False,4.8,Low
Colorectal Disorders,Medicine,1,1,2020,0.062,0,5,False,4.8,Low
Congenital malformations,OBG,1,1,2020,0.062,0,5,False,4.8,Low
Contrast studies,Radiology,1,1,2021,0.062,0,4,False,4.8,Low
Cystathionine Beta Synthase,Unknown,1,1,2021,0.062,0,4,False,4.8,Low
DNA Replication and Repair,Biochemistry,1,1,2020,0.062,0,5,False,4.8,Low
Data Visualization,Community Medicine,1,1,2021,0.062,0,4,False,4.8,Low
Demyelinating diseases,Pathology,1,1,2020,0.062,0,5,False,4.8,Low
Diagnostic Methods For Treponema Pallidum,Unknown,1,1,2021,0.062,0,4,False,4.8,Low
Disaster Cycle,Community Medicine,1,1,2021,0.062,0,4,False,4.8,Low
Disease transmission,Community Medicine,1,1,2020,0.062,0,5,False,4.8,Low
Dislocation,Orthopedics,1,1,2020,0.062,0,5,False,4.8,Low
Diverticular Disease,Surgery,1,1,2020,0.062,0,5,False,4.8,Low
Diverticular disease,Surgery,1,1,2020,0.062,0,5,False,4.8,Low
Dna Replication And Repair,Biochemistry,1,1,2020,0.062,0,5,False,4.8,Low
Dose-Response,Pharmacology,1,1,2020,0.062,0,5,False,4.8,Low
Drug Kinetics,Pharmacology,1,1,2020,0.062,0,5,False,4.8,Low
Drug classes,Pharmacology,1,1,2020,0.062,0,5,False,4.8,Low
Dysmorphology,Surgery,1,1,2021,0.062,0,4,False,4.8,Low
ENT Pharmacology,ENT,1,1,2021,0.062,0,4,False,4.8,Low
ENT Procedures,ENT,1,1,2021,0.062,0,4,False,4.8,Low
Ear Surgery,ENT,1,1,2020,0.062,0,5,False,4.8,Low
Effects Of Radiation,Radiology,1,1,2021,0.062,0,4,False,4.8,Low
Effects of Radiation,Radiology,1,1,2021,0.062,0,4,False,4.8,Low
Endoscopic Procedures,OBG,1,1,2020,0.062,0,5,False,4.8,Low
Endoscopic procedures,OBG,1,1,2020,0.062,0,5,False,4.8,Low
Endotracheal Tube Position,Anaesthesia,1,1,2021,0.062,0,4,False,4.8,Low
Ent Procedures,ENT,1,1,2021,0.062,0,4,False,4.8,Low
Environmental Emergencies,Medicine,1,1,2020,0.062,0,5,False,4.8,Low
Environmental Monitoring,Microbiology,1,1,2021,0.062,0,4,False,4.8,Low
Eosinophilia,Medicine,1,1,2021,0.062,0,4,False,4.8,Low
Epistaxis Management,ENT,1,1,2021,0.062,0,4,False,4.8,Low
Esophageal Motility,Medicine,1,1,2020,0.062,0,5,False,4.8,Low
Estrogen Effects,Physiology,1,1,2020,0.062,0,5,False,4.8,Low
Evidence / Witness Examination,Unknown,1,1,2021,0.062,0,4,False,4.8,Low
Ewing sarcoma,Orthopedics,1,1,2021,0.062,0,4,False,4.8,Low
Eye Health Programs,Ophthalmology,1,1,2020,0.062,0,5,False,4.8,Low
Eyelid Anatomy & Disorders,Ophthalmology,1,1,2020,0.062,0,5,False,4.8,Low
Factories Act,Community Medicine,1,1,2020,0.062,0,5,False,4.8,Low
Fallopian Tube Anatomy,OBG,1,1,2020,0.062,0,5,False,4.8,Low
Fecal Calprotectin,Medicine,1,1,2020,0.062,0,5,False,4.8,Low
Female urinary symptoms,Medicine,1,1,2021,0.062,0,4,False,4.8,Low
Fetal Sex Determination Ethics,Community Medicine,1,1,2020,0.062,0,5,False,4.8,Low
Filarial Worms,Unknown,1,1,2021,0.062,0,4,False,4.8,Low
Flaps,Surgery,1,1,2020,0.062,0,5,False,4.8,Low
Fluid compartments,Physiology,1,1,2021,0.062,0,4,False,4.8,Low
Food Quality Tests,Forensic Medicine,1,1,2021,0.062,0,4,False,4.8,Low
Foreign Body Detection,Radiology,1,1,2021,0.062,0,4,False,4.8,Low
Foreign body detection,Radiology,1,1,2021,0.062,0,4,False,4.8,Low
Fundus Examination,Ophthalmology,1,1,2021,0.062,0,4,False,4.8,Low
GI Pharmacology,Pharmacology,1,1,2020,0.062,0,5,False,4.8,Low
Gastrectomy Complications,Surgery,1,1,2020,0.062,0,5,False,4.8,Low
Gastric Emptying,Physiology,1,1,2020,0.062,0,5,False,4.8,Low
Gastric emptying,Physiology,1,1,2020,0.062,0,5,False,4.8,Low
Gene Expression Regulation,Biochemistry,1,1,2020,0.062,0,5,False,4.8,Low
General Concepts,Medicine,1,1,2020,0.062,0,5,False,4.8,Low
Genetic Syndromes In Cancer,Pathology,1,1,2021,0.062,0,4,False,4.8,Low
Genetic Syndromes in Cancer,Pathology,1,1,2021,0.062,0,4,False,4.8,Low
Gestational age estimation,OBG,1,1,2021,0.062,0,4,False,4.8,Low
Gi Pharmacology,Pharmacology,1,1,2020,0.062,0,5,False,4.8,Low
Global Hunger Index,Unknown,1,1,2021,0.062,0,4,False,4.8,Low
Glomerular Filtration,Biochemistry,1,1,2020,0.062,0,5,False,4.8,Low
Glycosaminoglycans / Keratan Sulphate,Biochemistry,1,1,2021,0.062,0,4,False,4.8,Low
Gout Treatment,Pharmacology,1,1,2020,0.062,0,5,False,4.8,Low
Gout treatment,Pharmacology,1,1,2020,0.062,0,5,False,4.8,Low
Graft types,Surgery,1,1,2020,0.062,0,5,False,4.8,Low
Gram Stain,Microbiology,1,1,2020,0.062,0,5,False,4.8,Low
Gravida Para,OBG,1,1,2020,0.062,0,5,False,4.8,Low
Gravidity Parity,Surgery,1,1,2021,0.062,0,4,False,4.8,Low
Hair Peroforation Test,Dermatology,1,1,2021,0.062,0,4,False,4.8,Low
Hand And Wrist Conditions,Orthopedics,1,1,2020,0.062,0,5,False,4.8,Low
Hand and Wrist Conditions,Orthopedics,1,1,2020,0.062,0,5,False,4.8,Low
Health Education Models,Community Medicine,1,1,2021,0.062,0,4,False,4.8,Low
Health System Organization,Microbiology,1,1,2021,0.062,0,4,False,4.8,Low
Health Systems,Microbiology,1,1,2021,0.062,0,4,False,4.8,Low
Heart Valves / Stenosis,Medicine,1,1,2021,0.062,0,4,False,4.8,Low
Heat Stroke,Pharmacology,1,1,2021,0.062,0,4,False,4.8,Low
Hepatitis B Diagnosis,Microbiology,1,1,2020,0.062,0,5,False,4.8,Low
Hepatitis B diagnosis,Microbiology,1,1,2020,0.062,0,5,False,4.8,Low
Hepatobiliary Imaging,Radiology,1,1,2020,0.062,0,5,False,4.8,Low
High Altitude Illness,Medicine,1,1,2020,0.062,0,5,False,4.8,Low
High altitude illness,Medicine,1,1,2020,0.062,0,5,False,4.8,Low
Hip Injuries,Surgery,1,1,2021,0.062,0,4,False,4.8,Low
History taking,Medicine,1,1,2021,0.062,0,4,False,4.8,Low
Homocystinuria / Inborn Errors Of Amino Acid Metabolism,Unknown,1,1,2021,0.062,0,4,False,4.8,Low
Hormone Regulation,Biochemistry,1,1,2020,0.062,0,5,False,4.8,Low
Hospital Waste,Community Medicine,1,1,2020,0.062,0,5,False,4.8,Low
Hyperkeratosis,Surgery,1,1,2021,0.062,0,4,False,4.8,Low
Hypopituitarism,Medicine,1,1,2020,0.062,0,5,False,4.8,Low
ICU Management,Dermatology,1,1,2021,0.062,0,4,False,4.8,Low
Immunoassays,Biochemistry,1,1,2020,0.062,0,5,False,4.8,Low
Immunodeficiency / Vaccination Contraindications,Pediatrics,1,1,2021,0.062,0,4,False,4.8,Low
Incomplete Question,Medicine,1,1,2020,0.062,0,5,False,4.8,Low
Incontinence,Medicine,1,1,2021,0.062,0,4,False,4.8,Low
Inferior frontal gyrus,Anatomy,1,1,2020,0.062,0,5,False,4.8,Low
Interventions,Medicine,1,1,2020,0.062,0,5,False,4.8,Low
Intracranial complications,ENT,1,1,2021,0.062,0,4,False,4.8,Low
Intraoperative PTH monitoring,Surgery,1,1,2020,0.062,0,5,False,4.8,Low
Ion Channel,Physiology,1,1,2020,0.062,0,5,False,4.8,Low
Irritable bowel syndrome,Medicine,1,1,2020,0.062,0,5,False,4.8,Low
Kawasaki Syndrome,Pediatrics,1,1,2020,0.062,0,5,False,4.8,Low
Laparoscopic Instrumentation,Surgery,1,1,2020,0.062,0,5,False,4.8,Low
Learning Domains,Microbiology,1,1,2021,0.062,0,4,False,4.8,Low
Leukocoria,Ophthalmology,1,1,2021,0.062,0,4,False,4.8,Low
Lichen Sclerosus,Dermatology,1,1,2020,0.062,0,5,False,4.8,Low
Lichen sclerosus,Dermatology,1,1,2020,0.062,0,5,False,4.8,Low
Lithium Side Effects,Pharmacology,1,1,2020,0.062,0,5,False,4.8,Low
Lithium Toxicity,Pharmacology,1,1,2020,0.062,0,5,False,4.8,Low
Liver disease,Pharmacology,1,1,2020,0.062,0,5,False,4.8,Low
Lumbar Puncture,Anatomy,1,1,2021,0.062,0,4,False,4.8,Low
Lung Cancer Staging,Medicine,1,1,2020,0.062,0,5,False,4.8,Low
Lymphoma Classification,Pharmacology,1,1,2021,0.062,0,4,False,4.8,Low
Lymphomas (Follicular Lymphoma),Pathology,1,1,2021,0.062,0,4,False,4.8,Low
MEN Syndromes,Medicine,1,1,2020,0.062,0,5,False,4.8,Low
Macular Function Tests,Ophthalmology,1,1,2020,0.062,0,5,False,4.8,Low
Magnesium Sulfate Therapy,OBG,1,1,2020,0.062,0,5,False,4.8,Low
Magnesium sulfate therapy,OBG,1,1,2020,0.062,0,5,False,4.8,Low
Marking Nut,Pharmacology,1,1,2021,0.062,0,4,False,4.8,Low
Maternal diabetes,OBG,1,1,2020,0.062,0,5,False,4.8,Low
Maternal-Fetal Antibody Transfer,OBG,1,1,2020,0.062,0,5,False,4.8,Low
Maternal-Fetal Immunity,OBG,1,1,2020,0.062,0,5,False,4.8,Low
Measles Virus,Microbiology,1,1,2021,0.062,0,4,False,4.8,Low
Measures Of Dispersion,Community Medicine,1,1,2020,0.062,0,5,False,4.8,Low
Measures of Dispersion,Community Medicine,1,1,2020,0.062,0,5,False,4.8,Low
Meconium Peritonitis,OBG,1,1,2020,0.062,0,5,False,4.8,Low
Meconium peritonitis,OBG,1,1,2020,0.062,0,5,False,4.8,Low
Mediastinal Masses,Medicine,1,1,2021,0.062,0,4,False,4.8,Low
Medical Signs,Radiology,1,1,2020,0.062,0,5,False,4.8,Low
Men Syndromes,Medicine,1,1,2020,0.062,0,5,False,4.8,Low
Meningeal irritation,Medicine,1,1,2020,0.062,0,5,False,4.8,Low
Mental Health Legislation,Psychiatry,1,1,2020,0.062,0,5,False,4.8,Low
Mental Healthcare Act 2017,Psychiatry,1,1,2020,0.062,0,5,False,4.8,Low
Metronidazole,Pharmacology,1,1,2021,0.062,0,4,False,4.8,Low
Metronidazole Interactions,Pharmacology,1,1,2021,0.062,0,4,False,4.8,Low
Miliary Pattern,Medicine,1,1,2021,0.062,0,4,False,4.8,Low
Molecular Targeted Therapy,Pharmacology,1,1,2020,0.062,0,5,False,4.8,Low
Molecular targets,Pharmacology,1,1,2020,0.062,0,5,False,4.8,Low
Musculocutaneous nerve,Anatomy,1,1,2021,0.062,0,4,False,4.8,Low
Musculoskeletal Pathology,Pathology,1,1,2020,0.062,0,5,False,4.8,Low
Myopic Astigmatism,Ophthalmology,1,1,2021,0.062,0,4,False,4.8,Low
National Program For Control Of Blindness,Ophthalmology,1,1,2020,0.062,0,5,False,4.8,Low
National Program for Control of Blindness,Ophthalmology,1,1,2020,0.062,0,5,False,4.8,Low
Neck Radiography,Radiology,1,1,2020,0.062,0,5,False,4.8,Low
Neck radiography,Radiology,1,1,2020,0.062,0,5,False,4.8,Low
Neonatal GI disorders,Pediatrics,1,1,2020,0.062,0,5,False,4.8,Low
Neonatal Hyperbilirubinemia,Pediatrics,1,1,2020,0.062,0,5,False,4.8,Low
Neonatal Immunity,Pediatrics,1,1,2020,0.062,0,5,False,4.8,Low
Neonatal skin conditions,Pediatrics,1,1,2020,0.062,0,5,False,4.8,Low
Nephrogenic Diabetes Insipidus,Physiology,1,1,2020,0.062,0,5,False,4.8,Low
Nephrolithiasis,Medicine,1,1,2020,0.062,0,5,False,4.8,Low
Nerve Fiber Types,Physiology,1,1,2020,0.062,0,5,False,4.8,Low
Nerve graft,Anatomy,1,1,2021,0.062,0,4,False,4.8,Low
Non-Communicable Diseases,Community Medicine,1,1,2020,0.062,0,5,False,4.8,Low
Obstetric Injuries,OBG,1,1,2020,0.062,0,5,False,4.8,Low
Oral And Maxillofacial Surgery,Surgery,1,1,2020,0.062,0,5,False,4.8,Low
Orbital Disease,Ophthalmology,1,1,2020,0.062,0,5,False,4.8,Low
Orbital disease,Ophthalmology,1,1,2020,0.062,0,5,False,4.8,Low
Organic GI disease,Medicine,1,1,2020,0.062,0,5,False,4.8,Low
Osteoporosis Management,Surgery,1,1,2021,0.062,0,4,False,4.8,Low
Otolaryngology Emergencies,ENT,1,1,2021,0.062,0,4,False,4.8,Low
Otolaryngology Procedures,ENT,1,1,2021,0.062,0,4,False,4.8,Low
Paediatric Chest Radiology,Radiology,1,1,2020,0.062,0,5,False,4.8,Low
Paediatric Imaging,Radiology,1,1,2020,0.062,0,5,False,4.8,Low
Paediatric Neurological Disorders,Surgery,1,1,2021,0.062,0,4,False,4.8,Low
Pancreatic Neoplasms,Medicine,1,1,2020,0.062,0,5,False,4.8,Low
Paranasal sinus,Radiology,1,1,2020,0.062,0,5,False,4.8,Low
Parasites,Unknown,1,1,2021,0.062,0,4,False,4.8,Low
Parathyroid Adenoma,Surgery,1,1,2020,0.062,0,5,False,4.8,Low
Parathyroid Gland,Surgery,1,1,2020,0.062,0,5,False,4.8,Low
Parathyroid adenoma,Surgery,1,1,2020,0.062,0,5,False,4.8,Low
Parkinson'S,Medicine,1,1,2021,0.062,0,4,False,4.8,Low
Pathogens,Microbiology,1,1,2021,0.062,0,4,False,4.8,Low
Patient Positioning,Anaesthesia,1,1,2020,0.062,0,5,False,4.8,Low
Pediatric Bone Diseases,Radiology,1,1,2021,0.062,0,4,False,4.8,Low
Pediatric Bone Disorders,Surgery,1,1,2021,0.062,0,4,False,4.8,Low
Pediatric Poisoning,Pharmacology,1,1,2021,0.062,0,4,False,4.8,Low
Pediatric anesthesia,Anaesthesia,1,1,2021,0.062,0,4,False,4.8,Low
Pellagra,Dermatology,1,1,2020,0.062,0,5,False,4.8,Low
Pelvic Organ Prolapse Surgery,OBG,1,1,2020,0.062,0,5,False,4.8,Low
Pelvic Surgical Anatomy,OBG,1,1,2020,0.062,0,5,False,4.8,Low
Pelvic masses,OBG,1,1,2020,0.062,0,5,False,4.8,Low
Penile Carcinoma,Surgery,1,1,2020,0.062,0,5,False,4.8,Low
Perforation,Surgery,1,1,2021,0.062,0,4,False,4.8,Low
Peripheral arterial disease,Medicine,1,1,2020,0.062,0,5,False,4.8,Low
Pharmacotherapy,Medicine,1,1,2020,0.062,0,5,False,4.8,Low
Pharynx And Esophagus Anatomy,Anatomy,1,1,2020,0.062,0,5,False,4.8,Low
Pharynx and Esophagus Anatomy,Anatomy,1,1,2020,0.062,0,5,False,4.8,Low
Photophobia,Ophthalmology,1,1,2021,0.062,0,4,False,4.8,Low
Pigment Metabolism,Biochemistry,1,1,2020,0.062,0,5,False,4.8,Low
Pituitary Gland Physiology,Physiology,1,1,2020,0.062,0,5,False,4.8,Low
Placenta Inversion,OBG,1,1,2020,0.062,0,5,False,4.8,Low
Placental Complications,OBG,1,1,2020,0.062,0,5,False,4.8,Low
Pleural Disorders,Medicine,1,1,2020,0.062,0,5,False,4.8,Low
Pleural disease,Radiology,1,1,2021,0.062,0,4,False,4.8,Low
Pneumocytes,Pediatrics,1,1,2020,0.062,0,5,False,4.8,Low
Pneumomediastinum,Medicine,1,1,2020,0.062,0,5,False,4.8,Low
Poisoning Symptoms,Pharmacology,1,1,2021,0.062,0,4,False,4.8,Low
Polycystic Kidney Disease,Medicine,1,1,2020,0.062,0,5,False,4.8,Low
Polycystic kidney disease,Medicine,1,1,2020,0.062,0,5,False,4.8,Low
Polyps,Pathology,1,1,2020,0.062,0,5,False,4.8,Low
Population coverage,Community Medicine,1,1,2020,0.062,0,5,False,4.8,Low
Post-Mortem Lividity,Pharmacology,1,1,2021,0.062,0,4,False,4.8,Low
Post-Transplant Complications,Medicine,1,1,2020,0.062,0,5,False,4.8,Low
Post-mortem Lividity,Pharmacology,1,1,2021,0.062,0,4,False,4.8,Low
Post-transplant complications,Medicine,1,1,2020,0.062,0,5,False,4.8,Low
Postpartum Amenorrhea,Surgery,1,1,2021,0.062,0,4,False,4.8,Low
Postpartum blues,Psychiatry,1,1,2020,0.062,0,5,False,4.8,Low
Preoperative assessment,Anaesthesia,1,1,2020,0.062,0,5,False,4.8,Low
Preoperative evaluation,Anaesthesia,1,1,2020,0.062,0,5,False,4.8,Low
Primary Immunodeficiency,Pediatrics,1,1,2020,0.062,0,5,False,4.8,Low
Primary survey,Medicine,1,1,2020,0.062,0,5,False,4.8,Low
Protein Synthesis Inhibitors,Pharmacology,1,1,2020,0.062,0,5,False,4.8,Low
Psychiatric Disorders,Psychiatry,1,1,2021,0.062,0,4,False,4.8,Low
Pubertal disorders,OBG,1,1,2020,0.062,0,5,False,4.8,Low
Public Health Goals,Community Medicine,1,1,2020,0.062,0,5,False,4.8,Low
Public Health Indicators,Microbiology,1,1,2021,0.062,0,4,False,4.8,Low
Public Health Indices,Microbiology,1,1,2021,0.062,0,4,False,4.8,Low
Public Health Ophthalmology,Ophthalmology,1,1,2020,0.062,0,5,False,4.8,Low
Pulmonary Edema,Medicine,1,1,2020,0.062,0,5,False,4.8,Low
Pulmonary Hypertension Drugs,Pharmacology,1,1,2020,0.062,0,5,False,4.8,Low
Pulmonary edema,Medicine,1,1,2020,0.062,0,5,False,4.8,Low
Radiation,OBG,1,1,2020,0.062,0,5,False,4.8,Low
Radiation Exposure,OBG,1,1,2020,0.062,0,5,False,4.8,Low
Radiation biology,Radiology,1,1,2020,0.062,0,5,False,4.8,Low
Radiation effects,Radiology,1,1,2020,0.062,0,5,False,4.8,Low
Radiation susceptibility,Radiology,1,1,2021,0.062,0,4,False,4.8,Low
Radiographic view,Radiology,1,1,2020,0.062,0,5,False,4.8,Low
Radiology / Bone Disorders,Medicine,1,1,2021,0.062,0,4,False,4.8,Low
Receptor Mechanisms,Biochemistry,1,1,2020,0.062,0,5,False,4.8,Low
Recurrent Laryngeal Nerve Palsy,ENT,1,1,2021,0.062,0,4,False,4.8,Low
Recurrent laryngeal nerve palsy,ENT,1,1,2021,0.062,0,4,False,4.8,Low
Research Techniques,Physiology,1,1,2020,0.062,0,5,False,4.8,Low
Rheumatic Fever And Rhd,Pathology,1,1,2021,0.062,0,4,False,4.8,Low
Rheumatic Fever and RHD,Pathology,1,1,2021,0.062,0,4,False,4.8,Low
Rheumatoid Arthritis Drugs,Pharmacology,1,1,2020,0.062,0,5,False,4.8,Low
Schizoaffective Disorder,Psychiatry,1,1,2020,0.062,0,5,False,4.8,Low
Schizoaffective disorder,Psychiatry,1,1,2020,0.062,0,5,False,4.8,Low
Screening Effectiveness,Community Medicine,1,1,2020,0.062,0,5,False,4.8,Low
Secondary Service Centre,Community Medicine,1,1,2020,0.062,0,5,False,4.8,Low
Seronegative Spondyloarthropathies,Radiology,1,1,2021,0.062,0,4,False,4.8,Low
Skin And Soft Tissue,Surgery,1,1,2020,0.062,0,5,False,4.8,Low
Skin and Soft Tissue,Surgery,1,1,2020,0.062,0,5,False,4.8,Low
Small Bowel Surgery Complications,Surgery,1,1,2020,0.062,0,5,False,4.8,Low
Small bowel resection,Surgery,1,1,2020,0.062,0,5,False,4.8,Low
Small bowel surgery complications,Surgery,1,1,2020,0.062,0,5,False,4.8,Low
Socioeconomic Health Indices,Community Medicine,1,1,2021,0.062,0,4,False,4.8,Low
Spinal Cord Anatomy,Surgery,1,1,2021,0.062,0,4,False,4.8,Low
Sports Medicine,Medicine,1,1,2020,0.062,0,5,False,4.8,Low
Steeple sign,Radiology,1,1,2020,0.062,0,5,False,4.8,Low
Stevens-Johnson Syndrome,Dermatology,1,1,2020,0.062,0,5,False,4.8,Low
Stevens-Johnson syndrome,Dermatology,1,1,2020,0.062,0,5,False,4.8,Low
Stool calprotectin,Medicine,1,1,2020,0.062,0,5,False,4.8,Low
Substance Abuse Symptoms,Forensic Medicine,1,1,2020,0.062,0,5,False,4.8,Low
Substance Dependence,Community Medicine,1,1,2020,0.062,0,5,False,4.8,Low
Substance dependence,Community Medicine,1,1,2020,0.062,0,5,False,4.8,Low
Sural nerve,Anatomy,1,1,2021,0.062,0,4,False,4.8,Low
Surfactant,Pediatrics,1,1,2020,0.062,0,5,False,4.8,Low
Surgical Dressings,Surgery,1,1,2020,0.062,0,5,False,4.8,Low
Surgical classification,Surgery,1,1,2020,0.062,0,5,False,4.8,Low
Sympathetic Ophthalmitis,Ophthalmology,1,1,2020,0.062,0,5,False,4.8,Low
Tetanus prophylaxis,Medicine,1,1,2021,0.062,0,4,False,4.8,Low
Thoracic radiology,Radiology,1,1,2021,0.062,0,4,False,4.8,Low
Thyroid Diseases,Pathology,1,1,2020,0.062,0,5,False,4.8,Low
Thyroid function tests,Medicine,1,1,2020,0.062,0,5,False,4.8,Low
Tongue Anatomy,Ophthalmology,1,1,2021,0.062,0,4,False,4.8,Low
Tonsillectomy Complications,ENT,1,1,2021,0.062,0,4,False,4.8,Low
Transverse Vaginal Septum,Surgery,1,1,2021,0.062,0,4,False,4.8,Low
Treatment Protocol For High Risk Cases,OBG,1,1,2021,0.062,0,4,False,4.8,Low
Tropical Pulmonary Eosinophilia,Medicine,1,1,2021,0.062,0,4,False,4.8,Low
True hermaphroditism,Pediatrics,1,1,2020,0.062,0,5,False,4.8,Low
Type 1 Diabetes,Medicine,1,1,2020,0.062,0,5,False,4.8,Low
Upper GI imaging,Radiology,1,1,2020,0.062,0,5,False,4.8,Low
Urethral Imaging,Radiology,1,1,2020,0.062,0,5,False,4.8,Low
Urethral Pathology,Radiology,1,1,2020,0.062,0,5,False,4.8,Low
Urethritis Causes,Microbiology,1,1,2020,0.062,0,5,False,4.8,Low
Urologic Oncology,Surgery,1,1,2020,0.062,0,5,False,4.8,Low
Urological Drugs,Pharmacology,1,1,2020,0.062,0,5,False,4.8,Low
Uterine surgery,OBG,1,1,2020,0.062,0,5,False,4.8,Low
V/Q ratio,Physiology,1,1,2020,0.062,0,5,False,4.8,Low
Vaginal delivery complications,OBG,1,1,2020,0.062,0,5,False,4.8,Low
Ventilation-perfusion ratio,Physiology,1,1,2020,0.062,0,5,False,4.8,Low
Visual Pathway Lesions,Ophthalmology,1,1,2020,0.062,0,5,False,4.8,Low
Visual Pathways,Ophthalmology,1,1,2020,0.062,0,5,False,4.8,Low
Visual Pathways / Optic Tract,Ophthalmology,1,1,2021,0.062,0,4,False,4.8,Low
Vitamin A Deficiency / Retinoic Acid,Unknown,1,1,2021,0.062,0,4,False,4.8,Low
Vitamin Deficiencies (Pellagra),Biochemistry,1,1,2021,0.062,0,4,False,4.8,Low
Warming technique,Medicine,1,1,2020,0.062,0,5,False,4.8,Low
Wound management,Medicine,1,1,2021,0.062,0,4,False,4.8,Low
ABPI Interpretation,Medicine,1,1,2017,0.062,0,8,False,4.7,Low
ADH Action,Physiology,1,1,2019,0.062,0,6,False,4.7,Low
ADH mechanism,Physiology,1,1,2019,0.062,0,6,False,4.7,Low
AMH,OBG,1,1,2019,0.062,0,6,False,4.7,Low
APGAR Score,Pediatrics,1,1,2019,0.062,0,6,False,4.7,Low
Abdominal CT Interpretation,Radiology,1,1,2018,0.062,0,7,False,4.7,Low
Abdominal Ct Interpretation,Radiology,1,1,2018,0.062,0,7,False,4.7,Low
Abdominal Muscles,Anatomy,1,1,2019,0.062,0,6,False,4.7,Low
Abpi Interpretation,Medicine,1,1,2017,0.062,0,8,False,4.7,Low
Abreaction,Psychiatry,1,1,2018,0.062,0,7,False,4.7,Low
Acidosis,Medicine,1,1,2019,0.062,0,6,False,4.7,Low
Acute Metabolic Emergencies,Medicine,1,1,2019,0.062,0,6,False,4.7,Low
Acute fatty liver,OBG,1,1,2019,0.062,0,6,False,4.7,Low
Acute metabolic emergencies,Medicine,1,1,2019,0.062,0,6,False,4.7,Low
Adh Action,Physiology,1,1,2019,0.062,0,6,False,4.7,Low
Adhd,Psychiatry,1,1,2019,0.062,0,6,False,4.7,Low
Adipocere,Forensic Medicine,1,1,2019,0.062,0,6,False,4.7,Low
Airway devices,Anaesthesia,1,1,2017,0.062,0,8,False,4.7,Low
Alcohol Effects,Medicine,1,1,2019,0.062,0,6,False,4.7,Low
Alcohol-related emergencies,Medicine,1,1,2019,0.062,0,6,False,4.7,Low
Alcoholic Cardiomyopathy,Medicine,1,1,2019,0.062,0,6,False,4.7,Low
Alpha agonist,Pharmacology,1,1,2019,0.062,0,6,False,4.7,Low
Alpha-1 antitrypsin deficiency,Medicine,1,1,2019,0.062,0,6,False,4.7,Low
American Association of Mental Retardation,Psychiatry,1,1,2018,0.062,0,7,False,4.7,Low
Amino Acid Properties,Biochemistry,1,1,2018,0.062,0,7,False,4.7,Low
Amino Acid Transport Defects,Biochemistry,1,1,2018,0.062,0,7,False,4.7,Low
Ammonia Metabolism,Biochemistry,1,1,2019,0.062,0,6,False,4.7,Low
Amniotic Fluid Disorders,OBG,1,1,2018,0.062,0,7,False,4.7,Low
Amniotic Fluid Dynamics,OBG,1,1,2019,0.062,0,6,False,4.7,Low
Amniotic fluid disorders,OBG,1,1,2018,0.062,0,7,False,4.7,Low
Anatomical Triangles,Anatomy,1,1,2019,0.062,0,6,False,4.7,Low
Anemia Prevention,Community Medicine,1,1,2019,0.062,0,6,False,4.7,Low
Anesthetic Complications,Anaesthesia,1,1,2017,0.062,0,8,False,4.7,Low
Anesthetic Drugs,Pharmacology,1,1,2019,0.062,0,6,False,4.7,Low
Anesthetic pharmacology,Anaesthesia,1,1,2019,0.062,0,6,False,4.7,Low
Antepartum hemorrhage,OBG,1,1,2019,0.062,0,6,False,4.7,Low
Anti-Inflammatory Agents,Pharmacology,1,1,2017,0.062,0,8,False,4.7,Low
Anti-Inflammatory Drugs,Pharmacology,1,1,2018,0.062,0,7,False,4.7,Low
Anti-gout Drugs,Pharmacology,1,1,2018,0.062,0,7,False,4.7,Low
Anti-inflammatory Agents,Pharmacology,1,1,2017,0.062,0,8,False,4.7,Low
Anti-inflammatory Drugs,Pharmacology,1,1,2018,0.062,0,7,False,4.7,Low
Antibiotic Selection,Pharmacology,1,1,2017,0.062,0,8,False,4.7,Low
Antibiotic selection,Pharmacology,1,1,2017,0.062,0,8,False,4.7,Low
Anticholinergics,Pharmacology,1,1,2018,0.062,0,7,False,4.7,Low
Antidepressant Side Effects,Psychiatry,1,1,2018,0.062,0,7,False,4.7,Low
Antidepressant side effects,Psychiatry,1,1,2018,0.062,0,7,False,4.7,Low
Antidiuretic hormone antagonists,Pharmacology,1,1,2019,0.062,0,6,False,4.7,Low
Antifolates,Pharmacology,1,1,2019,0.062,0,6,False,4.7,Low
Antimicrobial pharmacology,Pharmacology,1,1,2019,0.062,0,6,False,4.7,Low
Antiparasitic Agents,Pharmacology,1,1,2019,0.062,0,6,False,4.7,Low
Antiphospholipid Syndrome,OBG,1,1,2019,0.062,0,6,False,4.7,Low
Antitoxins,Pharmacology,1,1,2019,0.062,0,6,False,4.7,Low
Aortic Aneurysm Management,Surgery,1,1,2017,0.062,0,8,False,4.7,Low
Aortic Stenosis,Medicine,1,1,2019,0.062,0,6,False,4.7,Low
Apgar Score,Pediatrics,1,1,2019,0.062,0,6,False,4.7,Low
Arginine Metabolism,Biochemistry,1,1,2019,0.062,0,6,False,4.7,Low
Assisted Reproduction,OBG,1,1,2018,0.062,0,7,False,4.7,Low
Assisted reproduction,OBG,1,1,2018,0.062,0,7,False,4.7,Low
Ataxia Telangiectasia,Pediatrics,1,1,2018,0.062,0,7,False,4.7,Low
Ataxia telangiectasia,Pediatrics,1,1,2018,0.062,0,7,False,4.7,Low
Attack rates,Community Medicine,1,1,2018,0.062,0,7,False,4.7,Low
Autoimmune blistering disorders,Dermatology,1,1,2019,0.062,0,6,False,4.7,Low
Bacterial Antigens,Microbiology,1,1,2019,0.062,0,6,False,4.7,Low
Bacterial Resistance,Microbiology,1,1,2018,0.062,0,7,False,4.7,Low
Bainbridge reflex,Physiology,1,1,2019,0.062,0,6,False,4.7,Low
Barium Studies,Radiology,1,1,2019,0.062,0,6,False,4.7,Low
Bartter syndrome,Pediatrics,1,1,2018,0.062,0,7,False,4.7,Low
Basic Pathology,Pathology,1,1,2017,0.062,0,8,False,4.7,Low
Behavioral Disorders,Psychiatry,1,1,2017,0.062,0,8,False,4.7,Low
Benign Uterine Disease,OBG,1,1,2018,0.062,0,7,False,4.7,Low
Biliary Atresia,Pediatrics,1,1,2019,0.062,0,6,False,4.7,Low
Biochemical Pathways,Biochemistry,1,1,2019,0.062,0,6,False,4.7,Low
Bites And Stings Management,Medicine,1,1,2019,0.062,0,6,False,4.7,Low
Bites and Stings Management,Medicine,1,1,2019,0.062,0,6,False,4.7,Low
Bone Cysts,Orthopedics,1,1,2018,0.062,0,7,False,4.7,Low
Bowel Anastomosis,Surgery,1,1,2017,0.062,0,8,False,4.7,Low
Bragg peak,Radiology,1,1,2017,0.062,0,8,False,4.7,Low
Brain MRI,Radiology,1,1,2018,0.062,0,7,False,4.7,Low
Brain Mri,Radiology,1,1,2018,0.062,0,7,False,4.7,Low
Brain Waves,Physiology,1,1,2018,0.062,0,7,False,4.7,Low
Brainstem Lesions,Physiology,1,1,2019,0.062,0,6,False,4.7,Low
Burn Resuscitation,Surgery,1,1,2017,0.062,0,8,False,4.7,Low
Burn resuscitation,Surgery,1,1,2017,0.062,0,8,False,4.7,Low
COPD Staging,Medicine,1,1,2017,0.062,0,8,False,4.7,Low
CT Scan,Radiology,1,1,2019,0.062,0,6,False,4.7,Low
Calcific tendinitis,Orthopedics,1,1,2019,0.062,0,6,False,4.7,Low
Carcinoid Syndrome,Biochemistry,1,1,2018,0.062,0,7,False,4.7,Low
Cardiac Arrhythmias Management,Medicine,1,1,2018,0.062,0,7,False,4.7,Low
Cardiac Conduction System,Medicine,1,1,2019,0.062,0,6,False,4.7,Low
Cardiac Murmurs,Medicine,1,1,2019,0.062,0,6,False,4.7,Low
Cardiac Reflexes,Physiology,1,1,2019,0.062,0,6,False,4.7,Low
Cardiac conduction system,Medicine,1,1,2019,0.062,0,6,False,4.7,Low
Cardiac imaging findings,Radiology,1,1,2019,0.062,0,6,False,4.7,Low
Carpal Injuries,Orthopedics,1,1,2018,0.062,0,7,False,4.7,Low
Carrier classification,Community Medicine,1,1,2019,0.062,0,6,False,4.7,Low
Cartilage Types,Anatomy,1,1,2018,0.062,0,7,False,4.7,Low
Cartilage types,Anatomy,1,1,2018,0.062,0,7,False,4.7,Low
Catecholamine synthesis,Biochemistry,1,1,2019,0.062,0,6,False,4.7,Low
Cause Of Death,Forensic Medicine,1,1,2019,0.062,0,6,False,4.7,Low
Caustic Ingestion,Medicine,1,1,2018,0.062,0,7,False,4.7,Low
Celiac artery,Radiology,1,1,2018,0.062,0,7,False,4.7,Low
Cell-mediated Immunity,Physiology,1,1,2017,0.062,0,8,False,4.7,Low
Cellular Biochemistry,Biochemistry,1,1,2018,0.062,0,7,False,4.7,Low
Cerebellar arteries,Anatomy,1,1,2018,0.062,0,7,False,4.7,Low
Cerebral palsy,Medicine,1,1,2019,0.062,0,6,False,4.7,Low
Cervical fascia,Anatomy,1,1,2018,0.062,0,7,False,4.7,Low
Chemotherapy Side Effects,Pharmacology,1,1,2019,0.062,0,6,False,4.7,Low
Chemotherapy side effects,Pharmacology,1,1,2019,0.062,0,6,False,4.7,Low
Chest Radiograph,Radiology,1,1,2018,0.062,0,7,False,4.7,Low
Chest wall,Anatomy,1,1,2018,0.062,0,7,False,4.7,Low
Child Rights,Community Medicine,1,1,2018,0.062,0,7,False,4.7,Low
Child Rights Legislation,Community Medicine,1,1,2017,0.062,0,8,False,4.7,Low
Childhood Behavioral Disorders,Psychiatry,1,1,2018,0.062,0,7,False,4.7,Low
Cholesterol Metabolism,Biochemistry,1,1,2019,0.062,0,6,False,4.7,Low
Chromosome abnormalities,Pathology,1,1,2019,0.062,0,6,False,4.7,Low
Chronic Venous Disease,Surgery,1,1,2019,0.062,0,6,False,4.7,Low
Cirrhosis Complications,Medicine,1,1,2018,0.062,0,7,False,4.7,Low
Clearance,Physiology,1,1,2018,0.062,0,7,False,4.7,Low
Clinical Assessment,Medicine,1,1,2018,0.062,0,7,False,4.7,Low
Cochlear And Brainstem Implants,ENT,1,1,2017,0.062,0,8,False,4.7,Low
Cochlear and Brainstem Implants,ENT,1,1,2017,0.062,0,8,False,4.7,Low
Cold exposure,Physiology,1,1,2018,0.062,0,7,False,4.7,Low
Common Peroneal Nerve,Anatomy,1,1,2019,0.062,0,6,False,4.7,Low
Complement Disorders,Pathology,1,1,2017,0.062,0,8,False,4.7,Low
Complement disorders,Pathology,1,1,2017,0.062,0,8,False,4.7,Low
Complicated Deliveries,OBG,1,1,2018,0.062,0,7,False,4.7,Low
Complications of Puerperium,OBG,1,1,2018,0.062,0,7,False,4.7,Low
Conductive hearing loss,ENT,1,1,2019,0.062,0,6,False,4.7,Low
Confounding,Community Medicine,1,1,2019,0.062,0,6,False,4.7,Low
Congenital Eye Disorders,Ophthalmology,1,1,2018,0.062,0,7,False,4.7,Low
Congenital genital anomalies,OBG,1,1,2018,0.062,0,7,False,4.7,Low
Constitutional Articles,Community Medicine,1,1,2018,0.062,0,7,False,4.7,Low
Copd Staging,Medicine,1,1,2017,0.062,0,8,False,4.7,Low
Coronary Arteries,Anatomy,1,1,2019,0.062,0,6,False,4.7,Low
Counter-Current Mechanism,Physiology,1,1,2018,0.062,0,7,False,4.7,Low
Counter-current Mechanism,Physiology,1,1,2018,0.062,0,7,False,4.7,Low
Cranial Anatomy,Anatomy,1,1,2017,0.062,0,8,False,4.7,Low
Cranial Sutures And Fontanelles,Anatomy,1,1,2018,0.062,0,7,False,4.7,Low
Cranial Sutures and Fontanelles,Anatomy,1,1,2018,0.062,0,7,False,4.7,Low
Cranial nerve nuclei,Anatomy,1,1,2018,0.062,0,7,False,4.7,Low
Criminal Abortion,Forensic Medicine,1,1,2018,0.062,0,7,False,4.7,Low
Criminal Procedure,Forensic Medicine,1,1,2019,0.062,0,6,False,4.7,Low
Criminal abortion,Forensic Medicine,1,1,2018,0.062,0,7,False,4.7,Low
Criminalistics,Forensic Medicine,1,1,2017,0.062,0,8,False,4.7,Low
Cryoglobulinemia Etiology,Medicine,1,1,2017,0.062,0,8,False,4.7,Low
Cultural heritage,Community Medicine,1,1,2019,0.062,0,6,False,4.7,Low
Cutis Marmorata,Dermatology,1,1,2017,0.062,0,8,False,4.7,Low
Cutis marmorata,Dermatology,1,1,2017,0.062,0,8,False,4.7,Low
Cytopathology,Pathology,1,1,2019,0.062,0,6,False,4.7,Low
Cytotoxic drug disposal,Community Medicine,1,1,2017,0.062,0,8,False,4.7,Low
D&C,OBG,1,1,2018,0.062,0,7,False,4.7,Low
DNA repair disorders,Pathology,1,1,2017,0.062,0,8,False,4.7,Low
DSD,OBG,1,1,2018,0.062,0,7,False,4.7,Low
DSM-5,Psychiatry,1,1,2018,0.062,0,7,False,4.7,Low
Data Presentation,Community Medicine,1,1,2019,0.062,0,6,False,4.7,Low
Decompensated Heart Failure,Medicine,1,1,2019,0.062,0,6,False,4.7,Low
Decomposition And Putrefaction,Forensic Medicine,1,1,2017,0.062,0,8,False,4.7,Low
Decomposition and Putrefaction,Forensic Medicine,1,1,2017,0.062,0,8,False,4.7,Low
Deep Venous Thrombosis,Medicine,1,1,2019,0.062,0,6,False,4.7,Low
Deep Venous Thrombosis (DVT),Medicine,1,1,2019,0.062,0,6,False,4.7,Low
Deep Venous Thrombosis (Dvt),Medicine,1,1,2019,0.062,0,6,False,4.7,Low
Delivery Complications,OBG,1,1,2018,0.062,0,7,False,4.7,Low
Demographic Indicators,Community Medicine,1,1,2018,0.062,0,7,False,4.7,Low
Depth Of Anesthesia Monitoring,Anaesthesia,1,1,2019,0.062,0,6,False,4.7,Low
Depth of anesthesia monitoring,Anaesthesia,1,1,2019,0.062,0,6,False,4.7,Low
Dermatitis,Dermatology,1,1,2019,0.062,0,6,False,4.7,Low
Dermatologic Pathology,Dermatology,1,1,2018,0.062,0,7,False,4.7,Low
Dermatologic pathology,Dermatology,1,1,2018,0.062,0,7,False,4.7,Low
Dermatology therapy,Dermatology,1,1,2019,0.062,0,6,False,4.7,Low
Dermatome,Anatomy,1,1,2019,0.062,0,6,False,4.7,Low
Diagnostic Testing,Community Medicine,1,1,2019,0.062,0,6,False,4.7,Low
Diagnostic test evaluation,Community Medicine,1,1,2019,0.062,0,6,False,4.7,Low
Diaphragmatic Openings,Anatomy,1,1,2018,0.062,0,7,False,4.7,Low
Digitalis Toxicity,Pharmacology,1,1,2019,0.062,0,6,False,4.7,Low
Direct factor Xa inhibitors,Pharmacology,1,1,2019,0.062,0,6,False,4.7,Low
Dna Repair Disorders,Pathology,1,1,2017,0.062,0,8,False,4.7,Low
Dosing,Pharmacology,1,1,2017,0.062,0,8,False,4.7,Low
Drug Classification,Pharmacology,1,1,2018,0.062,0,7,False,4.7,Low
Drug Properties,Pharmacology,1,1,2018,0.062,0,7,False,4.7,Low
Drug Therapy,Medicine,1,1,2018,0.062,0,7,False,4.7,Low
Drug classification,Pharmacology,1,1,2018,0.062,0,7,False,4.7,Low
Drugs Affecting Bone Metabolism,Pharmacology,1,1,2017,0.062,0,8,False,4.7,Low
Drugs For Short Bowel Syndrome,Pharmacology,1,1,2019,0.062,0,6,False,4.7,Low
Drugs For Substance Abuse,Pharmacology,1,1,2019,0.062,0,6,False,4.7,Low
Drugs affecting bone metabolism,Pharmacology,1,1,2017,0.062,0,8,False,4.7,Low
Drugs for Short Bowel Syndrome,Pharmacology,1,1,2019,0.062,0,6,False,4.7,Low
Drugs for Substance Abuse,Pharmacology,1,1,2019,0.062,0,6,False,4.7,Low
ECG Findings,Medicine,1,1,2019,0.062,0,6,False,4.7,Low
Ectopia lentis,Ophthalmology,1,1,2019,0.062,0,6,False,4.7,Low
Electrolyte Balance,Physiology,1,1,2018,0.062,0,7,False,4.7,Low
Emotional Processing,Psychiatry,1,1,2018,0.062,0,7,False,4.7,Low
Employment and Health,Community Medicine,1,1,2019,0.062,0,6,False,4.7,Low
Endothelin Receptors,Pharmacology,1,1,2018,0.062,0,7,False,4.7,Low
Endothelin receptors,Pharmacology,1,1,2018,0.062,0,7,False,4.7,Low
Endotracheal tube,Anaesthesia,1,1,2018,0.062,0,7,False,4.7,Low
Enteric viruses,Microbiology,1,1,2018,0.062,0,7,False,4.7,Low
Enteroviruses,Microbiology,1,1,2019,0.062,0,6,False,4.7,Low
Envenomation,Medicine,1,1,2019,0.062,0,6,False,4.7,Low
Enzyme Function,Biochemistry,1,1,2018,0.062,0,7,False,4.7,Low
Enzyme function,Biochemistry,1,1,2018,0.062,0,7,False,4.7,Low
Enzyme kinetics,Biochemistry,1,1,2019,0.062,0,6,False,4.7,Low
Epidemiological Bias,Community Medicine,1,1,2019,0.062,0,6,False,4.7,Low
Epidemiological Rates,Community Medicine,1,1,2018,0.062,0,7,False,4.7,Low
Epidemiological study designs,Community Medicine,1,1,2018,0.062,0,7,False,4.7,Low
Erectile Dysfunction Drugs,Pharmacology,1,1,2018,0.062,0,7,False,4.7,Low
Esophageal Diseases,Medicine,1,1,2019,0.062,0,6,False,4.7,Low
Esophageal Pathology,Pathology,1,1,2019,0.062,0,6,False,4.7,Low
Esophageal perforation,Radiology,1,1,2017,0.062,0,8,False,4.7,Low
Esophageal ulcers,Medicine,1,1,2019,0.062,0,6,False,4.7,Low
Esophagitis,Pathology,1,1,2019,0.062,0,6,False,4.7,Low
Experimental Models,Physiology,1,1,2018,0.062,0,7,False,4.7,Low
Facial bones,Anatomy,1,1,2018,0.062,0,7,False,4.7,Low
Family Health,Community Medicine,1,1,2019,0.062,0,6,False,4.7,Low
Family Planning Methods,OBG,1,1,2018,0.062,0,7,False,4.7,Low
Fasting plasma glucose,OBG,1,1,2019,0.062,0,6,False,4.7,Low
Feedback mechanisms,Physiology,1,1,2018,0.062,0,7,False,4.7,Low
Fertility Indicators,Community Medicine,1,1,2017,0.062,0,8,False,4.7,Low
Fetal Anatomy,OBG,1,1,2019,0.062,0,6,False,4.7,Low
Fetal abnormalities,Forensic Medicine,1,1,2019,0.062,0,6,False,4.7,Low
Fetal well-being,OBG,1,1,2017,0.062,0,8,False,4.7,Low
Fibrinolytic Agents,Pharmacology,1,1,2019,0.062,0,6,False,4.7,Low
Fibrinolytic agents,Pharmacology,1,1,2019,0.062,0,6,False,4.7,Low
Fibrous Dysplasia,Orthopedics,1,1,2018,0.062,0,7,False,4.7,Low
First aid,Medicine,1,1,2019,0.062,0,6,False,4.7,Low
Fluoroquinolone Adverse Effects,Pharmacology,1,1,2018,0.062,0,7,False,4.7,Low
Follicular Hyperkeratosis,Dermatology,1,1,2019,0.062,0,6,False,4.7,Low
Food hygiene,Community Medicine,1,1,2017,0.062,0,8,False,4.7,Low
Foot Ulcers,Medicine,1,1,2018,0.062,0,7,False,4.7,Low
GFR Regulation,Physiology,1,1,2019,0.062,0,6,False,4.7,Low
GI Contrast Studies,Radiology,1,1,2017,0.062,0,8,False,4.7,Low
Gastric ulcer,Medicine,1,1,2018,0.062,0,7,False,4.7,Low
Gene Mutations,Biochemistry,1,1,2018,0.062,0,7,False,4.7,Low
General Anesthetics,Pharmacology,1,1,2017,0.062,0,8,False,4.7,Low
General Pathology,Pathology,1,1,2018,0.062,0,7,False,4.7,Low
Genital Pathology,Surgery,1,1,2018,0.062,0,7,False,4.7,Low
Gi Contrast Studies,Radiology,1,1,2017,0.062,0,8,False,4.7,Low
Glycogen storage diseases,Biochemistry,1,1,2018,0.062,0,7,False,4.7,Low
Golgi tendon organ,Physiology,1,1,2019,0.062,0,6,False,4.7,Low
Gout Drugs,Pharmacology,1,1,2019,0.062,0,6,False,4.7,Low
Gram Negative Bacteria,Microbiology,1,1,2017,0.062,0,8,False,4.7,Low
Gram Positive Bacteria,Microbiology,1,1,2017,0.062,0,8,False,4.7,Low
Gram-negative bacteria,Microbiology,1,1,2018,0.062,0,7,False,4.7,Low
Gynaecological Imaging,Radiology,1,1,2017,0.062,0,8,False,4.7,Low
Gynecologic Imaging,Radiology,1,1,2017,0.062,0,8,False,4.7,Low
Gynecological Imaging,Radiology,1,1,2018,0.062,0,7,False,4.7,Low
Gynecological Radiology,Radiology,1,1,2018,0.062,0,7,False,4.7,Low
HDL,Biochemistry,1,1,2019,0.062,0,6,False,4.7,Low
Habit disorders,Psychiatry,1,1,2018,0.062,0,7,False,4.7,Low
Hard Palate,Anatomy,1,1,2017,0.062,0,8,False,4.7,Low
Hard palate,Anatomy,1,1,2017,0.062,0,8,False,4.7,Low
Head and Neck Masses,ENT,1,1,2018,0.062,0,7,False,4.7,Low
Head and Neck surgery,Surgery,1,1,2019,0.062,0,6,False,4.7,Low
Health Screening,Community Medicine,1,1,2019,0.062,0,6,False,4.7,Low
Health administration,Community Medicine,1,1,2019,0.062,0,6,False,4.7,Low
Healthcare Administration,Community Medicine,1,1,2019,0.062,0,6,False,4.7,Low
Healthcare administration,Community Medicine,1,1,2019,0.062,0,6,False,4.7,Low
Healthcare delivery system,Community Medicine,1,1,2019,0.062,0,6,False,4.7,Low
Heart block,Medicine,1,1,2018,0.062,0,7,False,4.7,Low
Heavy Metal Toxicity,Biochemistry,1,1,2018,0.062,0,7,False,4.7,Low
Heavy metal toxicity,Biochemistry,1,1,2018,0.062,0,7,False,4.7,Low
Helicobacter Pylori,Microbiology,1,1,2018,0.062,0,7,False,4.7,Low
Helicobacter pylori,Microbiology,1,1,2018,0.062,0,7,False,4.7,Low
Hematological Disorders,Pathology,1,1,2017,0.062,0,8,False,4.7,Low
Hematopoietic Drugs,Pharmacology,1,1,2019,0.062,0,6,False,4.7,Low
Hepatic Pathology,Pathology,1,1,2017,0.062,0,8,False,4.7,Low
Hepatitis B Markers,Microbiology,1,1,2018,0.062,0,7,False,4.7,Low
Herpes Viruses,Microbiology,1,1,2018,0.062,0,7,False,4.7,Low
Hip Dislocations,Orthopedics,1,1,2019,0.062,0,6,False,4.7,Low
Hip dislocations,Orthopedics,1,1,2019,0.062,0,6,False,4.7,Low
Hip injuries,Orthopedics,1,1,2019,0.062,0,6,False,4.7,Low
Hiv-Associated Dermatoses,Dermatology,1,1,2018,0.062,0,7,False,4.7,Low
Hormonal regulation,Biochemistry,1,1,2018,0.062,0,7,False,4.7,Low
Hydatidiform mole,Pathology,1,1,2019,0.062,0,6,False,4.7,Low
Hypercoagulable States,Pathology,1,1,2018,0.062,0,7,False,4.7,Low
Hyperthermia Postmortem,Forensic Medicine,1,1,2018,0.062,0,7,False,4.7,Low
Hyperthermia postmortem,Forensic Medicine,1,1,2018,0.062,0,7,False,4.7,Low
Hypokalemic Metabolic Alkalosis,Medicine,1,1,2017,0.062,0,8,False,4.7,Low
Imaging Interpretation,Radiology,1,1,2018,0.062,0,7,False,4.7,Low
Immunocompromised hosts,Microbiology,1,1,2018,0.062,0,7,False,4.7,Low
Indian Constitution,Community Medicine,1,1,2019,0.062,0,6,False,4.7,Low
Industrial Health,Community Medicine,1,1,2019,0.062,0,6,False,4.7,Low
Infectious Esophagitis,Medicine,1,1,2019,0.062,0,6,False,4.7,Low
Infectious Eye Disease,Ophthalmology,1,1,2019,0.062,0,6,False,4.7,Low
Infestations,Dermatology,1,1,2019,0.062,0,6,False,4.7,Low
Inflammatory Lesions,Ophthalmology,1,1,2019,0.062,0,6,False,4.7,Low
Inherited Eye Diseases,Ophthalmology,1,1,2019,0.062,0,6,False,4.7,Low
Inherited Immunodeficiency,Pediatrics,1,1,2018,0.062,0,7,False,4.7,Low
Inherited immunodeficiency,Pediatrics,1,1,2018,0.062,0,7,False,4.7,Low
Inherited metabolic disorders,Biochemistry,1,1,2019,0.062,0,6,False,4.7,Low
Insanity Defense,Forensic Medicine,1,1,2017,0.062,0,8,False,4.7,Low
Insulin Synthesis,Biochemistry,1,1,2019,0.062,0,6,False,4.7,Low
Insulin processing,Biochemistry,1,1,2019,0.062,0,6,False,4.7,Low
Internal Capsule,Anatomy,1,1,2019,0.062,0,6,False,4.7,Low
Intestinal Nematodes,Microbiology,1,1,2019,0.062,0,6,False,4.7,Low
Intestinal Parasites,Microbiology,1,1,2019,0.062,0,6,False,4.7,Low
Intracranial Haemorrhage,Surgery,1,1,2017,0.062,0,8,False,4.7,Low
Intracranial haemorrhage,Surgery,1,1,2017,0.062,0,8,False,4.7,Low
Intraoperative Management,Anaesthesia,1,1,2018,0.062,0,7,False,4.7,Low
Introduction to pathology,Pathology,1,1,2018,0.062,0,7,False,4.7,Low
Iodine deficiency,Community Medicine,1,1,2018,0.062,0,7,False,4.7,Low
Ionization,Pharmacology,1,1,2018,0.062,0,7,False,4.7,Low
Iron Poisoning,Pediatrics,1,1,2018,0.062,0,7,False,4.7,Low
Iron Poisoning Treatment,Pharmacology,1,1,2018,0.062,0,7,False,4.7,Low
Isolation Precautions,Microbiology,1,1,2019,0.062,0,6,False,4.7,Low
Kidney Stones,Pathology,1,1,2017,0.062,0,8,False,4.7,Low
Knee ligament injuries,Orthopedics,1,1,2018,0.062,0,7,False,4.7,Low
LDH isoenzymes,Biochemistry,1,1,2018,0.062,0,7,False,4.7,Low
Laryngeal pathology,ENT,1,1,2019,0.062,0,6,False,4.7,Low
Laryngectomy Rehabilitation,ENT,1,1,2018,0.062,0,7,False,4.7,Low
Legal And Ethical Issues,Forensic Medicine,1,1,2018,0.062,0,7,False,4.7,Low
Legal and ethical issues,Forensic Medicine,1,1,2018,0.062,0,7,False,4.7,Low
Legal definitions,Forensic Medicine,1,1,2017,0.062,0,8,False,4.7,Low
Lids And Lacrimal Apparatus,Ophthalmology,1,1,2019,0.062,0,6,False,4.7,Low
Lids and lacrimal apparatus,Ophthalmology,1,1,2019,0.062,0,6,False,4.7,Low
Lie Detection,Forensic Medicine,1,1,2019,0.062,0,6,False,4.7,Low
Lie detection,Forensic Medicine,1,1,2019,0.062,0,6,False,4.7,Low
Lipid Lowering Drugs,Pharmacology,1,1,2018,0.062,0,7,False,4.7,Low
Lipids And Membranes,Biochemistry,1,1,2018,0.062,0,7,False,4.7,Low
Lipids and Membranes,Biochemistry,1,1,2018,0.062,0,7,False,4.7,Low
Lipoprotein disorders,Biochemistry,1,1,2019,0.062,0,6,False,4.7,Low
Lung Function Tests,Physiology,1,1,2019,0.062,0,6,False,4.7,Low
Lung Pathology Imaging,Radiology,1,1,2018,0.062,0,7,False,4.7,Low
Lung Surfactant,Biochemistry,1,1,2018,0.062,0,7,False,4.7,Low
Lung Volumes,Physiology,1,1,2019,0.062,0,6,False,4.7,Low
Lung volumes,Physiology,1,1,2018,0.062,0,7,False,4.7,Low
Lupus Erythematosus,Dermatology,1,1,2019,0.062,0,6,False,4.7,Low
Luteal Phase,Physiology,1,1,2019,0.062,0,6,False,4.7,Low
Lymphadenopathy Investigation,Pathology,1,1,2018,0.062,0,7,False,4.7,Low
Lymphadenopathy investigation,Pathology,1,1,2018,0.062,0,7,False,4.7,Low
Lymphoid neoplasms,Pathology,1,1,2019,0.062,0,6,False,4.7,Low
Male Genital System Anatomy,Anatomy,1,1,2019,0.062,0,6,False,4.7,Low
Management Of Uterine Fibroids,OBG,1,1,2019,0.062,0,6,False,4.7,Low
Management of uterine fibroids,OBG,1,1,2019,0.062,0,6,False,4.7,Low
Mandible,Anatomy,1,1,2019,0.062,0,6,False,4.7,Low
Maternal & Child Health,Community Medicine,1,1,2019,0.062,0,6,False,4.7,Low
Maternal Serum Screening,OBG,1,1,2018,0.062,0,7,False,4.7,Low
Measures Of Central Tendency,Community Medicine,1,1,2019,0.062,0,6,False,4.7,Low
Measures of Central Tendency,Community Medicine,1,1,2019,0.062,0,6,False,4.7,Low
Medicolegal Jurisprudence,Forensic Medicine,1,1,2019,0.062,0,6,False,4.7,Low
Medicolegal Terminology,Forensic Medicine,1,1,2017,0.062,0,8,False,4.7,Low
Medicolegal jurisprudence,Forensic Medicine,1,1,2019,0.062,0,6,False,4.7,Low
Meningococcal Disease Control,Community Medicine,1,1,2017,0.062,0,8,False,4.7,Low
Menopause management,OBG,1,1,2017,0.062,0,8,False,4.7,Low
Menstrual Cycle Hormones,Physiology,1,1,2019,0.062,0,6,False,4.7,Low
Metabolic Cycles Linkage,Biochemistry,1,1,2019,0.062,0,6,False,4.7,Low
Metabolic Skin Manifestations,Dermatology,1,1,2019,0.062,0,6,False,4.7,Low
Metabolism Disorders,Biochemistry,1,1,2018,0.062,0,7,False,4.7,Low
Microbiology principles,Microbiology,1,1,2018,0.062,0,7,False,4.7,Low
Microcalcification,Radiology,1,1,2018,0.062,0,7,False,4.7,Low
Micronutrient Deficiencies,Medicine,1,1,2018,0.062,0,7,False,4.7,Low
Midbrain lesions,Medicine,1,1,2017,0.062,0,8,False,4.7,Low
Middle Ear Diseases,ENT,1,1,2019,0.062,0,6,False,4.7,Low
Middle ear diseases,ENT,1,1,2019,0.062,0,6,False,4.7,Low
Monoclonal antibodies,Pharmacology,1,1,2018,0.062,0,7,False,4.7,Low
Motor response,Medicine,1,1,2018,0.062,0,7,False,4.7,Low
Movement Disorder Treatment,Pharmacology,1,1,2018,0.062,0,7,False,4.7,Low
Movement disorder treatment,Pharmacology,1,1,2018,0.062,0,7,False,4.7,Low
Mullerian Anomalies,OBG,1,1,2018,0.062,0,7,False,4.7,Low
Mullerian anomalies,OBG,1,1,2018,0.062,0,7,False,4.7,Low
Multiple Pregnancies,OBG,1,1,2018,0.062,0,7,False,4.7,Low
Mummification,Forensic Medicine,1,1,2017,0.062,0,8,False,4.7,Low
Muscle Receptors,Physiology,1,1,2019,0.062,0,6,False,4.7,Low
Musculoskeletal pathology,Pathology,1,1,2019,0.062,0,6,False,4.7,Low
NADPH,Biochemistry,1,1,2019,0.062,0,6,False,4.7,Low
NADPH Metabolism,Biochemistry,1,1,2019,0.062,0,6,False,4.7,Low
Nadph Metabolism,Biochemistry,1,1,2019,0.062,0,6,False,4.7,Low
Nadph Production,Biochemistry,1,1,2019,0.062,0,6,False,4.7,Low
Nasal septum surgery,ENT,1,1,2019,0.062,0,6,False,4.7,Low
Nasopharynx Anatomy,ENT,1,1,2018,0.062,0,7,False,4.7,Low
Necrotizing Fasciitis,Surgery,1,1,2018,0.062,0,7,False,4.7,Low
Neonatal Head Swelling,Pediatrics,1,1,2018,0.062,0,7,False,4.7,Low
Neonatal Ophthalmology,Pediatrics,1,1,2018,0.062,0,7,False,4.7,Low
Neonatal head swelling,Pediatrics,1,1,2018,0.062,0,7,False,4.7,Low
Nerve Compression,OBG,1,1,2018,0.062,0,7,False,4.7,Low
Nerve Excitability,Physiology,1,1,2018,0.062,0,7,False,4.7,Low
Nerve Innervation,Anatomy,1,1,2018,0.062,0,7,False,4.7,Low
Neurobiochemistry,Biochemistry,1,1,2019,0.062,0,6,False,4.7,Low
Neurodegenerative Diseases,Medicine,1,1,2017,0.062,0,8,False,4.7,Low
Neuroimaging Findings,Radiology,1,1,2019,0.062,0,6,False,4.7,Low
Neuroimaging findings,Radiology,1,1,2019,0.062,0,6,False,4.7,Low
Neurological Symptoms,Pediatrics,1,1,2018,0.062,0,7,False,4.7,Low
Neuromuscular monitoring,Anaesthesia,1,1,2017,0.062,0,8,False,4.7,Low
Neuromuscular transmission,Pharmacology,1,1,2018,0.062,0,7,False,4.7,Low
Nevi and Moles,Dermatology,1,1,2018,0.062,0,7,False,4.7,Low
Nevus,Dermatology,1,1,2017,0.062,0,8,False,4.7,Low
Newborn Assessment,Pediatrics,1,1,2019,0.062,0,6,False,4.7,Low
Newborn Care,Pediatrics,1,1,2019,0.062,0,6,False,4.7,Low
Nicotine Dependence,Pharmacology,1,1,2019,0.062,0,6,False,4.7,Low
Nicotine dependence,Pharmacology,1,1,2019,0.062,0,6,False,4.7,Low
Nitric Oxide Synthesis,Biochemistry,1,1,2019,0.062,0,6,False,4.7,Low
Nutrient Absorption,Physiology,1,1,2017,0.062,0,8,False,4.7,Low
OCP contraindications,OBG,1,1,2019,0.062,0,6,False,4.7,Low
Obsessive-Compulsive Spectrum,Psychiatry,1,1,2019,0.062,0,6,False,4.7,Low
Obsessive-compulsive spectrum,Psychiatry,1,1,2019,0.062,0,6,False,4.7,Low
Obstetric Anesthesia,Anaesthesia,1,1,2018,0.062,0,7,False,4.7,Low
Obstetric anaesthesia,Anaesthesia,1,1,2017,0.062,0,8,False,4.7,Low
Obstetric injuries,OBG,1,1,2018,0.062,0,7,False,4.7,Low
Obstetric instruments,OBG,1,1,2019,0.062,0,6,False,4.7,Low
Obstructive Lung Diseases,Medicine,1,1,2019,0.062,0,6,False,4.7,Low
Occupational Health And Safety,Community Medicine,1,1,2019,0.062,0,6,False,4.7,Low
Occupational Health Legislation,Community Medicine,1,1,2018,0.062,0,7,False,4.7,Low
Occupational Health and Safety,Community Medicine,1,1,2019,0.062,0,6,False,4.7,Low
Occupational diseases,Community Medicine,1,1,2018,0.062,0,7,False,4.7,Low
Ocular Drugs,Pharmacology,1,1,2019,0.062,0,6,False,4.7,Low
Ocular Motility & Strabismus,Ophthalmology,1,1,2019,0.062,0,6,False,4.7,Low
Ocular Muscles,Anatomy,1,1,2017,0.062,0,8,False,4.7,Low
Ocular diagnosis,Ophthalmology,1,1,2018,0.062,0,7,False,4.7,Low
Oculoplastic Surgery,Ophthalmology,1,1,2019,0.062,0,6,False,4.7,Low
Oncology Surgery,Pathology,1,1,2018,0.062,0,7,False,4.7,Low
Operative Surgery,Surgery,1,1,2018,0.062,0,7,False,4.7,Low
Operative Vaginal Delivery,OBG,1,1,2019,0.062,0,6,False,4.7,Low
Operative vaginal delivery,OBG,1,1,2019,0.062,0,6,False,4.7,Low
Ophthalmia neonatorum,Ophthalmology,1,1,2018,0.062,0,7,False,4.7,Low
Ophthalmic Pathology,Ophthalmology,1,1,2017,0.062,0,8,False,4.7,Low
Opportunistic Fungi,Microbiology,1,1,2019,0.062,0,6,False,4.7,Low
Optic Disc Anatomy,Ophthalmology,1,1,2018,0.062,0,7,False,4.7,Low
Optic Disc Evaluation,Ophthalmology,1,1,2017,0.062,0,8,False,4.7,Low
Optic disc,Ophthalmology,1,1,2018,0.062,0,7,False,4.7,Low
Organophosphates,Forensic Medicine,1,1,2018,0.062,0,7,False,4.7,Low
Osmotic diuretics,Pharmacology,1,1,2018,0.062,0,7,False,4.7,Low
Ovarian reserve assessment,OBG,1,1,2019,0.062,0,6,False,4.7,Low
PDE5 inhibitors,Pharmacology,1,1,2017,0.062,0,8,False,4.7,Low
Paediatric Gastroenteritis,Pediatrics,1,1,2018,0.062,0,7,False,4.7,Low
Paediatric Knee Pathology,Orthopedics,1,1,2018,0.062,0,7,False,4.7,Low
Paediatric anaesthesia,Anaesthesia,1,1,2019,0.062,0,6,False,4.7,Low
Pain pathways,Anatomy,1,1,2019,0.062,0,6,False,4.7,Low
Painful arc syndrome,Orthopedics,1,1,2019,0.062,0,6,False,4.7,Low
Paragonimiasis,Microbiology,1,1,2019,0.062,0,6,False,4.7,Low
Paranasal Sinus Radiology,Radiology,1,1,2019,0.062,0,6,False,4.7,Low
Paranasal sinus radiology,Radiology,1,1,2019,0.062,0,6,False,4.7,Low
Parasitic diseases,Surgery,1,1,2019,0.062,0,6,False,4.7,Low
Parvovirus,Microbiology,1,1,2017,0.062,0,8,False,4.7,Low
Patent ductus arteriosus,Pediatrics,1,1,2019,0.062,0,6,False,4.7,Low
Pediatric Abdominal Emergencies,Pediatrics,1,1,2019,0.062,0,6,False,4.7,Low
Pediatric Nutrition,Pediatrics,1,1,2018,0.062,0,7,False,4.7,Low
Pediatric pathology,Pathology,1,1,2018,0.062,0,7,False,4.7,Low
Penile Diseases,Dermatology,1,1,2018,0.062,0,7,False,4.7,Low
Penile Lesions,Dermatology,1,1,2018,0.062,0,7,False,4.7,Low
Perforated Viscus,Medicine,1,1,2019,0.062,0,6,False,4.7,Low
Perineal Surgery,Surgery,1,1,2018,0.062,0,7,False,4.7,Low
Peripheral nerve entrapment,Orthopedics,1,1,2018,0.062,0,7,False,4.7,Low
Peritoneal Ligaments,Anatomy,1,1,2018,0.062,0,7,False,4.7,Low
Peritoneal ligaments,Anatomy,1,1,2018,0.062,0,7,False,4.7,Low
Peroxisome,Biochemistry,1,1,2019,0.062,0,6,False,4.7,Low
Personal protective equipment,Community Medicine,1,1,2019,0.062,0,6,False,4.7,Low
Pessary management,OBG,1,1,2017,0.062,0,8,False,4.7,Low
Pharmacology Of Bone Metabolism,Pharmacology,1,1,2018,0.062,0,7,False,4.7,Low
Pharmacology of bone metabolism,Pharmacology,1,1,2018,0.062,0,7,False,4.7,Low
Pharmacotherapeutics,Pharmacology,1,1,2019,0.062,0,6,False,4.7,Low
Pharyngeal Anatomy,ENT,1,1,2018,0.062,0,7,False,4.7,Low
Pharynx And Tonsils,ENT,1,1,2017,0.062,0,8,False,4.7,Low
Pharynx and Tonsils,ENT,1,1,2017,0.062,0,8,False,4.7,Low
Phases Of Clinical Trials,Pharmacology,1,1,2019,0.062,0,6,False,4.7,Low
Phases of Clinical Trials,Pharmacology,1,1,2019,0.062,0,6,False,4.7,Low
Phobic Disorders,Psychiatry,1,1,2019,0.062,0,6,False,4.7,Low
Physiological changes,OBG,1,1,2019,0.062,0,6,False,4.7,Low
Pilonidal Disease,Surgery,1,1,2019,0.062,0,6,False,4.7,Low
Placenta And Fetal Membranes,OBG,1,1,2018,0.062,0,7,False,4.7,Low
Placenta and Fetal Membranes,OBG,1,1,2018,0.062,0,7,False,4.7,Low
Pneumocephalus,Radiology,1,1,2018,0.062,0,7,False,4.7,Low
Poisoning Management,Forensic Medicine,1,1,2019,0.062,0,6,False,4.7,Low
Poisoning Signs,Forensic Medicine,1,1,2017,0.062,0,8,False,4.7,Low
Ports regulation,Community Medicine,1,1,2019,0.062,0,6,False,4.7,Low
Postpartum Haemorrhage,OBG,1,1,2018,0.062,0,7,False,4.7,Low
Potassium balance,Physiology,1,1,2018,0.062,0,7,False,4.7,Low
Pre-Eclampsia Management,OBG,1,1,2017,0.062,0,8,False,4.7,Low
Pre-eclampsia management,OBG,1,1,2017,0.062,0,8,False,4.7,Low
Pre-operative evaluation,Anaesthesia,1,1,2017,0.062,0,8,False,4.7,Low
Premature ejaculation,Psychiatry,1,1,2019,0.062,0,6,False,4.7,Low
Premature rupture of membranes,OBG,1,1,2019,0.062,0,6,False,4.7,Low
Prenatal Diagnosis And Screening,OBG,1,1,2018,0.062,0,7,False,4.7,Low
Prenatal Diagnosis and Screening,OBG,1,1,2018,0.062,0,7,False,4.7,Low
Preoperative Assessment,Anaesthesia,1,1,2018,0.062,0,7,False,4.7,Low
Press regulation,Community Medicine,1,1,2019,0.062,0,6,False,4.7,Low
Primary healthcare,Community Medicine,1,1,2019,0.062,0,6,False,4.7,Low
Protein Function,Biochemistry,1,1,2019,0.062,0,6,False,4.7,Low
Protein Structure And Function,Biochemistry,1,1,2017,0.062,0,8,False,4.7,Low
Protein Structure and Function,Biochemistry,1,1,2017,0.062,0,8,False,4.7,Low
Protein function,Biochemistry,1,1,2019,0.062,0,6,False,4.7,Low
Proton therapy,Radiology,1,1,2017,0.062,0,8,False,4.7,Low
Protozoal Diseases,Microbiology,1,1,2018,0.062,0,7,False,4.7,Low
Psychiatric terminology,Psychiatry,1,1,2018,0.062,0,7,False,4.7,Low
Psychological Concepts,Psychiatry,1,1,2017,0.062,0,8,False,4.7,Low
Psychotherapy Concepts,Psychiatry,1,1,2018,0.062,0,7,False,4.7,Low
Ptosis Management,Ophthalmology,1,1,2019,0.062,0,6,False,4.7,Low
Public health administration,Community Medicine,1,1,2019,0.062,0,6,False,4.7,Low
Pulmonary Diseases,Radiology,1,1,2018,0.062,0,7,False,4.7,Low
Pulmonary hemorrhage,Medicine,1,1,2019,0.062,0,6,False,4.7,Low
Purine Metabolism Disorders,Biochemistry,1,1,2018,0.062,0,7,False,4.7,Low
Pyometra,OBG,1,1,2018,0.062,0,7,False,4.7,Low
RCH program,Community Medicine,1,1,2019,0.062,0,6,False,4.7,Low
RNA enzymes,Biochemistry,1,1,2019,0.062,0,6,False,4.7,Low
Radiographic Contrast Agents,Radiology,1,1,2019,0.062,0,6,False,4.7,Low
Radiographic Principles,Radiology,1,1,2019,0.062,0,6,False,4.7,Low
Redox Metabolism,Biochemistry,1,1,2019,0.062,0,6,False,4.7,Low
Reed-Sternberg cells,Pathology,1,1,2018,0.062,0,7,False,4.7,Low
Resection Margin,Surgery,1,1,2018,0.062,0,7,False,4.7,Low
Resuscitation equipment,Medicine,1,1,2019,0.062,0,6,False,4.7,Low
Retractors,Surgery,1,1,2018,0.062,0,7,False,4.7,Low
Revised National TB Control Program,Community Medicine,1,1,2017,0.062,0,8,False,4.7,Low
Revised National Tb Control Program,Community Medicine,1,1,2017,0.062,0,8,False,4.7,Low
Revised National Tuberculosis Control Program (RNTCP),Community Medicine,1,1,2018,0.062,0,7,False,4.7,Low
Revised National Tuberculosis Control Program (Rntcp),Community Medicine,1,1,2018,0.062,0,7,False,4.7,Low
Rheumatic heart disease,Pathology,1,1,2019,0.062,0,6,False,4.7,Low
Rheumatoid Arthritis Pathology,Pathology,1,1,2017,0.062,0,8,False,4.7,Low
Rhinosinusitis Complications,ENT,1,1,2019,0.062,0,6,False,4.7,Low
Rhinosinusitis complications,ENT,1,1,2019,0.062,0,6,False,4.7,Low
Riboflavin,Biochemistry,1,1,2018,0.062,0,7,False,4.7,Low
Ribozymes,Biochemistry,1,1,2019,0.062,0,6,False,4.7,Low
Risk Factors,Medicine,1,1,2019,0.062,0,6,False,4.7,Low
Rna Enzymes,Biochemistry,1,1,2019,0.062,0,6,False,4.7,Low
Rotator cuff,Orthopedics,1,1,2019,0.062,0,6,False,4.7,Low
SIADH,Pharmacology,1,1,2019,0.062,0,6,False,4.7,Low
SIADH management,Pharmacology,1,1,2019,0.062,0,6,False,4.7,Low
Sample Preservation,Forensic Medicine,1,1,2019,0.062,0,6,False,4.7,Low
Sanitary Landfill,Community Medicine,1,1,2019,0.062,0,6,False,4.7,Low
Scars,Dermatology,1,1,2018,0.062,0,7,False,4.7,Low
Semen detection,Forensic Medicine,1,1,2018,0.062,0,7,False,4.7,Low
Sensory System,Physiology,1,1,2019,0.062,0,6,False,4.7,Low
Serotonin Syndrome,Pharmacology,1,1,2019,0.062,0,6,False,4.7,Low
Sexual Response Cycle,Psychiatry,1,1,2019,0.062,0,6,False,4.7,Low
Sexual offenses,Forensic Medicine,1,1,2019,0.062,0,6,False,4.7,Low
Shipping navigation,Community Medicine,1,1,2019,0.062,0,6,False,4.7,Low
Shoulder Disorders,Orthopedics,1,1,2019,0.062,0,6,False,4.7,Low
Shoulder Pathology,Orthopedics,1,1,2019,0.062,0,6,False,4.7,Low
Shoulder disorders,Orthopedics,1,1,2019,0.062,0,6,False,4.7,Low
Shoulder impingement,Orthopedics,1,1,2019,0.062,0,6,False,4.7,Low
Shoulder pain,Orthopedics,1,1,2019,0.062,0,6,False,4.7,Low
Shoulder pathology,Orthopedics,1,1,2019,0.062,0,6,False,4.7,Low
Siadh Management,Pharmacology,1,1,2019,0.062,0,6,False,4.7,Low
Sickle cell disease complications,Pediatrics,1,1,2018,0.062,0,7,False,4.7,Low
Side Effects,Anaesthesia,1,1,2019,0.062,0,6,False,4.7,Low
Skeletal Muscle Relaxants,Pharmacology,1,1,2018,0.062,0,7,False,4.7,Low
Skin & Soft Tissue,Surgery,1,1,2019,0.062,0,6,False,4.7,Low
Skin Manifestations,Dermatology,1,1,2018,0.062,0,7,False,4.7,Low
Skin Rashes,Dermatology,1,1,2019,0.062,0,6,False,4.7,Low
Skin neoplasms,Surgery,1,1,2018,0.062,0,7,False,4.7,Low
Skin physiology,Physiology,1,1,2018,0.062,0,7,False,4.7,Low
Skin reactions,Dermatology,1,1,2017,0.062,0,8,False,4.7,Low
Skull And Facial Bones,Anatomy,1,1,2017,0.062,0,8,False,4.7,Low
Skull and Facial Bones,Anatomy,1,1,2017,0.062,0,8,False,4.7,Low
Smothering,Forensic Medicine,1,1,2019,0.062,0,6,False,4.7,Low
Social Determinants Of Health,Community Medicine,1,1,2019,0.062,0,6,False,4.7,Low
Social Determinants of Health,Community Medicine,1,1,2019,0.062,0,6,False,4.7,Low
Soft Tissue Injuries,Surgery,1,1,2019,0.062,0,6,False,4.7,Low
Solid Waste Disposal,Community Medicine,1,1,2019,0.062,0,6,False,4.7,Low
Space of Disse,Anatomy,1,1,2019,0.062,0,6,False,4.7,Low
Spinal Cord Disorders,Medicine,1,1,2018,0.062,0,7,False,4.7,Low
Spinal Cord Fibers,Anatomy,1,1,2019,0.062,0,6,False,4.7,Low
Spinal Cord Tracts,Anatomy,1,1,2019,0.062,0,6,False,4.7,Low
Spinal Ligaments,Anatomy,1,1,2018,0.062,0,7,False,4.7,Low
Spinal cord lesions,Medicine,1,1,2019,0.062,0,6,False,4.7,Low
Squint Surgery,Ophthalmology,1,1,2018,0.062,0,7,False,4.7,Low
Squint surgery,Ophthalmology,1,1,2018,0.062,0,7,False,4.7,Low
Staining,Microbiology,1,1,2019,0.062,0,6,False,4.7,Low
Sterilization techniques,OBG,1,1,2017,0.062,0,8,False,4.7,Low
Strabismus diagnosis,Ophthalmology,1,1,2019,0.062,0,6,False,4.7,Low
Substance Abuse Pharmacology,Pharmacology,1,1,2019,0.062,0,6,False,4.7,Low
Substance-Related and Addictive Disorders,Psychiatry,1,1,2017,0.062,0,8,False,4.7,Low
Sudden cardiac death,Medicine,1,1,2019,0.062,0,6,False,4.7,Low
Surgical Blades,Surgery,1,1,2019,0.062,0,6,False,4.7,Low
Surgical Equipment,Surgery,1,1,2017,0.062,0,8,False,4.7,Low
Suturing techniques,Surgery,1,1,2019,0.062,0,6,False,4.7,Low
Sydenham Chorea Management,Pediatrics,1,1,2018,0.062,0,7,False,4.7,Low
Symptom Analysis,Medicine,1,1,2019,0.062,0,6,False,4.7,Low
Symptoms,Medicine,1,1,2018,0.062,0,7,False,4.7,Low
Systemic Granulomatous Diseases,Medicine,1,1,2018,0.062,0,7,False,4.7,Low
T Cell Immunity,Physiology,1,1,2018,0.062,0,7,False,4.7,Low
T cell immunity,Physiology,1,1,2018,0.062,0,7,False,4.7,Low
Taxation,Community Medicine,1,1,2019,0.062,0,6,False,4.7,Low
Tendon Disorders,Orthopedics,1,1,2018,0.062,0,7,False,4.7,Low
Thoracic Cavity Anatomy,Anatomy,1,1,2017,0.062,0,8,False,4.7,Low
Thoracic Pathology,Pathology,1,1,2018,0.062,0,7,False,4.7,Low
Trade commerce,Community Medicine,1,1,2019,0.062,0,6,False,4.7,Low
Transmission Modes,Community Medicine,1,1,2017,0.062,0,8,False,4.7,Low
Transplant Complications,Microbiology,1,1,2017,0.062,0,8,False,4.7,Low
Transport Proteins,Biochemistry,1,1,2019,0.062,0,6,False,4.7,Low
Tribal Health,Community Medicine,1,1,2019,0.062,0,6,False,4.7,Low
Tropical Diseases,Microbiology,1,1,2018,0.062,0,7,False,4.7,Low
Tubulopathies,Medicine,1,1,2018,0.062,0,7,False,4.7,Low
Tuning fork tests,ENT,1,1,2018,0.062,0,7,False,4.7,Low
Ulcers,Surgery,1,1,2018,0.062,0,7,False,4.7,Low
Upper Cervical Vertebrae,Anatomy,1,1,2019,0.062,0,6,False,4.7,Low
Upper cervical vertebrae,Anatomy,1,1,2019,0.062,0,6,False,4.7,Low
Urinary Tract Anomalies,Radiology,1,1,2019,0.062,0,6,False,4.7,Low
Urogenital Pathology,Pathology,1,1,2017,0.062,0,8,False,4.7,Low
Urological Imaging,Radiology,1,1,2018,0.062,0,7,False,4.7,Low
Urological imaging,Radiology,1,1,2018,0.062,0,7,False,4.7,Low
Uterine Anatomy,OBG,1,1,2018,0.062,0,7,False,4.7,Low
Uterine Causes Of Aub,OBG,1,1,2018,0.062,0,7,False,4.7,Low
Uterine Causes of AUB,OBG,1,1,2018,0.062,0,7,False,4.7,Low
Uterine fibroid,OBG,1,1,2019,0.062,0,6,False,4.7,Low
Vaccination Campaigns,Community Medicine,1,1,2017,0.062,0,8,False,4.7,Low
Vaccination campaigns,Community Medicine,1,1,2017,0.062,0,8,False,4.7,Low
Vertical transmission,OBG,1,1,2019,0.062,0,6,False,4.7,Low
Vertigo,ENT,1,1,2019,0.062,0,6,False,4.7,Low
Vesiculobullous Lesions,Dermatology,1,1,2019,0.062,0,6,False,4.7,Low
Viral Classification,Microbiology,1,1,2019,0.062,0,6,False,4.7,Low
Viral Pathology,Pathology,1,1,2017,0.062,0,8,False,4.7,Low
Viral keratitis,Ophthalmology,1,1,2018,0.062,0,7,False,4.7,Low
Visceral leishmaniasis,Community Medicine,1,1,2018,0.062,0,7,False,4.7,Low
Vitamin A Metabolism,Biochemistry,1,1,2019,0.062,0,6,False,4.7,Low
Vitamin B2 Metabolism,Biochemistry,1,1,2018,0.062,0,7,False,4.7,Low
Vitamin Metabolism,Biochemistry,1,1,2017,0.062,0,8,False,4.7,Low
Vocal Cord Lesions,ENT,1,1,2019,0.062,0,6,False,4.7,Low
Vocal cord lesions,ENT,1,1,2019,0.062,0,6,False,4.7,Low
Vocal cord muscles,ENT,1,1,2018,0.062,0,7,False,4.7,Low
Vocal cords,Anatomy,1,1,2017,0.062,0,8,False,4.7,Low
Voice rehabilitation,ENT,1,1,2018,0.062,0,7,False,4.7,Low
Vulvar Diseases,Dermatology,1,1,2019,0.062,0,6,False,4.7,Low
Vulvar diseases,Dermatology,1,1,2019,0.062,0,6,False,4.7,Low
Vulvar pathology,OBG,1,1,2017,0.062,0,8,False,4.7,Low
Warfarin,Pharmacology,1,1,2017,0.062,0,8,False,4.7,Low
Water Quality Standards,Community Medicine,1,1,2018,0.062,0,7,False,4.7,Low
Water sanitation,Community Medicine,1,1,2018,0.062,0,7,False,4.7,Low
Weber's syndrome,Medicine,1,1,2017,0.062,0,8,False,4.7,Low
Wounds And Ulcers,Surgery,1,1,2019,0.062,0,6,False,4.7,Low
Wounds and ulcers,Surgery,1,1,2019,0.062,0,6,False,4.7,Low
Wrist And Hand Conditions,Orthopedics,1,1,2018,0.062,0,7,False,4.7,Low
Wrist anatomy,Orthopedics,1,1,2017,0.062,0,8,False,4.7,Low
Wrist and Hand Conditions,Orthopedics,1,1,2018,0.062,0,7,False,4.7,Low
Wrist injuries,Orthopedics,1,1,2017,0.062,0,8,False,4.7,Low
X-Linked Inheritance,Pathology,1,1,2018,0.062,0,7,False,4.7,Low
X-linked inheritance,Pathology,1,1,2018,0.062,0,7,False,4.7,Low
Xeroderma Pigmentosum,Dermatology,1,1,2019,0.062,0,6,False,4.7,Low
cardiac output,Physiology,1,1,2019,0.062,0,6,False,4.7,Low
proprioception,Physiology,1,1,2019,0.062,0,6,False,4.7,Low
ACL injuries,Orthopedics,1,1,2016,0.062,0,9,False,4.6,Low
AIDS control programme,Community Medicine,1,1,2014,0.062,0,11,False,4.6,Low
ASHA,Community Medicine,1,1,2015,0.062,0,10,False,4.6,Low
ASOM,ENT,1,1,2015,0.062,0,10,False,4.6,Low
AV fistula,Medicine,1,1,2014,0.062,0,11,False,4.6,Low
Abdominal Arteries,Anatomy,1,1,2016,0.062,0,9,False,4.6,Low
Abdominal CT,Radiology,1,1,2016,0.062,0,9,False,4.6,Low
Abdominal Ct,Radiology,1,1,2016,0.062,0,9,False,4.6,Low
Abdominal Radiograph,Radiology,1,1,2014,0.062,0,11,False,4.6,Low
Abdominal Radiography,Radiology,1,1,2014,0.062,0,11,False,4.6,Low
Abdominal radiography,Radiology,1,1,2014,0.062,0,11,False,4.6,Low
Abnormal Behavior,Psychiatry,1,1,2014,0.062,0,11,False,4.6,Low
Abruptio Placentae,OBG,1,1,2014,0.062,0,11,False,4.6,Low
Abruptio placentae,OBG,1,1,2014,0.062,0,11,False,4.6,Low
Absence Seizure,Pediatrics,1,1,2014,0.062,0,11,False,4.6,Low
Accessory spleen,Anatomy,1,1,2014,0.062,0,11,False,4.6,Low
Acetyl CoA Carboxylase,Biochemistry,1,1,2015,0.062,0,10,False,4.6,Low
Acid Peptic Disease,Pharmacology,1,1,2016,0.062,0,9,False,4.6,Low
Acl Injuries,Orthopedics,1,1,2016,0.062,0,9,False,4.6,Low
Acne Management,Dermatology,1,1,2014,0.062,0,11,False,4.6,Low
Acne vulgaris,Dermatology,1,1,2015,0.062,0,10,False,4.6,Low
Acquired Inflammatory Skin Rashes,Dermatology,1,1,2015,0.062,0,10,False,4.6,Low
Acquired inflammatory skin rashes,Dermatology,1,1,2015,0.062,0,10,False,4.6,Low
Acral lentiginous melanoma,Dermatology,1,1,2016,0.062,0,9,False,4.6,Low
Acromegaly Management,Pharmacology,1,1,2016,0.062,0,9,False,4.6,Low
Acromegaly management,Pharmacology,1,1,2016,0.062,0,9,False,4.6,Low
Acute HIV syndrome,Medicine,1,1,2014,0.062,0,11,False,4.6,Low
Acute Pelvic Pain,OBG,1,1,2016,0.062,0,9,False,4.6,Low
Acute care,Medicine,1,1,2016,0.062,0,9,False,4.6,Low
Acute dystonia,Pharmacology,1,1,2014,0.062,0,11,False,4.6,Low
Acute myocardial infarction,Medicine,1,1,2015,0.062,0,10,False,4.6,Low
Acute pancreatitis,Radiology,1,1,2014,0.062,0,11,False,4.6,Low
Acute phase proteins,Pathology,1,1,2015,0.062,0,10,False,4.6,Low
Addiction Psychiatry,Psychiatry,1,1,2016,0.062,0,9,False,4.6,Low
Adenoid Hypertrophy,ENT,1,1,2014,0.062,0,11,False,4.6,Low
Adenoid hypertrophy,ENT,1,1,2014,0.062,0,11,False,4.6,Low
Adenosine,Pharmacology,1,1,2016,0.062,0,9,False,4.6,Low
Adenylyl cyclase,Biochemistry,1,1,2015,0.062,0,10,False,4.6,Low
Adolescent health,Pediatrics,1,1,2014,0.062,0,11,False,4.6,Low
Adrenergic Agents,Pharmacology,1,1,2015,0.062,0,10,False,4.6,Low
Adrenergic agents,Pharmacology,1,1,2015,0.062,0,10,False,4.6,Low
Adrenergic receptors,Pharmacology,1,1,2014,0.062,0,11,False,4.6,Low
Adrenoleukodystrophy,Biochemistry,1,1,2016,0.062,0,9,False,4.6,Low
Afterload,Physiology,1,1,2015,0.062,0,10,False,4.6,Low
Age Determination,Forensic Medicine,1,1,2014,0.062,0,11,False,4.6,Low
Age determination,Forensic Medicine,1,1,2014,0.062,0,11,False,4.6,Low
Agranulocytosis,Pharmacology,1,1,2016,0.062,0,9,False,4.6,Low
Aids Control Programme,Community Medicine,1,1,2014,0.062,0,11,False,4.6,Low
Airway Equipment,Anaesthesia,1,1,2016,0.062,0,9,False,4.6,Low
Airway emergencies,ENT,1,1,2014,0.062,0,11,False,4.6,Low
Airway obstruction,ENT,1,1,2015,0.062,0,10,False,4.6,Low
Alcock's Canal,Anatomy,1,1,2016,0.062,0,9,False,4.6,Low
Alcohol dependence,Psychiatry,1,1,2014,0.062,0,11,False,4.6,Low
Aldose Reductase Inhibitors,Pharmacology,1,1,2014,0.062,0,11,False,4.6,Low
Alkaloids,Pharmacology,1,1,2016,0.062,0,9,False,4.6,Low
Allergic Lung Diseases,Medicine,1,1,2016,0.062,0,9,False,4.6,Low
Alpha Blockers,Pharmacology,1,1,2014,0.062,0,11,False,4.6,Low
Alpha blockers,Pharmacology,1,1,2014,0.062,0,11,False,4.6,Low
Alpha-2 Agonists,Pharmacology,1,1,2015,0.062,0,10,False,4.6,Low
Alpha-2 agonists,Pharmacology,1,1,2015,0.062,0,10,False,4.6,Low
Alpha-Glucosidase Inhibitors,Pharmacology,1,1,2016,0.062,0,9,False,4.6,Low
Alpha-glucosidase inhibitors,Pharmacology,1,1,2016,0.062,0,9,False,4.6,Low
Amblyopia prevention,Ophthalmology,1,1,2016,0.062,0,9,False,4.6,Low
Ambulatory Anesthesia,Anaesthesia,1,1,2014,0.062,0,11,False,4.6,Low
Ambulatory anesthesia,Anaesthesia,1,1,2014,0.062,0,11,False,4.6,Low
Amino Acid Structure And Classification,Biochemistry,1,1,2014,0.062,0,11,False,4.6,Low
Amino Acid Structure and Classification,Biochemistry,1,1,2014,0.062,0,11,False,4.6,Low
Amino acid substitution,Biochemistry,1,1,2014,0.062,0,11,False,4.6,Low
Aminoacidopathies,Biochemistry,1,1,2016,0.062,0,9,False,4.6,Low
Aminosalicylate drugs,Pharmacology,1,1,2016,0.062,0,9,False,4.6,Low
Aminosalicylates,Pharmacology,1,1,2016,0.062,0,9,False,4.6,Low
Amphetamine,Pharmacology,1,1,2014,0.062,0,11,False,4.6,Low
Amputation,Surgery,1,1,2014,0.062,0,11,False,4.6,Low
Anaerobic Culture,Microbiology,1,1,2014,0.062,0,11,False,4.6,Low
Anaerobic culture,Microbiology,1,1,2014,0.062,0,11,False,4.6,Low
Anaesthesia circuits,Anaesthesia,1,1,2015,0.062,0,10,False,4.6,Low
Anaesthetic Choice,Orthopedics,1,1,2014,0.062,0,11,False,4.6,Low
Anaesthetic Pharmacology,Anaesthesia,1,1,2016,0.062,0,9,False,4.6,Low
Anal Canal Carcinoma,Surgery,1,1,2014,0.062,0,11,False,4.6,Low
Anal canal carcinoma,Surgery,1,1,2014,0.062,0,11,False,4.6,Low
Anal fistula,Surgery,1,1,2014,0.062,0,11,False,4.6,Low
Anaphylaxis,Pathology,1,1,2016,0.062,0,9,False,4.6,Low
Anatomy of neck,Anatomy,1,1,2016,0.062,0,9,False,4.6,Low
Androgenetic Alopecia,Dermatology,1,1,2016,0.062,0,9,False,4.6,Low
Androgenetic alopecia,Dermatology,1,1,2016,0.062,0,9,False,4.6,Low
Anencephaly,OBG,1,1,2014,0.062,0,11,False,4.6,Low
Anesthesia equipment,Anaesthesia,1,1,2016,0.062,0,9,False,4.6,Low
Anesthetic agents,Anaesthesia,1,1,2016,0.062,0,9,False,4.6,Low
Angina pectoris,Medicine,1,1,2016,0.062,0,9,False,4.6,Low
Angiodysplasia,Surgery,1,1,2014,0.062,0,11,False,4.6,Low
Angioedema treatment,Medicine,1,1,2014,0.062,0,11,False,4.6,Low
Animal Bites,Medicine,1,1,2014,0.062,0,11,False,4.6,Low
Animal bites,Medicine,1,1,2014,0.062,0,11,False,4.6,Low
Anisometropia,Ophthalmology,1,1,2015,0.062,0,10,False,4.6,Low
Anorectal Disease,Surgery,1,1,2014,0.062,0,11,False,4.6,Low
Anorexia Nervosa,Psychiatry,1,1,2014,0.062,0,11,False,4.6,Low
Anterior Abdominal Wall,Anatomy,1,1,2014,0.062,0,11,False,4.6,Low
Anterior Chamber Angle,Ophthalmology,1,1,2016,0.062,0,9,False,4.6,Low
Anthracyclines,Pharmacology,1,1,2016,0.062,0,9,False,4.6,Low
Anti-Craving Agents,Pharmacology,1,1,2014,0.062,0,11,False,4.6,Low
Anti-craving agents,Pharmacology,1,1,2014,0.062,0,11,False,4.6,Low
Anti-tubercular Drugs,Pharmacology,1,1,2015,0.062,0,10,False,4.6,Low
Antibiotic Therapy,Pharmacology,1,1,2016,0.062,0,9,False,4.6,Low
Antibiotic-associated diarrhea,Microbiology,1,1,2016,0.062,0,9,False,4.6,Low
Anticholinergic Agents,Pharmacology,1,1,2015,0.062,0,10,False,4.6,Low
Anticholinergic agents,Pharmacology,1,1,2015,0.062,0,10,False,4.6,Low
Anticholinesterases,Pharmacology,1,1,2015,0.062,0,10,False,4.6,Low
Anticoagulant Drugs,Pharmacology,1,1,2014,0.062,0,11,False,4.6,Low
Anticoagulant drugs,Pharmacology,1,1,2014,0.062,0,11,False,4.6,Low
Antidiarrheal Agents,Pharmacology,1,1,2016,0.062,0,9,False,4.6,Low
Antidiarrheal agents,Pharmacology,1,1,2016,0.062,0,9,False,4.6,Low
Antihypertensive Agents,Pharmacology,1,1,2015,0.062,0,10,False,4.6,Low
Antimicrobial Sensitivity,Microbiology,1,1,2015,0.062,0,10,False,4.6,Low
Antimicrobial agents,Pharmacology,1,1,2015,0.062,0,10,False,4.6,Low
Antimuscarinic Drugs,Pharmacology,1,1,2015,0.062,0,10,False,4.6,Low
Antiparasitic drugs,Pharmacology,1,1,2016,0.062,0,9,False,4.6,Low
Antiparkinson Drugs,Pharmacology,1,1,2016,0.062,0,9,False,4.6,Low
Antiparkinsonian Drugs,Pharmacology,1,1,2016,0.062,0,9,False,4.6,Low
Antiparkinsonian drugs,Pharmacology,1,1,2016,0.062,0,9,False,4.6,Low
Antipsychotic side effects,Pharmacology,1,1,2015,0.062,0,10,False,4.6,Low
Antiretroviral Therapy (ART),Pharmacology,1,1,2016,0.062,0,9,False,4.6,Low
Antiretroviral Therapy (Art),Pharmacology,1,1,2016,0.062,0,9,False,4.6,Low
Antiseptics and disinfectants,Pharmacology,1,1,2014,0.062,0,11,False,4.6,Low
Antispasticity Agents,Pharmacology,1,1,2014,0.062,0,11,False,4.6,Low
Antispasticity agents,Pharmacology,1,1,2014,0.062,0,11,False,4.6,Low
Antitubercular Drug Toxicity,Pharmacology,1,1,2016,0.062,0,9,False,4.6,Low
Antitubercular drug toxicity,Pharmacology,1,1,2016,0.062,0,9,False,4.6,Low
Antiviral Therapy,Pharmacology,1,1,2015,0.062,0,10,False,4.6,Low
Aortic regurgitation,Medicine,1,1,2016,0.062,0,9,False,4.6,Low
Aortic stenosis,Medicine,1,1,2015,0.062,0,10,False,4.6,Low
Aortic valve,Anatomy,1,1,2016,0.062,0,9,False,4.6,Low
Apocrine Gland Disorders,Dermatology,1,1,2014,0.062,0,11,False,4.6,Low
Apocrine gland disorders,Dermatology,1,1,2014,0.062,0,11,False,4.6,Low
Appetite,Physiology,1,1,2014,0.062,0,11,False,4.6,Low
Appetite Suppressants,Pharmacology,1,1,2014,0.062,0,11,False,4.6,Low
Appetite regulation,Physiology,1,1,2014,0.062,0,11,False,4.6,Low
Appetite suppressants,Pharmacology,1,1,2014,0.062,0,11,False,4.6,Low
Arm Muscles,Anatomy,1,1,2015,0.062,0,10,False,4.6,Low
Arneth Count,Pathology,1,1,2016,0.062,0,9,False,4.6,Low
Arrhythmia Management,Medicine,1,1,2016,0.062,0,9,False,4.6,Low
Arteriolosclerosis,Pathology,1,1,2014,0.062,0,11,False,4.6,Low
Arthrodesis,Orthopedics,1,1,2016,0.062,0,9,False,4.6,Low
Asha,Community Medicine,1,1,2015,0.062,0,10,False,4.6,Low
Asherman syndrome,OBG,1,1,2016,0.062,0,9,False,4.6,Low
Aspiration,Anatomy,1,1,2014,0.062,0,11,False,4.6,Low
Aspiration pneumonia,Anaesthesia,1,1,2015,0.062,0,10,False,4.6,Low
Aspiration prophylaxis,Anaesthesia,1,1,2014,0.062,0,11,False,4.6,Low
Aspirin-sensitive asthma,Medicine,1,1,2015,0.062,0,10,False,4.6,Low
Asterixis,Medicine,1,1,2016,0.062,0,9,False,4.6,Low
Atelectasis,ENT,1,1,2016,0.062,0,9,False,4.6,Low
Atrial myxoma,Medicine,1,1,2015,0.062,0,10,False,4.6,Low
Atypical Antipsychotics,Pharmacology,1,1,2014,0.062,0,11,False,4.6,Low
Atypical antipsychotics,Pharmacology,1,1,2014,0.062,0,11,False,4.6,Low
Auditory brainstem response,ENT,1,1,2016,0.062,0,9,False,4.6,Low
Auditory system,ENT,1,1,2014,0.062,0,11,False,4.6,Low
Auerbach'S Plexus,Anatomy,1,1,2016,0.062,0,9,False,4.6,Low
Auerbach's plexus,Anatomy,1,1,2016,0.062,0,9,False,4.6,Low
Auricular Hematoma,ENT,1,1,2014,0.062,0,11,False,4.6,Low
Auricular hematoma,ENT,1,1,2014,0.062,0,11,False,4.6,Low
Auscultation areas,Medicine,1,1,2014,0.062,0,11,False,4.6,Low
Auscultation points,Medicine,1,1,2014,0.062,0,11,False,4.6,Low
Austrian Syndrome,Microbiology,1,1,2016,0.062,0,9,False,4.6,Low
Austrian syndrome,Microbiology,1,1,2016,0.062,0,9,False,4.6,Low
Autism spectrum disorders,Psychiatry,1,1,2014,0.062,0,11,False,4.6,Low
Autopsy Technique,Forensic Medicine,1,1,2015,0.062,0,10,False,4.6,Low
Azoles,Pharmacology,1,1,2016,0.062,0,9,False,4.6,Low
B Cell Localization,Anatomy,1,1,2015,0.062,0,10,False,4.6,Low
B cell disorders,Pathology,1,1,2015,0.062,0,10,False,4.6,Low
B cell localization,Anatomy,1,1,2015,0.062,0,10,False,4.6,Low
Baby-Friendly Hospital Initiative,Community Medicine,1,1,2014,0.062,0,11,False,4.6,Low
Backwash ileitis,Pathology,1,1,2014,0.062,0,11,False,4.6,Low
Bacterial Resistance Mechanisms,Microbiology,1,1,2016,0.062,0,9,False,4.6,Low
Bacterial Typing,Microbiology,1,1,2014,0.062,0,11,False,4.6,Low
Bacterial culture,Microbiology,1,1,2016,0.062,0,9,False,4.6,Low
Bag-Mask Ventilation,Anaesthesia,1,1,2016,0.062,0,9,False,4.6,Low
Barlow test,Orthopedics,1,1,2016,0.062,0,9,False,4.6,Low
Baroreceptor,Anatomy,1,1,2015,0.062,0,10,False,4.6,Low
Bartholin Cyst,OBG,1,1,2014,0.062,0,11,False,4.6,Low
Bartholin cyst,OBG,1,1,2014,0.062,0,11,False,4.6,Low
Basal Cell Carcinoma,Ophthalmology,1,1,2016,0.062,0,9,False,4.6,Low
Behavior Therapy,Psychiatry,1,1,2016,0.062,0,9,False,4.6,Low
Behavior therapy,Psychiatry,1,1,2016,0.062,0,9,False,4.6,Low
Behçet disease,Ophthalmology,1,1,2014,0.062,0,11,False,4.6,Low
Benzodiazepine Receptor,Pharmacology,1,1,2014,0.062,0,11,False,4.6,Low
Benzodiazepine receptor,Pharmacology,1,1,2014,0.062,0,11,False,4.6,Low
Beta Thalassemia,Pathology,1,1,2016,0.062,0,9,False,4.6,Low
Beta-2 Agonists,Pharmacology,1,1,2016,0.062,0,9,False,4.6,Low
Beta-Blockers,Pharmacology,1,1,2015,0.062,0,10,False,4.6,Low
Biases,Community Medicine,1,1,2014,0.062,0,11,False,4.6,Low
Bilateral occurrence,Ophthalmology,1,1,2014,0.062,0,11,False,4.6,Low
Bile Acid Synthesis,Biochemistry,1,1,2015,0.062,0,10,False,4.6,Low
Bile Secretion,Biochemistry,1,1,2015,0.062,0,10,False,4.6,Low
Bile salt metabolism,Physiology,1,1,2016,0.062,0,9,False,4.6,Low
Biliary Disorders,Pathology,1,1,2016,0.062,0,9,False,4.6,Low
Biliary Imaging,Radiology,1,1,2014,0.062,0,11,False,4.6,Low
Biliary Pathology,Pathology,1,1,2014,0.062,0,11,False,4.6,Low
Biliary Tract Anomalies,Surgery,1,1,2014,0.062,0,11,False,4.6,Low
Biliary imaging,Radiology,1,1,2014,0.062,0,11,False,4.6,Low
Biliary tract,Anatomy,1,1,2015,0.062,0,10,False,4.6,Low
Biliary tract neoplasms,Surgery,1,1,2016,0.062,0,9,False,4.6,Low
Billings Method,OBG,1,1,2014,0.062,0,11,False,4.6,Low
Biochemical tests,Microbiology,1,1,2014,0.062,0,11,False,4.6,Low
Biomolecular Interactions,Biochemistry,1,1,2014,0.062,0,11,False,4.6,Low
Biomolecules,Biochemistry,1,1,2014,0.062,0,11,False,4.6,Low
Biotransformation,Pharmacology,1,1,2014,0.062,0,11,False,4.6,Low
Birth Defects,Community Medicine,1,1,2016,0.062,0,9,False,4.6,Low
Bishop Score,OBG,1,1,2015,0.062,0,10,False,4.6,Low
Bisphosphonates,Pharmacology,1,1,2016,0.062,0,9,False,4.6,Low
Bladder injuries,Anatomy,1,1,2015,0.062,0,10,False,4.6,Low
Blaschko Lines,Dermatology,1,1,2015,0.062,0,10,False,4.6,Low
Blaschko lines,Dermatology,1,1,2015,0.062,0,10,False,4.6,Low
Bleeding,Medicine,1,1,2014,0.062,0,11,False,4.6,Low
Blount disease,Orthopedics,1,1,2015,0.062,0,10,False,4.6,Low
Body Water And Electrolytes,Physiology,1,1,2015,0.062,0,10,False,4.6,Low
Body Water and Electrolytes,Physiology,1,1,2015,0.062,0,10,False,4.6,Low
Bohr effect,Physiology,1,1,2015,0.062,0,10,False,4.6,Low
Bone Age Assessment,Radiology,1,1,2016,0.062,0,9,False,4.6,Low
Bone Defects,Orthopedics,1,1,2015,0.062,0,10,False,4.6,Low
Bone Densitometry,Radiology,1,1,2014,0.062,0,11,False,4.6,Low
Bone Metabolism Drugs,Pharmacology,1,1,2015,0.062,0,10,False,4.6,Low
Bone Metastases,Radiology,1,1,2014,0.062,0,11,False,4.6,Low
Bone Mineral Density,Radiology,1,1,2014,0.062,0,11,False,4.6,Low
Bone Morphology,Anatomy,1,1,2016,0.062,0,9,False,4.6,Low
Bone Radiology,Radiology,1,1,2014,0.062,0,11,False,4.6,Low
Bone age assessment,Radiology,1,1,2016,0.062,0,9,False,4.6,Low
Bone disease,Radiology,1,1,2014,0.062,0,11,False,4.6,Low
Bone metabolism drugs,Pharmacology,1,1,2015,0.062,0,10,False,4.6,Low
Bone metastases,Radiology,1,1,2014,0.062,0,11,False,4.6,Low
Bone radiology,Radiology,1,1,2014,0.062,0,11,False,4.6,Low
Bone remodeling,Pathology,1,1,2015,0.062,0,10,False,4.6,Low
Bony Labyrinth,Anatomy,1,1,2014,0.062,0,11,False,4.6,Low
Botulism,Microbiology,1,1,2016,0.062,0,9,False,4.6,Low
Bowel injury,Surgery,1,1,2014,0.062,0,11,False,4.6,Low
Bowen'S Disease,Dermatology,1,1,2015,0.062,0,10,False,4.6,Low
Bowen's disease,Dermatology,1,1,2015,0.062,0,10,False,4.6,Low
Brachial plexus injuries,Orthopedics,1,1,2014,0.062,0,11,False,4.6,Low
Brain Imaging,Radiology,1,1,2016,0.062,0,9,False,4.6,Low
Brainstem Death,Medicine,1,1,2015,0.062,0,10,False,4.6,Low
Brainstem death,Medicine,1,1,2015,0.062,0,10,False,4.6,Low
Branches of aorta,Anatomy,1,1,2015,0.062,0,10,False,4.6,Low
Branchial Cyst,ENT,1,1,2015,0.062,0,10,False,4.6,Low
Branchial cyst,ENT,1,1,2015,0.062,0,10,False,4.6,Low
Bromocriptine,Pharmacology,1,1,2014,0.062,0,11,False,4.6,Low
Bronchial Tree Anatomy,Anatomy,1,1,2016,0.062,0,9,False,4.6,Low
Bronchial tree anatomy,Anatomy,1,1,2016,0.062,0,9,False,4.6,Low
Bruise,Forensic Medicine,1,1,2014,0.062,0,11,False,4.6,Low
Buffer Solutions,Biochemistry,1,1,2016,0.062,0,9,False,4.6,Low
Buffer Systems,Biochemistry,1,1,2015,0.062,0,10,False,4.6,Low
Bullet types,Forensic Medicine,1,1,2016,0.062,0,9,False,4.6,Low
Bullous Keratopathy,Ophthalmology,1,1,2014,0.062,0,11,False,4.6,Low
Bullous keratopathy,Ophthalmology,1,1,2014,0.062,0,11,False,4.6,Low
Burkholderia,Microbiology,1,1,2015,0.062,0,10,False,4.6,Low
C. difficile,Microbiology,1,1,2016,0.062,0,9,False,4.6,Low
CA-125,Pathology,1,1,2016,0.062,0,9,False,4.6,Low
CB1 antagonist,Pharmacology,1,1,2014,0.062,0,11,False,4.6,Low
CIN III,OBG,1,1,2015,0.062,0,10,False,4.6,Low
CMT disease,Medicine,1,1,2016,0.062,0,9,False,4.6,Low
CNS Abnormalities,Pediatrics,1,1,2014,0.062,0,11,False,4.6,Low
CNS involvement,Pathology,1,1,2015,0.062,0,10,False,4.6,Low
COPD Classification,Medicine,1,1,2016,0.062,0,9,False,4.6,Low
CSF,Anatomy,1,1,2016,0.062,0,9,False,4.6,Low
CSF rhinorrhoea,ENT,1,1,2015,0.062,0,10,False,4.6,Low
CT,Radiology,1,1,2014,0.062,0,11,False,4.6,Low
CT chest,Radiology,1,1,2015,0.062,0,10,False,4.6,Low
Cabergoline,Pharmacology,1,1,2016,0.062,0,9,False,4.6,Low
Calcinosis Cutis,Dermatology,1,1,2016,0.062,0,9,False,4.6,Low
Calcium Disorders,Medicine,1,1,2015,0.062,0,10,False,4.6,Low
Calcium Metabolism,Biochemistry,1,1,2015,0.062,0,10,False,4.6,Low
Calcium absorption,Physiology,1,1,2015,0.062,0,10,False,4.6,Low
Calcium disorders,Medicine,1,1,2015,0.062,0,10,False,4.6,Low
Calcium reabsorption,Physiology,1,1,2014,0.062,0,11,False,4.6,Low
Calcium signaling,Physiology,1,1,2016,0.062,0,9,False,4.6,Low
Callus formation,Pathology,1,1,2014,0.062,0,11,False,4.6,Low
Cancer Control,Community Medicine,1,1,2014,0.062,0,11,False,4.6,Low
Cancer prevention,Pharmacology,1,1,2016,0.062,0,9,False,4.6,Low
Cancer therapy,Pharmacology,1,1,2014,0.062,0,11,False,4.6,Low
Cancers,Community Medicine,1,1,2016,0.062,0,9,False,4.6,Low
Candidiasis,Pharmacology,1,1,2016,0.062,0,9,False,4.6,Low
Canteen,Community Medicine,1,1,2016,0.062,0,9,False,4.6,Low
Carbapenems,Pharmacology,1,1,2015,0.062,0,10,False,4.6,Low
Carbon Dioxide Transport,Physiology,1,1,2015,0.062,0,10,False,4.6,Low
Carcinoma Of Gallbladder,Surgery,1,1,2016,0.062,0,9,False,4.6,Low
Carcinoma of gallbladder,Surgery,1,1,2016,0.062,0,9,False,4.6,Low
Cardiac Arrhythmia,Medicine,1,1,2014,0.062,0,11,False,4.6,Low
Cardiac Biomarkers,Medicine,1,1,2015,0.062,0,10,False,4.6,Low
Cardiac Defect,Pediatrics,1,1,2014,0.062,0,11,False,4.6,Low
Cardiac Muscle,Anatomy,1,1,2016,0.062,0,9,False,4.6,Low
Cardiac Veins,Anatomy,1,1,2015,0.062,0,10,False,4.6,Low
Cardiac anatomy,Anatomy,1,1,2016,0.062,0,9,False,4.6,Low
Cardiac biomarkers,Medicine,1,1,2015,0.062,0,10,False,4.6,Low
Cardiac defect,Pediatrics,1,1,2014,0.062,0,11,False,4.6,Low
Cardiac imaging,Radiology,1,1,2014,0.062,0,11,False,4.6,Low
Cardiac murmur,Medicine,1,1,2015,0.062,0,10,False,4.6,Low
Cardiac physiology,Physiology,1,1,2015,0.062,0,10,False,4.6,Low
Cardiopulmonary Baroreceptors,Physiology,1,1,2015,0.062,0,10,False,4.6,Low
Cardiopulmonary baroreceptors,Physiology,1,1,2015,0.062,0,10,False,4.6,Low
Cardiothoracic Ratio,Radiology,1,1,2015,0.062,0,10,False,4.6,Low
Cardiothoracic ratio,Radiology,1,1,2015,0.062,0,10,False,4.6,Low
Cardiotoxicity,Pharmacology,1,1,2016,0.062,0,9,False,4.6,Low
Carpal Tunnel,Anatomy,1,1,2016,0.062,0,9,False,4.6,Low
Carpal bones,Anatomy,1,1,2016,0.062,0,9,False,4.6,Low
Carpal tunnel syndrome,Medicine,1,1,2015,0.062,0,10,False,4.6,Low
Carrier detection,Community Medicine,1,1,2016,0.062,0,9,False,4.6,Low
Catecholamine Synthesis Inhibitors,Pharmacology,1,1,2016,0.062,0,9,False,4.6,Low
Catecholamine synthesis inhibitors,Pharmacology,1,1,2016,0.062,0,9,False,4.6,Low
Cauda equina syndrome,Anaesthesia,1,1,2015,0.062,0,10,False,4.6,Low
Cauliflower ear,ENT,1,1,2014,0.062,0,11,False,4.6,Low
Causation,Forensic Medicine,1,1,2015,0.062,0,10,False,4.6,Low
Causes Of Blindness,Ophthalmology,1,1,2014,0.062,0,11,False,4.6,Low
Causes of Blindness,Ophthalmology,1,1,2014,0.062,0,11,False,4.6,Low
Celiac Artery Compression Syndrome,Surgery,1,1,2015,0.062,0,10,False,4.6,Low
Celiac disease,Pathology,1,1,2014,0.062,0,11,False,4.6,Low
Cell Communication,Physiology,1,1,2014,0.062,0,11,False,4.6,Low
Cell Membrane Physiology,Physiology,1,1,2014,0.062,0,11,False,4.6,Low
Cell Regeneration,Pathology,1,1,2016,0.062,0,9,False,4.6,Low
Cell Structure And Function,Biochemistry,1,1,2014,0.062,0,11,False,4.6,Low
Cell Structure and Function,Biochemistry,1,1,2014,0.062,0,11,False,4.6,Low
Cell metabolism,Pathology,1,1,2014,0.062,0,11,False,4.6,Low
Cell wall deficient organisms,Microbiology,1,1,2014,0.062,0,11,False,4.6,Low
Cellular components,Biochemistry,1,1,2016,0.062,0,9,False,4.6,Low
Cellular immunity,Microbiology,1,1,2015,0.062,0,10,False,4.6,Low
Central Venous Catheterization,Anaesthesia,1,1,2016,0.062,0,9,False,4.6,Low
Central venous catheterization,Anaesthesia,1,1,2016,0.062,0,9,False,4.6,Low
Cerebellar Functions,Physiology,1,1,2014,0.062,0,11,False,4.6,Low
Cerebellar Peduncles,Anatomy,1,1,2016,0.062,0,9,False,4.6,Low
Cerebellar Physiology,Physiology,1,1,2014,0.062,0,11,False,4.6,Low
Cerebellar Tracts,Anatomy,1,1,2016,0.062,0,9,False,4.6,Low
Cerebellar cortex,Anatomy,1,1,2015,0.062,0,10,False,4.6,Low
Cerebellar disorders,Medicine,1,1,2014,0.062,0,11,False,4.6,Low
Cerebellar functions,Physiology,1,1,2014,0.062,0,11,False,4.6,Low
Cerebellar peduncles,Anatomy,1,1,2016,0.062,0,9,False,4.6,Low
Cerebellar physiology,Physiology,1,1,2014,0.062,0,11,False,4.6,Low
Cerebellar tracts,Anatomy,1,1,2016,0.062,0,9,False,4.6,Low
Cerebral Venous Sinus Thrombosis,Medicine,1,1,2016,0.062,0,9,False,4.6,Low
Cerebral angiography,Radiology,1,1,2015,0.062,0,10,False,4.6,Low
Cerebral infarction,Anatomy,1,1,2014,0.062,0,11,False,4.6,Low
Cerebral thrombosis,Medicine,1,1,2014,0.062,0,11,False,4.6,Low
Cerebral venous sinus thrombosis,Radiology,1,1,2014,0.062,0,11,False,4.6,Low
Ceruminous glands,ENT,1,1,2015,0.062,0,10,False,4.6,Low
Cervical Assessment,OBG,1,1,2015,0.062,0,10,False,4.6,Low
Cervical Cancer Radiotherapy,Radiology,1,1,2016,0.062,0,9,False,4.6,Low
Cervical Esophagus,ENT,1,1,2014,0.062,0,11,False,4.6,Low
Cervical cancer radiotherapy,Radiology,1,1,2016,0.062,0,9,False,4.6,Low
Cervical insufficiency,OBG,1,1,2014,0.062,0,11,False,4.6,Low
Channelopathies,Medicine,1,1,2015,0.062,0,10,False,4.6,Low
Chemical Injuries,Ophthalmology,1,1,2014,0.062,0,11,False,4.6,Low
Chemical injuries,Ophthalmology,1,1,2014,0.062,0,11,False,4.6,Low
Chemokines,Microbiology,1,1,2016,0.062,0,9,False,4.6,Low
Cherry Red Spot,Ophthalmology,1,1,2014,0.062,0,11,False,4.6,Low
Cherry red spot,Ophthalmology,1,1,2014,0.062,0,11,False,4.6,Low
Chest Compression,Pediatrics,1,1,2016,0.062,0,9,False,4.6,Low
Chest Radiograph Signs,Radiology,1,1,2014,0.062,0,11,False,4.6,Low
Chest Tube Management,Surgery,1,1,2014,0.062,0,11,False,4.6,Low
Chest radiograph signs,Radiology,1,1,2014,0.062,0,11,False,4.6,Low
Chest wall muscles,Anatomy,1,1,2015,0.062,0,10,False,4.6,Low
Child Welfare Legislation,Community Medicine,1,1,2016,0.062,0,9,False,4.6,Low
Child welfare legislation,Community Medicine,1,1,2016,0.062,0,9,False,4.6,Low
Chloride Channel Activators,Pharmacology,1,1,2016,0.062,0,9,False,4.6,Low
Chloride channel activators,Pharmacology,1,1,2016,0.062,0,9,False,4.6,Low
Cholecystokinin,Physiology,1,1,2015,0.062,0,10,False,4.6,Low
Cholestasis,Pathology,1,1,2015,0.062,0,10,False,4.6,Low
Cholesterol Synthesis,Biochemistry,1,1,2014,0.062,0,11,False,4.6,Low
Cholinergic Agents,Pharmacology,1,1,2014,0.062,0,11,False,4.6,Low
Cholinergic agents,Pharmacology,1,1,2014,0.062,0,11,False,4.6,Low
Cholinergic agonists,Pharmacology,1,1,2014,0.062,0,11,False,4.6,Low
Cholinesterase Inhibitors,Pharmacology,1,1,2016,0.062,0,9,False,4.6,Low
Chondrosarcoma,Orthopedics,1,1,2015,0.062,0,10,False,4.6,Low
Choriocarcinoma,OBG,1,1,2016,0.062,0,9,False,4.6,Low
Chorionic Villus Sampling,OBG,1,1,2015,0.062,0,10,False,4.6,Low
Chorionic villus sampling,OBG,1,1,2014,0.062,0,11,False,4.6,Low
Choroid metastasis,Pathology,1,1,2016,0.062,0,9,False,4.6,Low
Chromosomal Instability Syndromes,Pathology,1,1,2015,0.062,0,10,False,4.6,Low
Chromosome location,Biochemistry,1,1,2014,0.062,0,11,False,4.6,Low
Chronic bronchitis,Pathology,1,1,2016,0.062,0,9,False,4.6,Low
Ciliary Dysfunction,ENT,1,1,2015,0.062,0,10,False,4.6,Low
Ciliary Muscle,Ophthalmology,1,1,2015,0.062,0,10,False,4.6,Low
Ciliary body,Ophthalmology,1,1,2015,0.062,0,10,False,4.6,Low
Ciliary muscle,Ophthalmology,1,1,2015,0.062,0,10,False,4.6,Low
Circadian rhythm,Physiology,1,1,2016,0.062,0,9,False,4.6,Low
Classifications,Ophthalmology,1,1,2014,0.062,0,11,False,4.6,Low
Cleft palate,Surgery,1,1,2014,0.062,0,11,False,4.6,Low
Clinical Chemistry,Biochemistry,1,1,2014,0.062,0,11,False,4.6,Low
Clinical chemistry,Biochemistry,1,1,2014,0.062,0,11,False,4.6,Low
Clinical manifestations,Medicine,1,1,2016,0.062,0,9,False,4.6,Low
Clinical presentation,Ophthalmology,1,1,2014,0.062,0,11,False,4.6,Low
Cluster testing,Community Medicine,1,1,2014,0.062,0,11,False,4.6,Low
Coarctation Of Aorta,Radiology,1,1,2014,0.062,0,11,False,4.6,Low
Coarctation Of Aorta Imaging,Radiology,1,1,2014,0.062,0,11,False,4.6,Low
Coarctation of Aorta,Radiology,1,1,2014,0.062,0,11,False,4.6,Low
Coarctation of Aorta Imaging,Radiology,1,1,2014,0.062,0,11,False,4.6,Low
Cobalamin deficiency,Medicine,1,1,2015,0.062,0,10,False,4.6,Low
Cocaine,Psychiatry,1,1,2014,0.062,0,11,False,4.6,Low
Cochlea,Anatomy,1,1,2014,0.062,0,11,False,4.6,Low
Cochlear Implant,Radiology,1,1,2015,0.062,0,10,False,4.6,Low
Coeliac Disease,Medicine,1,1,2014,0.062,0,11,False,4.6,Low
Cognitive Testing,Psychiatry,1,1,2014,0.062,0,11,False,4.6,Low
Cognitive testing,Psychiatry,1,1,2014,0.062,0,11,False,4.6,Low
Coliform Count,Microbiology,1,1,2016,0.062,0,9,False,4.6,Low
Colistin,Pharmacology,1,1,2014,0.062,0,11,False,4.6,Low
Colonic Injury,Surgery,1,1,2014,0.062,0,11,False,4.6,Low
Colonic Pseudo-Obstruction,Surgery,1,1,2016,0.062,0,9,False,4.6,Low
Colonic injury,Surgery,1,1,2014,0.062,0,11,False,4.6,Low
Colonoscopy,Medicine,1,1,2016,0.062,0,9,False,4.6,Low
Color Vision Deficiency,Ophthalmology,1,1,2014,0.062,0,11,False,4.6,Low
Color vision deficiency,Ophthalmology,1,1,2014,0.062,0,11,False,4.6,Low
Colorectal Imaging,Radiology,1,1,2014,0.062,0,11,False,4.6,Low
Colorectal imaging,Radiology,1,1,2014,0.062,0,11,False,4.6,Low
Communication Methods,Community Medicine,1,1,2016,0.062,0,9,False,4.6,Low
Complement,Pathology,1,1,2014,0.062,0,11,False,4.6,Low
Complications Of Neuraxial Anesthesia,Anaesthesia,1,1,2015,0.062,0,10,False,4.6,Low
Complications of neuraxial anesthesia,Anaesthesia,1,1,2015,0.062,0,10,False,4.6,Low
Concomitant squint,Ophthalmology,1,1,2014,0.062,0,11,False,4.6,Low
Congenital Heart Defects,Pediatrics,1,1,2014,0.062,0,11,False,4.6,Low
Congenital Heart Diseases,Pediatrics,1,1,2015,0.062,0,10,False,4.6,Low
Congenital Tuberculosis,Pediatrics,1,1,2014,0.062,0,11,False,4.6,Low
Congenital syphilis,Pediatrics,1,1,2015,0.062,0,10,False,4.6,Low
Conization,OBG,1,1,2016,0.062,0,9,False,4.6,Low
Conjoined Twins,OBG,1,1,2015,0.062,0,10,False,4.6,Low
Conjoined twins,OBG,1,1,2015,0.062,0,10,False,4.6,Low
Conjunctival Staining,Ophthalmology,1,1,2016,0.062,0,9,False,4.6,Low
Conjunctival staining,Ophthalmology,1,1,2016,0.062,0,9,False,4.6,Low
Consciousness assessment,Medicine,1,1,2015,0.062,0,10,False,4.6,Low
Constrictive pericarditis,Medicine,1,1,2014,0.062,0,11,False,4.6,Low
Contact dermatitis,Dermatology,1,1,2016,0.062,0,9,False,4.6,Low
Contraceptive Prevalence,Community Medicine,1,1,2014,0.062,0,11,False,4.6,Low
Contraceptive methods,OBG,1,1,2014,0.062,0,11,False,4.6,Low
Contraceptive prevalence,Community Medicine,1,1,2014,0.062,0,11,False,4.6,Low
Contracted Pelvis,OBG,1,1,2015,0.062,0,10,False,4.6,Low
Contrast Media Safety,Radiology,1,1,2014,0.062,0,11,False,4.6,Low
Copd Classification,Medicine,1,1,2016,0.062,0,9,False,4.6,Low
Cord Prolapse,OBG,1,1,2016,0.062,0,9,False,4.6,Low
Cord prolapse,OBG,1,1,2016,0.062,0,9,False,4.6,Low
Cori'S Cycle,Biochemistry,1,1,2016,0.062,0,9,False,4.6,Low
Cori's Cycle,Biochemistry,1,1,2016,0.062,0,9,False,4.6,Low
Coronary Sinus,Anatomy,1,1,2015,0.062,0,10,False,4.6,Low
Corpus Luteum,Physiology,1,1,2014,0.062,0,11,False,4.6,Low
Corrosive injury,Surgery,1,1,2016,0.062,0,9,False,4.6,Low
Cortisol,Physiology,1,1,2016,0.062,0,9,False,4.6,Low
Cranial Nerve Functions,Physiology,1,1,2016,0.062,0,9,False,4.6,Low
Cranial Nerve Innervation,Anatomy,1,1,2015,0.062,0,10,False,4.6,Low
Cranial nerve synkinesis,Ophthalmology,1,1,2014,0.062,0,11,False,4.6,Low
Creatine Metabolism,Biochemistry,1,1,2014,0.062,0,11,False,4.6,Low
Creatine metabolism,Biochemistry,1,1,2014,0.062,0,11,False,4.6,Low
Creatinine Metabolism,Biochemistry,1,1,2016,0.062,0,9,False,4.6,Low
Creatinine metabolism,Biochemistry,1,1,2016,0.062,0,9,False,4.6,Low
Creche,Community Medicine,1,1,2016,0.062,0,9,False,4.6,Low
Criminal Responsibility,Forensic Medicine,1,1,2014,0.062,0,11,False,4.6,Low
Criminal responsibility,Forensic Medicine,1,1,2014,0.062,0,11,False,4.6,Low
Crohn disease,Pathology,1,1,2014,0.062,0,11,False,4.6,Low
Cryosurgery,Surgery,1,1,2015,0.062,0,10,False,4.6,Low
Cryptococcus,Microbiology,1,1,2014,0.062,0,11,False,4.6,Low
Cryptomenorrhoea,OBG,1,1,2014,0.062,0,11,False,4.6,Low
Csf Rhinorrhoea,ENT,1,1,2015,0.062,0,10,False,4.6,Low
Csom,ENT,1,1,2016,0.062,0,9,False,4.6,Low
Cubitus Valgus,Orthopedics,1,1,2015,0.062,0,10,False,4.6,Low
Cubitus valgus,Orthopedics,1,1,2015,0.062,0,10,False,4.6,Low
Culex Larvae,Microbiology,1,1,2015,0.062,0,10,False,4.6,Low
Culture Techniques,Microbiology,1,1,2014,0.062,0,11,False,4.6,Low
Culture techniques,Microbiology,1,1,2014,0.062,0,11,False,4.6,Low
Culture-Bound Syndromes,Psychiatry,1,1,2016,0.062,0,9,False,4.6,Low
Culture-bound syndromes,Psychiatry,1,1,2016,0.062,0,9,False,4.6,Low
Cutaneous T-Cell Lymphoma,Dermatology,1,1,2015,0.062,0,10,False,4.6,Low
Cutaneous T-cell Lymphoma,Dermatology,1,1,2015,0.062,0,10,False,4.6,Low
Cutaneous tuberculosis,Dermatology,1,1,2014,0.062,0,11,False,4.6,Low
Cyanotic Spells,Pediatrics,1,1,2015,0.062,0,10,False,4.6,Low
Cyanotic spells,Pediatrics,1,1,2015,0.062,0,10,False,4.6,Low
Cyclic peptides,Biochemistry,1,1,2014,0.062,0,11,False,4.6,Low
Cycloplegic Agents,Ophthalmology,1,1,2016,0.062,0,9,False,4.6,Low
Cycloplegic agents,Ophthalmology,1,1,2016,0.062,0,9,False,4.6,Low
Cystic Hygroma,Surgery,1,1,2016,0.062,0,9,False,4.6,Low
Cystic Lesions,Dermatology,1,1,2016,0.062,0,9,False,4.6,Low
Cystic lesions,Dermatology,1,1,2016,0.062,0,9,False,4.6,Low
Cytomegalovirus,Microbiology,1,1,2014,0.062,0,11,False,4.6,Low
DNA Damage,Biochemistry,1,1,2016,0.062,0,9,False,4.6,Low
Dacryocystitis,Ophthalmology,1,1,2014,0.062,0,11,False,4.6,Low
Darting motility,Microbiology,1,1,2014,0.062,0,11,False,4.6,Low
Death declaration,Forensic Medicine,1,1,2014,0.062,0,11,False,4.6,Low
Death definition,Forensic Medicine,1,1,2015,0.062,0,10,False,4.6,Low
Decidua,OBG,1,1,2015,0.062,0,10,False,4.6,Low
Decompression Sickness,Medicine,1,1,2015,0.062,0,10,False,4.6,Low
Deficiency diseases,Community Medicine,1,1,2014,0.062,0,11,False,4.6,Low
Degeneration,Pathology,1,1,2015,0.062,0,10,False,4.6,Low
Delirium And Dementia,Psychiatry,1,1,2016,0.062,0,9,False,4.6,Low
Delirium and Dementia,Psychiatry,1,1,2016,0.062,0,9,False,4.6,Low
Delta sign,Radiology,1,1,2014,0.062,0,11,False,4.6,Low
Delusional disorder,Psychiatry,1,1,2014,0.062,0,11,False,4.6,Low
Demyelinating Disease,Medicine,1,1,2015,0.062,0,10,False,4.6,Low
Dengue,Microbiology,1,1,2016,0.062,0,9,False,4.6,Low
Dengue shock syndrome,Microbiology,1,1,2016,0.062,0,9,False,4.6,Low
Dental Fluorosis,Community Medicine,1,1,2014,0.062,0,11,False,4.6,Low
Dermoid Cyst,OBG,1,1,2015,0.062,0,10,False,4.6,Low
Diabetes Management,Biochemistry,1,1,2015,0.062,0,10,False,4.6,Low
Diabetic complications,Microbiology,1,1,2016,0.062,0,9,False,4.6,Low
Diabetic foot,Pathology,1,1,2015,0.062,0,10,False,4.6,Low
Diabetic ketoacidosis,Pediatrics,1,1,2014,0.062,0,11,False,4.6,Low
Diagnostic imaging,Surgery,1,1,2015,0.062,0,10,False,4.6,Low
Diagnostic techniques,Microbiology,1,1,2016,0.062,0,9,False,4.6,Low
Dialysis,Medicine,1,1,2014,0.062,0,11,False,4.6,Low
Diarrheal Disease,Pediatrics,1,1,2014,0.062,0,11,False,4.6,Low
Diarrheal Diseases,Pediatrics,1,1,2015,0.062,0,10,False,4.6,Low
Diarrheal Disorders,Pediatrics,1,1,2014,0.062,0,11,False,4.6,Low
Diffuse Axonal Injury,Radiology,1,1,2014,0.062,0,11,False,4.6,Low
Diffuse axonal injury,Radiology,1,1,2014,0.062,0,11,False,4.6,Low
Diffusion Hypoxia,Anaesthesia,1,1,2015,0.062,0,10,False,4.6,Low
Digitalis,Medicine,1,1,2015,0.062,0,10,False,4.6,Low
Dilation and Evacuation,OBG,1,1,2016,0.062,0,9,False,4.6,Low
Dilation and curettage,OBG,1,1,2016,0.062,0,9,False,4.6,Low
Direct Coombs Test,Pathology,1,1,2014,0.062,0,11,False,4.6,Low
Direct Coombs test,Pathology,1,1,2014,0.062,0,11,False,4.6,Low
Direct invasion,OBG,1,1,2016,0.062,0,9,False,4.6,Low
Disease Prevention And Control,Community Medicine,1,1,2014,0.062,0,11,False,4.6,Low
Disease Prevention and Control,Community Medicine,1,1,2014,0.062,0,11,False,4.6,Low
Disease recurrence,Medicine,1,1,2015,0.062,0,10,False,4.6,Low
Disinfectant,Microbiology,1,1,2015,0.062,0,10,False,4.6,Low
Disinfectants,Microbiology,1,1,2015,0.062,0,10,False,4.6,Low
Dissociated vertical deviation,Ophthalmology,1,1,2014,0.062,0,11,False,4.6,Low
Distal convoluted tubule,Physiology,1,1,2016,0.062,0,9,False,4.6,Low
Dna Viruses,Microbiology,1,1,2014,0.062,0,11,False,4.6,Low
Domestic Violence,Community Medicine,1,1,2014,0.062,0,11,False,4.6,Low
Domestic violence,Community Medicine,1,1,2014,0.062,0,11,False,4.6,Low
Dopamine Agonists,Pharmacology,1,1,2014,0.062,0,11,False,4.6,Low
Dopamine Antagonists,Pharmacology,1,1,2016,0.062,0,9,False,4.6,Low
Dopamine Receptors,Pharmacology,1,1,2015,0.062,0,10,False,4.6,Low
Dopamine dosage,Pediatrics,1,1,2015,0.062,0,10,False,4.6,Low
Dorsiflexion,Anatomy,1,1,2014,0.062,0,11,False,4.6,Low
Drug Administration Routes,Pharmacology,1,1,2015,0.062,0,10,False,4.6,Low
Drug Contraindications,Pharmacology,1,1,2014,0.062,0,11,False,4.6,Low
Drug Distribution,Pharmacology,1,1,2014,0.062,0,11,False,4.6,Low
Drug Resistance,Community Medicine,1,1,2016,0.062,0,9,False,4.6,Low
Drug Sources,Pharmacology,1,1,2014,0.062,0,11,False,4.6,Low
Drug calculations,Pharmacology,1,1,2014,0.062,0,11,False,4.6,Low
Drug dosing,Pharmacology,1,1,2014,0.062,0,11,False,4.6,Low
Drug elimination,Pharmacology,1,1,2015,0.062,0,10,False,4.6,Low
Drug monitoring,Pharmacology,1,1,2016,0.062,0,9,False,4.6,Low
Drug properties,Pharmacology,1,1,2014,0.062,0,11,False,4.6,Low
Drug-Induced Conditions,Pharmacology,1,1,2014,0.062,0,11,False,4.6,Low
Drug-Induced Electrolyte Disturbances,Pharmacology,1,1,2016,0.062,0,9,False,4.6,Low
Drug-Induced Priapism,Pharmacology,1,1,2016,0.062,0,9,False,4.6,Low
Drug-induced conditions,Pharmacology,1,1,2014,0.062,0,11,False,4.6,Low
Drug-induced electrolyte disturbances,Pharmacology,1,1,2016,0.062,0,9,False,4.6,Low
Drug-induced priapism,Pharmacology,1,1,2016,0.062,0,9,False,4.6,Low
Drugs For Neurological Disorders,Pharmacology,1,1,2016,0.062,0,9,False,4.6,Low
Drugs For Peptic Ulcer,Pharmacology,1,1,2016,0.062,0,9,False,4.6,Low
Drugs for Neurological Disorders,Pharmacology,1,1,2016,0.062,0,9,False,4.6,Low
Drugs for Peptic Ulcer,Pharmacology,1,1,2016,0.062,0,9,False,4.6,Low
Dry Eye Syndrome,Ophthalmology,1,1,2016,0.062,0,9,False,4.6,Low
Dry eye syndrome,Ophthalmology,1,1,2016,0.062,0,9,False,4.6,Low
Dubin Johnson syndrome,Biochemistry,1,1,2016,0.062,0,9,False,4.6,Low
Duct Ectasia,Surgery,1,1,2016,0.062,0,9,False,4.6,Low
Dumping syndrome,Surgery,1,1,2014,0.062,0,11,False,4.6,Low
Duodenal Ulcer,Medicine,1,1,2016,0.062,0,9,False,4.6,Low
Dural Venous Sinuses,Anatomy,1,1,2016,0.062,0,9,False,4.6,Low
Dysfunctional Uterine Bleeding,OBG,1,1,2015,0.062,0,10,False,4.6,Low
Dysgerminoma,OBG,1,1,2016,0.062,0,9,False,4.6,Low
Dyslipidemia management,Pharmacology,1,1,2014,0.062,0,11,False,4.6,Low
Dyspnea on Exertion,Medicine,1,1,2014,0.062,0,11,False,4.6,Low
Dystonia,Pharmacology,1,1,2014,0.062,0,11,False,4.6,Low
E-waste Management,Community Medicine,1,1,2014,0.062,0,11,False,4.6,Low
EEG patterns,Medicine,1,1,2015,0.062,0,10,False,4.6,Low
EEG patterns in anesthesia,Anaesthesia,1,1,2014,0.062,0,11,False,4.6,Low
ESRD,Medicine,1,1,2014,0.062,0,11,False,4.6,Low
Eales Disease,Ophthalmology,1,1,2015,0.062,0,10,False,4.6,Low
Eales disease,Ophthalmology,1,1,2015,0.062,0,10,False,4.6,Low
Early detection,Community Medicine,1,1,2014,0.062,0,11,False,4.6,Low
Echocardiography,Radiology,1,1,2014,0.062,0,11,False,4.6,Low
Ectodermal Dysplasia,Dermatology,1,1,2014,0.062,0,11,False,4.6,Low
Ectodermal dysplasia,Dermatology,1,1,2014,0.062,0,11,False,4.6,Low
Eeg Patterns In Anesthesia,Anaesthesia,1,1,2014,0.062,0,11,False,4.6,Low
Effectiveness,Community Medicine,1,1,2015,0.062,0,10,False,4.6,Low
Ehrlichiosis,Microbiology,1,1,2015,0.062,0,10,False,4.6,Low
Elbow deformity,Orthopedics,1,1,2015,0.062,0,10,False,4.6,Low
Electrical Injuries,Forensic Medicine,1,1,2014,0.062,0,11,False,4.6,Low
Electron Microscopy,Pathology,1,1,2015,0.062,0,10,False,4.6,Low
Electrosurgery,Surgery,1,1,2015,0.062,0,10,False,4.6,Low
Embryonic hemoglobins,Pathology,1,1,2015,0.062,0,10,False,4.6,Low
Emergency Airway,Anaesthesia,1,1,2014,0.062,0,11,False,4.6,Low
Endoscopic therapy,Surgery,1,1,2016,0.062,0,9,False,4.6,Low
Endothelium,Ophthalmology,1,1,2014,0.062,0,11,False,4.6,Low
Enophthalmos,Ophthalmology,1,1,2016,0.062,0,9,False,4.6,Low
Enriched media,Microbiology,1,1,2014,0.062,0,11,False,4.6,Low
Enterohemorrhagic E. coli,Microbiology,1,1,2014,0.062,0,11,False,4.6,Low
Environmental Lung Disease,Pathology,1,1,2014,0.062,0,11,False,4.6,Low
Enzyme,Biochemistry,1,1,2014,0.062,0,11,False,4.6,Low
Enzyme Activation,Biochemistry,1,1,2015,0.062,0,10,False,4.6,Low
Enzyme Defects,Biochemistry,1,1,2016,0.062,0,9,False,4.6,Low
Enzyme Isoforms,Biochemistry,1,1,2014,0.062,0,11,False,4.6,Low
Enzyme Localization,Biochemistry,1,1,2016,0.062,0,9,False,4.6,Low
Enzyme activation,Biochemistry,1,1,2015,0.062,0,10,False,4.6,Low
Enzyme defects,Biochemistry,1,1,2016,0.062,0,9,False,4.6,Low
Enzyme isoforms,Biochemistry,1,1,2014,0.062,0,11,False,4.6,Low
Epicondylitis,Orthopedics,1,1,2015,0.062,0,10,False,4.6,Low
Epidemic Patterns,Community Medicine,1,1,2014,0.062,0,11,False,4.6,Low
Epidemic Typhus,Microbiology,1,1,2015,0.062,0,10,False,4.6,Low
Epidemiological Methods,Community Medicine,1,1,2014,0.062,0,11,False,4.6,Low
Epidemiological methods,Community Medicine,1,1,2014,0.062,0,11,False,4.6,Low
Epidemiological studies,Community Medicine,1,1,2015,0.062,0,10,False,4.6,Low
Epidermal Nevus,Dermatology,1,1,2015,0.062,0,10,False,4.6,Low
Epidermal Turnover,Dermatology,1,1,2016,0.062,0,9,False,4.6,Low
Epidermal nevus,Dermatology,1,1,2015,0.062,0,10,False,4.6,Low
Epidermal turnover,Dermatology,1,1,2016,0.062,0,9,False,4.6,Low
Epididymo-orchitis,Microbiology,1,1,2016,0.062,0,9,False,4.6,Low
Epidural Hematoma,Radiology,1,1,2015,0.062,0,10,False,4.6,Low
Epidural hematoma,Radiology,1,1,2015,0.062,0,10,False,4.6,Low
Epithelial repair,Ophthalmology,1,1,2016,0.062,0,9,False,4.6,Low
Epithelial sodium channel,Physiology,1,1,2015,0.062,0,10,False,4.6,Low
Equilibrium potential,Physiology,1,1,2016,0.062,0,9,False,4.6,Low
Equinus,Orthopedics,1,1,2015,0.062,0,10,False,4.6,Low
Erythema,Dermatology,1,1,2014,0.062,0,11,False,4.6,Low
Erythematous Skin Lesions,Dermatology,1,1,2014,0.062,0,11,False,4.6,Low
Erythropoietin,Pharmacology,1,1,2015,0.062,0,10,False,4.6,Low
Esophageal Carcinoma,Surgery,1,1,2015,0.062,0,10,False,4.6,Low
Esophageal Diverticulum,Surgery,1,1,2016,0.062,0,9,False,4.6,Low
Esophageal Rupture,Surgery,1,1,2015,0.062,0,10,False,4.6,Low
Esophageal Varices,Medicine,1,1,2016,0.062,0,9,False,4.6,Low
Esophageal carcinoma,Surgery,1,1,2015,0.062,0,10,False,4.6,Low
Esophageal diverticulum,Surgery,1,1,2016,0.062,0,9,False,4.6,Low
Esophageal rupture,Surgery,1,1,2015,0.062,0,10,False,4.6,Low
Esophageal surgery,Surgery,1,1,2014,0.062,0,11,False,4.6,Low
Esophageal varices,Medicine,1,1,2016,0.062,0,9,False,4.6,Low
Ethanolamine group,Pharmacology,1,1,2014,0.062,0,11,False,4.6,Low
Ethmoid Sinus,ENT,1,1,2015,0.062,0,10,False,4.6,Low
Ethmoid Sinus Surgery,ENT,1,1,2015,0.062,0,10,False,4.6,Low
Ethmoidal air cells,Anatomy,1,1,2015,0.062,0,10,False,4.6,Low
Eustachian Tube Function,ENT,1,1,2014,0.062,0,11,False,4.6,Low
Eustachian tube function,ENT,1,1,2014,0.062,0,11,False,4.6,Low
Evidence,Forensic Medicine,1,1,2015,0.062,0,10,False,4.6,Low
Exanthematous Fevers,Pediatrics,1,1,2014,0.062,0,11,False,4.6,Low
Exanthems,Pediatrics,1,1,2014,0.062,0,11,False,4.6,Low
External Auditory Canal,ENT,1,1,2014,0.062,0,11,False,4.6,Low
External Ear,ENT,1,1,2014,0.062,0,11,False,4.6,Low
External auditory canal,ENT,1,1,2014,0.062,0,11,False,4.6,Low
External ear diseases,ENT,1,1,2014,0.062,0,11,False,4.6,Low
Extra-pulmonary TB,Medicine,1,1,2014,0.062,0,11,False,4.6,Low
Extrapyramidal Tracts,Anatomy,1,1,2014,0.062,0,11,False,4.6,Low
Extrapyramidal tracts,Anatomy,1,1,2014,0.062,0,11,False,4.6,Low
Extrinsic laryngeal membranes,ENT,1,1,2015,0.062,0,10,False,4.6,Low
Eyelid,Ophthalmology,1,1,2014,0.062,0,11,False,4.6,Low
Eyelid Muscles,Anatomy,1,1,2016,0.062,0,9,False,4.6,Low
Eyelid muscles,Anatomy,1,1,2016,0.062,0,9,False,4.6,Low
FIGO staging,OBG,1,1,2014,0.062,0,11,False,4.6,Low
FSH/LH regulation,Physiology,1,1,2014,0.062,0,11,False,4.6,Low
Fabry disease,Biochemistry,1,1,2015,0.062,0,10,False,4.6,Low
Facial Nerve Paralysis,ENT,1,1,2014,0.062,0,11,False,4.6,Low
Facial Pain,ENT,1,1,2016,0.062,0,9,False,4.6,Low
Facial Pain Syndromes,ENT,1,1,2016,0.062,0,9,False,4.6,Low
Facial nerve paralysis,ENT,1,1,2014,0.062,0,11,False,4.6,Low
Facial pain,ENT,1,1,2014,0.062,0,11,False,4.6,Low
Facial region,Anatomy,1,1,2014,0.062,0,11,False,4.6,Low
Facilitated Diffusion,Physiology,1,1,2015,0.062,0,10,False,4.6,Low
Factor V Leiden,Pathology,1,1,2016,0.062,0,9,False,4.6,Low
Familial adenomatous polyposis,Medicine,1,1,2016,0.062,0,9,False,4.6,Low
Family Life Cycle,Community Medicine,1,1,2014,0.062,0,11,False,4.6,Low
Fasting,Biochemistry,1,1,2015,0.062,0,10,False,4.6,Low
Fasting hypoglycemia,Medicine,1,1,2016,0.062,0,9,False,4.6,Low
Fat malabsorption,Biochemistry,1,1,2015,0.062,0,10,False,4.6,Low
Fatty Acid Synthase,Biochemistry,1,1,2015,0.062,0,10,False,4.6,Low
Fatty acid metabolism,Biochemistry,1,1,2016,0.062,0,9,False,4.6,Low
Feeding and Eating Disorders,Psychiatry,1,1,2014,0.062,0,11,False,4.6,Low
Female Pelvic Anatomy,Anatomy,1,1,2016,0.062,0,9,False,4.6,Low
Fermentation,Microbiology,1,1,2014,0.062,0,11,False,4.6,Low
Fertility And Reproduction,Community Medicine,1,1,2015,0.062,0,10,False,4.6,Low
Fertility Awareness,OBG,1,1,2014,0.062,0,11,False,4.6,Low
Fertility and Reproduction,Community Medicine,1,1,2015,0.062,0,10,False,4.6,Low
Fertilization Concepts,OBG,1,1,2016,0.062,0,9,False,4.6,Low
Fetal Age Estimation,OBG,1,1,2014,0.062,0,11,False,4.6,Low
Fetal Anemia,OBG,1,1,2014,0.062,0,11,False,4.6,Low
Fetal Hydronephrosis,OBG,1,1,2014,0.062,0,11,False,4.6,Low
Fetal Malpresentation,OBG,1,1,2016,0.062,0,9,False,4.6,Low
Fetal Organogenesis,OBG,1,1,2016,0.062,0,9,False,4.6,Low
Fetal Position,OBG,1,1,2015,0.062,0,10,False,4.6,Low
Fetal Weight Estimation,OBG,1,1,2015,0.062,0,10,False,4.6,Low
Fetal age estimation,OBG,1,1,2014,0.062,0,11,False,4.6,Low
Fetal anemia,OBG,1,1,2014,0.062,0,11,False,4.6,Low
Fetal assessment,OBG,1,1,2016,0.062,0,9,False,4.6,Low
Fetal biometry,OBG,1,1,2016,0.062,0,9,False,4.6,Low
Fetal circulation,OBG,1,1,2016,0.062,0,9,False,4.6,Low
Fetal heart sounds,OBG,1,1,2014,0.062,0,11,False,4.6,Low
Fetal monitoring,OBG,1,1,2014,0.062,0,11,False,4.6,Low
Fetal movement,OBG,1,1,2014,0.062,0,11,False,4.6,Low
Fetal movements,OBG,1,1,2015,0.062,0,10,False,4.6,Low
Fetal physiology,OBG,1,1,2016,0.062,0,9,False,4.6,Low
Fetal position,OBG,1,1,2015,0.062,0,10,False,4.6,Low
Fetal viability,Forensic Medicine,1,1,2014,0.062,0,11,False,4.6,Low
Fetal weight estimation,OBG,1,1,2015,0.062,0,10,False,4.6,Low
Fetal-Maternal Hemorrhage,OBG,1,1,2016,0.062,0,9,False,4.6,Low
Fetomaternal Hemorrhage,OBG,1,1,2016,0.062,0,9,False,4.6,Low
Fibromatosis,Pathology,1,1,2014,0.062,0,11,False,4.6,Low
Finger injuries,Orthopedics,1,1,2015,0.062,0,10,False,4.6,Low
Fingerprint,Forensic Medicine,1,1,2014,0.062,0,11,False,4.6,Low
Fingerprinting,Forensic Medicine,1,1,2015,0.062,0,10,False,4.6,Low
First Rib,Anatomy,1,1,2014,0.062,0,11,False,4.6,Low
First rib,Anatomy,1,1,2014,0.062,0,11,False,4.6,Low
First-Order Kinetics,Pharmacology,1,1,2015,0.062,0,10,False,4.6,Low
First-order kinetics,Pharmacology,1,1,2015,0.062,0,10,False,4.6,Low
Fistula-In-Ano,Surgery,1,1,2016,0.062,0,9,False,4.6,Low
Fistula-in-ano,Surgery,1,1,2016,0.062,0,9,False,4.6,Low
Fitz-Hugh-Curtis Syndrome,OBG,1,1,2016,0.062,0,9,False,4.6,Low
Fitz-Hugh-Curtis syndrome,OBG,1,1,2016,0.062,0,9,False,4.6,Low
Flavivirus,Microbiology,1,1,2014,0.062,0,11,False,4.6,Low
Flow Cytometry,Pathology,1,1,2016,0.062,0,9,False,4.6,Low
Flow cytometry,Pathology,1,1,2016,0.062,0,9,False,4.6,Low
Fluid homeostasis,Pathology,1,1,2014,0.062,0,11,False,4.6,Low
Fluorescein test,ENT,1,1,2015,0.062,0,10,False,4.6,Low
Fluoridation,Community Medicine,1,1,2014,0.062,0,11,False,4.6,Low
Fluorosis Imaging,Radiology,1,1,2014,0.062,0,11,False,4.6,Low
Folate Metabolism,Biochemistry,1,1,2015,0.062,0,10,False,4.6,Low
Folic Acid,OBG,1,1,2016,0.062,0,9,False,4.6,Low
Folic acid,Medicine,1,1,2014,0.062,0,11,False,4.6,Low
Foot And Ankle Disorders,Orthopedics,1,1,2015,0.062,0,10,False,4.6,Low
Foot and Ankle Disorders,Orthopedics,1,1,2015,0.062,0,10,False,4.6,Low
Foreign Body In Esophagus,ENT,1,1,2016,0.062,0,9,False,4.6,Low
Foreign body in esophagus,ENT,1,1,2016,0.062,0,9,False,4.6,Low
Formula Feeding,Pediatrics,1,1,2014,0.062,0,11,False,4.6,Low
Fourth Ventricle,Anatomy,1,1,2014,0.062,0,11,False,4.6,Low
Fourth ventricle,Anatomy,1,1,2014,0.062,0,11,False,4.6,Low
Fragile X syndrome,Biochemistry,1,1,2016,0.062,0,9,False,4.6,Low
Frey'S Syndrome,ENT,1,1,2014,0.062,0,11,False,4.6,Low
Frey's syndrome,ENT,1,1,2014,0.062,0,11,False,4.6,Low
Frontal Lobe Syndrome,Psychiatry,1,1,2016,0.062,0,9,False,4.6,Low
Frontal Sinusitis,ENT,1,1,2014,0.062,0,11,False,4.6,Low
Frontal lobe syndrome,Psychiatry,1,1,2016,0.062,0,9,False,4.6,Low
Fsh/Lh Regulation,Physiology,1,1,2014,0.062,0,11,False,4.6,Low
Full function system vitrectomy,Ophthalmology,1,1,2014,0.062,0,11,False,4.6,Low
Functional Endoscopic Sinus Surgery,ENT,1,1,2015,0.062,0,10,False,4.6,Low
Functional cast bracing,Orthopedics,1,1,2014,0.062,0,11,False,4.6,Low
Functional somatic disorder,Psychiatry,1,1,2016,0.062,0,9,False,4.6,Low
Fundus examination,Ophthalmology,1,1,2014,0.062,0,11,False,4.6,Low
Fungal spores,Microbiology,1,1,2014,0.062,0,11,False,4.6,Low
GFR,Physiology,1,1,2015,0.062,0,10,False,4.6,Low
GH-secreting adenoma,Medicine,1,1,2016,0.062,0,9,False,4.6,Low
GI Absorption,Physiology,1,1,2014,0.062,0,11,False,4.6,Low
GI Secretions,Physiology,1,1,2014,0.062,0,11,False,4.6,Low
GLP-1,Physiology,1,1,2014,0.062,0,11,False,4.6,Low
Gait Abnormalities,Orthopedics,1,1,2015,0.062,0,10,False,4.6,Low
Gait Disorders,Medicine,1,1,2014,0.062,0,11,False,4.6,Low
Gallbladder,Anatomy,1,1,2015,0.062,0,10,False,4.6,Low
Gallbladder Carcinoma,Surgery,1,1,2016,0.062,0,9,False,4.6,Low
Gallbladder Disease,Pathology,1,1,2015,0.062,0,10,False,4.6,Low
Gallbladder Diseases,Surgery,1,1,2014,0.062,0,11,False,4.6,Low
Gallbladder carcinoma,Surgery,1,1,2016,0.062,0,9,False,4.6,Low
Gallbladder disease,Pathology,1,1,2015,0.062,0,10,False,4.6,Low
Gallbladder diseases,Surgery,1,1,2014,0.062,0,11,False,4.6,Low
Gallstone Ileus,Surgery,1,1,2014,0.062,0,11,False,4.6,Low
Gallstone disease,Surgery,1,1,2016,0.062,0,9,False,4.6,Low
Gallstone ileus,Surgery,1,1,2014,0.062,0,11,False,4.6,Low
Gardasil,Microbiology,1,1,2016,0.062,0,9,False,4.6,Low
Gas cylinder,Anaesthesia,1,1,2016,0.062,0,9,False,4.6,Low
Gastric Malignancies,Medicine,1,1,2014,0.062,0,11,False,4.6,Low
Gastric Neoplasms,Pathology,1,1,2016,0.062,0,9,False,4.6,Low
Gastric Ulcer,Medicine,1,1,2016,0.062,0,9,False,4.6,Low
Gastric acid secretion,Pharmacology,1,1,2015,0.062,0,10,False,4.6,Low
Gastric malignancies,Medicine,1,1,2014,0.062,0,11,False,4.6,Low
Gastric secretion,Physiology,1,1,2014,0.062,0,11,False,4.6,Low
Gastric surgery,Surgery,1,1,2014,0.062,0,11,False,4.6,Low
Gastrinoma,Medicine,1,1,2015,0.062,0,10,False,4.6,Low
Gastritis,Pathology,1,1,2015,0.062,0,10,False,4.6,Low
Gastroduodenal artery,Anatomy,1,1,2014,0.062,0,11,False,4.6,Low
Gastrojejunostomy,Surgery,1,1,2015,0.062,0,10,False,4.6,Low
Gastroprotective Agents,Pharmacology,1,1,2016,0.062,0,9,False,4.6,Low
Gastroprotective agents,Pharmacology,1,1,2016,0.062,0,9,False,4.6,Low
Gastrosplenic Ligament,Anatomy,1,1,2015,0.062,0,10,False,4.6,Low
Gastrosplenic ligament,Anatomy,1,1,2015,0.062,0,10,False,4.6,Low
Gender Identity Disorder,Psychiatry,1,1,2015,0.062,0,10,False,4.6,Low
Gender identity disorders,Psychiatry,1,1,2016,0.062,0,9,False,4.6,Low
Gene Regulation,Biochemistry,1,1,2016,0.062,0,9,False,4.6,Low
Gene expression,Biochemistry,1,1,2016,0.062,0,9,False,4.6,Low
Gene mutations,Biochemistry,1,1,2015,0.062,0,10,False,4.6,Low
General Paralysis Of Insane,Psychiatry,1,1,2015,0.062,0,10,False,4.6,Low
General Paralysis of Insane,Psychiatry,1,1,2015,0.062,0,10,False,4.6,Low
General anaesthetics,Pharmacology,1,1,2015,0.062,0,10,False,4.6,Low
Genetic Engineering,Biochemistry,1,1,2015,0.062,0,10,False,4.6,Low
Genetic engineering,Biochemistry,1,1,2015,0.062,0,10,False,4.6,Low
Genetic inheritance,Biochemistry,1,1,2014,0.062,0,11,False,4.6,Low
Genetic mapping,Pathology,1,1,2015,0.062,0,10,False,4.6,Low
Genital System,Anatomy,1,1,2015,0.062,0,10,False,4.6,Low
Genitourinary Drugs,Pharmacology,1,1,2014,0.062,0,11,False,4.6,Low
Genitourinary drugs,Pharmacology,1,1,2014,0.062,0,11,False,4.6,Low
Genu varum,Orthopedics,1,1,2015,0.062,0,10,False,4.6,Low
Gestational Age Assessment,OBG,1,1,2016,0.062,0,9,False,4.6,Low
Gi Absorption,Physiology,1,1,2014,0.062,0,11,False,4.6,Low
Gi Secretions,Physiology,1,1,2014,0.062,0,11,False,4.6,Low
Giant Cells,Pathology,1,1,2016,0.062,0,9,False,4.6,Low
Gland of Moll,Ophthalmology,1,1,2014,0.062,0,11,False,4.6,Low
Glanders,Microbiology,1,1,2015,0.062,0,10,False,4.6,Low
Glandular Anatomy,Anatomy,1,1,2014,0.062,0,11,False,4.6,Low
Global health initiatives,Community Medicine,1,1,2014,0.062,0,11,False,4.6,Low
Globus Pharyngeus,ENT,1,1,2014,0.062,0,11,False,4.6,Low
Globus pharyngeus,ENT,1,1,2014,0.062,0,11,False,4.6,Low
Glucagon,Biochemistry,1,1,2015,0.062,0,10,False,4.6,Low
Gluteal Nerves,Anatomy,1,1,2015,0.062,0,10,False,4.6,Low
Glycemic Index,Biochemistry,1,1,2016,0.062,0,9,False,4.6,Low
Glycemic control,Biochemistry,1,1,2015,0.062,0,10,False,4.6,Low
Glycemic index,Biochemistry,1,1,2016,0.062,0,9,False,4.6,Low
Glycobiology,Biochemistry,1,1,2015,0.062,0,10,False,4.6,Low
Glycogen Synthesis,Biochemistry,1,1,2016,0.062,0,9,False,4.6,Low
Glycoprotein Hormones,Biochemistry,1,1,2016,0.062,0,9,False,4.6,Low
GnRH agonists,Pharmacology,1,1,2014,0.062,0,11,False,4.6,Low
GnRH analogues,Pharmacology,1,1,2016,0.062,0,9,False,4.6,Low
Gnrh Agonists,Pharmacology,1,1,2014,0.062,0,11,False,4.6,Low
Gnrh Analogues,Pharmacology,1,1,2016,0.062,0,9,False,4.6,Low
Goiter,Community Medicine,1,1,2015,0.062,0,10,False,4.6,Low
Gradenigo Syndrome,ENT,1,1,2016,0.062,0,9,False,4.6,Low
Gradenigo syndrome,ENT,1,1,2016,0.062,0,9,False,4.6,Low
Graft Rejection,Pathology,1,1,2015,0.062,0,10,False,4.6,Low
Graft rejection,Pathology,1,1,2015,0.062,0,10,False,4.6,Low
Graft-Versus-Host Disease,Pathology,1,1,2014,0.062,0,11,False,4.6,Low
Graft-versus-host disease,Pathology,1,1,2014,0.062,0,11,False,4.6,Low
Gramicidin,Biochemistry,1,1,2014,0.062,0,11,False,4.6,Low
Granulomatous Disease,Pathology,1,1,2016,0.062,0,9,False,4.6,Low
Granulomatous Lung Disease,Pathology,1,1,2016,0.062,0,9,False,4.6,Low
Graves disease,Medicine,1,1,2016,0.062,0,9,False,4.6,Low
Grievous Injuries,Forensic Medicine,1,1,2016,0.062,0,9,False,4.6,Low
Grievous Injury,Forensic Medicine,1,1,2015,0.062,0,10,False,4.6,Low
Grievous injuries,Forensic Medicine,1,1,2016,0.062,0,9,False,4.6,Low
Grievous injury,Forensic Medicine,1,1,2015,0.062,0,10,False,4.6,Low
Gunpowder detection,Forensic Medicine,1,1,2016,0.062,0,9,False,4.6,Low
Gunshot Injuries,Forensic Medicine,1,1,2015,0.062,0,10,False,4.6,Low
Gunshot injuries,Forensic Medicine,1,1,2015,0.062,0,10,False,4.6,Low
Gynecological Pain,OBG,1,1,2014,0.062,0,11,False,4.6,Low
Gynecological contraindications,OBG,1,1,2015,0.062,0,10,False,4.6,Low
Gynecomastia,Medicine,1,1,2014,0.062,0,11,False,4.6,Low
H2 Receptor Antagonists,Pharmacology,1,1,2016,0.062,0,9,False,4.6,Low
H2 receptor antagonists,Pharmacology,1,1,2016,0.062,0,9,False,4.6,Low
HAIR-AN syndrome,Dermatology,1,1,2014,0.062,0,11,False,4.6,Low
HCG,OBG,1,1,2015,0.062,0,10,False,4.6,Low
HDI,Community Medicine,1,1,2015,0.062,0,10,False,4.6,Low
HIV Diagnostics,Microbiology,1,1,2014,0.062,0,11,False,4.6,Low
HIV-associated ocular disease,Ophthalmology,1,1,2015,0.062,0,10,False,4.6,Low
HIV/AIDS Control,Community Medicine,1,1,2014,0.062,0,11,False,4.6,Low
HLA Matching,Microbiology,1,1,2015,0.062,0,10,False,4.6,Low
HLA associations,Dermatology,1,1,2015,0.062,0,10,False,4.6,Low
HLA-B27,Ophthalmology,1,1,2014,0.062,0,11,False,4.6,Low
HMG CoA metabolism,Biochemistry,1,1,2016,0.062,0,9,False,4.6,Low
HMP Shunt,Biochemistry,1,1,2014,0.062,0,11,False,4.6,Low
HOX genes,Biochemistry,1,1,2016,0.062,0,9,False,4.6,Low
HPV vaccine,Microbiology,1,1,2016,0.062,0,9,False,4.6,Low
HRT,OBG,1,1,2014,0.062,0,11,False,4.6,Low
Haemodialysis,Pharmacology,1,1,2014,0.062,0,11,False,4.6,Low
Hair Loss,Dermatology,1,1,2014,0.062,0,11,False,4.6,Low
Hair-An Syndrome,Dermatology,1,1,2014,0.062,0,11,False,4.6,Low
Hallux valgus,Orthopedics,1,1,2014,0.062,0,11,False,4.6,Low
Hammer toe,Orthopedics,1,1,2015,0.062,0,10,False,4.6,Low
Hand And Wrist Injuries,Orthopedics,1,1,2016,0.062,0,9,False,4.6,Low
Hand Deformities,Orthopedics,1,1,2015,0.062,0,10,False,4.6,Low
Hand Hygiene,Microbiology,1,1,2015,0.062,0,10,False,4.6,Low
Hand Nerves,Anatomy,1,1,2014,0.062,0,11,False,4.6,Low
Hand and Wrist Injuries,Orthopedics,1,1,2016,0.062,0,9,False,4.6,Low
Head And Neck Cancers,ENT,1,1,2016,0.062,0,9,False,4.6,Low
Head And Neck Imaging,Radiology,1,1,2016,0.062,0,9,False,4.6,Low
Head Injury Management,Surgery,1,1,2016,0.062,0,9,False,4.6,Low
Head and Neck Cancers,ENT,1,1,2016,0.062,0,9,False,4.6,Low
Head and neck oncology,ENT,1,1,2016,0.062,0,9,False,4.6,Low
Health For All,Community Medicine,1,1,2014,0.062,0,11,False,4.6,Low
Health Manpower,Community Medicine,1,1,2014,0.062,0,11,False,4.6,Low
Health for All,Community Medicine,1,1,2014,0.062,0,11,False,4.6,Low
Health manpower,Community Medicine,1,1,2014,0.062,0,11,False,4.6,Low
Healthcare-Associated Pneumonia,Medicine,1,1,2014,0.062,0,11,False,4.6,Low
Healthcare-associated pneumonia,Medicine,1,1,2014,0.062,0,11,False,4.6,Low
Hearing Loss Classification,ENT,1,1,2014,0.062,0,11,False,4.6,Low
Heart Rate Assessment,Pediatrics,1,1,2016,0.062,0,9,False,4.6,Low
Heart tube formation,Anatomy,1,1,2015,0.062,0,10,False,4.6,Low
Heat Cramps,Community Medicine,1,1,2015,0.062,0,10,False,4.6,Low
Heat cramps,Community Medicine,1,1,2015,0.062,0,10,False,4.6,Low
Heat illness,Community Medicine,1,1,2015,0.062,0,10,False,4.6,Low
Heavy Chain Disease,Pathology,1,1,2014,0.062,0,11,False,4.6,Low
Hematinics,Pharmacology,1,1,2015,0.062,0,10,False,4.6,Low
Hemiplegia,Medicine,1,1,2014,0.062,0,11,False,4.6,Low
Hemochromatosis,Medicine,1,1,2014,0.062,0,11,False,4.6,Low
Hemoglobin Metabolism,Biochemistry,1,1,2016,0.062,0,9,False,4.6,Low
Hemoglobin metabolism,Biochemistry,1,1,2016,0.062,0,9,False,4.6,Low
Hemoglobin variants,Pathology,1,1,2015,0.062,0,10,False,4.6,Low
Hemolytic disorders,Pathology,1,1,2014,0.062,0,11,False,4.6,Low
Hemorrhagic Lesions,Dermatology,1,1,2015,0.062,0,10,False,4.6,Low
Hennebert sign,ENT,1,1,2015,0.062,0,10,False,4.6,Low
Henoch-Schönlein purpura,Medicine,1,1,2015,0.062,0,10,False,4.6,Low
Heparin,Pharmacology,1,1,2014,0.062,0,11,False,4.6,Low
Hepatic Encephalopathy,Pathology,1,1,2015,0.062,0,10,False,4.6,Low
Hepatitis C,Medicine,1,1,2016,0.062,0,9,False,4.6,Low
Hepatocyte transport,Biochemistry,1,1,2015,0.062,0,10,False,4.6,Low
Hepatolenticular degeneration,Medicine,1,1,2014,0.062,0,11,False,4.6,Low
Hereditary Angioedema,Medicine,1,1,2014,0.062,0,11,False,4.6,Low
Hereditary Spherocytosis,Surgery,1,1,2014,0.062,0,11,False,4.6,Low
Herpes Zoster Ophthalmicus,Ophthalmology,1,1,2015,0.062,0,10,False,4.6,Low
Heterophile Antibody Test,Microbiology,1,1,2014,0.062,0,11,False,4.6,Low
Heterophile antibodies,Microbiology,1,1,2014,0.062,0,11,False,4.6,Low
Heterophile antibody test,Microbiology,1,1,2014,0.062,0,11,False,4.6,Low
Heterosexual,Community Medicine,1,1,2015,0.062,0,10,False,4.6,Low
Hilum of lung,Anatomy,1,1,2016,0.062,0,9,False,4.6,Low
Hip Radiography,Radiology,1,1,2014,0.062,0,11,False,4.6,Low
Hip arthroplasty,Orthopedics,1,1,2015,0.062,0,10,False,4.6,Low
Hirschsprung Disease,Surgery,1,1,2015,0.062,0,10,False,4.6,Low
Hirschsprung disease,Surgery,1,1,2015,0.062,0,10,False,4.6,Low
Hirsutism,OBG,1,1,2016,0.062,0,9,False,4.6,Low
Histamine Release,Anaesthesia,1,1,2016,0.062,0,9,False,4.6,Low
Histamine receptors,Pharmacology,1,1,2014,0.062,0,11,False,4.6,Low
Hiv Diagnostics,Microbiology,1,1,2014,0.062,0,11,False,4.6,Low
Hiv-Associated Ocular Disease,Ophthalmology,1,1,2015,0.062,0,10,False,4.6,Low
Hiv/Aids Control,Community Medicine,1,1,2014,0.062,0,11,False,4.6,Low
Hla Matching,Microbiology,1,1,2015,0.062,0,10,False,4.6,Low
Homonymous hemianopia,Ophthalmology,1,1,2014,0.062,0,11,False,4.6,Low
Hormone Action,Biochemistry,1,1,2016,0.062,0,9,False,4.6,Low
Hormone Levels,OBG,1,1,2015,0.062,0,10,False,4.6,Low
Hormone Replacement Therapy,OBG,1,1,2016,0.062,0,9,False,4.6,Low
Hormone action,Biochemistry,1,1,2016,0.062,0,9,False,4.6,Low
Hospital Statistics,Community Medicine,1,1,2015,0.062,0,10,False,4.6,Low
Housing and Health,Community Medicine,1,1,2015,0.062,0,10,False,4.6,Low
Hox Genes,Biochemistry,1,1,2016,0.062,0,9,False,4.6,Low
Hpv,Microbiology,1,1,2015,0.062,0,10,False,4.6,Low
Human Herpesviruses,Microbiology,1,1,2014,0.062,0,11,False,4.6,Low
Human Papillomavirus (HPV),Microbiology,1,1,2016,0.062,0,9,False,4.6,Low
Human Papillomavirus (Hpv),Microbiology,1,1,2016,0.062,0,9,False,4.6,Low
Human Placental Lactogen,OBG,1,1,2015,0.062,0,10,False,4.6,Low
Huntington disease,Medicine,1,1,2016,0.062,0,9,False,4.6,Low
Hyaline change,Pathology,1,1,2015,0.062,0,10,False,4.6,Low
Hydatid Cyst,Surgery,1,1,2014,0.062,0,11,False,4.6,Low
Hyper IgE syndrome,Pathology,1,1,2014,0.062,0,11,False,4.6,Low
Hyperaldosteronism,Medicine,1,1,2015,0.062,0,10,False,4.6,Low
Hyperbaric Oxygen Therapy,Medicine,1,1,2014,0.062,0,11,False,4.6,Low
Hypercoagulable states,Medicine,1,1,2014,0.062,0,11,False,4.6,Low
Hyperpigmentation,Medicine,1,1,2015,0.062,0,10,False,4.6,Low
Hyperprolactinemia,Medicine,1,1,2014,0.062,0,11,False,4.6,Low
Hypersensitivity Reactions,Pathology,1,1,2015,0.062,0,10,False,4.6,Low
Hypersensitivity pneumonitis,Microbiology,1,1,2015,0.062,0,10,False,4.6,Low
Hypertensive crisis,Pharmacology,1,1,2014,0.062,0,11,False,4.6,Low
Hyperuricemia,Pharmacology,1,1,2016,0.062,0,9,False,4.6,Low
Hypocalcemia,Surgery,1,1,2015,0.062,0,10,False,4.6,Low
Hypoglossal Canal,Anatomy,1,1,2016,0.062,0,9,False,4.6,Low
Hypoglossal canal,Anatomy,1,1,2016,0.062,0,9,False,4.6,Low
Hypogonadotropic Hypogonadism,Medicine,1,1,2015,0.062,0,10,False,4.6,Low
Hypomagnesemia,Pharmacology,1,1,2016,0.062,0,9,False,4.6,Low
Hypophosphatemic rickets,Pathology,1,1,2015,0.062,0,10,False,4.6,Low
Hypopigmented Macules,Dermatology,1,1,2016,0.062,0,9,False,4.6,Low
Hypopigmented macules,Dermatology,1,1,2016,0.062,0,9,False,4.6,Low
Hypospadias,Pediatrics,1,1,2016,0.062,0,9,False,4.6,Low
Hypotension,Anaesthesia,1,1,2016,0.062,0,9,False,4.6,Low
Hysterectomy Indications,OBG,1,1,2016,0.062,0,9,False,4.6,Low
Hysterectomy indications,OBG,1,1,2016,0.062,0,9,False,4.6,Low
ICU,Medicine,1,1,2015,0.062,0,10,False,4.6,Low
IL-2 inhibitors,Pharmacology,1,1,2016,0.062,0,9,False,4.6,Low
IL-6 inhibitors,Pharmacology,1,1,2016,0.062,0,9,False,4.6,Low
ITBN Programme,Community Medicine,1,1,2016,0.062,0,9,False,4.6,Low
IUCD,OBG,1,1,2016,0.062,0,9,False,4.6,Low
IUDs,OBG,1,1,2016,0.062,0,9,False,4.6,Low
IV fluids,Pharmacology,1,1,2014,0.062,0,11,False,4.6,Low
IVC thrombus,Medicine,1,1,2015,0.062,0,10,False,4.6,Low
IVF,OBG,1,1,2016,0.062,0,9,False,4.6,Low
Iatrogenic Perforation,ENT,1,1,2014,0.062,0,11,False,4.6,Low
Imaging Techniques,Radiology,1,1,2014,0.062,0,11,False,4.6,Low
Immune Response,Microbiology,1,1,2014,0.062,0,11,False,4.6,Low
Immunobullous Diseases,Dermatology,1,1,2014,0.062,0,11,False,4.6,Low
Immunobullous diseases,Dermatology,1,1,2014,0.062,0,11,False,4.6,Low
Immunoglobulin,Pathology,1,1,2016,0.062,0,9,False,4.6,Low
Immunoglobulin Class Switching,Pathology,1,1,2015,0.062,0,10,False,4.6,Low
Immunoglobulin class switching,Pathology,1,1,2015,0.062,0,10,False,4.6,Low
Immunoglobulin therapy,Pediatrics,1,1,2015,0.062,0,10,False,4.6,Low
Immunomodulatory Agents,Pharmacology,1,1,2015,0.062,0,10,False,4.6,Low
Immunomodulatory Drugs,Pharmacology,1,1,2016,0.062,0,9,False,4.6,Low
Immunomodulatory drugs,Pharmacology,1,1,2016,0.062,0,9,False,4.6,Low
Immunosuppressive Agents,Pharmacology,1,1,2014,0.062,0,11,False,4.6,Low
Immunosuppressive agents,Pharmacology,1,1,2014,0.062,0,11,False,4.6,Low
Impairment,Community Medicine,1,1,2014,0.062,0,11,False,4.6,Low
Impingement Syndrome,Orthopedics,1,1,2016,0.062,0,9,False,4.6,Low
Impotence,Forensic Medicine,1,1,2014,0.062,0,11,False,4.6,Low
Incised Wound,Forensic Medicine,1,1,2014,0.062,0,11,False,4.6,Low
Incised wound,Forensic Medicine,1,1,2014,0.062,0,11,False,4.6,Low
Incontinentia Pigmenti,Dermatology,1,1,2015,0.062,0,10,False,4.6,Low
Incontinentia pigmenti,Dermatology,1,1,2015,0.062,0,10,False,4.6,Low
India,Psychiatry,1,1,2016,0.062,0,9,False,4.6,Low
Indian Law,Forensic Medicine,1,1,2014,0.062,0,11,False,4.6,Low
Indicator media,Microbiology,1,1,2014,0.062,0,11,False,4.6,Low
Infant Health,Pediatrics,1,1,2014,0.062,0,11,False,4.6,Low
Infant health,Community Medicine,1,1,2016,0.062,0,9,False,4.6,Low
Infant mortality rate,Community Medicine,1,1,2015,0.062,0,10,False,4.6,Low
Inferior Pancreaticoduodenal Artery,Anatomy,1,1,2015,0.062,0,10,False,4.6,Low
Inferior epigastric vein,Anatomy,1,1,2014,0.062,0,11,False,4.6,Low
Inferior pancreaticoduodenal artery,Anatomy,1,1,2015,0.062,0,10,False,4.6,Low
Infiltration anaesthesia,Anaesthesia,1,1,2015,0.062,0,10,False,4.6,Low
Inflammatory Markers,Medicine,1,1,2014,0.062,0,11,False,4.6,Low
Inguinal region swelling,Surgery,1,1,2016,0.062,0,9,False,4.6,Low
Innervation,Anatomy,1,1,2014,0.062,0,11,False,4.6,Low
Inotropes,Pharmacology,1,1,2014,0.062,0,11,False,4.6,Low
Inotropic support,Pediatrics,1,1,2015,0.062,0,10,False,4.6,Low
Insanity And Criminal Responsibility,Forensic Medicine,1,1,2016,0.062,0,9,False,4.6,Low
Insanity and Criminal Responsibility,Forensic Medicine,1,1,2016,0.062,0,9,False,4.6,Low
Insulin,Pharmacology,1,1,2015,0.062,0,10,False,4.6,Low
Insulin Production,OBG,1,1,2016,0.062,0,9,False,4.6,Low
Insulin Receptor,Biochemistry,1,1,2015,0.062,0,10,False,4.6,Low
Insulin signaling,Biochemistry,1,1,2015,0.062,0,10,False,4.6,Low
Intelligence Testing,Psychiatry,1,1,2016,0.062,0,9,False,4.6,Low
Intercalated disc,Anatomy,1,1,2015,0.062,0,10,False,4.6,Low
Intercostal muscles,Anatomy,1,1,2015,0.062,0,10,False,4.6,Low
Intermediate filaments,Pathology,1,1,2014,0.062,0,11,False,4.6,Low
Internal Carotid Artery,Anatomy,1,1,2016,0.062,0,9,False,4.6,Low
Internal carotid artery,Anatomy,1,1,2016,0.062,0,9,False,4.6,Low
International Classification Of Disease,Community Medicine,1,1,2016,0.062,0,9,False,4.6,Low
International Classification of Disease,Community Medicine,1,1,2016,0.062,0,9,False,4.6,Low
International Health Organizations,Community Medicine,1,1,2016,0.062,0,9,False,4.6,Low
Interstitial Fluid,Physiology,1,1,2016,0.062,0,9,False,4.6,Low
Intestinal phase,Physiology,1,1,2014,0.062,0,11,False,4.6,Low
Intracellular Fluid,Physiology,1,1,2016,0.062,0,9,False,4.6,Low
Intracellular pH,Physiology,1,1,2015,0.062,0,10,False,4.6,Low
Intracellular receptors,Biochemistry,1,1,2016,0.062,0,9,False,4.6,Low
Intracranial Pressure,Medicine,1,1,2016,0.062,0,9,False,4.6,Low
Intracranial pressure,Medicine,1,1,2016,0.062,0,9,False,4.6,Low
Intraocular foreign body,Ophthalmology,1,1,2014,0.062,0,11,False,4.6,Low
Intraocular neoplasms,Ophthalmology,1,1,2014,0.062,0,11,False,4.6,Low
Intrauterine fetal death,OBG,1,1,2014,0.062,0,11,False,4.6,Low
Intussusception,Pediatrics,1,1,2015,0.062,0,10,False,4.6,Low
Inventory Management,Community Medicine,1,1,2014,0.062,0,11,False,4.6,Low
Iodine deficiency disorders,Community Medicine,1,1,2014,0.062,0,11,False,4.6,Low
Iridocyclitis,Ophthalmology,1,1,2014,0.062,0,11,False,4.6,Low
Iris,Ophthalmology,1,1,2016,0.062,0,9,False,4.6,Low
Iris Abnormalities,Ophthalmology,1,1,2014,0.062,0,11,False,4.6,Low
Iris abnormalities,Ophthalmology,1,1,2014,0.062,0,11,False,4.6,Low
Iron overload,Medicine,1,1,2014,0.062,0,11,False,4.6,Low
Iron supplementation,Community Medicine,1,1,2014,0.062,0,11,False,4.6,Low
Isaac Syndrome,Medicine,1,1,2015,0.062,0,10,False,4.6,Low
Isaac syndrome,Medicine,1,1,2015,0.062,0,10,False,4.6,Low
Ischemia,Pathology,1,1,2016,0.062,0,9,False,4.6,Low
Isotopes,Biochemistry,1,1,2016,0.062,0,9,False,4.6,Low
Japanese encephalitis,Microbiology,1,1,2014,0.062,0,11,False,4.6,Low
Jones criteria,Medicine,1,1,2014,0.062,0,11,False,4.6,Low
Kangaroo Mother Care,Pediatrics,1,1,2014,0.062,0,11,False,4.6,Low
Keratic precipitates,Ophthalmology,1,1,2015,0.062,0,10,False,4.6,Low
Keratin,Biochemistry,1,1,2016,0.062,0,9,False,4.6,Low
Kienböck Disease,Orthopedics,1,1,2014,0.062,0,11,False,4.6,Low
Knee Deformity,Orthopedics,1,1,2016,0.062,0,9,False,4.6,Low
Knee Dislocation,Orthopedics,1,1,2016,0.062,0,9,False,4.6,Low
Knee anatomy,Orthopedics,1,1,2015,0.062,0,10,False,4.6,Low
Knee deformity,Orthopedics,1,1,2016,0.062,0,9,False,4.6,Low
Knowledge Translation,Community Medicine,1,1,2014,0.062,0,11,False,4.6,Low
Koebner phenomenon,Dermatology,1,1,2016,0.062,0,9,False,4.6,Low
Koplik spot,Microbiology,1,1,2014,0.062,0,11,False,4.6,Low
Korsakoff syndrome,Psychiatry,1,1,2015,0.062,0,10,False,4.6,Low
Kwashiorkor,Pediatrics,1,1,2015,0.062,0,10,False,4.6,Low
LAMB Syndrome,Medicine,1,1,2015,0.062,0,10,False,4.6,Low
LASIK,Ophthalmology,1,1,2015,0.062,0,10,False,4.6,Low
LCIS,Pathology,1,1,2015,0.062,0,10,False,4.6,Low
LDH,Biochemistry,1,1,2014,0.062,0,11,False,4.6,Low
LDH Isoenzymes,Biochemistry,1,1,2016,0.062,0,9,False,4.6,Low
LEEP,OBG,1,1,2015,0.062,0,10,False,4.6,Low
LLINs,Community Medicine,1,1,2016,0.062,0,9,False,4.6,Low
LMA,Anaesthesia,1,1,2016,0.062,0,9,False,4.6,Low
La Belle indifference,Psychiatry,1,1,2014,0.062,0,11,False,4.6,Low
Lac Operon,Biochemistry,1,1,2016,0.062,0,9,False,4.6,Low
Lacis cells,Physiology,1,1,2016,0.062,0,9,False,4.6,Low
Lacrimal Apparatus Disorders,Ophthalmology,1,1,2014,0.062,0,11,False,4.6,Low
Lacrimal Gland Disorders,Ophthalmology,1,1,2016,0.062,0,9,False,4.6,Low
Lacrimal System Disorders,Ophthalmology,1,1,2014,0.062,0,11,False,4.6,Low
Lacrimal apparatus disorders,Ophthalmology,1,1,2014,0.062,0,11,False,4.6,Low
Lacrimal gland disorders,Ophthalmology,1,1,2016,0.062,0,9,False,4.6,Low
Lactate Metabolism,Biochemistry,1,1,2015,0.062,0,10,False,4.6,Low
Lactate metabolism,Biochemistry,1,1,2015,0.062,0,10,False,4.6,Low
Lamb Syndrome,Medicine,1,1,2015,0.062,0,10,False,4.6,Low
Langer'S Lines,Anatomy,1,1,2016,0.062,0,9,False,4.6,Low
Langer's lines,Anatomy,1,1,2016,0.062,0,9,False,4.6,Low
Laparoscopic complications,Surgery,1,1,2014,0.062,0,11,False,4.6,Low
Large Bowel Obstruction,Surgery,1,1,2014,0.062,0,11,False,4.6,Low
Large bowel obstruction,Surgery,1,1,2014,0.062,0,11,False,4.6,Low
Laryngeal Carcinoma,ENT,1,1,2016,0.062,0,9,False,4.6,Low
Laryngeal Diseases,ENT,1,1,2014,0.062,0,11,False,4.6,Low
Laryngeal Innervation,ENT,1,1,2016,0.062,0,9,False,4.6,Low
Laryngeal Membranes,ENT,1,1,2015,0.062,0,10,False,4.6,Low
Laryngeal Nerves,Anatomy,1,1,2014,0.062,0,11,False,4.6,Low
Laryngeal Tuberculosis,ENT,1,1,2014,0.062,0,11,False,4.6,Low
Laryngeal carcinoma,ENT,1,1,2016,0.062,0,9,False,4.6,Low
Laryngeal membranes,ENT,1,1,2015,0.062,0,10,False,4.6,Low
Laryngectomy,ENT,1,1,2016,0.062,0,9,False,4.6,Low
Laryngomalacia,ENT,1,1,2014,0.062,0,11,False,4.6,Low
Lateral Epicondylitis,Orthopedics,1,1,2014,0.062,0,11,False,4.6,Low
Lateral epicondylitis,Orthopedics,1,1,2014,0.062,0,11,False,4.6,Low
Lead apron thickness,Radiology,1,1,2016,0.062,0,9,False,4.6,Low
Leber hereditary optic neuropathy,Ophthalmology,1,1,2014,0.062,0,11,False,4.6,Low
Left atrial enlargement,Radiology,1,1,2014,0.062,0,11,False,4.6,Low
Left atrium,Physiology,1,1,2015,0.062,0,10,False,4.6,Low
Left colon,Surgery,1,1,2014,0.062,0,11,False,4.6,Low
Legal Aspects Of Death,Forensic Medicine,1,1,2014,0.062,0,11,False,4.6,Low
Legal Aspects Of Injury,Forensic Medicine,1,1,2014,0.062,0,11,False,4.6,Low
Legal Aspects Of Marriage,Forensic Medicine,1,1,2014,0.062,0,11,False,4.6,Low
Legal Sections,Forensic Medicine,1,1,2016,0.062,0,9,False,4.6,Low
Legal aspects of death,Forensic Medicine,1,1,2014,0.062,0,11,False,4.6,Low
Legal aspects of injury,Forensic Medicine,1,1,2014,0.062,0,11,False,4.6,Low
Legal aspects of marriage,Forensic Medicine,1,1,2014,0.062,0,11,False,4.6,Low
Legionella,Microbiology,1,1,2016,0.062,0,9,False,4.6,Low
Leukocyte adhesion,Pathology,1,1,2014,0.062,0,11,False,4.6,Low
Leukocyte biology,Pathology,1,1,2016,0.062,0,9,False,4.6,Low
Leukocyte physiology,Physiology,1,1,2014,0.062,0,11,False,4.6,Low
Leukoerythroblastic Picture,Pathology,1,1,2014,0.062,0,11,False,4.6,Low
Leukotriene receptors,Pharmacology,1,1,2014,0.062,0,11,False,4.6,Low
Levator palpebrae superioris,Anatomy,1,1,2016,0.062,0,9,False,4.6,Low
Levetiracetam,Pharmacology,1,1,2016,0.062,0,9,False,4.6,Low
Levonorgestrel IUD,Pharmacology,1,1,2016,0.062,0,9,False,4.6,Low
Li-Fraumeni Syndrome,Pathology,1,1,2016,0.062,0,9,False,4.6,Low
Li-Fraumeni syndrome,Pathology,1,1,2016,0.062,0,9,False,4.6,Low
Lid Disorders,Ophthalmology,1,1,2016,0.062,0,9,False,4.6,Low
Lid disorders,Ophthalmology,1,1,2016,0.062,0,9,False,4.6,Low
Lifestyle modifications,Medicine,1,1,2016,0.062,0,9,False,4.6,Low
Limb Salvage,Orthopedics,1,1,2014,0.062,0,11,False,4.6,Low
Lipid digestion,Physiology,1,1,2015,0.062,0,10,False,4.6,Low
Lipid-Lowering Agents,Pharmacology,1,1,2014,0.062,0,11,False,4.6,Low
Lipid-lowering agents,Pharmacology,1,1,2014,0.062,0,11,False,4.6,Low
Lipoid proteinosis,Dermatology,1,1,2015,0.062,0,10,False,4.6,Low
Lipoprotein,Biochemistry,1,1,2016,0.062,0,9,False,4.6,Low
Literacy Rate,Community Medicine,1,1,2014,0.062,0,11,False,4.6,Low
Literacy rate,Community Medicine,1,1,2014,0.062,0,11,False,4.6,Low
Lithotripsy,Surgery,1,1,2015,0.062,0,10,False,4.6,Low
Liver physiology,Physiology,1,1,2016,0.062,0,9,False,4.6,Low
Local Anaesthetic Adjuvants,Pharmacology,1,1,2014,0.062,0,11,False,4.6,Low
Local Anaesthetic Techniques,Anaesthesia,1,1,2015,0.062,0,10,False,4.6,Low
Local Excision,OBG,1,1,2015,0.062,0,10,False,4.6,Low
Local anaesthetic techniques,Anaesthesia,1,1,2015,0.062,0,10,False,4.6,Low
Local anesthetics,Pharmacology,1,1,2014,0.062,0,11,False,4.6,Low
Locard's Principle,Forensic Medicine,1,1,2014,0.062,0,11,False,4.6,Low
Long Bones,Anatomy,1,1,2014,0.062,0,11,False,4.6,Low
Long QT syndrome,Pharmacology,1,1,2016,0.062,0,9,False,4.6,Low
Loop Diuretics,Pharmacology,1,1,2014,0.062,0,11,False,4.6,Low
Lumbar Disc Prolapse,Orthopedics,1,1,2014,0.062,0,11,False,4.6,Low
Lumbar Region,Anatomy,1,1,2015,0.062,0,10,False,4.6,Low
Lumbar disc prolapse,Orthopedics,1,1,2014,0.062,0,11,False,4.6,Low
Lung Fibrosis,Radiology,1,1,2014,0.062,0,11,False,4.6,Low
Lung Imaging Findings,Radiology,1,1,2014,0.062,0,11,False,4.6,Low
Lung carcinoma,Pathology,1,1,2016,0.062,0,9,False,4.6,Low
Lung segments,Anatomy,1,1,2014,0.062,0,11,False,4.6,Low
Lymph Node Anatomy,Anatomy,1,1,2015,0.062,0,10,False,4.6,Low
Lymphatic Malformations,Pathology,1,1,2015,0.062,0,10,False,4.6,Low
Lymphatic malformations,Pathology,1,1,2015,0.062,0,10,False,4.6,Low
Lymphatic spread,OBG,1,1,2016,0.062,0,9,False,4.6,Low
Lymphogranuloma Venereum,Dermatology,1,1,2014,0.062,0,11,False,4.6,Low
Lymphogranuloma venereum,Dermatology,1,1,2014,0.062,0,11,False,4.6,Low
Lymphokines,Pathology,1,1,2015,0.062,0,10,False,4.6,Low
MCH Programme,Community Medicine,1,1,2014,0.062,0,11,False,4.6,Low
MCH Services,Community Medicine,1,1,2014,0.062,0,11,False,4.6,Low
MCH programme,Community Medicine,1,1,2014,0.062,0,11,False,4.6,Low
MEN syndrome,Pathology,1,1,2015,0.062,0,10,False,4.6,Low
MHC Class II expression,Pathology,1,1,2015,0.062,0,10,False,4.6,Low
MRI brain,Radiology,1,1,2016,0.062,0,9,False,4.6,Low
MSM,Community Medicine,1,1,2015,0.062,0,10,False,4.6,Low
Macrophage,Pathology,1,1,2015,0.062,0,10,False,4.6,Low
Maculae Cerulea,Dermatology,1,1,2015,0.062,0,10,False,4.6,Low
Macular Function,Ophthalmology,1,1,2014,0.062,0,11,False,4.6,Low
Macular Sparing,Anatomy,1,1,2015,0.062,0,10,False,4.6,Low
Magnan's phenomenon,Psychiatry,1,1,2014,0.062,0,11,False,4.6,Low
Magnesium Metabolism,Biochemistry,1,1,2016,0.062,0,9,False,4.6,Low
Magnesium Sulfate Toxicity,Pharmacology,1,1,2014,0.062,0,11,False,4.6,Low
Magnesium metabolism,Biochemistry,1,1,2016,0.062,0,9,False,4.6,Low
Magnesium sulfate toxicity,Pharmacology,1,1,2014,0.062,0,11,False,4.6,Low
Major Histocompatibility Complex,Pathology,1,1,2016,0.062,0,9,False,4.6,Low
Malabsorption Syndrome,Medicine,1,1,2014,0.062,0,11,False,4.6,Low
Malabsorption Syndromes,Medicine,1,1,2014,0.062,0,11,False,4.6,Low
Malabsorption syndrome,Medicine,1,1,2014,0.062,0,11,False,4.6,Low
Malaria prevention,Community Medicine,1,1,2016,0.062,0,9,False,4.6,Low
Male Genital System,Anatomy,1,1,2016,0.062,0,9,False,4.6,Low
Male pelvis,Anatomy,1,1,2015,0.062,0,10,False,4.6,Low
Mallampatti classification,Anaesthesia,1,1,2016,0.062,0,9,False,4.6,Low
Manchester operation,OBG,1,1,2014,0.062,0,11,False,4.6,Low
Marasmus,Pediatrics,1,1,2014,0.062,0,11,False,4.6,Low
Mask Ventilation,Anaesthesia,1,1,2014,0.062,0,11,False,4.6,Low
Mass drug administration,Community Medicine,1,1,2015,0.062,0,10,False,4.6,Low
Mastocytosis,Dermatology,1,1,2016,0.062,0,9,False,4.6,Low
Maternal Age,OBG,1,1,2015,0.062,0,10,False,4.6,Low
Maternal Cardiac Disease,OBG,1,1,2016,0.062,0,9,False,4.6,Low
Maternal Health Services,Community Medicine,1,1,2015,0.062,0,10,False,4.6,Low
Maternal Physiological Changes,OBG,1,1,2014,0.062,0,11,False,4.6,Low
Maternal cardiac disease,OBG,1,1,2016,0.062,0,9,False,4.6,Low
Maternal factors,OBG,1,1,2014,0.062,0,11,False,4.6,Low
Maternal physiological changes,OBG,1,1,2014,0.062,0,11,False,4.6,Low
Maternal vegetarian,Pediatrics,1,1,2014,0.062,0,11,False,4.6,Low
Mayer-Rokitansky-Küster-Hauser Syndrome,OBG,1,1,2015,0.062,0,10,False,4.6,Low
Mayer-Rokitansky-Küster-Hauser syndrome,OBG,1,1,2015,0.062,0,10,False,4.6,Low
Mch Programme,Community Medicine,1,1,2014,0.062,0,11,False,4.6,Low
Mch Services,Community Medicine,1,1,2014,0.062,0,11,False,4.6,Low
Mechanical ventilators,Anaesthesia,1,1,2014,0.062,0,11,False,4.6,Low
Mechanotransduction,Physiology,1,1,2014,0.062,0,11,False,4.6,Low
Meckel's diverticulum,Surgery,1,1,2015,0.062,0,10,False,4.6,Low
Meconium Ileus,Pediatrics,1,1,2016,0.062,0,9,False,4.6,Low
Meconium ileus,Pediatrics,1,1,2016,0.062,0,9,False,4.6,Low
Mediastinal Disorders,Medicine,1,1,2015,0.062,0,10,False,4.6,Low
Medico-Legal Aspects Of Birth,Forensic Medicine,1,1,2016,0.062,0,9,False,4.6,Low
Medico-legal Aspects of Birth,Forensic Medicine,1,1,2016,0.062,0,9,False,4.6,Low
Medicolegal autopsy,Forensic Medicine,1,1,2014,0.062,0,11,False,4.6,Low
Meigs syndrome,Pathology,1,1,2014,0.062,0,11,False,4.6,Low
Melanin Synthesis,Biochemistry,1,1,2016,0.062,0,9,False,4.6,Low
Melanin synthesis,Biochemistry,1,1,2016,0.062,0,9,False,4.6,Low
Melanocytic Naevus,Dermatology,1,1,2014,0.062,0,11,False,4.6,Low
Membrane Physiology,Physiology,1,1,2014,0.062,0,11,False,4.6,Low
Meningococcal Vaccine,Microbiology,1,1,2015,0.062,0,10,False,4.6,Low
Meniscal Injuries,Orthopedics,1,1,2015,0.062,0,10,False,4.6,Low
Meniscal injuries,Orthopedics,1,1,2015,0.062,0,10,False,4.6,Low
Menstrual Cycle Disorders,OBG,1,1,2014,0.062,0,11,False,4.6,Low
Mental state examination,Psychiatry,1,1,2014,0.062,0,11,False,4.6,Low
Mentzer index,Medicine,1,1,2014,0.062,0,11,False,4.6,Low
Mesenteric Ischemia,Medicine,1,1,2014,0.062,0,11,False,4.6,Low
Mesenteric Vessels,Anatomy,1,1,2016,0.062,0,9,False,4.6,Low
Mesenteric injury,Surgery,1,1,2016,0.062,0,9,False,4.6,Low
Mesenteric vessels,Anatomy,1,1,2016,0.062,0,9,False,4.6,Low
Metabolic Changes,OBG,1,1,2014,0.062,0,11,False,4.6,Low
Metabolic Encephalopathy,Medicine,1,1,2015,0.062,0,10,False,4.6,Low
Metabolic syndrome,Medicine,1,1,2016,0.062,0,9,False,4.6,Low
Metal toxicity,Medicine,1,1,2015,0.062,0,10,False,4.6,Low
Metalloproteinases,Biochemistry,1,1,2014,0.062,0,11,False,4.6,Low
Metastatic Carcinoma,Pathology,1,1,2014,0.062,0,11,False,4.6,Low
Methotrexate,OBG,1,1,2016,0.062,0,9,False,4.6,Low
Mevalonate Pathway,Biochemistry,1,1,2016,0.062,0,9,False,4.6,Low
Mevalonate pathway,Biochemistry,1,1,2016,0.062,0,9,False,4.6,Low
Mhc Class Ii Expression,Pathology,1,1,2015,0.062,0,10,False,4.6,Low
Microbial Preservation,Microbiology,1,1,2015,0.062,0,10,False,4.6,Low
Microbiology basics,Microbiology,1,1,2015,0.062,0,10,False,4.6,Low
Microscopic Polyangiitis,Pathology,1,1,2015,0.062,0,10,False,4.6,Low
Microtubules,Anatomy,1,1,2016,0.062,0,9,False,4.6,Low
Micro‑incision surgery,Ophthalmology,1,1,2015,0.062,0,10,False,4.6,Low
Middle genicular artery,Anatomy,1,1,2014,0.062,0,11,False,4.6,Low
Mifepristone,Pharmacology,1,1,2016,0.062,0,9,False,4.6,Low
Migraine prophylaxis,Pharmacology,1,1,2014,0.062,0,11,False,4.6,Low
Miliary TB,Microbiology,1,1,2014,0.062,0,11,False,4.6,Low
Mineral homeostasis,Biochemistry,1,1,2016,0.062,0,9,False,4.6,Low
Minimal Change Disease,Pathology,1,1,2016,0.062,0,9,False,4.6,Low
Minimal change disease,Pathology,1,1,2016,0.062,0,9,False,4.6,Low
Mirena,Pharmacology,1,1,2016,0.062,0,9,False,4.6,Low
Mitochondria,Biochemistry,1,1,2016,0.062,0,9,False,4.6,Low
Mitral stenosis,Medicine,1,1,2015,0.062,0,10,False,4.6,Low
Molecular Mimicry,Biochemistry,1,1,2016,0.062,0,9,False,4.6,Low
Molecular Motors,Biochemistry,1,1,2014,0.062,0,11,False,4.6,Low
Molluscum Contagiosum,Dermatology,1,1,2014,0.062,0,11,False,4.6,Low
Molluscum contagiosum,Dermatology,1,1,2014,0.062,0,11,False,4.6,Low
Mosaicism,Pathology,1,1,2015,0.062,0,10,False,4.6,Low
Mother-infant bonding,Pediatrics,1,1,2016,0.062,0,9,False,4.6,Low
Motility disorders,Medicine,1,1,2014,0.062,0,11,False,4.6,Low
Motion Sickness,Pharmacology,1,1,2014,0.062,0,11,False,4.6,Low
Motor milestones,Pediatrics,1,1,2014,0.062,0,11,False,4.6,Low
Movement disorder,Medicine,1,1,2015,0.062,0,10,False,4.6,Low
Moyamoya Disease,Radiology,1,1,2015,0.062,0,10,False,4.6,Low
Moyamoya disease,Radiology,1,1,2015,0.062,0,10,False,4.6,Low
Mrsa,Microbiology,1,1,2016,0.062,0,9,False,4.6,Low
Mucosal folds,Anatomy,1,1,2016,0.062,0,9,False,4.6,Low
Muscarinic Receptors,Pharmacology,1,1,2015,0.062,0,10,False,4.6,Low
Muscarinic agonists,Pharmacology,1,1,2014,0.062,0,11,False,4.6,Low
Muscle Attachments,Anatomy,1,1,2016,0.062,0,9,False,4.6,Low
Muscle Fiber Types,Anatomy,1,1,2016,0.062,0,9,False,4.6,Low
Muscle Necrosis,Pathology,1,1,2016,0.062,0,9,False,4.6,Low
Muscle Spindles,Anatomy,1,1,2015,0.062,0,10,False,4.6,Low
Muscle Tissue,Anatomy,1,1,2015,0.062,0,10,False,4.6,Low
Muscle examination,Anatomy,1,1,2015,0.062,0,10,False,4.6,Low
Muscle fiber types,Anatomy,1,1,2016,0.062,0,9,False,4.6,Low
Muscle necrosis,Pathology,1,1,2016,0.062,0,9,False,4.6,Low
Muscle spindles,Anatomy,1,1,2015,0.062,0,10,False,4.6,Low
Muscle tissue,Anatomy,1,1,2015,0.062,0,10,False,4.6,Low
Musculoskeletal system,Anatomy,1,1,2016,0.062,0,9,False,4.6,Low
Myelination,Anatomy,1,1,2014,0.062,0,11,False,4.6,Low
Myelofibrosis,Pathology,1,1,2014,0.062,0,11,False,4.6,Low
Myocardial Sensitization,Pharmacology,1,1,2014,0.062,0,11,False,4.6,Low
Myometrium,Anatomy,1,1,2016,0.062,0,9,False,4.6,Low
Myositis ossificans,Orthopedics,1,1,2016,0.062,0,9,False,4.6,Low
NACO,Community Medicine,1,1,2014,0.062,0,11,False,4.6,Low
Nabothian Cyst,OBG,1,1,2015,0.062,0,10,False,4.6,Low
Nail dystrophy,Dermatology,1,1,2014,0.062,0,11,False,4.6,Low
Narcolepsy,Psychiatry,1,1,2014,0.062,0,11,False,4.6,Low
Nasal Discharge,ENT,1,1,2014,0.062,0,11,False,4.6,Low
Nasal Foreign Body,ENT,1,1,2015,0.062,0,10,False,4.6,Low
Nasal Myiasis,ENT,1,1,2015,0.062,0,10,False,4.6,Low
Nasal Neoplasms,ENT,1,1,2014,0.062,0,11,False,4.6,Low
Nasal Septum Perforation,ENT,1,1,2015,0.062,0,10,False,4.6,Low
Nasal discharge,ENT,1,1,2014,0.062,0,11,False,4.6,Low
Nasal foreign body,ENT,1,1,2015,0.062,0,10,False,4.6,Low
Nasal myiasis,ENT,1,1,2015,0.062,0,10,False,4.6,Low
Nasal septum perforation,ENT,1,1,2015,0.062,0,10,False,4.6,Low
Nasolacrimal Duct Obstruction,Ophthalmology,1,1,2014,0.062,0,11,False,4.6,Low
Nasolacrimal duct obstruction,Ophthalmology,1,1,2014,0.062,0,11,False,4.6,Low
Nasopharyngeal Carcinoma,ENT,1,1,2014,0.062,0,11,False,4.6,Low
Natalizumab,Pharmacology,1,1,2014,0.062,0,11,False,4.6,Low
National AIDS Control Programme,Community Medicine,1,1,2014,0.062,0,11,False,4.6,Low
National Aids Control Programme,Community Medicine,1,1,2014,0.062,0,11,False,4.6,Low
National Cancer Control Programme,Community Medicine,1,1,2014,0.062,0,11,False,4.6,Low
National Family Health Survey,Community Medicine,1,1,2014,0.062,0,11,False,4.6,Low
National Health Missions,Community Medicine,1,1,2016,0.062,0,9,False,4.6,Low
National Health Programme,Community Medicine,1,1,2015,0.062,0,10,False,4.6,Low
National Programme For Control Of Blindness,Community Medicine,1,1,2014,0.062,0,11,False,4.6,Low
National Programme for Control of Blindness,Community Medicine,1,1,2014,0.062,0,11,False,4.6,Low
National TB Elimination Program,Community Medicine,1,1,2016,0.062,0,9,False,4.6,Low
National Tb Elimination Program,Community Medicine,1,1,2016,0.062,0,9,False,4.6,Low
Neck injuries,Forensic Medicine,1,1,2014,0.062,0,11,False,4.6,Low
Necrobacillosis,Microbiology,1,1,2016,0.062,0,9,False,4.6,Low
Neonatal Anemia,Pediatrics,1,1,2015,0.062,0,10,False,4.6,Low
Neonatal Bradycardia,Pediatrics,1,1,2015,0.062,0,10,False,4.6,Low
Neonatal Encephalopathy,Pediatrics,1,1,2015,0.062,0,10,False,4.6,Low
Neonatal GI Disorders,Pediatrics,1,1,2016,0.062,0,9,False,4.6,Low
Neonatal Hypoglycemia,Pediatrics,1,1,2015,0.062,0,10,False,4.6,Low
Neonatal Intestinal Obstruction,Pediatrics,1,1,2014,0.062,0,11,False,4.6,Low
Neonatal Mortality,Community Medicine,1,1,2014,0.062,0,11,False,4.6,Low
Neonatal Sepsis,Pediatrics,1,1,2015,0.062,0,10,False,4.6,Low
Neonatal Skin,Dermatology,1,1,2016,0.062,0,9,False,4.6,Low
Neonatal deaths,OBG,1,1,2016,0.062,0,9,False,4.6,Low
Neonatal dermatology,Dermatology,1,1,2014,0.062,0,11,False,4.6,Low
Neonatal physiology,Physiology,1,1,2016,0.062,0,9,False,4.6,Low
Neostigmine,Pharmacology,1,1,2014,0.062,0,11,False,4.6,Low
Nephrocalcinosis,Medicine,1,1,2014,0.062,0,11,False,4.6,Low
Nephrogenic diabetes insipidus,Pharmacology,1,1,2014,0.062,0,11,False,4.6,Low
Nephron Transport,Physiology,1,1,2016,0.062,0,9,False,4.6,Low
Nephrosclerosis,Pathology,1,1,2014,0.062,0,11,False,4.6,Low
Nephrotoxic Drugs,Pharmacology,1,1,2016,0.062,0,9,False,4.6,Low
Nephrotoxic drugs,Pharmacology,1,1,2016,0.062,0,9,False,4.6,Low
Nernst equation,Physiology,1,1,2016,0.062,0,9,False,4.6,Low
Nerve Blocks,Anaesthesia,1,1,2015,0.062,0,10,False,4.6,Low
Nerve Root,Anatomy,1,1,2016,0.062,0,9,False,4.6,Low
Nerve fiber classification,Physiology,1,1,2016,0.062,0,9,False,4.6,Low
Nerve injury classification,Orthopedics,1,1,2014,0.062,0,11,False,4.6,Low
Nerve involvement,Dermatology,1,1,2016,0.062,0,9,False,4.6,Low
Nervous Tissue,Anatomy,1,1,2014,0.062,0,11,False,4.6,Low
Nervous tissue,Anatomy,1,1,2015,0.062,0,10,False,4.6,Low
Neural Crest,Anatomy,1,1,2015,0.062,0,10,False,4.6,Low
Neuraxial Block,Anaesthesia,1,1,2015,0.062,0,10,False,4.6,Low
Neuraxial Blockade,Anaesthesia,1,1,2015,0.062,0,10,False,4.6,Low
Neuraxial block,Anaesthesia,1,1,2015,0.062,0,10,False,4.6,Low
Neuraxial blockade,Anaesthesia,1,1,2015,0.062,0,10,False,4.6,Low
Neuroanaesthesia,Anaesthesia,1,1,2014,0.062,0,11,False,4.6,Low
Neurocutaneous disorders,Pediatrics,1,1,2016,0.062,0,9,False,4.6,Low
Neurocysticercosis,Radiology,1,1,2016,0.062,0,9,False,4.6,Low
Neurogenic Bladder,Medicine,1,1,2014,0.062,0,11,False,4.6,Low
Neurogenic claudication,Orthopedics,1,1,2015,0.062,0,10,False,4.6,Low
Neurohypophysis,Anatomy,1,1,2016,0.062,0,9,False,4.6,Low
Neurological Complications,OBG,1,1,2016,0.062,0,9,False,4.6,Low
Neurological complications,Medicine,1,1,2014,0.062,0,11,False,4.6,Low
Neurological examination,Medicine,1,1,2015,0.062,0,10,False,4.6,Low
Neurological signs,Forensic Medicine,1,1,2014,0.062,0,11,False,4.6,Low
Neuropsychiatric effects,Pharmacology,1,1,2014,0.062,0,11,False,4.6,Low
Neuroregression,Pediatrics,1,1,2015,0.062,0,10,False,4.6,Low
Neurosyphilis,Psychiatry,1,1,2014,0.062,0,11,False,4.6,Low
Neurotransmitter Synthesis,Biochemistry,1,1,2016,0.062,0,9,False,4.6,Low
Neutropenia,Pathology,1,1,2014,0.062,0,11,False,4.6,Low
Neutrophil Left Shift,Pathology,1,1,2016,0.062,0,9,False,4.6,Low
New bone formation,Medicine,1,1,2014,0.062,0,11,False,4.6,Low
Niacin,Biochemistry,1,1,2016,0.062,0,9,False,4.6,Low
Niacin metabolism,Biochemistry,1,1,2014,0.062,0,11,False,4.6,Low
Nicorandil,Pharmacology,1,1,2016,0.062,0,9,False,4.6,Low
Nitrogen metabolism,Biochemistry,1,1,2015,0.062,0,10,False,4.6,Low
Nocardia,Microbiology,1,1,2014,0.062,0,11,False,4.6,Low
Non-communicable diseases,Community Medicine,1,1,2014,0.062,0,11,False,4.6,Low
Non-granulomatous uveitis,Ophthalmology,1,1,2014,0.062,0,11,False,4.6,Low
Non-smokers,Pathology,1,1,2015,0.062,0,10,False,4.6,Low
Non-union,Orthopedics,1,1,2014,0.062,0,11,False,4.6,Low
Nuclear Transport,Biochemistry,1,1,2016,0.062,0,9,False,4.6,Low
Nucleic Acid Structure,Biochemistry,1,1,2014,0.062,0,11,False,4.6,Low
Nugent Score,Microbiology,1,1,2016,0.062,0,9,False,4.6,Low
Nux Vomica,Pharmacology,1,1,2016,0.062,0,9,False,4.6,Low
Nux vomica,Pharmacology,1,1,2016,0.062,0,9,False,4.6,Low
Obesity Management,Surgery,1,1,2014,0.062,0,11,False,4.6,Low
Oblique popliteal ligament,Anatomy,1,1,2014,0.062,0,11,False,4.6,Low
Obstetric Analgesia,OBG,1,1,2014,0.062,0,11,False,4.6,Low
Obstetric Anatomy,OBG,1,1,2015,0.062,0,10,False,4.6,Low
Obstetric Care,OBG,1,1,2014,0.062,0,11,False,4.6,Low
Obstetric anatomy,OBG,1,1,2015,0.062,0,10,False,4.6,Low
Obstetric anesthesia,Anaesthesia,1,1,2015,0.062,0,10,False,4.6,Low
Obstetric care,OBG,1,1,2014,0.062,0,11,False,4.6,Low
Obstructive Azoospermia,Medicine,1,1,2016,0.062,0,9,False,4.6,Low
Occupational Hazards,Community Medicine,1,1,2016,0.062,0,9,False,4.6,Low
Ocular Adnexa Anatomy,Anatomy,1,1,2014,0.062,0,11,False,4.6,Low
Ocular Biometry,Ophthalmology,1,1,2015,0.062,0,10,False,4.6,Low
Ocular Parasitic Disease,Ophthalmology,1,1,2014,0.062,0,11,False,4.6,Low
Ocular Reflexes,Ophthalmology,1,1,2014,0.062,0,11,False,4.6,Low
Ocular Signs,Ophthalmology,1,1,2015,0.062,0,10,False,4.6,Low
Ocular biometry,Ophthalmology,1,1,2015,0.062,0,10,False,4.6,Low
Ocular parasitic disease,Ophthalmology,1,1,2014,0.062,0,11,False,4.6,Low
Ocular reflexes,Ophthalmology,1,1,2014,0.062,0,11,False,4.6,Low
Ocular signs,Ophthalmology,1,1,2014,0.062,0,11,False,4.6,Low
Odontogenic Cysts,Pathology,1,1,2015,0.062,0,10,False,4.6,Low
Oesophageal Disorders,Surgery,1,1,2014,0.062,0,11,False,4.6,Low
Oesophageal Perforation,Radiology,1,1,2016,0.062,0,9,False,4.6,Low
Oesophageal disorders,Surgery,1,1,2014,0.062,0,11,False,4.6,Low
Oesophageal perforation,Radiology,1,1,2016,0.062,0,9,False,4.6,Low
Olfactory System,Anatomy,1,1,2014,0.062,0,11,False,4.6,Low
Olfactory system,Anatomy,1,1,2014,0.062,0,11,False,4.6,Low
Omental sign,Radiology,1,1,2016,0.062,0,9,False,4.6,Low
Omphalocele,Pediatrics,1,1,2016,0.062,0,9,False,4.6,Low
Onchocerciasis,Microbiology,1,1,2015,0.062,0,10,False,4.6,Low
Oncogene,Pathology,1,1,2016,0.062,0,9,False,4.6,Low
Oncogenic Viruses,Microbiology,1,1,2014,0.062,0,11,False,4.6,Low
Oncotic Pressure,Physiology,1,1,2015,0.062,0,10,False,4.6,Low
Oncotic pressure,Physiology,1,1,2015,0.062,0,10,False,4.6,Low
Oogenesis,Physiology,1,1,2014,0.062,0,11,False,4.6,Low
Operative Techniques,Surgery,1,1,2016,0.062,0,9,False,4.6,Low
Ophthalmic emergencies,Ophthalmology,1,1,2015,0.062,0,10,False,4.6,Low
Ophthalmic instruments,Ophthalmology,1,1,2015,0.062,0,10,False,4.6,Low
Opioid Receptors,Pharmacology,1,1,2015,0.062,0,10,False,4.6,Low
Oppositional Defiant Disorder,Psychiatry,1,1,2015,0.062,0,10,False,4.6,Low
Optic Neuropathies,Ophthalmology,1,1,2014,0.062,0,11,False,4.6,Low
Optic canal,Anatomy,1,1,2014,0.062,0,11,False,4.6,Low
Optic tract lesions,Ophthalmology,1,1,2014,0.062,0,11,False,4.6,Low
Optical density,Ophthalmology,1,1,2014,0.062,0,11,False,4.6,Low
Oral Anticoagulants,Pharmacology,1,1,2014,0.062,0,11,False,4.6,Low
Oral Candidiasis,ENT,1,1,2014,0.062,0,11,False,4.6,Low
Oral Cavity Carcinoma,ENT,1,1,2015,0.062,0,10,False,4.6,Low
Oral Cavity Neoplasms,Surgery,1,1,2014,0.062,0,11,False,4.6,Low
Oral Contraceptive Pills,OBG,1,1,2015,0.062,0,10,False,4.6,Low
Oral Manifestations,Medicine,1,1,2015,0.062,0,10,False,4.6,Low
Oral Rehydration Therapy,Community Medicine,1,1,2015,0.062,0,10,False,4.6,Low
Oral Ulceration,Medicine,1,1,2015,0.062,0,10,False,4.6,Low
Oral cavity carcinoma,ENT,1,1,2015,0.062,0,10,False,4.6,Low
Orbicularis oculi,Anatomy,1,1,2016,0.062,0,9,False,4.6,Low
Orbital Cysts,Ophthalmology,1,1,2014,0.062,0,11,False,4.6,Low
Orbital cysts,Ophthalmology,1,1,2014,0.062,0,11,False,4.6,Low
Orbital lesions,Ophthalmology,1,1,2014,0.062,0,11,False,4.6,Low
Organ Pathology,Pathology,1,1,2016,0.062,0,9,False,4.6,Low
Organophosphate Insecticides,Pharmacology,1,1,2015,0.062,0,10,False,4.6,Low
Ormond Disease,Pathology,1,1,2014,0.062,0,11,False,4.6,Low
Oropharyngeal Carcinoma,ENT,1,1,2014,0.062,0,11,False,4.6,Low
Oropharyngeal Foreign Body,ENT,1,1,2014,0.062,0,11,False,4.6,Low
Oropharyngeal foreign body,ENT,1,1,2014,0.062,0,11,False,4.6,Low
Ortolani test,Orthopedics,1,1,2016,0.062,0,9,False,4.6,Low
Osmolarity,Medicine,1,1,2016,0.062,0,9,False,4.6,Low
Ossicles,ENT,1,1,2014,0.062,0,11,False,4.6,Low
Osteoclast,Pathology,1,1,2015,0.062,0,10,False,4.6,Low
Osteogenesis Imperfecta,Orthopedics,1,1,2016,0.062,0,9,False,4.6,Low
Osteogenesis imperfecta,Orthopedics,1,1,2016,0.062,0,9,False,4.6,Low
Osteolytic lesions,Pharmacology,1,1,2015,0.062,0,10,False,4.6,Low
Osteoporosis Drugs,Pharmacology,1,1,2016,0.062,0,9,False,4.6,Low
Ovarian Disorders,Pediatrics,1,1,2014,0.062,0,11,False,4.6,Low
Ovarian cysts,OBG,1,1,2016,0.062,0,9,False,4.6,Low
Ovary,Anatomy,1,1,2015,0.062,0,10,False,4.6,Low
Ovulation,Physiology,1,1,2014,0.062,0,11,False,4.6,Low
Oxazolidinones,Pharmacology,1,1,2016,0.062,0,9,False,4.6,Low
Oxidative stress,Biochemistry,1,1,2016,0.062,0,9,False,4.6,Low
Oxygen cylinder,Anaesthesia,1,1,2014,0.062,0,11,False,4.6,Low
Oxygen transport,Physiology,1,1,2014,0.062,0,11,False,4.6,Low
Oxygen-Hemoglobin Dissociation Curve,Physiology,1,1,2016,0.062,0,9,False,4.6,Low
Oxygen-hemoglobin dissociation,Physiology,1,1,2015,0.062,0,10,False,4.6,Low
PDE5 Inhibitors,Pharmacology,1,1,2014,0.062,0,11,False,4.6,Low
PEEP,Anaesthesia,1,1,2014,0.062,0,11,False,4.6,Low
PET imaging,Radiology,1,1,2015,0.062,0,10,False,4.6,Low
POP cast,Orthopedics,1,1,2015,0.062,0,10,False,4.6,Low
Pacemaker,Radiology,1,1,2015,0.062,0,10,False,4.6,Low
Paediatric Anaesthesia,Anaesthesia,1,1,2014,0.062,0,11,False,4.6,Low
Paediatric emergency,Pediatrics,1,1,2015,0.062,0,10,False,4.6,Low
Paget'S Disease,Pathology,1,1,2015,0.062,0,10,False,4.6,Low
Paget's Disease,Pathology,1,1,2015,0.062,0,10,False,4.6,Low
Pain And Temperature Pathways,Physiology,1,1,2016,0.062,0,9,False,4.6,Low
Pain Pathways,Surgery,1,1,2014,0.062,0,11,False,4.6,Low
Pain and temperature pathways,Physiology,1,1,2016,0.062,0,9,False,4.6,Low
Palatoglossal fold,ENT,1,1,2015,0.062,0,10,False,4.6,Low
Palmar Spaces,Anatomy,1,1,2014,0.062,0,11,False,4.6,Low
Palmar spaces,Anatomy,1,1,2014,0.062,0,11,False,4.6,Low
Papilledema,Ophthalmology,1,1,2015,0.062,0,10,False,4.6,Low
Paracetamol Toxicity,Pharmacology,1,1,2015,0.062,0,10,False,4.6,Low
Paracetamol toxicity,Pharmacology,1,1,2015,0.062,0,10,False,4.6,Low
Paralytic polio,Microbiology,1,1,2014,0.062,0,11,False,4.6,Low
Paranasal Sinus Disorders,ENT,1,1,2016,0.062,0,9,False,4.6,Low
Paraphilia,Psychiatry,1,1,2015,0.062,0,10,False,4.6,Low
Parasympathetic fibers,Anatomy,1,1,2016,0.062,0,9,False,4.6,Low
Parasympathetic innervation,Ophthalmology,1,1,2015,0.062,0,10,False,4.6,Low
Parasympathetic pathway,Ophthalmology,1,1,2015,0.062,0,10,False,4.6,Low
Parenteral iron therapy,Pharmacology,1,1,2014,0.062,0,11,False,4.6,Low
Parkinson Disease,Medicine,1,1,2014,0.062,0,11,False,4.6,Low
Parkinson Disease Drugs,Pharmacology,1,1,2014,0.062,0,11,False,4.6,Low
Parkinson Disease Treatment,Pharmacology,1,1,2014,0.062,0,11,False,4.6,Low
Parkinson disease,Medicine,1,1,2014,0.062,0,11,False,4.6,Low
Paroxysmal Tachycardia,Medicine,1,1,2014,0.062,0,11,False,4.6,Low
Pars plana vitrectomy,Ophthalmology,1,1,2014,0.062,0,11,False,4.6,Low
Partogram,OBG,1,1,2016,0.062,0,9,False,4.6,Low
Pasteurization,Microbiology,1,1,2016,0.062,0,9,False,4.6,Low
Patey's mastectomy,Surgery,1,1,2015,0.062,0,10,False,4.6,Low
Patient Classification,Community Medicine,1,1,2015,0.062,0,10,False,4.6,Low
Patterns Of Inheritance,Biochemistry,1,1,2016,0.062,0,9,False,4.6,Low
Patterns of Inheritance,Biochemistry,1,1,2016,0.062,0,9,False,4.6,Low
Pcos,OBG,1,1,2014,0.062,0,11,False,4.6,Low
Pediatric Abdominal Pain,Surgery,1,1,2014,0.062,0,11,False,4.6,Low
Pediatric Arrhythmias,Pediatrics,1,1,2014,0.062,0,11,False,4.6,Low
Pediatric Cardiology,Pediatrics,1,1,2014,0.062,0,11,False,4.6,Low
Pediatric Pathology,Pathology,1,1,2015,0.062,0,10,False,4.6,Low
Pediatric airway,ENT,1,1,2014,0.062,0,11,False,4.6,Low
Pediatric dermatology,Dermatology,1,1,2015,0.062,0,10,False,4.6,Low
Pegloticase,Pharmacology,1,1,2014,0.062,0,11,False,4.6,Low
Pelvic Cavity,Anatomy,1,1,2014,0.062,0,11,False,4.6,Low
Pelvic Diameters,OBG,1,1,2015,0.062,0,10,False,4.6,Low
Pelvic Inlet,OBG,1,1,2016,0.062,0,9,False,4.6,Low
Pelvic Organ Prolapse Management,OBG,1,1,2016,0.062,0,9,False,4.6,Low
Pelvic Peritoneum,Anatomy,1,1,2016,0.062,0,9,False,4.6,Low
Pelvic diameters,OBG,1,1,2015,0.062,0,10,False,4.6,Low
Pelvic floor surgery,OBG,1,1,2015,0.062,0,10,False,4.6,Low
Pelvic girdle,Anatomy,1,1,2014,0.062,0,11,False,4.6,Low
Pelvic pain,OBG,1,1,2014,0.062,0,11,False,4.6,Low
Pelvic vasculature,Anatomy,1,1,2015,0.062,0,10,False,4.6,Low
Pelvis and perineum,Anatomy,1,1,2014,0.062,0,11,False,4.6,Low
Pendred syndrome,Biochemistry,1,1,2014,0.062,0,11,False,4.6,Low
Penetrating injury,Surgery,1,1,2016,0.062,0,9,False,4.6,Low
Pentose phosphate pathway,Biochemistry,1,1,2014,0.062,0,11,False,4.6,Low
Peptide Structure,Biochemistry,1,1,2014,0.062,0,11,False,4.6,Low
Peptide bond,Biochemistry,1,1,2014,0.062,0,11,False,4.6,Low
Peptide hormones,Physiology,1,1,2015,0.062,0,10,False,4.6,Low
Peptide structure,Biochemistry,1,1,2014,0.062,0,11,False,4.6,Low
Perinatal Mortality,OBG,1,1,2016,0.062,0,9,False,4.6,Low
Perinatal Mortality Rate,Community Medicine,1,1,2014,0.062,0,11,False,4.6,Low
Perinatal mortality,OBG,1,1,2016,0.062,0,9,False,4.6,Low
Perineal Muscles,Anatomy,1,1,2016,0.062,0,9,False,4.6,Low
Perineal Tear Classification,OBG,1,1,2015,0.062,0,10,False,4.6,Low
Perioperative Anticoagulation,Medicine,1,1,2014,0.062,0,11,False,4.6,Low
Perioperative Medicine,Medicine,1,1,2015,0.062,0,10,False,4.6,Low
Peripheral Nerve,Anatomy,1,1,2016,0.062,0,9,False,4.6,Low
Peripheral Nerve Blocks,Anaesthesia,1,1,2014,0.062,0,11,False,4.6,Low
Peripheral Nerve Injury,Anatomy,1,1,2016,0.062,0,9,False,4.6,Low
Peripheral artery disease,Medicine,1,1,2014,0.062,0,11,False,4.6,Low
Peripheral nerve excitability,Medicine,1,1,2015,0.062,0,10,False,4.6,Low
Peritoneal Cavity,Anatomy,1,1,2016,0.062,0,9,False,4.6,Low
Peritoneal Tuberculosis,Radiology,1,1,2016,0.062,0,9,False,4.6,Low
Peritoneal cavity,Anatomy,1,1,2016,0.062,0,9,False,4.6,Low
Peritoneal tuberculosis,Radiology,1,1,2016,0.062,0,9,False,4.6,Low
Peritrichous flagellae,Microbiology,1,1,2014,0.062,0,11,False,4.6,Low
Perjury,Forensic Medicine,1,1,2014,0.062,0,11,False,4.6,Low
Perniosis,Dermatology,1,1,2016,0.062,0,9,False,4.6,Low
Peroneal tendons,Anatomy,1,1,2016,0.062,0,9,False,4.6,Low
Pes Cavus,Orthopedics,1,1,2015,0.062,0,10,False,4.6,Low
Pet Imaging,Radiology,1,1,2015,0.062,0,10,False,4.6,Low
Phacodonesis,Ophthalmology,1,1,2016,0.062,0,9,False,4.6,Low
Phacoemulsification,Ophthalmology,1,1,2016,0.062,0,9,False,4.6,Low
Phaeochromocytoma,Pharmacology,1,1,2014,0.062,0,11,False,4.6,Low
Phakic IOL complications,Ophthalmology,1,1,2016,0.062,0,9,False,4.6,Low
Phakic Iol Complications,Ophthalmology,1,1,2016,0.062,0,9,False,4.6,Low
Phakomatoses,Medicine,1,1,2016,0.062,0,9,False,4.6,Low
Pharmacokinetic Drug Interactions,Pharmacology,1,1,2016,0.062,0,9,False,4.6,Low
Pharmacokinetic drug interactions,Pharmacology,1,1,2016,0.062,0,9,False,4.6,Low
Pharmacological effects,Pharmacology,1,1,2015,0.062,0,10,False,4.6,Low
Pharmacological treatment,OBG,1,1,2016,0.062,0,9,False,4.6,Low
Pharmacology Of Diabetes,Pharmacology,1,1,2014,0.062,0,11,False,4.6,Low
Pharmacology Of Substance Abuse,Pharmacology,1,1,2014,0.062,0,11,False,4.6,Low
Pharmacology of Diabetes,Pharmacology,1,1,2014,0.062,0,11,False,4.6,Low
Pharmacology of substance abuse,Pharmacology,1,1,2014,0.062,0,11,False,4.6,Low
Pharyngeal Carcinoma,ENT,1,1,2014,0.062,0,11,False,4.6,Low
Pharyngeal carcinoma,ENT,1,1,2014,0.062,0,11,False,4.6,Low
Pharyngeal diverticulum,ENT,1,1,2015,0.062,0,10,False,4.6,Low
Pharyngeal wall,ENT,1,1,2014,0.062,0,11,False,4.6,Low
Pharynx And Esophagus,Anatomy,1,1,2016,0.062,0,9,False,4.6,Low
Pharynx And Larynx,ENT,1,1,2016,0.062,0,9,False,4.6,Low
Pharynx and Larynx,ENT,1,1,2016,0.062,0,9,False,4.6,Low
Pharynx and esophagus,Anatomy,1,1,2016,0.062,0,9,False,4.6,Low
Phosphate Metabolism,Biochemistry,1,1,2016,0.062,0,9,False,4.6,Low
Phosphate metabolism,Biochemistry,1,1,2016,0.062,0,9,False,4.6,Low
Phosphodiesterase Inhibitors,Pharmacology,1,1,2016,0.062,0,9,False,4.6,Low
Phosphorus Metabolism,Biochemistry,1,1,2014,0.062,0,11,False,4.6,Low
Phosphorus metabolism,Biochemistry,1,1,2014,0.062,0,11,False,4.6,Low
Phosphorus poisoning,Pharmacology,1,1,2016,0.062,0,9,False,4.6,Low
Pigment Gallstones,Pathology,1,1,2015,0.062,0,10,False,4.6,Low
Pigmentation disorders,Dermatology,1,1,2016,0.062,0,9,False,4.6,Low
Pigmented Disorders,Dermatology,1,1,2015,0.062,0,10,False,4.6,Low
Pigmented disorders,Dermatology,1,1,2015,0.062,0,10,False,4.6,Low
Pilonidal Sinus,Surgery,1,1,2014,0.062,0,11,False,4.6,Low
Placental Separation,OBG,1,1,2015,0.062,0,10,False,4.6,Low
Placentation,OBG,1,1,2016,0.062,0,9,False,4.6,Low
Plantar arch,Anatomy,1,1,2016,0.062,0,9,False,4.6,Low
Plasminogen,Biochemistry,1,1,2015,0.062,0,10,False,4.6,Low
Plaster Of Paris Cast,Orthopedics,1,1,2015,0.062,0,10,False,4.6,Low
Plaster application,Orthopedics,1,1,2015,0.062,0,10,False,4.6,Low
Plaster of Paris cast,Orthopedics,1,1,2015,0.062,0,10,False,4.6,Low
Platelet function,Physiology,1,1,2014,0.062,0,11,False,4.6,Low
Pneumocystis jiroveci,Microbiology,1,1,2014,0.062,0,11,False,4.6,Low
Pneumonitis,Pathology,1,1,2015,0.062,0,10,False,4.6,Low
Polar Body,Physiology,1,1,2014,0.062,0,11,False,4.6,Low
Polymyalgia Rheumatica,Medicine,1,1,2014,0.062,0,11,False,4.6,Low
Polymyositis,Medicine,1,1,2016,0.062,0,9,False,4.6,Low
Polymyxins,Pharmacology,1,1,2014,0.062,0,11,False,4.6,Low
Polysomnography,Medicine,1,1,2014,0.062,0,11,False,4.6,Low
Polyuria,Medicine,1,1,2015,0.062,0,10,False,4.6,Low
Porphyrin Synthesis,Biochemistry,1,1,2014,0.062,0,11,False,4.6,Low
Porphyrins,Biochemistry,1,1,2016,0.062,0,9,False,4.6,Low
Post-Operative Complications,Ophthalmology,1,1,2016,0.062,0,9,False,4.6,Low
Postdural puncture headache,Anaesthesia,1,1,2014,0.062,0,11,False,4.6,Low
Posterior Fossa Anomalies,Radiology,1,1,2016,0.062,0,9,False,4.6,Low
Posterior vaginal wall,Anatomy,1,1,2014,0.062,0,11,False,4.6,Low
Postgastrectomy complications,Surgery,1,1,2014,0.062,0,11,False,4.6,Low
Postinflammatory Hypopigmentation,Dermatology,1,1,2016,0.062,0,9,False,4.6,Low
Postinflammatory hypopigmentation,Dermatology,1,1,2016,0.062,0,9,False,4.6,Low
Postmortem,Forensic Medicine,1,1,2015,0.062,0,10,False,4.6,Low
Postmortem Procedures,Forensic Medicine,1,1,2014,0.062,0,11,False,4.6,Low
Postpartum seizures,Medicine,1,1,2016,0.062,0,9,False,4.6,Low
Posture control,Physiology,1,1,2014,0.062,0,11,False,4.6,Low
Pott'S Paraplegia,Orthopedics,1,1,2016,0.062,0,9,False,4.6,Low
Pott's Paraplegia,Orthopedics,1,1,2016,0.062,0,9,False,4.6,Low
Potter syndrome,Pathology,1,1,2014,0.062,0,11,False,4.6,Low
Prader-Willi Syndrome,Biochemistry,1,1,2014,0.062,0,11,False,4.6,Low
Pre-Eclampsia,OBG,1,1,2016,0.062,0,9,False,4.6,Low
Precancerous lesions,Pathology,1,1,2015,0.062,0,10,False,4.6,Low
Preconception Care,OBG,1,1,2014,0.062,0,11,False,4.6,Low
Preconception care,OBG,1,1,2014,0.062,0,11,False,4.6,Low
Preimplantation Genetic Testing,OBG,1,1,2016,0.062,0,9,False,4.6,Low
Premalignant Skin Lesions,Dermatology,1,1,2015,0.062,0,10,False,4.6,Low
Premature Ovarian Failure,OBG,1,1,2015,0.062,0,10,False,4.6,Low
Prenatal Management,OBG,1,1,2014,0.062,0,11,False,4.6,Low
Prenatal Therapy,OBG,1,1,2014,0.062,0,11,False,4.6,Low
Prenatal care,OBG,1,1,2015,0.062,0,10,False,4.6,Low
Pressure,Anaesthesia,1,1,2014,0.062,0,11,False,4.6,Low
Pressure Ulcer,Surgery,1,1,2016,0.062,0,9,False,4.6,Low
Prevention Levels,Community Medicine,1,1,2014,0.062,0,11,False,4.6,Low
Priapism,Surgery,1,1,2015,0.062,0,10,False,4.6,Low
Primary Health Centre,Community Medicine,1,1,2016,0.062,0,9,False,4.6,Low
Primary hyperparathyroidism,Medicine,1,1,2016,0.062,0,9,False,4.6,Low
Principles,Forensic Medicine,1,1,2016,0.062,0,9,False,4.6,Low
Prion Diseases,Pathology,1,1,2014,0.062,0,11,False,4.6,Low
Prion diseases,Pathology,1,1,2014,0.062,0,11,False,4.6,Low
Professional Secrecy,Forensic Medicine,1,1,2014,0.062,0,11,False,4.6,Low
Progesterone Antagonists,Pharmacology,1,1,2016,0.062,0,9,False,4.6,Low
Progesterone antagonists,Pharmacology,1,1,2016,0.062,0,9,False,4.6,Low
Progesterone receptor antagonists,Pharmacology,1,1,2016,0.062,0,9,False,4.6,Low
Prognostic factors,Medicine,1,1,2016,0.062,0,9,False,4.6,Low
Prokinetic drugs,Pharmacology,1,1,2016,0.062,0,9,False,4.6,Low
Propofol,Pharmacology,1,1,2016,0.062,0,9,False,4.6,Low
Propofol Infusion Syndrome,Pharmacology,1,1,2014,0.062,0,11,False,4.6,Low
Propofol infusion syndrome,Pharmacology,1,1,2014,0.062,0,11,False,4.6,Low
Prostaglandin Analogues,Pharmacology,1,1,2016,0.062,0,9,False,4.6,Low
Prostaglandin analogues,Pharmacology,1,1,2016,0.062,0,9,False,4.6,Low
Prostate,Anatomy,1,1,2015,0.062,0,10,False,4.6,Low
Prosthetics,Orthopedics,1,1,2014,0.062,0,11,False,4.6,Low
Protein Requirement,Biochemistry,1,1,2014,0.062,0,11,False,4.6,Low
Protein Sequencing,Biochemistry,1,1,2016,0.062,0,9,False,4.6,Low
Protein biochemistry,Biochemistry,1,1,2016,0.062,0,9,False,4.6,Low
Protein folding,Medicine,1,1,2016,0.062,0,9,False,4.6,Low
Protein requirement,Biochemistry,1,1,2014,0.062,0,11,False,4.6,Low
Proteinuria,Pathology,1,1,2014,0.062,0,11,False,4.6,Low
Proteolytic Enzymes,Biochemistry,1,1,2015,0.062,0,10,False,4.6,Low
Proteolytic enzymes,Biochemistry,1,1,2015,0.062,0,10,False,4.6,Low
Proteus,Microbiology,1,1,2015,0.062,0,10,False,4.6,Low
Proton Pump Inhibitors,Pharmacology,1,1,2015,0.062,0,10,False,4.6,Low
Proton pump inhibitors,Pharmacology,1,1,2015,0.062,0,10,False,4.6,Low
Protozoan cysts,Microbiology,1,1,2014,0.062,0,11,False,4.6,Low
Pseudoseizures,Psychiatry,1,1,2014,0.062,0,11,False,4.6,Low
Psychiatric Certification,Psychiatry,1,1,2015,0.062,0,10,False,4.6,Low
Psychiatric Management,Psychiatry,1,1,2014,0.062,0,11,False,4.6,Low
Psychodynamic Theory,Psychiatry,1,1,2016,0.062,0,9,False,4.6,Low
Psychophysics,Physiology,1,1,2014,0.062,0,11,False,4.6,Low
Public health programs,Community Medicine,1,1,2014,0.062,0,11,False,4.6,Low
Pudendal Canal,Anatomy,1,1,2016,0.062,0,9,False,4.6,Low
Puerperal Pyrexia,OBG,1,1,2014,0.062,0,11,False,4.6,Low
Puerperal Sepsis,OBG,1,1,2015,0.062,0,10,False,4.6,Low
Pulmonary Radiology,Radiology,1,1,2016,0.062,0,9,False,4.6,Low
Pulmonary eosinophilia,Medicine,1,1,2014,0.062,0,11,False,4.6,Low
Pulmonary radiology,Radiology,1,1,2016,0.062,0,9,False,4.6,Low
Pupil,Ophthalmology,1,1,2016,0.062,0,9,False,4.6,Low
Pupil Abnormalities,Ophthalmology,1,1,2015,0.062,0,10,False,4.6,Low
Pupil abnormalities,Ophthalmology,1,1,2015,0.062,0,10,False,4.6,Low
Pupil signs,Forensic Medicine,1,1,2014,0.062,0,11,False,4.6,Low
Pupillary Muscles,Ophthalmology,1,1,2015,0.062,0,10,False,4.6,Low
Pupillary abnormalities,Ophthalmology,1,1,2015,0.062,0,10,False,4.6,Low
Pupillary muscles,Ophthalmology,1,1,2015,0.062,0,10,False,4.6,Low
Pupillary reflex,Ophthalmology,1,1,2015,0.062,0,10,False,4.6,Low
Pure word deafness,Anatomy,1,1,2016,0.062,0,9,False,4.6,Low
Purine And Pyrimidine Metabolism,Biochemistry,1,1,2014,0.062,0,11,False,4.6,Low
Purine Catabolism,Biochemistry,1,1,2014,0.062,0,11,False,4.6,Low
Purine Salvage Pathway,Biochemistry,1,1,2014,0.062,0,11,False,4.6,Low
Purine Synthesis,Biochemistry,1,1,2014,0.062,0,11,False,4.6,Low
Purine and Pyrimidine Metabolism,Biochemistry,1,1,2014,0.062,0,11,False,4.6,Low
Purine biosynthesis,Biochemistry,1,1,2014,0.062,0,11,False,4.6,Low
Purine salvage pathway,Biochemistry,1,1,2014,0.062,0,11,False,4.6,Low
Purine synthesis,Biochemistry,1,1,2016,0.062,0,9,False,4.6,Low
Pyramidal Tract Lesion,Medicine,1,1,2014,0.062,0,11,False,4.6,Low
Pyrethroid Insecticides,Community Medicine,1,1,2016,0.062,0,9,False,4.6,Low
Pyruvate Dehydrogenase Complex,Biochemistry,1,1,2015,0.062,0,10,False,4.6,Low
Pyruvate dehydrogenase complex,Biochemistry,1,1,2015,0.062,0,10,False,4.6,Low
QT interval,Medicine,1,1,2016,0.062,0,9,False,4.6,Low
QT interval prolongation,Pharmacology,1,1,2014,0.062,0,11,False,4.6,Low
Qt Interval,Medicine,1,1,2016,0.062,0,9,False,4.6,Low
Qt Interval Prolongation,Pharmacology,1,1,2014,0.062,0,11,False,4.6,Low
Quadratus lumborum,Anatomy,1,1,2016,0.062,0,9,False,4.6,Low
RNA splicing,Biochemistry,1,1,2016,0.062,0,9,False,4.6,Low
Rabies Prophylaxis,Community Medicine,1,1,2014,0.062,0,11,False,4.6,Low
Radial Head Subluxation,Orthopedics,1,1,2016,0.062,0,9,False,4.6,Low
Radial Nerve Injury,Orthopedics,1,1,2015,0.062,0,10,False,4.6,Low
Radial nerve injury,Orthopedics,1,1,2015,0.062,0,10,False,4.6,Low
Radiation Injury,Pathology,1,1,2015,0.062,0,10,False,4.6,Low
Radiation Toxicity,Radiology,1,1,2015,0.062,0,10,False,4.6,Low
Radiation hazards,Community Medicine,1,1,2016,0.062,0,9,False,4.6,Low
Radical Hysterectomy,OBG,1,1,2015,0.062,0,10,False,4.6,Low
Radioactivity,Radiology,1,1,2016,0.062,0,9,False,4.6,Low
Radiofrequency Ablation,Surgery,1,1,2014,0.062,0,11,False,4.6,Low
Radiofrequency ablation,Surgery,1,1,2014,0.062,0,11,False,4.6,Low
Radiographic Imaging,Radiology,1,1,2014,0.062,0,11,False,4.6,Low
Radiographic Projections,Radiology,1,1,2016,0.062,0,9,False,4.6,Low
Radiographic Signs,Radiology,1,1,2014,0.062,0,11,False,4.6,Low
Radiographic Techniques,Radiology,1,1,2016,0.062,0,9,False,4.6,Low
Radiographic findings,Medicine,1,1,2014,0.062,0,11,False,4.6,Low
Radiographic projections,Radiology,1,1,2016,0.062,0,9,False,4.6,Low
Radiological Signs Of Fetal Death,Radiology,1,1,2016,0.062,0,9,False,4.6,Low
Radiological Signs of Fetal Death,Radiology,1,1,2016,0.062,0,9,False,4.6,Low
Randomization,Community Medicine,1,1,2015,0.062,0,10,False,4.6,Low
Rash,Dermatology,1,1,2014,0.062,0,11,False,4.6,Low
Receptor binding,Pharmacology,1,1,2014,0.062,0,11,False,4.6,Low
Rectal Carcinoma,Surgery,1,1,2016,0.062,0,9,False,4.6,Low
Rectal Route,Pharmacology,1,1,2014,0.062,0,11,False,4.6,Low
Rectal carcinoma,Surgery,1,1,2016,0.062,0,9,False,4.6,Low
Rectovesical Fascia,Anatomy,1,1,2016,0.062,0,9,False,4.6,Low
Rectus sheath,Anatomy,1,1,2016,0.062,0,9,False,4.6,Low
Recurrence Risk,Pediatrics,1,1,2014,0.062,0,11,False,4.6,Low
Recurrence risk,OBG,1,1,2014,0.062,0,11,False,4.6,Low
Reference Values,Pathology,1,1,2016,0.062,0,9,False,4.6,Low
Referred pain,Anatomy,1,1,2016,0.062,0,9,False,4.6,Low
Regional Anesthesia Complications,Anaesthesia,1,1,2014,0.062,0,11,False,4.6,Low
Research methodology,Community Medicine,1,1,2015,0.062,0,10,False,4.6,Low
Reservoir,Microbiology,1,1,2015,0.062,0,10,False,4.6,Low
Resting Membrane Potential,Physiology,1,1,2014,0.062,0,11,False,4.6,Low
Retinitis Pigmentosa,Ophthalmology,1,1,2014,0.062,0,11,False,4.6,Low
Retinitis pigmentosa,Ophthalmology,1,1,2014,0.062,0,11,False,4.6,Low
Retinoids,Dermatology,1,1,2016,0.062,0,9,False,4.6,Low
Retinoscopy,Ophthalmology,1,1,2014,0.062,0,11,False,4.6,Low
Retrobulbar space,Ophthalmology,1,1,2014,0.062,0,11,False,4.6,Low
Retroperitoneal Fibrosis,Pathology,1,1,2014,0.062,0,11,False,4.6,Low
Retroperitoneal Structures,Anatomy,1,1,2014,0.062,0,11,False,4.6,Low
Retroperitoneal structures,Anatomy,1,1,2014,0.062,0,11,False,4.6,Low
Rett syndrome,Psychiatry,1,1,2014,0.062,0,11,False,4.6,Low
Reverse Transcription,Biochemistry,1,1,2015,0.062,0,10,False,4.6,Low
Reverse hypopyon,Ophthalmology,1,1,2015,0.062,0,10,False,4.6,Low
Reversible Injury,Pathology,1,1,2014,0.062,0,11,False,4.6,Low
Reye Syndrome,Pediatrics,1,1,2014,0.062,0,11,False,4.6,Low
Rh antigen,Biochemistry,1,1,2014,0.062,0,11,False,4.6,Low
Rhabdomyosarcoma,Pathology,1,1,2014,0.062,0,11,False,4.6,Low
Rheumatoid factor,Pathology,1,1,2014,0.062,0,11,False,4.6,Low
Rhinophyma,Dermatology,1,1,2014,0.062,0,11,False,4.6,Low
Ribs,Anatomy,1,1,2014,0.062,0,11,False,4.6,Low
Rifampicin resistance,Microbiology,1,1,2014,0.062,0,11,False,4.6,Low
Riluzole,Pharmacology,1,1,2014,0.062,0,11,False,4.6,Low
Rimonabant,Pharmacology,1,1,2014,0.062,0,11,False,4.6,Low
Risk Assessment,Community Medicine,1,1,2015,0.062,0,10,False,4.6,Low
Risk Measures,Community Medicine,1,1,2015,0.062,0,10,False,4.6,Low
Risk-benefit analysis,Community Medicine,1,1,2014,0.062,0,11,False,4.6,Low
Rna Splicing,Biochemistry,1,1,2016,0.062,0,9,False,4.6,Low
Robertson translocation,Pathology,1,1,2015,0.062,0,10,False,4.6,Low
Rotator Cuff Impingement,Orthopedics,1,1,2016,0.062,0,9,False,4.6,Low
Rotator Cuff Injuries,Orthopedics,1,1,2016,0.062,0,9,False,4.6,Low
Rotator Cuff Pathology,Orthopedics,1,1,2014,0.062,0,11,False,4.6,Low
Rotator cuff pathology,Orthopedics,1,1,2014,0.062,0,11,False,4.6,Low
Round pneumonia,Medicine,1,1,2014,0.062,0,11,False,4.6,Low
SARS,Community Medicine,1,1,2016,0.062,0,9,False,4.6,Low
SIRS,Medicine,1,1,2016,0.062,0,9,False,4.6,Low
SSPE,Pharmacology,1,1,2015,0.062,0,10,False,4.6,Low
SVC syndrome,Medicine,1,1,2016,0.062,0,9,False,4.6,Low
Sacrum,Anatomy,1,1,2014,0.062,0,11,False,4.6,Low
Safety features,Anaesthesia,1,1,2016,0.062,0,9,False,4.6,Low
Safety officer,Community Medicine,1,1,2016,0.062,0,9,False,4.6,Low
Salivary Gland Diseases,ENT,1,1,2014,0.062,0,11,False,4.6,Low
Salivary gland,ENT,1,1,2016,0.062,0,9,False,4.6,Low
Salivary gland pathology,Pathology,1,1,2016,0.062,0,9,False,4.6,Low
Salter-Harris classification,Orthopedics,1,1,2014,0.062,0,11,False,4.6,Low
Sample collection,Microbiology,1,1,2016,0.062,0,9,False,4.6,Low
Sarcomere,Physiology,1,1,2016,0.062,0,9,False,4.6,Low
Scapula,Anatomy,1,1,2016,0.062,0,9,False,4.6,Low
Schilling test,Medicine,1,1,2014,0.062,0,11,False,4.6,Low
Schwalbe's ring,Ophthalmology,1,1,2016,0.062,0,9,False,4.6,Low
Schwann cells,Anatomy,1,1,2014,0.062,0,11,False,4.6,Low
Sciatic nerve,Anatomy,1,1,2014,0.062,0,11,False,4.6,Low
Scleromalacia Perforans,Ophthalmology,1,1,2016,0.062,0,9,False,4.6,Low
Scleromalacia perforans,Ophthalmology,1,1,2016,0.062,0,9,False,4.6,Low
Screening For Diseases,Community Medicine,1,1,2016,0.062,0,9,False,4.6,Low
Screening for Diseases,Community Medicine,1,1,2016,0.062,0,9,False,4.6,Low
Screening tests,Community Medicine,1,1,2016,0.062,0,9,False,4.6,Low
Seasonal Affective Disorder,Psychiatry,1,1,2015,0.062,0,10,False,4.6,Low
Seasonal affective disorder,Psychiatry,1,1,2015,0.062,0,10,False,4.6,Low
Seborrhic Dermatitis,Dermatology,1,1,2015,0.062,0,10,False,4.6,Low
Seborrhic dermatitis,Dermatology,1,1,2015,0.062,0,10,False,4.6,Low
Second Messengers,Biochemistry,1,1,2015,0.062,0,10,False,4.6,Low
Secondary Survey,Medicine,1,1,2015,0.062,0,10,False,4.6,Low
Secondary attack rate,Community Medicine,1,1,2016,0.062,0,9,False,4.6,Low
Sectoral Sign,Radiology,1,1,2014,0.062,0,11,False,4.6,Low
Selective Mutism,Psychiatry,1,1,2014,0.062,0,11,False,4.6,Low
Selective media,Microbiology,1,1,2014,0.062,0,11,False,4.6,Low
Self-Harm,Psychiatry,1,1,2015,0.062,0,10,False,4.6,Low
Self-harm,Psychiatry,1,1,2015,0.062,0,10,False,4.6,Low
Seminal vesicles,Anatomy,1,1,2015,0.062,0,10,False,4.6,Low
Semitendinosus,Anatomy,1,1,2014,0.062,0,11,False,4.6,Low
Sensitivity,Community Medicine,1,1,2016,0.062,0,9,False,4.6,Low
Sensorineural hearing loss,ENT,1,1,2015,0.062,0,10,False,4.6,Low
Sensory perception,Anatomy,1,1,2014,0.062,0,11,False,4.6,Low
Sentinel Surveillance,Community Medicine,1,1,2014,0.062,0,11,False,4.6,Low
Sentinel lymph node biopsy,Surgery,1,1,2014,0.062,0,11,False,4.6,Low
Serotonin Receptors,Pharmacology,1,1,2016,0.062,0,9,False,4.6,Low
Serous otitis media,ENT,1,1,2014,0.062,0,11,False,4.6,Low
Serum Sickness,Pathology,1,1,2015,0.062,0,10,False,4.6,Low
Serum sickness,Pathology,1,1,2015,0.062,0,10,False,4.6,Low
Severe preeclampsia,OBG,1,1,2014,0.062,0,11,False,4.6,Low
Sex Reassignment Surgery,Psychiatry,1,1,2015,0.062,0,10,False,4.6,Low
Sexual Dysfunctions,Psychiatry,1,1,2016,0.062,0,9,False,4.6,Low
Sexually Transmitted Diseases,Dermatology,1,1,2015,0.062,0,10,False,4.6,Low
Sexually transmitted diseases,Dermatology,1,1,2015,0.062,0,10,False,4.6,Low
Shield material,Radiology,1,1,2016,0.062,0,9,False,4.6,Low
Shock Management,Pediatrics,1,1,2015,0.062,0,10,False,4.6,Low
Shock management,Pediatrics,1,1,2015,0.062,0,10,False,4.6,Low
Short bowel syndrome,Surgery,1,1,2015,0.062,0,10,False,4.6,Low
Shoulder Anatomy,Anatomy,1,1,2014,0.062,0,11,False,4.6,Low
Shoulder Instability,Orthopedics,1,1,2014,0.062,0,11,False,4.6,Low
Shoulder Movements,Orthopedics,1,1,2016,0.062,0,9,False,4.6,Low
Shoulder dislocation,Orthopedics,1,1,2015,0.062,0,10,False,4.6,Low
Shoulder instability,Orthopedics,1,1,2014,0.062,0,11,False,4.6,Low
Shrinking Lung Syndrome,Medicine,1,1,2015,0.062,0,10,False,4.6,Low
Sialolithiasis,Radiology,1,1,2016,0.062,0,9,False,4.6,Low
Sideroblastic anemia,Pathology,1,1,2016,0.062,0,9,False,4.6,Low
Signal transduction,Biochemistry,1,1,2015,0.062,0,10,False,4.6,Low
Sinus Imaging,Radiology,1,1,2014,0.062,0,11,False,4.6,Low
Sinus Radiography,Radiology,1,1,2014,0.062,0,11,False,4.6,Low
Sirs,Medicine,1,1,2016,0.062,0,9,False,4.6,Low
Site distribution,Dermatology,1,1,2016,0.062,0,9,False,4.6,Low
Sjogren syndrome,Radiology,1,1,2016,0.062,0,9,False,4.6,Low
Sjögren'S Syndrome,Medicine,1,1,2016,0.062,0,9,False,4.6,Low
Sjögren's syndrome,Medicine,1,1,2016,0.062,0,9,False,4.6,Low
Skeletal Traction,Orthopedics,1,1,2014,0.062,0,11,False,4.6,Low
Skeletal dysplasias,Orthopedics,1,1,2014,0.062,0,11,False,4.6,Low
Skeletal muscle,Physiology,1,1,2014,0.062,0,11,False,4.6,Low
Skin Cancers,Dermatology,1,1,2016,0.062,0,9,False,4.6,Low
Skin and Nail,Microbiology,1,1,2014,0.062,0,11,False,4.6,Low
Skin cancers,Dermatology,1,1,2016,0.062,0,9,False,4.6,Low
Skin innervation,Physiology,1,1,2015,0.062,0,10,False,4.6,Low
Small Intestine,Anatomy,1,1,2016,0.062,0,9,False,4.6,Low
Small bowel disease,Pathology,1,1,2015,0.062,0,10,False,4.6,Low
Small chain fatty acids,Physiology,1,1,2016,0.062,0,9,False,4.6,Low
Small intestine,Anatomy,1,1,2016,0.062,0,9,False,4.6,Low
Smegma Bacilli,Forensic Medicine,1,1,2014,0.062,0,11,False,4.6,Low
Smoking,Community Medicine,1,1,2015,0.062,0,10,False,4.6,Low
Smoking Cessation,Pharmacology,1,1,2014,0.062,0,11,False,4.6,Low
Smooth muscle,Physiology,1,1,2014,0.062,0,11,False,4.6,Low
Socioeconomic Status,Community Medicine,1,1,2014,0.062,0,11,False,4.6,Low
Sodium channel blockers,Pharmacology,1,1,2014,0.062,0,11,False,4.6,Low
Sodium disorders,Medicine,1,1,2014,0.062,0,11,False,4.6,Low
Sodium fluoride,ENT,1,1,2015,0.062,0,10,False,4.6,Low
Soft Tissue Injury,Orthopedics,1,1,2014,0.062,0,11,False,4.6,Low
Soft tissue injury,Orthopedics,1,1,2014,0.062,0,11,False,4.6,Low
Solid Waste Management,Community Medicine,1,1,2014,0.062,0,11,False,4.6,Low
Somatoform disorders,Psychiatry,1,1,2016,0.062,0,9,False,4.6,Low
Somatostatin Analogs,Pharmacology,1,1,2016,0.062,0,9,False,4.6,Low
Somatostatin analogs,Pharmacology,1,1,2016,0.062,0,9,False,4.6,Low
Spasticity management,Pharmacology,1,1,2014,0.062,0,11,False,4.6,Low
Specimen Collection,Microbiology,1,1,2015,0.062,0,10,False,4.6,Low
Spinal Anesthesia,Anaesthesia,1,1,2015,0.062,0,10,False,4.6,Low
Spinal Anesthesia Complications,Anaesthesia,1,1,2014,0.062,0,11,False,4.6,Low
Spinal cord,Anatomy,1,1,2016,0.062,0,9,False,4.6,Low
Spinal cord segments,Physiology,1,1,2014,0.062,0,11,False,4.6,Low
Spinal deformity,Orthopedics,1,1,2016,0.062,0,9,False,4.6,Low
Spinal involvement,Medicine,1,1,2015,0.062,0,10,False,4.6,Low
Spinothalamic tract,Physiology,1,1,2016,0.062,0,9,False,4.6,Low
Spleen Pathology,Pathology,1,1,2016,0.062,0,9,False,4.6,Low
Spleen location,Anatomy,1,1,2014,0.062,0,11,False,4.6,Low
Splenic Artery,Anatomy,1,1,2015,0.062,0,10,False,4.6,Low
Splenic injury,Surgery,1,1,2014,0.062,0,11,False,4.6,Low
Splinting,Orthopedics,1,1,2015,0.062,0,10,False,4.6,Low
Spondyloarthropathy,Medicine,1,1,2016,0.062,0,9,False,4.6,Low
Stable angina,Medicine,1,1,2016,0.062,0,9,False,4.6,Low
Staining Techniques,Pathology,1,1,2016,0.062,0,9,False,4.6,Low
Stapedius nerve supply,Anatomy,1,1,2015,0.062,0,10,False,4.6,Low
Starvation,Biochemistry,1,1,2015,0.062,0,10,False,4.6,Low
Stereopsis,Ophthalmology,1,1,2016,0.062,0,9,False,4.6,Low
Stereotactic Radiosurgery,Radiology,1,1,2016,0.062,0,9,False,4.6,Low
Stereotactic radiosurgery,Radiology,1,1,2016,0.062,0,9,False,4.6,Low
Sternum,Anatomy,1,1,2014,0.062,0,11,False,4.6,Low
Steroid Hormones,Biochemistry,1,1,2015,0.062,0,10,False,4.6,Low
Strategic plan,Community Medicine,1,1,2015,0.062,0,10,False,4.6,Low
Strawberry Tongue,Medicine,1,1,2014,0.062,0,11,False,4.6,Low
Strawberry tongue,Medicine,1,1,2014,0.062,0,11,False,4.6,Low
Streptogramins,Pharmacology,1,1,2014,0.062,0,11,False,4.6,Low
Stress Ulcer,Surgery,1,1,2014,0.062,0,11,False,4.6,Low
Strongyloides,Microbiology,1,1,2014,0.062,0,11,False,4.6,Low
Subcellular Organelles,Biochemistry,1,1,2016,0.062,0,9,False,4.6,Low
Subcellular organelles,Biochemistry,1,1,2016,0.062,0,9,False,4.6,Low
Substance-Induced Psychosis,Psychiatry,1,1,2016,0.062,0,9,False,4.6,Low
Substance-induced psychosis,Psychiatry,1,1,2016,0.062,0,9,False,4.6,Low
Suicide/homicide,Forensic Medicine,1,1,2015,0.062,0,10,False,4.6,Low
Superior Gluteal Nerve,Anatomy,1,1,2015,0.062,0,10,False,4.6,Low
Superior gluteal nerve,Anatomy,1,1,2015,0.062,0,10,False,4.6,Low
Supernumerary teeth,Pediatrics,1,1,2015,0.062,0,10,False,4.6,Low
Supply Chain,Community Medicine,1,1,2014,0.062,0,11,False,4.6,Low
Surgical Indications,Surgery,1,1,2016,0.062,0,9,False,4.6,Low
Surgical Positioning,Surgery,1,1,2014,0.062,0,11,False,4.6,Low
Surgical Wounds,Surgery,1,1,2014,0.062,0,11,False,4.6,Low
Surgical anatomy,Ophthalmology,1,1,2014,0.062,0,11,False,4.6,Low
Surgical approaches,Orthopedics,1,1,2016,0.062,0,9,False,4.6,Low
Surgical indications,Orthopedics,1,1,2015,0.062,0,10,False,4.6,Low
Surgical margins,Surgery,1,1,2014,0.062,0,11,False,4.6,Low
Surgical nomenclature,OBG,1,1,2014,0.062,0,11,False,4.6,Low
Surgical technique,Ophthalmology,1,1,2014,0.062,0,11,False,4.6,Low
Surgical technology,Surgery,1,1,2014,0.062,0,11,False,4.6,Low
Sustained Release,Pharmacology,1,1,2014,0.062,0,11,False,4.6,Low
Sustained release,Pharmacology,1,1,2014,0.062,0,11,False,4.6,Low
Swajaldhara Programme,Community Medicine,1,1,2015,0.062,0,10,False,4.6,Low
Sympathetic nervous system,Physiology,1,1,2016,0.062,0,9,False,4.6,Low
Sympathomimetic Drugs,Pharmacology,1,1,2015,0.062,0,10,False,4.6,Low
Sympathomimetic drugs,Pharmacology,1,1,2015,0.062,0,10,False,4.6,Low
Symptomatic Management,Medicine,1,1,2014,0.062,0,11,False,4.6,Low
Syndromic management,Community Medicine,1,1,2014,0.062,0,11,False,4.6,Low
Synthetic Pyrethroids,Community Medicine,1,1,2016,0.062,0,9,False,4.6,Low
Systemic Diseases with Ocular Manifestations,Ophthalmology,1,1,2014,0.062,0,11,False,4.6,Low
Systemic disease,Dermatology,1,1,2014,0.062,0,11,False,4.6,Low
Systemic lupus erythematosus,Pathology,1,1,2014,0.062,0,11,False,4.6,Low
Systemic sclerosis,Medicine,1,1,2016,0.062,0,9,False,4.6,Low
T-cell mediated disease,Pathology,1,1,2016,0.062,0,9,False,4.6,Low
T-tubules,Anatomy,1,1,2016,0.062,0,9,False,4.6,Low
TAP block,Anaesthesia,1,1,2016,0.062,0,9,False,4.6,Low
TCA,Pharmacology,1,1,2016,0.062,0,9,False,4.6,Low
Tabes dorsalis,Psychiatry,1,1,2014,0.062,0,11,False,4.6,Low
Tardive Dyskinesia,Psychiatry,1,1,2016,0.062,0,9,False,4.6,Low
Taste And Smell,ENT,1,1,2016,0.062,0,9,False,4.6,Low
Taste and smell,ENT,1,1,2016,0.062,0,9,False,4.6,Low
Tattoo,Forensic Medicine,1,1,2014,0.062,0,11,False,4.6,Low
Tear Film,Ophthalmology,1,1,2014,0.062,0,11,False,4.6,Low
Tear film,Ophthalmology,1,1,2014,0.062,0,11,False,4.6,Low
Telomerase,Pathology,1,1,2015,0.062,0,10,False,4.6,Low
Tennis Elbow,Orthopedics,1,1,2015,0.062,0,10,False,4.6,Low
Tennis elbow,Orthopedics,1,1,2015,0.062,0,10,False,4.6,Low
Tenon's space,Ophthalmology,1,1,2014,0.062,0,11,False,4.6,Low
Tensor tympani,ENT,1,1,2016,0.062,0,9,False,4.6,Low
Test validity,Community Medicine,1,1,2014,0.062,0,11,False,4.6,Low
Testicular Descent,Anatomy,1,1,2014,0.062,0,11,False,4.6,Low
Testicular Disorders,Surgery,1,1,2016,0.062,0,9,False,4.6,Low
Testicular descent,Anatomy,1,1,2014,0.062,0,11,False,4.6,Low
Testicular disorders,Surgery,1,1,2016,0.062,0,9,False,4.6,Low
Theca Lutein Cysts,OBG,1,1,2016,0.062,0,9,False,4.6,Low
Therapeutic phlebotomy,Medicine,1,1,2015,0.062,0,10,False,4.6,Low
Thermal injuries,Forensic Medicine,1,1,2016,0.062,0,9,False,4.6,Low
Thoracic CT,Radiology,1,1,2016,0.062,0,9,False,4.6,Low
Thoracic Ct,Radiology,1,1,2016,0.062,0,9,False,4.6,Low
Thoracic Inlet Anatomy,Anatomy,1,1,2016,0.062,0,9,False,4.6,Low
Thoracic duct,Anatomy,1,1,2016,0.062,0,9,False,4.6,Low
Thoracolumbar Fascia,Anatomy,1,1,2016,0.062,0,9,False,4.6,Low
Thoracolumbar fascia,Anatomy,1,1,2016,0.062,0,9,False,4.6,Low
Thought Disorder,Psychiatry,1,1,2014,0.062,0,11,False,4.6,Low
Thought Disorders,Psychiatry,1,1,2015,0.062,0,10,False,4.6,Low
Thought disorder,Psychiatry,1,1,2014,0.062,0,11,False,4.6,Low
Thrombolytic Drugs,Pharmacology,1,1,2014,0.062,0,11,False,4.6,Low
Thrombolytic drugs,Pharmacology,1,1,2014,0.062,0,11,False,4.6,Low
Thrombophilia,Pathology,1,1,2014,0.062,0,11,False,4.6,Low
Thrombotic Thrombocytopenic Purpura,Pathology,1,1,2016,0.062,0,9,False,4.6,Low
Thyroglossal Cyst,Anatomy,1,1,2016,0.062,0,9,False,4.6,Low
Thyroglossal cyst,Anatomy,1,1,2016,0.062,0,9,False,4.6,Low
Thyroid Eye Disease,Ophthalmology,1,1,2015,0.062,0,10,False,4.6,Low
Thyroid Function Tests,Medicine,1,1,2016,0.062,0,9,False,4.6,Low
Thyroid Physiology,OBG,1,1,2016,0.062,0,9,False,4.6,Low
Thyroid hormones,Pharmacology,1,1,2016,0.062,0,9,False,4.6,Low
Thyroidectomy,Surgery,1,1,2015,0.062,0,10,False,4.6,Low
Thyroidectomy Complications,Surgery,1,1,2015,0.062,0,10,False,4.6,Low
Thyroiditis,Pathology,1,1,2015,0.062,0,10,False,4.6,Low
Tic Disorders,Psychiatry,1,1,2015,0.062,0,10,False,4.6,Low
Time of death,Forensic Medicine,1,1,2015,0.062,0,10,False,4.6,Low
Tinea,Dermatology,1,1,2016,0.062,0,9,False,4.6,Low
Tinea Versicolor,Dermatology,1,1,2014,0.062,0,11,False,4.6,Low
Tinea versicolor,Dermatology,1,1,2014,0.062,0,11,False,4.6,Low
Tocolytics,Pharmacology,1,1,2014,0.062,0,11,False,4.6,Low
Tongue Carcinoma,Surgery,1,1,2014,0.062,0,11,False,4.6,Low
Tonometry,Ophthalmology,1,1,2014,0.062,0,11,False,4.6,Low
Tonsil,Anatomy,1,1,2016,0.062,0,9,False,4.6,Low
Tonsillar Pillar,ENT,1,1,2015,0.062,0,10,False,4.6,Low
Tonsillar pillar,ENT,1,1,2015,0.062,0,10,False,4.6,Low
Tophi,Medicine,1,1,2014,0.062,0,11,False,4.6,Low
Topical Antifungal Agents,Dermatology,1,1,2014,0.062,0,11,False,4.6,Low
Topical antifungal agents,Dermatology,1,1,2014,0.062,0,11,False,4.6,Low
Topical antifungals,Pharmacology,1,1,2016,0.062,0,9,False,4.6,Low
Topical therapy,Dermatology,1,1,2016,0.062,0,9,False,4.6,Low
Toxicity,Pharmacology,1,1,2016,0.062,0,9,False,4.6,Low
Tracts,Anatomy,1,1,2015,0.062,0,10,False,4.6,Low
Transferases,Biochemistry,1,1,2014,0.062,0,11,False,4.6,Low
Transplant rejection,Pathology,1,1,2015,0.062,0,10,False,4.6,Low
Transverse Lie,OBG,1,1,2014,0.062,0,11,False,4.6,Low
Trapezius,Anatomy,1,1,2014,0.062,0,11,False,4.6,Low
Treatment Resistance,Psychiatry,1,1,2015,0.062,0,10,False,4.6,Low
Treatment resistance,Psychiatry,1,1,2015,0.062,0,10,False,4.6,Low
Tricuspid Valve,Medicine,1,1,2014,0.062,0,11,False,4.6,Low
Tricuspid atresia,Medicine,1,1,2016,0.062,0,9,False,4.6,Low
Trigeminal neuralgia,ENT,1,1,2014,0.062,0,11,False,4.6,Low
Trismus,ENT,1,1,2016,0.062,0,9,False,4.6,Low
Trisomy 21,Pathology,1,1,2015,0.062,0,10,False,4.6,Low
Trypanosomiasis,Microbiology,1,1,2014,0.062,0,11,False,4.6,Low
Tubal patency,OBG,1,1,2014,0.062,0,11,False,4.6,Low
Tuberculous Arthritis,Orthopedics,1,1,2016,0.062,0,9,False,4.6,Low
Tuberculous Synovitis,Orthopedics,1,1,2014,0.062,0,11,False,4.6,Low
Tuberous sclerosis,Dermatology,1,1,2014,0.062,0,11,False,4.6,Low
Tubular Disorders,Medicine,1,1,2016,0.062,0,9,False,4.6,Low
Turner Syndrome,OBG,1,1,2016,0.062,0,9,False,4.6,Low
Typhoid Fever Treatment,Pharmacology,1,1,2014,0.062,0,11,False,4.6,Low
Typhoid Treatment,Pharmacology,1,1,2014,0.062,0,11,False,4.6,Low
Typhoid fever treatment,Pharmacology,1,1,2014,0.062,0,11,False,4.6,Low
Typhoid treatment,Pharmacology,1,1,2014,0.062,0,11,False,4.6,Low
Typhus,Community Medicine,1,1,2014,0.062,0,11,False,4.6,Low
Tyrosine kinase inhibitors,Pharmacology,1,1,2014,0.062,0,11,False,4.6,Low
UTI,Microbiology,1,1,2015,0.062,0,10,False,4.6,Low
Ubiquitin Proteasome Pathway,Biochemistry,1,1,2016,0.062,0,9,False,4.6,Low
Umbilical Structures,Anatomy,1,1,2015,0.062,0,10,False,4.6,Low
Umbilical structures,Anatomy,1,1,2015,0.062,0,10,False,4.6,Low
Uncemented prosthesis,Orthopedics,1,1,2015,0.062,0,10,False,4.6,Low
Unfolded protein response,Biochemistry,1,1,2015,0.062,0,10,False,4.6,Low
Upper GI,Medicine,1,1,2014,0.062,0,11,False,4.6,Low
Upper GI Cancer,Surgery,1,1,2016,0.062,0,9,False,4.6,Low
Upper GI Imaging,Radiology,1,1,2014,0.062,0,11,False,4.6,Low
Upper Gi Imaging,Radiology,1,1,2014,0.062,0,11,False,4.6,Low
Upper Lobe,Anatomy,1,1,2015,0.062,0,10,False,4.6,Low
Upper airway obstruction,ENT,1,1,2015,0.062,0,10,False,4.6,Low
Uremic Neuropathy,Medicine,1,1,2014,0.062,0,11,False,4.6,Low
Uremic neuropathy,Medicine,1,1,2014,0.062,0,11,False,4.6,Low
Urethritis,Medicine,1,1,2016,0.062,0,9,False,4.6,Low
Uricase,Pharmacology,1,1,2014,0.062,0,11,False,4.6,Low
Urinary Pathology,Pathology,1,1,2015,0.062,0,10,False,4.6,Low
Urinary pathology,Pathology,1,1,2015,0.062,0,10,False,4.6,Low
Urinary tract obstruction,Radiology,1,1,2016,0.062,0,9,False,4.6,Low
Urine output,Medicine,1,1,2016,0.062,0,9,False,4.6,Low
Urine specific gravity,Medicine,1,1,2015,0.062,0,10,False,4.6,Low
Urobilinogen,Biochemistry,1,1,2016,0.062,0,9,False,4.6,Low
Urogenital Anatomy,Anatomy,1,1,2015,0.062,0,10,False,4.6,Low
Urogenital Neoplasms,Pathology,1,1,2016,0.062,0,9,False,4.6,Low
Urogenital anatomy,Anatomy,1,1,2015,0.062,0,10,False,4.6,Low
Urogenital neoplasms,Pathology,1,1,2016,0.062,0,9,False,4.6,Low
Urogenital radiology,Radiology,1,1,2016,0.062,0,9,False,4.6,Low
Urolithiasis Imaging,Radiology,1,1,2014,0.062,0,11,False,4.6,Low
Urolithiasis imaging,Radiology,1,1,2014,0.062,0,11,False,4.6,Low
Urothelial Carcinoma,Medicine,1,1,2015,0.062,0,10,False,4.6,Low
Urothelial carcinoma,Medicine,1,1,2015,0.062,0,10,False,4.6,Low
Usher Syndrome,Ophthalmology,1,1,2015,0.062,0,10,False,4.6,Low
Uterine Abnormalities,OBG,1,1,2016,0.062,0,9,False,4.6,Low
Uterine Artery,Anatomy,1,1,2015,0.062,0,10,False,4.6,Low
Uterine Height,OBG,1,1,2015,0.062,0,10,False,4.6,Low
Uterine Ligaments,Anatomy,1,1,2015,0.062,0,10,False,4.6,Low
Uterine Prolapse Management,OBG,1,1,2016,0.062,0,9,False,4.6,Low
Uterine Receptivity,OBG,1,1,2015,0.062,0,10,False,4.6,Low
Uterine Relaxation,Anaesthesia,1,1,2015,0.062,0,10,False,4.6,Low
Uterine height,OBG,1,1,2015,0.062,0,10,False,4.6,Low
Uterine relaxation,Anaesthesia,1,1,2015,0.062,0,10,False,4.6,Low
Uteroplacental Circulation,OBG,1,1,2015,0.062,0,10,False,4.6,Low
Utilization Rate,Community Medicine,1,1,2015,0.062,0,10,False,4.6,Low
VISC,Ophthalmology,1,1,2014,0.062,0,11,False,4.6,Low
Vaccine Preventable Diseases,Community Medicine,1,1,2016,0.062,0,9,False,4.6,Low
Vaccine preventable diseases,Community Medicine,1,1,2016,0.062,0,9,False,4.6,Low
Vaginal Bleeding,OBG,1,1,2016,0.062,0,9,False,4.6,Low
Vaginal Cysts,OBG,1,1,2016,0.062,0,9,False,4.6,Low
Vaginal Pathology,OBG,1,1,2014,0.062,0,11,False,4.6,Low
Vaginal Surgery,OBG,1,1,2016,0.062,0,9,False,4.6,Low
Vaginal changes,OBG,1,1,2014,0.062,0,11,False,4.6,Low
Vaginal length,Anatomy,1,1,2014,0.062,0,11,False,4.6,Low
Vaginal pathology,OBG,1,1,2014,0.062,0,11,False,4.6,Low
Vagus Nerve,ENT,1,1,2014,0.062,0,11,False,4.6,Low
Valve timing,Physiology,1,1,2015,0.062,0,10,False,4.6,Low
Vancomycin,Pharmacology,1,1,2014,0.062,0,11,False,4.6,Low
Vasa previa,OBG,1,1,2014,0.062,0,11,False,4.6,Low
Venous Oxygen Saturation,Physiology,1,1,2015,0.062,0,10,False,4.6,Low
Venous Sinus Thrombosis,Radiology,1,1,2014,0.062,0,11,False,4.6,Low
Venous Ulcer,Dermatology,1,1,2014,0.062,0,11,False,4.6,Low
Venous oxygen saturation,Physiology,1,1,2015,0.062,0,10,False,4.6,Low
Venous sinus thrombosis,Radiology,1,1,2014,0.062,0,11,False,4.6,Low
Venous ulcer,Dermatology,1,1,2014,0.062,0,11,False,4.6,Low
Ventilation Circuits,Anaesthesia,1,1,2014,0.062,0,11,False,4.6,Low
Ventilation circuits,Anaesthesia,1,1,2014,0.062,0,11,False,4.6,Low
Ventricular Tachycardia,Medicine,1,1,2016,0.062,0,9,False,4.6,Low
Ventricular tachycardia,Medicine,1,1,2016,0.062,0,9,False,4.6,Low
Verapamil,Pharmacology,1,1,2014,0.062,0,11,False,4.6,Low
Vertical Gene Transfer,Microbiology,1,1,2016,0.062,0,9,False,4.6,Low
Vessel wall anatomy,Anatomy,1,1,2015,0.062,0,10,False,4.6,Low
Vestibular Apparatus,Physiology,1,1,2014,0.062,0,11,False,4.6,Low
Vestibular Testing,ENT,1,1,2014,0.062,0,11,False,4.6,Low
Vestibular apparatus,Physiology,1,1,2014,0.062,0,11,False,4.6,Low
Vestibular testing,ENT,1,1,2014,0.062,0,11,False,4.6,Low
Vi antigen,Microbiology,1,1,2015,0.062,0,10,False,4.6,Low
Vibrio Parahaemolyticus,Microbiology,1,1,2015,0.062,0,10,False,4.6,Low
Vibrio parahaemolyticus,Microbiology,1,1,2015,0.062,0,10,False,4.6,Low
Viral Histopathology,Pathology,1,1,2016,0.062,0,9,False,4.6,Low
Vision Loss,Ophthalmology,1,1,2015,0.062,0,10,False,4.6,Low
Visual Analogue Scale,Anaesthesia,1,1,2014,0.062,0,11,False,4.6,Low
Visual Cycle,Biochemistry,1,1,2015,0.062,0,10,False,4.6,Low
Visual Field Testing,Ophthalmology,1,1,2016,0.062,0,9,False,4.6,Low
Visual cortex,Anatomy,1,1,2016,0.062,0,9,False,4.6,Low
Visual cycle,Biochemistry,1,1,2015,0.062,0,10,False,4.6,Low
Visual field testing,Ophthalmology,1,1,2016,0.062,0,9,False,4.6,Low
Visual pathway anatomy,Ophthalmology,1,1,2016,0.062,0,9,False,4.6,Low
Vitamin B1,Biochemistry,1,1,2016,0.062,0,9,False,4.6,Low
Vitamin B12 Deficiency,Medicine,1,1,2014,0.062,0,11,False,4.6,Low
Vitamin B12 deficiency,Medicine,1,1,2014,0.062,0,11,False,4.6,Low
Vitamin B12 malabsorption,Medicine,1,1,2014,0.062,0,11,False,4.6,Low
Vitamin transport,Ophthalmology,1,1,2016,0.062,0,9,False,4.6,Low
Vitrectomy,Ophthalmology,1,1,2014,0.062,0,11,False,4.6,Low
Vitreous Diseases,Ophthalmology,1,1,2014,0.062,0,11,False,4.6,Low
Vitreous diseases,Ophthalmology,1,1,2014,0.062,0,11,False,4.6,Low
Vitreous humor,Ophthalmology,1,1,2014,0.062,0,11,False,4.6,Low
Volume Of Distribution,Pharmacology,1,1,2014,0.062,0,11,False,4.6,Low
Volume of Distribution,Pharmacology,1,1,2014,0.062,0,11,False,4.6,Low
Volvulus,Surgery,1,1,2014,0.062,0,11,False,4.6,Low
Von Willebrand Disease,Pathology,1,1,2015,0.062,0,10,False,4.6,Low
Von Willebrand disease,Pathology,1,1,2015,0.062,0,10,False,4.6,Low
Vulvar Cancer,OBG,1,1,2015,0.062,0,10,False,4.6,Low
WHO Definitions,Community Medicine,1,1,2014,0.062,0,11,False,4.6,Low
Warburg effect,Pathology,1,1,2014,0.062,0,11,False,4.6,Low
Warmth sensation,Physiology,1,1,2016,0.062,0,9,False,4.6,Low
Waste Classification,Community Medicine,1,1,2014,0.062,0,11,False,4.6,Low
Waste Reduction,Community Medicine,1,1,2014,0.062,0,11,False,4.6,Low
Water Microbiology,Microbiology,1,1,2016,0.062,0,9,False,4.6,Low
Water Supply And Sanitation,Community Medicine,1,1,2015,0.062,0,10,False,4.6,Low
Water supply,Community Medicine,1,1,2015,0.062,0,10,False,4.6,Low
Water supply and sanitation,Community Medicine,1,1,2015,0.062,0,10,False,4.6,Low
Water testing,Community Medicine,1,1,2015,0.062,0,10,False,4.6,Low
Waterhouse-Friderichsen Syndrome,Pathology,1,1,2014,0.062,0,11,False,4.6,Low
Waterhouse-Friderichsen syndrome,Pathology,1,1,2014,0.062,0,11,False,4.6,Low
Weight gain,Pharmacology,1,1,2014,0.062,0,11,False,4.6,Low
Wertheim's,OBG,1,1,2015,0.062,0,10,False,4.6,Low
White fibers,Anatomy,1,1,2016,0.062,0,9,False,4.6,Low
Wilson'S Disease,Pharmacology,1,1,2016,0.062,0,9,False,4.6,Low
Wilson's disease,Pharmacology,1,1,2016,0.062,0,9,False,4.6,Low
Wound,Forensic Medicine,1,1,2015,0.062,0,10,False,4.6,Low
Wound Classification,Surgery,1,1,2015,0.062,0,10,False,4.6,Low
Wound Dehiscence,Surgery,1,1,2014,0.062,0,11,False,4.6,Low
Wound classification,Surgery,1,1,2015,0.062,0,10,False,4.6,Low
Wrist Disorders,Orthopedics,1,1,2014,0.062,0,11,False,4.6,Low
Wrist Osteochondritis,Orthopedics,1,1,2014,0.062,0,11,False,4.6,Low
X-linked metabolic disorder,Biochemistry,1,1,2015,0.062,0,10,False,4.6,Low
Xenobiotic metabolism,Biochemistry,1,1,2014,0.062,0,11,False,4.6,Low
Xenobiotics,Biochemistry,1,1,2016,0.062,0,9,False,4.6,Low
Yersinia pestis,Microbiology,1,1,2015,0.062,0,10,False,4.6,Low
Zenker Diverticulum,ENT,1,1,2015,0.062,0,10,False,4.6,Low
Zenker diverticulum,ENT,1,1,2015,0.062,0,10,False,4.6,Low
Zinc Supplementation,Pediatrics,1,1,2015,0.062,0,10,False,4.6,Low
Ziprasidone,Pharmacology,1,1,2016,0.062,0,9,False,4.6,Low
Zollinger-Ellison syndrome,Medicine,1,1,2015,0.062,0,10,False,4.6,Low
Zonules,Ophthalmology,1,1,2015,0.062,0,10,False,4.6,Low
hCG,OBG,1,1,2016,0.062,0,9,False,4.6,Low
p53,Pathology,1,1,2016,0.062,0,9,False,4.6,Low
ADH Analogs,Pharmacology,1,1,2012,0.062,0,13,False,4.5,Low
APGAR scoring,Pediatrics,1,1,2013,0.062,0,12,False,4.5,Low
ATP,Biochemistry,1,1,2013,0.062,0,12,False,4.5,Low
Abdominal Aorta,Anatomy,1,1,2012,0.062,0,13,False,4.5,Low
Abdominal aorta,Anatomy,1,1,2012,0.062,0,13,False,4.5,Low
Abrasion,Forensic Medicine,1,1,2012,0.062,0,13,False,4.5,Low
Acanthosis Nigricans,Dermatology,1,1,2013,0.062,0,12,False,4.5,Low
Acanthosis nigricans,Dermatology,1,1,2013,0.062,0,12,False,4.5,Low
Acoustic Neuroma,ENT,1,1,2013,0.062,0,12,False,4.5,Low
Acrodermatitis Enteropathica,Pediatrics,1,1,2013,0.062,0,12,False,4.5,Low
Acrodermatitis enteropathica,Pediatrics,1,1,2013,0.062,0,12,False,4.5,Low
Acute Cystitis,Medicine,1,1,2011,0.062,0,14,False,4.5,Low
Acute Lymphoblastic Leukemia,Medicine,1,1,2011,0.062,0,14,False,4.5,Low
Acute Phase Reactants,Biochemistry,1,1,2011,0.062,0,14,False,4.5,Low
Acute Phase Response,Pathology,1,1,2013,0.062,0,12,False,4.5,Low
Acute coronary syndromes,Medicine,1,1,2013,0.062,0,12,False,4.5,Low
Acute lymphoblastic leukemia,Pediatrics,1,1,2012,0.062,0,13,False,4.5,Low
Acute polymorphic psychotic disorder,Psychiatry,1,1,2013,0.062,0,12,False,4.5,Low
Acute transient psychotic disorder,Psychiatry,1,1,2013,0.062,0,12,False,4.5,Low
Adaptive Immunity,Microbiology,1,1,2012,0.062,0,13,False,4.5,Low
Addiction,Psychiatry,1,1,2013,0.062,0,12,False,4.5,Low
Addiction pharmacology,Pharmacology,1,1,2013,0.062,0,12,False,4.5,Low
Adipose Tissue,Biochemistry,1,1,2012,0.062,0,13,False,4.5,Low
Aging physiology,Physiology,1,1,2013,0.062,0,12,False,4.5,Low
Agoraphobia,Psychiatry,1,1,2013,0.062,0,12,False,4.5,Low
Air bronchogram,Radiology,1,1,2013,0.062,0,12,False,4.5,Low
Airway surgery,ENT,1,1,2013,0.062,0,12,False,4.5,Low
Alcohol Dependence Treatment,Pharmacology,1,1,2011,0.062,0,14,False,4.5,Low
Alcohol Withdrawal Syndrome,Psychiatry,1,1,2011,0.062,0,14,False,4.5,Low
Alcohol and industrial poisons,Forensic Medicine,1,1,2012,0.062,0,13,False,4.5,Low
Alcohol metabolism,Biochemistry,1,1,2013,0.062,0,12,False,4.5,Low
Alcohol use disorder,Psychiatry,1,1,2012,0.062,0,13,False,4.5,Low
Alkylating agents,Pharmacology,1,1,2013,0.062,0,12,False,4.5,Low
Allergic airway disease,ENT,1,1,2013,0.062,0,12,False,4.5,Low
Alternative Medicine,Community Medicine,1,1,2013,0.062,0,12,False,4.5,Low
Alternative medicine,Community Medicine,1,1,2013,0.062,0,12,False,4.5,Low
Ambivalence,Psychiatry,1,1,2013,0.062,0,12,False,4.5,Low
Amenorrhoea,OBG,1,1,2011,0.062,0,14,False,4.5,Low
Amino Sugar Metabolism,Biochemistry,1,1,2012,0.062,0,13,False,4.5,Low
Amino acids,Biochemistry,1,1,2012,0.062,0,13,False,4.5,Low
Aminoglycosides,Pharmacology,1,1,2012,0.062,0,13,False,4.5,Low
Amoebic Liver Abscess,Medicine,1,1,2011,0.062,0,14,False,4.5,Low
Amphetamine Abuse,Psychiatry,1,1,2012,0.062,0,13,False,4.5,Low
Anaerobes,Microbiology,1,1,2013,0.062,0,12,False,4.5,Low
Anaerobic bacteria,Microbiology,1,1,2013,0.062,0,12,False,4.5,Low
Anaesthesia Complications,Anaesthesia,1,1,2011,0.062,0,14,False,4.5,Low
Anaesthesia In Systemic Diseases,Anaesthesia,1,1,2011,0.062,0,14,False,4.5,Low
Anaesthesia in Systemic Diseases,Anaesthesia,1,1,2011,0.062,0,14,False,4.5,Low
Anaesthetic toxicity,Anaesthesia,1,1,2012,0.062,0,13,False,4.5,Low
Anal canal,Anatomy,1,1,2012,0.062,0,13,False,4.5,Low
Analgesia,Anaesthesia,1,1,2012,0.062,0,13,False,4.5,Low
Analgesic agents,Pharmacology,1,1,2013,0.062,0,12,False,4.5,Low
Analytical Biochemistry,Biochemistry,1,1,2013,0.062,0,12,False,4.5,Low
Anaplerotic Reactions,Biochemistry,1,1,2012,0.062,0,13,False,4.5,Low
Ankle and foot,Anatomy,1,1,2012,0.062,0,13,False,4.5,Low
Anorectal surgery,Surgery,1,1,2012,0.062,0,13,False,4.5,Low
Anovulation,OBG,1,1,2013,0.062,0,12,False,4.5,Low
Anovulatory DUB,OBG,1,1,2013,0.062,0,12,False,4.5,Low
Anovulatory Dub,OBG,1,1,2013,0.062,0,12,False,4.5,Low
Antepartum Fetal Surveillance,OBG,1,1,2012,0.062,0,13,False,4.5,Low
Antepartum fetal surveillance,OBG,1,1,2012,0.062,0,13,False,4.5,Low
Anterior Segment,Ophthalmology,1,1,2013,0.062,0,12,False,4.5,Low
Anthelmintic Drugs,Pharmacology,1,1,2012,0.062,0,13,False,4.5,Low
Anthelmintic drugs,Pharmacology,1,1,2012,0.062,0,13,False,4.5,Low
Anthropology,Community Medicine,1,1,2012,0.062,0,13,False,4.5,Low
Antiandrogens,Pharmacology,1,1,2012,0.062,0,13,False,4.5,Low
Antibody structure,Microbiology,1,1,2012,0.062,0,13,False,4.5,Low
Antifungal Pharmacology,Pharmacology,1,1,2011,0.062,0,14,False,4.5,Low
Antigen Properties,Physiology,1,1,2011,0.062,0,14,False,4.5,Low
Antigen presentation,Pathology,1,1,2012,0.062,0,13,False,4.5,Low
Antigen properties,Physiology,1,1,2011,0.062,0,14,False,4.5,Low
Antigen-Antibody Reactions,Microbiology,1,1,2012,0.062,0,13,False,4.5,Low
Antigens,Physiology,1,1,2011,0.062,0,14,False,4.5,Low
Antitubercular therapy,Community Medicine,1,1,2012,0.062,0,13,False,4.5,Low
Aortic aneurysm,Pathology,1,1,2013,0.062,0,12,False,4.5,Low
Apgar Scoring,Pediatrics,1,1,2013,0.062,0,12,False,4.5,Low
Aphakia,Ophthalmology,1,1,2012,0.062,0,13,False,4.5,Low
Aqueous Humor,Ophthalmology,1,1,2013,0.062,0,12,False,4.5,Low
Arterial Disorders,Pathology,1,1,2013,0.062,0,12,False,4.5,Low
Arterial supply,Anatomy,1,1,2012,0.062,0,13,False,4.5,Low
Arthritis Imaging,Radiology,1,1,2013,0.062,0,12,False,4.5,Low
Arthropathies,Orthopedics,1,1,2013,0.062,0,12,False,4.5,Low
Arthropod Transmission,Microbiology,1,1,2013,0.062,0,12,False,4.5,Low
Aspergillus,Microbiology,1,1,2013,0.062,0,12,False,4.5,Low
Asthma Classification,Medicine,1,1,2012,0.062,0,13,False,4.5,Low
Attention deficit hyperactivity disorder,Psychiatry,1,1,2013,0.062,0,12,False,4.5,Low
Atypical bacteria,Microbiology,1,1,2012,0.062,0,13,False,4.5,Low
Auditory pathway,ENT,1,1,2013,0.062,0,12,False,4.5,Low
Auditory tube,Anatomy,1,1,2012,0.062,0,13,False,4.5,Low
Autism,Psychiatry,1,1,2013,0.062,0,12,False,4.5,Low
Autoimmune Thyroid Disease,Medicine,1,1,2013,0.062,0,12,False,4.5,Low
Autoimmune thyroid disease,Medicine,1,1,2013,0.062,0,12,False,4.5,Low
Autoregulation,Physiology,1,1,2013,0.062,0,12,False,4.5,Low
Axial skeleton,Anatomy,1,1,2013,0.062,0,12,False,4.5,Low
Axillary Lymph Nodes,Anatomy,1,1,2012,0.062,0,13,False,4.5,Low
Azole antifungals,Pharmacology,1,1,2013,0.062,0,12,False,4.5,Low
Bacillus Anthracis,Microbiology,1,1,2013,0.062,0,12,False,4.5,Low
Back,Anatomy,1,1,2012,0.062,0,13,False,4.5,Low
Bacterial Classification,Microbiology,1,1,2013,0.062,0,12,False,4.5,Low
Bacterial Culture Characteristics,Microbiology,1,1,2013,0.062,0,12,False,4.5,Low
Bacterial Virulence Factors,Microbiology,1,1,2011,0.062,0,14,False,4.5,Low
Bacterial classification,Microbiology,1,1,2013,0.062,0,12,False,4.5,Low
Bacterial culture characteristics,Microbiology,1,1,2013,0.062,0,12,False,4.5,Low
Bacterial motility,Microbiology,1,1,2013,0.062,0,12,False,4.5,Low
Bacterial physiology,Microbiology,1,1,2013,0.062,0,12,False,4.5,Low
Bacteriophage typing,Microbiology,1,1,2013,0.062,0,12,False,4.5,Low
Barium studies,Radiology,1,1,2013,0.062,0,12,False,4.5,Low
Basal Ganglia,Physiology,1,1,2012,0.062,0,13,False,4.5,Low
Basal Ganglia Disorders,Medicine,1,1,2012,0.062,0,13,False,4.5,Low
Basal ganglia,Anatomy,1,1,2013,0.062,0,12,False,4.5,Low
Behavioral Sciences,Community Medicine,1,1,2013,0.062,0,12,False,4.5,Low
Behavioural Therapy,Psychiatry,1,1,2013,0.062,0,12,False,4.5,Low
Behavioural therapy,Psychiatry,1,1,2013,0.062,0,12,False,4.5,Low
Behcet'S Syndrome,Medicine,1,1,2013,0.062,0,12,False,4.5,Low
Behcet's Syndrome,Medicine,1,1,2013,0.062,0,12,False,4.5,Low
Behçet'S Disease,Dermatology,1,1,2013,0.062,0,12,False,4.5,Low
Benign Vulvar Disorders,OBG,1,1,2012,0.062,0,13,False,4.5,Low
Benign vulvar disorders,OBG,1,1,2012,0.062,0,13,False,4.5,Low
Beta Agonists,Pharmacology,1,1,2013,0.062,0,12,False,4.5,Low
Beta agonists,Pharmacology,1,1,2013,0.062,0,12,False,4.5,Low
Bier's block,Pharmacology,1,1,2013,0.062,0,12,False,4.5,Low
Biological Classification,Microbiology,1,1,2012,0.062,0,13,False,4.5,Low
Biological Drugs,Pharmacology,1,1,2013,0.062,0,12,False,4.5,Low
Biological therapies,Pharmacology,1,1,2013,0.062,0,12,False,4.5,Low
Bladder Cancer,Surgery,1,1,2011,0.062,0,14,False,4.5,Low
Body Composition,Physiology,1,1,2013,0.062,0,12,False,4.5,Low
Body fluids,Physiology,1,1,2012,0.062,0,13,False,4.5,Low
Bone Classification,Anatomy,1,1,2011,0.062,0,14,False,4.5,Low
Bone Deformities,Orthopedics,1,1,2011,0.062,0,14,False,4.5,Low
Bone Formation,Anatomy,1,1,2013,0.062,0,12,False,4.5,Low
Bone formation,Orthopedics,1,1,2012,0.062,0,13,False,4.5,Low
Bone metastasis,Pathology,1,1,2013,0.062,0,12,False,4.5,Low
Bone neoplasms,Pathology,1,1,2013,0.062,0,12,False,4.5,Low
Bone physiology,Physiology,1,1,2013,0.062,0,12,False,4.5,Low
Brain Death,Forensic Medicine,1,1,2013,0.062,0,12,False,4.5,Low
Brain Vasculature,Anatomy,1,1,2011,0.062,0,14,False,4.5,Low
Brain vasculature,Anatomy,1,1,2011,0.062,0,14,False,4.5,Low
Bronchial Foreign Body,ENT,1,1,2013,0.062,0,12,False,4.5,Low
Bronchial asthma,Medicine,1,1,2013,0.062,0,12,False,4.5,Low
Bronchial foreign body,ENT,1,1,2013,0.062,0,12,False,4.5,Low
Bronchopulmonary Dysplasia,Pediatrics,1,1,2012,0.062,0,13,False,4.5,Low
Burn Assessment,Surgery,1,1,2011,0.062,0,14,False,4.5,Low
Burn depth,Surgery,1,1,2012,0.062,0,13,False,4.5,Low
Bursitis,Orthopedics,1,1,2013,0.062,0,12,False,4.5,Low
C-Reactive Protein,Biochemistry,1,1,2011,0.062,0,14,False,4.5,Low
C-reactive protein,Biochemistry,1,1,2011,0.062,0,14,False,4.5,Low
CNS Effects,Anaesthesia,1,1,2011,0.062,0,14,False,4.5,Low
CNS Prophylaxis,Pediatrics,1,1,2013,0.062,0,12,False,4.5,Low
CT Imaging,Radiology,1,1,2011,0.062,0,14,False,4.5,Low
CT Scan Limitations,Radiology,1,1,2011,0.062,0,14,False,4.5,Low
Cadaveric Donation,Surgery,1,1,2011,0.062,0,14,False,4.5,Low
Calcified metastasis,Radiology,1,1,2013,0.062,0,12,False,4.5,Low
Calciphylaxis,Medicine,1,1,2013,0.062,0,12,False,4.5,Low
Campylobacter,Microbiology,1,1,2011,0.062,0,14,False,4.5,Low
Capnography,Anaesthesia,1,1,2013,0.062,0,12,False,4.5,Low
Caput Succedaneum,OBG,1,1,2013,0.062,0,12,False,4.5,Low
Caput succedaneum,OBG,1,1,2013,0.062,0,12,False,4.5,Low
Cardiac Hypertrophy,Physiology,1,1,2013,0.062,0,12,False,4.5,Low
Cardiac glycosides,Pharmacology,1,1,2011,0.062,0,14,False,4.5,Low
Cardiomegaly,Radiology,1,1,2013,0.062,0,12,False,4.5,Low
Cardiothoracic Surgery,Surgery,1,1,2012,0.062,0,13,False,4.5,Low
Carditis management,Medicine,1,1,2013,0.062,0,12,False,4.5,Low
Carotid Artery Stenosis,Radiology,1,1,2012,0.062,0,13,False,4.5,Low
Carotid Cavernous Sinus Fistula,Ophthalmology,1,1,2013,0.062,0,12,False,4.5,Low
Carotid canal,Anatomy,1,1,2012,0.062,0,13,False,4.5,Low
Carotid stenosis,Radiology,1,1,2012,0.062,0,13,False,4.5,Low
Causal association,Community Medicine,1,1,2012,0.062,0,13,False,4.5,Low
Cavernous Sinus,Anatomy,1,1,2012,0.062,0,13,False,4.5,Low
Cell Culture,Microbiology,1,1,2012,0.062,0,13,False,4.5,Low
Cell Lines,Microbiology,1,1,2012,0.062,0,13,False,4.5,Low
Cell culture,Microbiology,1,1,2012,0.062,0,13,False,4.5,Low
Cell cycle,Pathology,1,1,2012,0.062,0,13,False,4.5,Low
Cell cycle drugs,Pharmacology,1,1,2012,0.062,0,13,False,4.5,Low
Cell cycle inhibitors,Pharmacology,1,1,2013,0.062,0,12,False,4.5,Low
Cell division,Physiology,1,1,2013,0.062,0,12,False,4.5,Low
Cellular Respiration,Biochemistry,1,1,2012,0.062,0,13,False,4.5,Low
Central Venous Access,Anaesthesia,1,1,2012,0.062,0,13,False,4.5,Low
Central venous access,Anaesthesia,1,1,2012,0.062,0,13,False,4.5,Low
Cerebellar Agenesis,Pediatrics,1,1,2013,0.062,0,12,False,4.5,Low
Cerebellar Malformation,Anatomy,1,1,2013,0.062,0,12,False,4.5,Low
Cerebellar agenesis,Pediatrics,1,1,2013,0.062,0,12,False,4.5,Low
Cerebellar malformation,Anatomy,1,1,2013,0.062,0,12,False,4.5,Low
Cerebral Arterial Circle,Anatomy,1,1,2012,0.062,0,13,False,4.5,Low
Cerebrum,Anatomy,1,1,2012,0.062,0,13,False,4.5,Low
Cervical Carcinoma,OBG,1,1,2013,0.062,0,12,False,4.5,Low
Cervical Lymphatics,ENT,1,1,2013,0.062,0,12,False,4.5,Low
Cervical Plexus,Anatomy,1,1,2013,0.062,0,12,False,4.5,Low
Cervical carcinoma,OBG,1,1,2013,0.062,0,12,False,4.5,Low
Cervical rib,Orthopedics,1,1,2013,0.062,0,12,False,4.5,Low
Cervix,OBG,1,1,2013,0.062,0,12,False,4.5,Low
Chemical Mediators,Pathology,1,1,2013,0.062,0,12,False,4.5,Low
Chemical Poisons,Forensic Medicine,1,1,2011,0.062,0,14,False,4.5,Low
Chemical poisons,Forensic Medicine,1,1,2011,0.062,0,14,False,4.5,Low
Chemical warfare,Forensic Medicine,1,1,2013,0.062,0,12,False,4.5,Low
Chemotherapy Adverse Effects,Pharmacology,1,1,2011,0.062,0,14,False,4.5,Low
Chemotherapy administration,Pharmacology,1,1,2012,0.062,0,13,False,4.5,Low
Chiari I,Anatomy,1,1,2013,0.062,0,12,False,4.5,Low
Chiari II,Anatomy,1,1,2013,0.062,0,12,False,4.5,Low
Chiari II malformation,Anatomy,1,1,2013,0.062,0,12,False,4.5,Low
Chiari Ii Malformation,Anatomy,1,1,2013,0.062,0,12,False,4.5,Low
Chiari Malformation,Pediatrics,1,1,2013,0.062,0,12,False,4.5,Low
Chiari malformation,Pediatrics,1,1,2013,0.062,0,12,False,4.5,Low
Child Welfare,Community Medicine,1,1,2012,0.062,0,13,False,4.5,Low
Child welfare,Community Medicine,1,1,2012,0.062,0,13,False,4.5,Low
Childhood Pneumonia,Pediatrics,1,1,2013,0.062,0,12,False,4.5,Low
Childhood malignancies,Pediatrics,1,1,2012,0.062,0,13,False,4.5,Low
Childhood pneumonia,Pediatrics,1,1,2013,0.062,0,12,False,4.5,Low
Chlamydia Trachomatis,Microbiology,1,1,2011,0.062,0,14,False,4.5,Low
Chlamydia trachomatis,Microbiology,1,1,2011,0.062,0,14,False,4.5,Low
Cholangiocarcinoma,Surgery,1,1,2012,0.062,0,13,False,4.5,Low
Cholinergic drugs,Pharmacology,1,1,2013,0.062,0,12,False,4.5,Low
Cholinergic receptors,Pharmacology,1,1,2013,0.062,0,12,False,4.5,Low
Chronic venous insufficiency,Surgery,1,1,2012,0.062,0,13,False,4.5,Low
Chyluria,Medicine,1,1,2012,0.062,0,13,False,4.5,Low
Cicatrising Alopecia,Dermatology,1,1,2011,0.062,0,14,False,4.5,Low
Circulatory Physiology,Physiology,1,1,2013,0.062,0,12,False,4.5,Low
Clinical examination,Medicine,1,1,2013,0.062,0,12,False,4.5,Low
Clinical features,Medicine,1,1,2013,0.062,0,12,False,4.5,Low
Clostridia,Microbiology,1,1,2013,0.062,0,12,False,4.5,Low
Clostridioides Difficile,Microbiology,1,1,2013,0.062,0,12,False,4.5,Low
Clostridioides difficile,Microbiology,1,1,2013,0.062,0,12,False,4.5,Low
Clubbing,Medicine,1,1,2013,0.062,0,12,False,4.5,Low
Cocaine Withdrawal,Pharmacology,1,1,2013,0.062,0,12,False,4.5,Low
Cognitive disorders,Psychiatry,1,1,2013,0.062,0,12,False,4.5,Low
Collagen Structure,Biochemistry,1,1,2012,0.062,0,13,False,4.5,Low
Collagen structure,Biochemistry,1,1,2012,0.062,0,13,False,4.5,Low
Colorectal Cancer Precursors,Pathology,1,1,2013,0.062,0,12,False,4.5,Low
Coma and brain injury,Medicine,1,1,2012,0.062,0,13,False,4.5,Low
Community Dynamics,Community Medicine,1,1,2013,0.062,0,12,False,4.5,Low
Community Ophthalmology,Ophthalmology,1,1,2012,0.062,0,13,False,4.5,Low
Community Psychiatry,Psychiatry,1,1,2012,0.062,0,13,False,4.5,Low
Complex Febrile Seizures,Pediatrics,1,1,2013,0.062,0,12,False,4.5,Low
Complex febrile seizures,Pediatrics,1,1,2013,0.062,0,12,False,4.5,Low
Complex regional pain syndrome,Medicine,1,1,2013,0.062,0,12,False,4.5,Low
Computed Tomography (CT),Radiology,1,1,2012,0.062,0,13,False,4.5,Low
Computed Tomography (Ct),Radiology,1,1,2012,0.062,0,13,False,4.5,Low
Congenital Anomalies Screening,OBG,1,1,2011,0.062,0,14,False,4.5,Low
Congenital Cardiac Imaging,Radiology,1,1,2011,0.062,0,14,False,4.5,Low
Congenital Eye Anomalies,Ophthalmology,1,1,2012,0.062,0,13,False,4.5,Low
Congenital Hypothyroidism,Pediatrics,1,1,2013,0.062,0,12,False,4.5,Low
Congenital Neck Lesions,Surgery,1,1,2013,0.062,0,12,False,4.5,Low
Congenital Toxoplasmosis,Pediatrics,1,1,2012,0.062,0,13,False,4.5,Low
Congenital Vertical Talus,Orthopedics,1,1,2013,0.062,0,12,False,4.5,Low
Congenital syndromes,OBG,1,1,2011,0.062,0,14,False,4.5,Low
Congenital urinary obstruction,Pediatrics,1,1,2012,0.062,0,13,False,4.5,Low
Congenital vertical talus,Orthopedics,1,1,2013,0.062,0,12,False,4.5,Low
Conscious sedation,Anaesthesia,1,1,2013,0.062,0,12,False,4.5,Low
Consciousness,Psychiatry,1,1,2013,0.062,0,12,False,4.5,Low
Constipation,Pediatrics,1,1,2012,0.062,0,13,False,4.5,Low
Contrast Media Properties,Radiology,1,1,2011,0.062,0,14,False,4.5,Low
Contrast Nephropathy Prevention,Radiology,1,1,2011,0.062,0,14,False,4.5,Low
Controlled ventilation,Anaesthesia,1,1,2013,0.062,0,12,False,4.5,Low
Conversion Disorders,Psychiatry,1,1,2013,0.062,0,12,False,4.5,Low
Corrosive Poisoning,Forensic Medicine,1,1,2012,0.062,0,13,False,4.5,Low
Corrosive Poisons,Forensic Medicine,1,1,2012,0.062,0,13,False,4.5,Low
Cranial Arteries,Anatomy,1,1,2012,0.062,0,13,False,4.5,Low
Cranial Vasculature,Anatomy,1,1,2012,0.062,0,13,False,4.5,Low
Cranial cavity,Anatomy,1,1,2012,0.062,0,13,False,4.5,Low
Cryotherapy,Dermatology,1,1,2013,0.062,0,12,False,4.5,Low
Ct Scan Limitations,Radiology,1,1,2011,0.062,0,14,False,4.5,Low
Culture characteristics,Microbiology,1,1,2013,0.062,0,12,False,4.5,Low
Cutaneous Manifestations,Surgery,1,1,2011,0.062,0,14,False,4.5,Low
Cutaneous receptors,Physiology,1,1,2013,0.062,0,12,False,4.5,Low
Cyanosis,Pediatrics,1,1,2013,0.062,0,12,False,4.5,Low
Cyanotic Congenital Heart Disease,Pediatrics,1,1,2013,0.062,0,12,False,4.5,Low
Cyanotic Heart Disease,Pediatrics,1,1,2013,0.062,0,12,False,4.5,Low
Cyanotic congenital heart disease,Pediatrics,1,1,2013,0.062,0,12,False,4.5,Low
Cystic fibrosis,Pediatrics,1,1,2013,0.062,0,12,False,4.5,Low
Cystinuria,Pathology,1,1,2013,0.062,0,12,False,4.5,Low
DMARDs,Pharmacology,1,1,2012,0.062,0,13,False,4.5,Low
DNA Profiling,Forensic Medicine,1,1,2012,0.062,0,13,False,4.5,Low
DNA and RNA viruses,Microbiology,1,1,2013,0.062,0,12,False,4.5,Low
Dandy-Walker Syndrome,Anatomy,1,1,2013,0.062,0,12,False,4.5,Low
Dandy-Walker syndrome,Anatomy,1,1,2013,0.062,0,12,False,4.5,Low
Data presentation,Community Medicine,1,1,2012,0.062,0,13,False,4.5,Low
Deafness,Community Medicine,1,1,2013,0.062,0,12,False,4.5,Low
Delirium Tremens,Psychiatry,1,1,2013,0.062,0,12,False,4.5,Low
Delirium tremens,Psychiatry,1,1,2013,0.062,0,12,False,4.5,Low
Dental disorders,ENT,1,1,2013,0.062,0,12,False,4.5,Low
Depth of Anesthesia,Anaesthesia,1,1,2012,0.062,0,13,False,4.5,Low
Depth of anaesthesia,Anaesthesia,1,1,2012,0.062,0,13,False,4.5,Low
Dermatologic signs,Dermatology,1,1,2013,0.062,0,12,False,4.5,Low
Dermatological Investigations,Dermatology,1,1,2013,0.062,0,12,False,4.5,Low
Dermatological investigations,Dermatology,1,1,2013,0.062,0,12,False,4.5,Low
Dermatological signs,Dermatology,1,1,2012,0.062,0,13,False,4.5,Low
Diabetes Mellitus Management,Medicine,1,1,2011,0.062,0,14,False,4.5,Low
Diagnostic Accuracy,Radiology,1,1,2011,0.062,0,14,False,4.5,Low
Diagnostic Evaluation,Surgery,1,1,2012,0.062,0,13,False,4.5,Low
Diagnostic Imaging,Medicine,1,1,2013,0.062,0,12,False,4.5,Low
Diarrhea Management,Pediatrics,1,1,2012,0.062,0,13,False,4.5,Low
Diarrheagenic Escherichia Coli,Microbiology,1,1,2012,0.062,0,13,False,4.5,Low
Diarrheagenic Escherichia coli,Microbiology,1,1,2012,0.062,0,13,False,4.5,Low
Diarrhoea Management,Pediatrics,1,1,2012,0.062,0,13,False,4.5,Low
Diet,Community Medicine,1,1,2011,0.062,0,14,False,4.5,Low
Dietary Guidelines,Community Medicine,1,1,2013,0.062,0,12,False,4.5,Low
Dietary assessment,Community Medicine,1,1,2012,0.062,0,13,False,4.5,Low
Differential diagnosis,Radiology,1,1,2013,0.062,0,12,False,4.5,Low
Digestive Enzymes,Biochemistry,1,1,2012,0.062,0,13,False,4.5,Low
Digestive enzymes,Biochemistry,1,1,2013,0.062,0,12,False,4.5,Low
Digestive secretions,Physiology,1,1,2013,0.062,0,12,False,4.5,Low
Disease Control,Community Medicine,1,1,2013,0.062,0,12,False,4.5,Low
Disease Elimination,Community Medicine,1,1,2013,0.062,0,12,False,4.5,Low
Disorders Of Pigmentation,Dermatology,1,1,2012,0.062,0,13,False,4.5,Low
Disorders of Sexual Differentiation,Pediatrics,1,1,2013,0.062,0,12,False,4.5,Low
Disorders of pigmentation,Dermatology,1,1,2012,0.062,0,13,False,4.5,Low
Distal radius,Orthopedics,1,1,2013,0.062,0,12,False,4.5,Low
Dmards,Pharmacology,1,1,2012,0.062,0,13,False,4.5,Low
Dowry Legislation,Forensic Medicine,1,1,2013,0.062,0,12,False,4.5,Low
Dowry laws,Forensic Medicine,1,1,2013,0.062,0,12,False,4.5,Low
Drug Adverse Effects,Pharmacology,1,1,2011,0.062,0,14,False,4.5,Low
Drug Effects,OBG,1,1,2013,0.062,0,12,False,4.5,Low
Drug Reactions,Dermatology,1,1,2011,0.062,0,14,False,4.5,Low
Drug Regulation,Pharmacology,1,1,2013,0.062,0,12,False,4.5,Low
Drug Transport,Biochemistry,1,1,2013,0.062,0,12,False,4.5,Low
Drug absorption,Pharmacology,1,1,2013,0.062,0,12,False,4.5,Low
Drug administration routes,Pharmacology,1,1,2013,0.062,0,12,False,4.5,Low
Drug eruptions,Dermatology,1,1,2013,0.062,0,12,False,4.5,Low
Drug mechanism,Pharmacology,1,1,2013,0.062,0,12,False,4.5,Low
Drug regulation,Pharmacology,1,1,2013,0.062,0,12,False,4.5,Low
Drug-Induced Hemolysis,Pharmacology,1,1,2011,0.062,0,14,False,4.5,Low
Drug-induced Hemolysis,Pharmacology,1,1,2011,0.062,0,14,False,4.5,Low
Drugs Of Abuse,Forensic Medicine,1,1,2012,0.062,0,13,False,4.5,Low
Drugs for gout,Pharmacology,1,1,2013,0.062,0,12,False,4.5,Low
Drugs of abuse,Forensic Medicine,1,1,2012,0.062,0,13,False,4.5,Low
Dystocia,OBG,1,1,2013,0.062,0,12,False,4.5,Low
ECG Abnormalities,Medicine,1,1,2012,0.062,0,13,False,4.5,Low
EMDR,Psychiatry,1,1,2013,0.062,0,12,False,4.5,Low
Ecg Abnormalities,Medicine,1,1,2012,0.062,0,13,False,4.5,Low
Elbow Disorders,Orthopedics,1,1,2012,0.062,0,13,False,4.5,Low
Emergency Ophthalmology,Ophthalmology,1,1,2013,0.062,0,12,False,4.5,Low
Encephalocele,Anatomy,1,1,2013,0.062,0,12,False,4.5,Low
Endocannabinoids,Pharmacology,1,1,2013,0.062,0,12,False,4.5,Low
Endometrial Biopsy,OBG,1,1,2013,0.062,0,12,False,4.5,Low
Endometrial Cancer,OBG,1,1,2012,0.062,0,13,False,4.5,Low
Endometrial biopsy,OBG,1,1,2013,0.062,0,12,False,4.5,Low
Endometrial cancer,OBG,1,1,2012,0.062,0,13,False,4.5,Low
Endometrial pathology,OBG,1,1,2011,0.062,0,14,False,4.5,Low
Endometritis,OBG,1,1,2013,0.062,0,12,False,4.5,Low
Endometrium,OBG,1,1,2013,0.062,0,12,False,4.5,Low
Endoscopic Sinus Surgery,ENT,1,1,2013,0.062,0,12,False,4.5,Low
Endoscopic Surgery,OBG,1,1,2012,0.062,0,13,False,4.5,Low
Endoscopic surgery,OBG,1,1,2012,0.062,0,13,False,4.5,Low
Energy expenditure,Physiology,1,1,2011,0.062,0,14,False,4.5,Low
Enteric Fever,Community Medicine,1,1,2013,0.062,0,12,False,4.5,Low
Environmental Sanitation,Community Medicine,1,1,2012,0.062,0,13,False,4.5,Low
Environmental considerations,Anaesthesia,1,1,2013,0.062,0,12,False,4.5,Low
Environmental pathology,Pathology,1,1,2012,0.062,0,13,False,4.5,Low
Environmental physiology,Physiology,1,1,2012,0.062,0,13,False,4.5,Low
Enzyme Inhibitors,Pharmacology,1,1,2011,0.062,0,14,False,4.5,Low
Epidermal Nevi,Dermatology,1,1,2013,0.062,0,12,False,4.5,Low
Epidermal nevi,Dermatology,1,1,2013,0.062,0,12,False,4.5,Low
Epidural Techniques,Anaesthesia,1,1,2013,0.062,0,12,False,4.5,Low
Epiphora,Ophthalmology,1,1,2013,0.062,0,12,False,4.5,Low
Eugenics,Community Medicine,1,1,2012,0.062,0,13,False,4.5,Low
Excited catatonia,Psychiatry,1,1,2013,0.062,0,12,False,4.5,Low
Exfoliative dermatitis,Dermatology,1,1,2013,0.062,0,12,False,4.5,Low
Extrapyramidal syndromes,Pharmacology,1,1,2013,0.062,0,12,False,4.5,Low
Eyelids,Anatomy,1,1,2013,0.062,0,12,False,4.5,Low
Facial Muscles,Anatomy,1,1,2012,0.062,0,13,False,4.5,Low
Family Studies,Community Medicine,1,1,2013,0.062,0,12,False,4.5,Low
Family history,Medicine,1,1,2013,0.062,0,12,False,4.5,Low
Febrile Seizure,Pediatrics,1,1,2013,0.062,0,12,False,4.5,Low
Febrile seizures,Pediatrics,1,1,2013,0.062,0,12,False,4.5,Low
Feeding and eating disorders,Psychiatry,1,1,2013,0.062,0,12,False,4.5,Low
Femoral triangle,Anatomy,1,1,2013,0.062,0,12,False,4.5,Low
Femur,Anatomy,1,1,2013,0.062,0,12,False,4.5,Low
Fertility Rates,Community Medicine,1,1,2013,0.062,0,12,False,4.5,Low
Fertility indicators,Community Medicine,1,1,2013,0.062,0,12,False,4.5,Low
Fertility rates,Community Medicine,1,1,2013,0.062,0,12,False,4.5,Low
Fertility-sparing surgery,OBG,1,1,2013,0.062,0,12,False,4.5,Low
Fetal Disorders,Pediatrics,1,1,2012,0.062,0,13,False,4.5,Low
Fetal Heart Sounds,OBG,1,1,2013,0.062,0,12,False,4.5,Low
Fetal Imaging,Radiology,1,1,2011,0.062,0,14,False,4.5,Low
Fetal Ultrasonography,Radiology,1,1,2011,0.062,0,14,False,4.5,Low
Fetal disorders,Pediatrics,1,1,2012,0.062,0,13,False,4.5,Low
Fetal presentation,OBG,1,1,2012,0.062,0,13,False,4.5,Low
Fingerprints,Forensic Medicine,1,1,2012,0.062,0,13,False,4.5,Low
Fluid Dynamics,Physiology,1,1,2011,0.062,0,14,False,4.5,Low
Fluid balance,Physiology,1,1,2012,0.062,0,13,False,4.5,Low
Fluorescein Angiography,Ophthalmology,1,1,2013,0.062,0,12,False,4.5,Low
Fluorescein angiography,Ophthalmology,1,1,2013,0.062,0,12,False,4.5,Low
Focal Neurological Deficit,Medicine,1,1,2013,0.062,0,12,False,4.5,Low
Food Safety,Community Medicine,1,1,2011,0.062,0,14,False,4.5,Low
Foodborne diseases,Microbiology,1,1,2013,0.062,0,12,False,4.5,Low
Foot Deformities,Orthopedics,1,1,2013,0.062,0,12,False,4.5,Low
Foot Deformity,Orthopedics,1,1,2013,0.062,0,12,False,4.5,Low
Foot Disorders,Orthopedics,1,1,2012,0.062,0,13,False,4.5,Low
Foot and ankle,Orthopedics,1,1,2013,0.062,0,12,False,4.5,Low
Forearm Compartments,Anatomy,1,1,2013,0.062,0,12,False,4.5,Low
Forearm compartments,Anatomy,1,1,2013,0.062,0,12,False,4.5,Low
Free-Living Amoebae,Microbiology,1,1,2013,0.062,0,12,False,4.5,Low
Free-living amoebae,Microbiology,1,1,2013,0.062,0,12,False,4.5,Low
Fungal Toxins,Microbiology,1,1,2011,0.062,0,14,False,4.5,Low
Fungi,Microbiology,1,1,2012,0.062,0,13,False,4.5,Low
GCS,Medicine,1,1,2011,0.062,0,14,False,4.5,Low
GI symptoms,Psychiatry,1,1,2013,0.062,0,12,False,4.5,Low
Gelastic Seizures,Pediatrics,1,1,2013,0.062,0,12,False,4.5,Low
Gelastic seizures,Pediatrics,1,1,2013,0.062,0,12,False,4.5,Low
Gene regulation,Biochemistry,1,1,2013,0.062,0,12,False,4.5,Low
Genetic disorder,Pathology,1,1,2013,0.062,0,12,False,4.5,Low
Genital prolapse,OBG,1,1,2012,0.062,0,13,False,4.5,Low
Genital ulcers,Dermatology,1,1,2012,0.062,0,13,False,4.5,Low
Genitourinary pharmacology,Pharmacology,1,1,2012,0.062,0,13,False,4.5,Low
Geriatric Medicine,Medicine,1,1,2012,0.062,0,13,False,4.5,Low
Germ Layer Derivatives,Anatomy,1,1,2012,0.062,0,13,False,4.5,Low
Germ Layers,Anatomy,1,1,2012,0.062,0,13,False,4.5,Low
Giardiasis,Medicine,1,1,2013,0.062,0,12,False,4.5,Low
Glands,Anatomy,1,1,2012,0.062,0,13,False,4.5,Low
Global Health,Community Medicine,1,1,2013,0.062,0,12,False,4.5,Low
Glucose Transporters,Biochemistry,1,1,2012,0.062,0,13,False,4.5,Low
Glucose homeostasis,Physiology,1,1,2012,0.062,0,13,False,4.5,Low
Gluteal region,Anatomy,1,1,2012,0.062,0,13,False,4.5,Low
Gram Positive Cocci,Microbiology,1,1,2011,0.062,0,14,False,4.5,Low
Grisel syndrome,ENT,1,1,2013,0.062,0,12,False,4.5,Low
Gunshot Residue Analysis,Forensic Medicine,1,1,2011,0.062,0,14,False,4.5,Low
Gunshot residue analysis,Forensic Medicine,1,1,2011,0.062,0,14,False,4.5,Low
Gynaecologic pathology,Pathology,1,1,2012,0.062,0,13,False,4.5,Low
Gynaecological Pharmacology,OBG,1,1,2011,0.062,0,14,False,4.5,Low
Gynaecological Surgery Complications,OBG,1,1,2012,0.062,0,13,False,4.5,Low
H. Pylori Treatment,Pharmacology,1,1,2012,0.062,0,13,False,4.5,Low
H. pylori Treatment,Pharmacology,1,1,2012,0.062,0,13,False,4.5,Low
HIV Life Cycle,Microbiology,1,1,2012,0.062,0,13,False,4.5,Low
HIV Medicine,Medicine,1,1,2012,0.062,0,13,False,4.5,Low
HIV Pathogenesis,Microbiology,1,1,2012,0.062,0,13,False,4.5,Low
HIV/AIDS surveillance,Community Medicine,1,1,2013,0.062,0,12,False,4.5,Low
Hair Cycle,Physiology,1,1,2013,0.062,0,12,False,4.5,Low
Hair cycle,Physiology,1,1,2013,0.062,0,12,False,4.5,Low
Hand Deformity,Orthopedics,1,1,2013,0.062,0,12,False,4.5,Low
Hand Disorders,Orthopedics,1,1,2012,0.062,0,13,False,4.5,Low
Hand spaces,Anatomy,1,1,2013,0.062,0,12,False,4.5,Low
Hand surgery,Orthopedics,1,1,2013,0.062,0,12,False,4.5,Low
Head and neck surgery,Surgery,1,1,2012,0.062,0,13,False,4.5,Low
Head injuries,Forensic Medicine,1,1,2011,0.062,0,14,False,4.5,Low
Health Behavior Models,Community Medicine,1,1,2011,0.062,0,14,False,4.5,Low
Health Definitions,Community Medicine,1,1,2013,0.062,0,12,False,4.5,Low
Health Organizations,Community Medicine,1,1,2012,0.062,0,13,False,4.5,Low
Health agencies,Community Medicine,1,1,2012,0.062,0,13,False,4.5,Low
Health care management,Community Medicine,1,1,2013,0.062,0,12,False,4.5,Low
Health economics,Community Medicine,1,1,2012,0.062,0,13,False,4.5,Low
Hearing physiology,ENT,1,1,2013,0.062,0,12,False,4.5,Low
Helminthic Diseases,Community Medicine,1,1,2012,0.062,0,13,False,4.5,Low
Helminthic diseases,Community Medicine,1,1,2012,0.062,0,13,False,4.5,Low
Hematologic Neoplasms,Pathology,1,1,2012,0.062,0,13,False,4.5,Low
Hematologic neoplasms,Pathology,1,1,2012,0.062,0,13,False,4.5,Low
Hematuria,Surgery,1,1,2011,0.062,0,14,False,4.5,Low
Hemorrhagic Fevers,Microbiology,1,1,2012,0.062,0,13,False,4.5,Low
Hemorrhagic fevers,Microbiology,1,1,2012,0.062,0,13,False,4.5,Low
Hemorrhagic shock,Medicine,1,1,2013,0.062,0,12,False,4.5,Low
Hepatitis viruses,Microbiology,1,1,2012,0.062,0,13,False,4.5,Low
Hepatobiliary Radiology,Radiology,1,1,2013,0.062,0,12,False,4.5,Low
Hepatobiliary radiology,Radiology,1,1,2013,0.062,0,12,False,4.5,Low
Hepatopathology,Pathology,1,1,2013,0.062,0,12,False,4.5,Low
Herpes Simplex,Dermatology,1,1,2013,0.062,0,12,False,4.5,Low
High Spinal Anaesthesia,Anaesthesia,1,1,2013,0.062,0,12,False,4.5,Low
Histocompatibility,Microbiology,1,1,2012,0.062,0,13,False,4.5,Low
History Of Surgery,Surgery,1,1,2013,0.062,0,12,False,4.5,Low
History of Anesthesia,Anaesthesia,1,1,2012,0.062,0,13,False,4.5,Low
History of Psychiatry,Psychiatry,1,1,2013,0.062,0,12,False,4.5,Low
History of anaesthesia,Anaesthesia,1,1,2012,0.062,0,13,False,4.5,Low
History of surgery,Surgery,1,1,2013,0.062,0,12,False,4.5,Low
Hiv Life Cycle,Microbiology,1,1,2012,0.062,0,13,False,4.5,Low
Hiv/Aids Surveillance,Community Medicine,1,1,2013,0.062,0,12,False,4.5,Low
Hormonal Assays,Biochemistry,1,1,2011,0.062,0,14,False,4.5,Low
Hormonal contraceptives,Pharmacology,1,1,2011,0.062,0,14,False,4.5,Low
Hormone Synthesis,Biochemistry,1,1,2013,0.062,0,12,False,4.5,Low
Hormone physiology,Physiology,1,1,2013,0.062,0,12,False,4.5,Low
Hormone replacement therapy,OBG,1,1,2013,0.062,0,12,False,4.5,Low
Hormone synthesis,Biochemistry,1,1,2013,0.062,0,12,False,4.5,Low
Humerus Anatomy,Anatomy,1,1,2012,0.062,0,13,False,4.5,Low
Humoral immunity,Microbiology,1,1,2012,0.062,0,13,False,4.5,Low
Hybridoma Technology,Microbiology,1,1,2011,0.062,0,14,False,4.5,Low
Hyperandrogenism,OBG,1,1,2013,0.062,0,12,False,4.5,Low
Hyperbilirubinemia,Medicine,1,1,2012,0.062,0,13,False,4.5,Low
Hypertensive disorders,OBG,1,1,2012,0.062,0,13,False,4.5,Low
Hypoglycemia In Children,Pediatrics,1,1,2011,0.062,0,14,False,4.5,Low
Hypoglycemia in Children,Pediatrics,1,1,2011,0.062,0,14,False,4.5,Low
Hypothalamic Functions,Physiology,1,1,2013,0.062,0,12,False,4.5,Low
Hypothalamic hamartoma,Pediatrics,1,1,2013,0.062,0,12,False,4.5,Low
Hypothyroidism Management,Medicine,1,1,2011,0.062,0,14,False,4.5,Low
Hypothyroidism management,Medicine,1,1,2011,0.062,0,14,False,4.5,Low
Hypoxia,Pathology,1,1,2012,0.062,0,13,False,4.5,Low
IgA Nephropathy,Medicine,1,1,2012,0.062,0,13,False,4.5,Low
Iga Nephropathy,Medicine,1,1,2012,0.062,0,13,False,4.5,Low
Imaging Of Cystic Brain Lesions,Radiology,1,1,2013,0.062,0,12,False,4.5,Low
Imaging of cystic brain lesions,Radiology,1,1,2013,0.062,0,12,False,4.5,Low
Immobilization,Orthopedics,1,1,2013,0.062,0,12,False,4.5,Low
Impulse control disorders,Psychiatry,1,1,2013,0.062,0,12,False,4.5,Low
Inborn Errors,Biochemistry,1,1,2013,0.062,0,12,False,4.5,Low
Indoor Air Pollution,Community Medicine,1,1,2011,0.062,0,14,False,4.5,Low
Infant mortality,Community Medicine,1,1,2013,0.062,0,12,False,4.5,Low
Inflammatory Disorders,Pathology,1,1,2011,0.062,0,14,False,4.5,Low
Inflammatory Eye Disease,Ophthalmology,1,1,2012,0.062,0,13,False,4.5,Low
Inflammatory Eye Diseases,Ophthalmology,1,1,2013,0.062,0,12,False,4.5,Low
Inflammatory Myopathies,Pathology,1,1,2013,0.062,0,12,False,4.5,Low
Inflammatory disorders,ENT,1,1,2013,0.062,0,12,False,4.5,Low
Inflammatory myopathies,Pathology,1,1,2013,0.062,0,12,False,4.5,Low
Infratemporal fossa,Anatomy,1,1,2013,0.062,0,12,False,4.5,Low
Inhalational Anaesthesia,Anaesthesia,1,1,2013,0.062,0,12,False,4.5,Low
Inhalational Anesthetic Agents,Anaesthesia,1,1,2013,0.062,0,12,False,4.5,Low
Inhalational anesthetic agents,Anaesthesia,1,1,2013,0.062,0,12,False,4.5,Low
Injury Patterns,Forensic Medicine,1,1,2011,0.062,0,14,False,4.5,Low
Injury patterns,Forensic Medicine,1,1,2011,0.062,0,14,False,4.5,Low
Inner ear,Anatomy,1,1,2012,0.062,0,13,False,4.5,Low
Instruments,Ophthalmology,1,1,2013,0.062,0,12,False,4.5,Low
Integrated Disease Surveillance Project,Community Medicine,1,1,2013,0.062,0,12,False,4.5,Low
Integrins,Pharmacology,1,1,2013,0.062,0,12,False,4.5,Low
Intellectual Disability Classification,Psychiatry,1,1,2011,0.062,0,14,False,4.5,Low
Intermediary Metabolism,Biochemistry,1,1,2012,0.062,0,13,False,4.5,Low
International health regulations,Community Medicine,1,1,2013,0.062,0,12,False,4.5,Low
Intestinal Failure,Surgery,1,1,2012,0.062,0,13,False,4.5,Low
Intestinal Perforation,Surgery,1,1,2013,0.062,0,12,False,4.5,Low
Intracellular bacteria,Microbiology,1,1,2012,0.062,0,13,False,4.5,Low
Intramedullary nailing,Orthopedics,1,1,2012,0.062,0,13,False,4.5,Low
Intramembranous Ossification,Anatomy,1,1,2013,0.062,0,12,False,4.5,Low
Intramembranous ossification,Anatomy,1,1,2013,0.062,0,12,False,4.5,Low
Intraocular Pressure,Anaesthesia,1,1,2013,0.062,0,12,False,4.5,Low
Intraoperative Awareness,Anaesthesia,1,1,2011,0.062,0,14,False,4.5,Low
Intrauterine Adhesions,OBG,1,1,2013,0.062,0,12,False,4.5,Low
Intrauterine Device,OBG,1,1,2013,0.062,0,12,False,4.5,Low
Ionization potential,Radiology,1,1,2013,0.062,0,12,False,4.5,Low
Iris Anomalies,Ophthalmology,1,1,2012,0.062,0,13,False,4.5,Low
Ischemic heart disease,Pharmacology,1,1,2011,0.062,0,14,False,4.5,Low
Kidney Diseases,Pathology,1,1,2012,0.062,0,13,False,4.5,Low
Kidney Function,Physiology,1,1,2013,0.062,0,12,False,4.5,Low
Knee Pain,Orthopedics,1,1,2011,0.062,0,14,False,4.5,Low
LDH isoforms,Biochemistry,1,1,2012,0.062,0,13,False,4.5,Low
LMA Supreme,Anaesthesia,1,1,2013,0.062,0,12,False,4.5,Low
Lab techniques,Microbiology,1,1,2013,0.062,0,12,False,4.5,Low
Laryngeal malignancy,ENT,1,1,2013,0.062,0,12,False,4.5,Low
Laryngeal nerve palsy,ENT,1,1,2013,0.062,0,12,False,4.5,Low
Laser therapy,Dermatology,1,1,2012,0.062,0,13,False,4.5,Low
Lasers,Ophthalmology,1,1,2013,0.062,0,12,False,4.5,Low
Ldh Isoforms,Biochemistry,1,1,2012,0.062,0,13,False,4.5,Low
Learning Theory,Psychiatry,1,1,2013,0.062,0,12,False,4.5,Low
Learning theory,Psychiatry,1,1,2013,0.062,0,12,False,4.5,Low
Legal Terms,Forensic Medicine,1,1,2012,0.062,0,13,False,4.5,Low
Legg-Calve-Perthes Disease,Orthopedics,1,1,2013,0.062,0,12,False,4.5,Low
Leukaemia,Pathology,1,1,2012,0.062,0,13,False,4.5,Low
Leukaemia Complications,Pathology,1,1,2012,0.062,0,13,False,4.5,Low
Levels of health care,Community Medicine,1,1,2013,0.062,0,12,False,4.5,Low
Limb Replantation Principles,Surgery,1,1,2011,0.062,0,14,False,4.5,Low
Limping Child,Orthopedics,1,1,2013,0.062,0,12,False,4.5,Low
Lipid lowering drugs,Pharmacology,1,1,2013,0.062,0,12,False,4.5,Low
Lipogenesis,Biochemistry,1,1,2012,0.062,0,13,False,4.5,Low
Liver Biopsy,Medicine,1,1,2013,0.062,0,12,False,4.5,Low
Liver disorders,OBG,1,1,2011,0.062,0,14,False,4.5,Low
Liver injury,Forensic Medicine,1,1,2013,0.062,0,12,False,4.5,Low
Liver segments,Anatomy,1,1,2012,0.062,0,13,False,4.5,Low
Local Anesthesia,Anaesthesia,1,1,2012,0.062,0,13,False,4.5,Low
Lung Anatomy,Radiology,1,1,2011,0.062,0,14,False,4.5,Low
Lung Diseases,Pathology,1,1,2012,0.062,0,13,False,4.5,Low
Lung Fissures,Anatomy,1,1,2012,0.062,0,13,False,4.5,Low
Lung anatomy,Anatomy,1,1,2012,0.062,0,13,False,4.5,Low
Lung mechanics,Physiology,1,1,2011,0.062,0,14,False,4.5,Low
Lung pathology,Pathology,1,1,2011,0.062,0,14,False,4.5,Low
Lungs,Anatomy,1,1,2013,0.062,0,12,False,4.5,Low
Lymphatic disorders,Surgery,1,1,2012,0.062,0,13,False,4.5,Low
Lymphatic mapping,Surgery,1,1,2013,0.062,0,12,False,4.5,Low
Macronutrients,Community Medicine,1,1,2013,0.062,0,12,False,4.5,Low
Magnesium Toxicity,Pharmacology,1,1,2011,0.062,0,14,False,4.5,Low
Maintenance Therapy,Pediatrics,1,1,2013,0.062,0,12,False,4.5,Low
Malaria Life Cycle,Microbiology,1,1,2012,0.062,0,13,False,4.5,Low
Male Genitourinary System,Anatomy,1,1,2011,0.062,0,14,False,4.5,Low
Male genitourinary,Anatomy,1,1,2012,0.062,0,13,False,4.5,Low
Malignant hyperthermia,Anaesthesia,1,1,2012,0.062,0,13,False,4.5,Low
Malpresentations,OBG,1,1,2012,0.062,0,13,False,4.5,Low
Mandibular Nerve Branches,Anatomy,1,1,2011,0.062,0,14,False,4.5,Low
Mandibular nerve branches,Anatomy,1,1,2011,0.062,0,14,False,4.5,Low
Mapleson Systems,Anaesthesia,1,1,2012,0.062,0,13,False,4.5,Low
Masticatory Muscles,Anatomy,1,1,2012,0.062,0,13,False,4.5,Low
Maxillary Artery,Anatomy,1,1,2012,0.062,0,13,False,4.5,Low
Maxillary Sinus,ENT,1,1,2013,0.062,0,12,False,4.5,Low
Maxillary sinusitis,ENT,1,1,2013,0.062,0,12,False,4.5,Low
Maxillofacial Surgery,ENT,1,1,2013,0.062,0,12,False,4.5,Low
McKeown's Theory,Community Medicine,1,1,2011,0.062,0,14,False,4.5,Low
Mckeown'S Theory,Community Medicine,1,1,2011,0.062,0,14,False,4.5,Low
Measures Of Skewness,Community Medicine,1,1,2011,0.062,0,14,False,4.5,Low
Measures of Skewness,Community Medicine,1,1,2011,0.062,0,14,False,4.5,Low
Medical Ethics And Law,Forensic Medicine,1,1,2012,0.062,0,13,False,4.5,Low
Medico Legal Injuries,Forensic Medicine,1,1,2012,0.062,0,13,False,4.5,Low
Medico-Legal Examination,Forensic Medicine,1,1,2013,0.062,0,12,False,4.5,Low
Medico-legal Examination,Forensic Medicine,1,1,2013,0.062,0,12,False,4.5,Low
Medico-legal definitions,Forensic Medicine,1,1,2013,0.062,0,12,False,4.5,Low
Medico-legal investigations,Forensic Medicine,1,1,2013,0.062,0,12,False,4.5,Low
Melanocytic nevi,Dermatology,1,1,2012,0.062,0,13,False,4.5,Low
Melasma,Dermatology,1,1,2013,0.062,0,12,False,4.5,Low
Melioidosis,Microbiology,1,1,2013,0.062,0,12,False,4.5,Low
Membrane receptors,Physiology,1,1,2013,0.062,0,12,False,4.5,Low
Memory,Psychiatry,1,1,2013,0.062,0,12,False,4.5,Low
Menorrhagia Management,OBG,1,1,2011,0.062,0,14,False,4.5,Low
Menstrual Regulation,OBG,1,1,2012,0.062,0,13,False,4.5,Low
Menstrual regulation,OBG,1,1,2012,0.062,0,13,False,4.5,Low
Mental Health Law,Psychiatry,1,1,2013,0.062,0,12,False,4.5,Low
Mental retardation,Forensic Medicine,1,1,2012,0.062,0,13,False,4.5,Low
Mental status examination,Psychiatry,1,1,2013,0.062,0,12,False,4.5,Low
Metabolic Regulation,Biochemistry,1,1,2012,0.062,0,13,False,4.5,Low
Metastasis Imaging,Radiology,1,1,2011,0.062,0,14,False,4.5,Low
Meteorology,Community Medicine,1,1,2013,0.062,0,12,False,4.5,Low
Metropathic hemorrhagica,OBG,1,1,2013,0.062,0,12,False,4.5,Low
Mifepristone Dosage,OBG,1,1,2013,0.062,0,12,False,4.5,Low
Migraine Prophylaxis,Pharmacology,1,1,2011,0.062,0,14,False,4.5,Low
Mitochondrial Diseases,Biochemistry,1,1,2011,0.062,0,14,False,4.5,Low
Morbidity indicators,Community Medicine,1,1,2013,0.062,0,12,False,4.5,Low
Morbidity measures,Community Medicine,1,1,2012,0.062,0,13,False,4.5,Low
Mosquito Control,Community Medicine,1,1,2011,0.062,0,14,False,4.5,Low
Motor Pathways,Physiology,1,1,2013,0.062,0,12,False,4.5,Low
Motor System,Physiology,1,1,2012,0.062,0,13,False,4.5,Low
Mucosal immunity,Microbiology,1,1,2013,0.062,0,12,False,4.5,Low
Muscle Diseases,Pathology,1,1,2013,0.062,0,12,False,4.5,Low
Muscle Innervation,Anatomy,1,1,2013,0.062,0,12,False,4.5,Low
Muscle Pathology,Pathology,1,1,2013,0.062,0,12,False,4.5,Low
Muscle innervation,Anatomy,1,1,2013,0.062,0,12,False,4.5,Low
Muscle pathology,Pathology,1,1,2013,0.062,0,12,False,4.5,Low
Musculoskeletal Tuberculosis,Orthopedics,1,1,2012,0.062,0,13,False,4.5,Low
Musculoskeletal anatomy,Orthopedics,1,1,2012,0.062,0,13,False,4.5,Low
Mycobacterium tuberculosis,OBG,1,1,2013,0.062,0,12,False,4.5,Low
Myeloid Neoplasms,Pathology,1,1,2013,0.062,0,12,False,4.5,Low
Myeloproliferative Disorders,Pediatrics,1,1,2012,0.062,0,13,False,4.5,Low
NREM sleep,Physiology,1,1,2013,0.062,0,12,False,4.5,Low
Nasal Bleeding,ENT,1,1,2013,0.062,0,12,False,4.5,Low
Nasal anatomy,Ophthalmology,1,1,2013,0.062,0,12,False,4.5,Low
Nasopharyngeal Angiofibroma,ENT,1,1,2013,0.062,0,12,False,4.5,Low
National Screening Programs,Community Medicine,1,1,2011,0.062,0,14,False,4.5,Low
Natural Family Planning,Community Medicine,1,1,2013,0.062,0,12,False,4.5,Low
Natural family planning,Community Medicine,1,1,2013,0.062,0,12,False,4.5,Low
Neck Triangles,Anatomy,1,1,2013,0.062,0,12,False,4.5,Low
Neck Vasculature,Anatomy,1,1,2012,0.062,0,13,False,4.5,Low
Neck anatomy,Anatomy,1,1,2011,0.062,0,14,False,4.5,Low
Neglected Tropical Diseases,Community Medicine,1,1,2011,0.062,0,14,False,4.5,Low
Neisseria Meningitidis Vaccine,Microbiology,1,1,2013,0.062,0,12,False,4.5,Low
Neisseria meningitidis vaccine,Microbiology,1,1,2013,0.062,0,12,False,4.5,Low
Neonatal Eye Disease,Ophthalmology,1,1,2012,0.062,0,13,False,4.5,Low
Neonatal Meningitis,Pediatrics,1,1,2013,0.062,0,12,False,4.5,Low
Neonatal meningitis,Pediatrics,1,1,2013,0.062,0,12,False,4.5,Low
Neonatal metabolism,Pediatrics,1,1,2012,0.062,0,13,False,4.5,Low
Neonatal resuscitation,Pediatrics,1,1,2012,0.062,0,13,False,4.5,Low
Neonatal transport,Pediatrics,1,1,2013,0.062,0,12,False,4.5,Low
Nephron Physiology,Pharmacology,1,1,2013,0.062,0,12,False,4.5,Low
Nerve And Muscle,Physiology,1,1,2012,0.062,0,13,False,4.5,Low
Nerve Fibers,Physiology,1,1,2013,0.062,0,12,False,4.5,Low
Nerve and muscle,Physiology,1,1,2012,0.062,0,13,False,4.5,Low
Neurodegenerative diseases,Pathology,1,1,2012,0.062,0,13,False,4.5,Low
Neurological emergencies,Orthopedics,1,1,2013,0.062,0,12,False,4.5,Low
Neuromuscular Physiology,Physiology,1,1,2013,0.062,0,12,False,4.5,Low
Neuropathic Arthropathy,Orthopedics,1,1,2013,0.062,0,12,False,4.5,Low
Neuropathic arthropathy,Orthopedics,1,1,2013,0.062,0,12,False,4.5,Low
Neurosis,Psychiatry,1,1,2013,0.062,0,12,False,4.5,Low
Neurosurgical emergencies,Surgery,1,1,2013,0.062,0,12,False,4.5,Low
Neurotic Disorders,Psychiatry,1,1,2013,0.062,0,12,False,4.5,Low
Neurulation,Anatomy,1,1,2012,0.062,0,13,False,4.5,Low
Newborn Transport,Pediatrics,1,1,2013,0.062,0,12,False,4.5,Low
Newborn transport,Pediatrics,1,1,2013,0.062,0,12,False,4.5,Low
Nitrous oxide,Anaesthesia,1,1,2013,0.062,0,12,False,4.5,Low
Nocardiosis,Microbiology,1,1,2011,0.062,0,14,False,4.5,Low
Non-Accidental Injury,Pediatrics,1,1,2011,0.062,0,14,False,4.5,Low
Non-accidental injury,Pediatrics,1,1,2011,0.062,0,14,False,4.5,Low
Nondepolarizing blockers,Anaesthesia,1,1,2012,0.062,0,13,False,4.5,Low
Nonstress test,OBG,1,1,2012,0.062,0,13,False,4.5,Low
Nontuberculous Mycobacteria,Microbiology,1,1,2012,0.062,0,13,False,4.5,Low
Nontuberculous mycobacteria,Microbiology,1,1,2012,0.062,0,13,False,4.5,Low
Normal Flora,Microbiology,1,1,2012,0.062,0,13,False,4.5,Low
Nrem Sleep,Physiology,1,1,2013,0.062,0,12,False,4.5,Low
Nuclear magnetic resonance,Radiology,1,1,2012,0.062,0,13,False,4.5,Low
Nucleic Acid Metabolism,Biochemistry,1,1,2012,0.062,0,13,False,4.5,Low
Nucleoside Analogues,Pharmacology,1,1,2012,0.062,0,13,False,4.5,Low
Numbering Systems,Anatomy,1,1,2011,0.062,0,14,False,4.5,Low
Obstetric Hemorrhage,OBG,1,1,2013,0.062,0,12,False,4.5,Low
Obstetric Pharmacology,Pharmacology,1,1,2012,0.062,0,13,False,4.5,Low
Obstetric emergencies,OBG,1,1,2012,0.062,0,13,False,4.5,Low
Obstetric hemorrhage,OBG,1,1,2013,0.062,0,12,False,4.5,Low
Obstetric maneuvers,OBG,1,1,2011,0.062,0,14,False,4.5,Low
Occupational cancers,Community Medicine,1,1,2012,0.062,0,13,False,4.5,Low
Ocular Manifestations of Systemic Disease,Ophthalmology,1,1,2013,0.062,0,12,False,4.5,Low
Ocular Surgery,Ophthalmology,1,1,2012,0.062,0,13,False,4.5,Low
Ocular anesthesia,Ophthalmology,1,1,2013,0.062,0,12,False,4.5,Low
Ocular manifestations of phakomatoses,Ophthalmology,1,1,2012,0.062,0,13,False,4.5,Low
Ocular pathology,Pathology,1,1,2013,0.062,0,12,False,4.5,Low
Ocular surface disorders,Ophthalmology,1,1,2012,0.062,0,13,False,4.5,Low
Ocular surgery,Ophthalmology,1,1,2012,0.062,0,13,False,4.5,Low
Oculoplastic surgery,Ophthalmology,1,1,2013,0.062,0,12,False,4.5,Low
Oncologic Imaging,Radiology,1,1,2011,0.062,0,14,False,4.5,Low
Oncology Imaging,Radiology,1,1,2013,0.062,0,12,False,4.5,Low
Oncology Pharmacology,Pharmacology,1,1,2013,0.062,0,12,False,4.5,Low
Ophthalmic Anaesthesia,Ophthalmology,1,1,2013,0.062,0,12,False,4.5,Low
Ophthalmic Drugs,Ophthalmology,1,1,2013,0.062,0,12,False,4.5,Low
Ophthalmic Examination,Ophthalmology,1,1,2013,0.062,0,12,False,4.5,Low
Ophthalmic Physiology,Ophthalmology,1,1,2012,0.062,0,13,False,4.5,Low
Ophthalmic pharmacology,Pharmacology,1,1,2013,0.062,0,12,False,4.5,Low
Ophthalmic surgery complications,Ophthalmology,1,1,2012,0.062,0,13,False,4.5,Low
Opioid Dependence Treatment,Pharmacology,1,1,2011,0.062,0,14,False,4.5,Low
Opioid Pharmacology,Pharmacology,1,1,2011,0.062,0,14,False,4.5,Low
Opioid dependence,Psychiatry,1,1,2012,0.062,0,13,False,4.5,Low
Optic Pathway,Ophthalmology,1,1,2013,0.062,0,12,False,4.5,Low
Optic neuropathy,Ophthalmology,1,1,2012,0.062,0,13,False,4.5,Low
Optic pathway,Ophthalmology,1,1,2013,0.062,0,12,False,4.5,Low
Oral Cancer,Surgery,1,1,2013,0.062,0,12,False,4.5,Low
Oral Cancers,Surgery,1,1,2012,0.062,0,13,False,4.5,Low
Oral Cavity Cancers,Surgery,1,1,2013,0.062,0,12,False,4.5,Low
Oral Cavity Lesions,ENT,1,1,2011,0.062,0,14,False,4.5,Low
Oral Surgery,ENT,1,1,2013,0.062,0,12,False,4.5,Low
Oral cancers,Surgery,1,1,2012,0.062,0,13,False,4.5,Low
Oral pathology,Pathology,1,1,2012,0.062,0,13,False,4.5,Low
Orbital Imaging,Ophthalmology,1,1,2013,0.062,0,12,False,4.5,Low
Orbital Neoplasms,Ophthalmology,1,1,2012,0.062,0,13,False,4.5,Low
Organ Donation And Transplantation,Surgery,1,1,2011,0.062,0,14,False,4.5,Low
Organ Donation and Transplantation,Surgery,1,1,2011,0.062,0,14,False,4.5,Low
Organophosphate poisoning,Pharmacology,1,1,2013,0.062,0,12,False,4.5,Low
Oropharyngeal surgery,ENT,1,1,2013,0.062,0,12,False,4.5,Low
Osteochondritis,Orthopedics,1,1,2012,0.062,0,13,False,4.5,Low
Osteochondritis Dissecans,Orthopedics,1,1,2013,0.062,0,12,False,4.5,Low
Osteogenesis,Anatomy,1,1,2013,0.062,0,12,False,4.5,Low
Osteolytic metastasis,Pathology,1,1,2013,0.062,0,12,False,4.5,Low
Osteopetrosis,Orthopedics,1,1,2012,0.062,0,13,False,4.5,Low
Osteosarcoma,Orthopedics,1,1,2012,0.062,0,13,False,4.5,Low
Otalgia,ENT,1,1,2013,0.062,0,12,False,4.5,Low
Otitis Media With Effusion,ENT,1,1,2013,0.062,0,12,False,4.5,Low
Otitis Media with Effusion,ENT,1,1,2013,0.062,0,12,False,4.5,Low
Otologic Surgery,ENT,1,1,2013,0.062,0,12,False,4.5,Low
Otosclerosis Treatment,Pharmacology,1,1,2011,0.062,0,14,False,4.5,Low
Ovarian Reserve,OBG,1,1,2013,0.062,0,12,False,4.5,Low
Ovarian cancer,OBG,1,1,2012,0.062,0,13,False,4.5,Low
Ovulation assessment,OBG,1,1,2012,0.062,0,13,False,4.5,Low
Oxytocics,Pharmacology,1,1,2012,0.062,0,13,False,4.5,Low
PCOS management,Pharmacology,1,1,2013,0.062,0,12,False,4.5,Low
Paediatric Diarrhea,Pediatrics,1,1,2012,0.062,0,13,False,4.5,Low
Paediatric Genitourinary Disorders,Pediatrics,1,1,2011,0.062,0,14,False,4.5,Low
Paediatric Hip Disorders,Orthopedics,1,1,2011,0.062,0,14,False,4.5,Low
Paediatric Oncology,Pediatrics,1,1,2012,0.062,0,13,False,4.5,Low
Paediatric dosing,Pharmacology,1,1,2013,0.062,0,12,False,4.5,Low
Pain symptoms,Psychiatry,1,1,2013,0.062,0,12,False,4.5,Low
Pancreas Anatomy,Anatomy,1,1,2011,0.062,0,14,False,4.5,Low
Pancreas anatomy,Anatomy,1,1,2011,0.062,0,14,False,4.5,Low
Pancreas relations,Anatomy,1,1,2011,0.062,0,14,False,4.5,Low
Pancreatic Imaging,Radiology,1,1,2013,0.062,0,12,False,4.5,Low
Pancreatic diseases,Surgery,1,1,2013,0.062,0,12,False,4.5,Low
Pancreatic imaging,Radiology,1,1,2013,0.062,0,12,False,4.5,Low
Pancreatic secretion,Physiology,1,1,2013,0.062,0,12,False,4.5,Low
Panniculitis,Dermatology,1,1,2011,0.062,0,14,False,4.5,Low
Paraneoplastic dermatoses,Dermatology,1,1,2013,0.062,0,12,False,4.5,Low
Patellofemoral Pain Syndrome,Orthopedics,1,1,2011,0.062,0,14,False,4.5,Low
Patient Assessment,Anaesthesia,1,1,2011,0.062,0,14,False,4.5,Low
Patient Management,Anaesthesia,1,1,2011,0.062,0,14,False,4.5,Low
Pcr,Microbiology,1,1,2013,0.062,0,12,False,4.5,Low
Pectoral Region,Anatomy,1,1,2013,0.062,0,12,False,4.5,Low
Pediatric GI Disorders,Pediatrics,1,1,2011,0.062,0,14,False,4.5,Low
Pediatric Gi Disorders,Pediatrics,1,1,2011,0.062,0,14,False,4.5,Low
Pediatric pharmacology,Pharmacology,1,1,2013,0.062,0,12,False,4.5,Low
Pediatric radiology,Radiology,1,1,2012,0.062,0,13,False,4.5,Low
Pelvic Examination,OBG,1,1,2013,0.062,0,12,False,4.5,Low
Pelvic Viscera,Anatomy,1,1,2011,0.062,0,14,False,4.5,Low
Pelvic examination,OBG,1,1,2013,0.062,0,12,False,4.5,Low
Penicillins,Pharmacology,1,1,2013,0.062,0,12,False,4.5,Low
Penile disorders,Surgery,1,1,2012,0.062,0,13,False,4.5,Low
Perforation Peritoneum,Surgery,1,1,2013,0.062,0,12,False,4.5,Low
Perforation peritoneum,Surgery,1,1,2013,0.062,0,12,False,4.5,Low
Perinatal transmission,Pediatrics,1,1,2011,0.062,0,14,False,4.5,Low
Perioperative Care,Anaesthesia,1,1,2013,0.062,0,12,False,4.5,Low
Perioperative Complications,Anaesthesia,1,1,2013,0.062,0,12,False,4.5,Low
Perioperative Pharmacology,Surgery,1,1,2013,0.062,0,12,False,4.5,Low
Peripheral Nerve Disorders,ENT,1,1,2013,0.062,0,12,False,4.5,Low
Peripheral Neuropathies,Pediatrics,1,1,2012,0.062,0,13,False,4.5,Low
Peripheral neuropathies,Pediatrics,1,1,2012,0.062,0,13,False,4.5,Low
Peritonsillar Abscess,ENT,1,1,2013,0.062,0,12,False,4.5,Low
Peritonsillar abscess,ENT,1,1,2013,0.062,0,12,False,4.5,Low
Peroxisomal Disorder,Biochemistry,1,1,2013,0.062,0,12,False,4.5,Low
Peroxisomal disorder,Biochemistry,1,1,2013,0.062,0,12,False,4.5,Low
Peroxisomes,Biochemistry,1,1,2013,0.062,0,12,False,4.5,Low
Petrous Apicitis,ENT,1,1,2013,0.062,0,12,False,4.5,Low
Pharmacologic therapy,OBG,1,1,2012,0.062,0,13,False,4.5,Low
Pharmacology Of Intravenous Anesthetics,Anaesthesia,1,1,2013,0.062,0,12,False,4.5,Low
Pharmacology of intravenous anaesthetics,Anaesthesia,1,1,2013,0.062,0,12,False,4.5,Low
Pharmacology of intravenous anesthetics,Anaesthesia,1,1,2013,0.062,0,12,False,4.5,Low
Pharyngeal Spaces,Anatomy,1,1,2012,0.062,0,13,False,4.5,Low
Pharyngeal arches,Anatomy,1,1,2012,0.062,0,13,False,4.5,Low
Phimosis,Pediatrics,1,1,2011,0.062,0,14,False,4.5,Low
Pigmented purpuric dermatoses,Dermatology,1,1,2013,0.062,0,12,False,4.5,Low
Placental Disorders,OBG,1,1,2012,0.062,0,13,False,4.5,Low
Placental physiology,OBG,1,1,2012,0.062,0,13,False,4.5,Low
Pleural diseases,Surgery,1,1,2012,0.062,0,13,False,4.5,Low
Poison antidotes,Forensic Medicine,1,1,2012,0.062,0,13,False,4.5,Low
Poisons and Antidotes,Forensic Medicine,1,1,2012,0.062,0,13,False,4.5,Low
Pollution,Community Medicine,1,1,2013,0.062,0,12,False,4.5,Low
Polycythemia Vera,Pathology,1,1,2013,0.062,0,12,False,4.5,Low
Polycythemia vera,Pathology,1,1,2013,0.062,0,12,False,4.5,Low
Portal Circulation,Anatomy,1,1,2012,0.062,0,13,False,4.5,Low
Portal circulation,Anatomy,1,1,2012,0.062,0,13,False,4.5,Low
Post-Streptococcal Glomerulonephritis,Medicine,1,1,2013,0.062,0,12,False,4.5,Low
Post-streptococcal Glomerulonephritis,Medicine,1,1,2013,0.062,0,12,False,4.5,Low
Posterior cranial fossa,Anatomy,1,1,2013,0.062,0,12,False,4.5,Low
Postgastrectomy Syndromes,Surgery,1,1,2012,0.062,0,13,False,4.5,Low
Postmortem Lividity,Forensic Medicine,1,1,2013,0.062,0,12,False,4.5,Low
Pott's paraplegia,Orthopedics,1,1,2013,0.062,0,12,False,4.5,Low
Premature Infant Management,Pediatrics,1,1,2011,0.062,0,14,False,4.5,Low
Prematurity Features,Pediatrics,1,1,2013,0.062,0,12,False,4.5,Low
Prematurity features,Pediatrics,1,1,2013,0.062,0,12,False,4.5,Low
Preventive Ophthalmology,Ophthalmology,1,1,2012,0.062,0,13,False,4.5,Low
Prevertebral space,Radiology,1,1,2013,0.062,0,12,False,4.5,Low
Primary Amenorrhoea,OBG,1,1,2011,0.062,0,14,False,4.5,Low
Prions,Microbiology,1,1,2013,0.062,0,12,False,4.5,Low
Prostate Anatomy,Surgery,1,1,2011,0.062,0,14,False,4.5,Low
Prostate Surgery Complications,Surgery,1,1,2011,0.062,0,14,False,4.5,Low
Prosthetic Grafts,Surgery,1,1,2013,0.062,0,12,False,4.5,Low
Protein Sorting,Biochemistry,1,1,2012,0.062,0,13,False,4.5,Low
Protein degradation,Biochemistry,1,1,2012,0.062,0,13,False,4.5,Low
Psychiatric Symptoms,Psychiatry,1,1,2013,0.062,0,12,False,4.5,Low
Psychiatric symptoms,Psychiatry,1,1,2013,0.062,0,12,False,4.5,Low
Psychomotor Symptoms,Psychiatry,1,1,2013,0.062,0,12,False,4.5,Low
Pterygopalatine Fossa,Anatomy,1,1,2012,0.062,0,13,False,4.5,Low
Pterygopalatine fossa,Anatomy,1,1,2012,0.062,0,13,False,4.5,Low
Public Health Concepts,Community Medicine,1,1,2013,0.062,0,12,False,4.5,Low
Pulmonary Circulation,Physiology,1,1,2013,0.062,0,12,False,4.5,Low
Pulmonary Imaging,Radiology,1,1,2011,0.062,0,14,False,4.5,Low
Pulmonary Infiltrates,Medicine,1,1,2013,0.062,0,12,False,4.5,Low
Pulmonary Metastasis,Radiology,1,1,2013,0.062,0,12,False,4.5,Low
Pulmonary metastasis,Radiology,1,1,2013,0.062,0,12,False,4.5,Low
Pulmonary nodules,Radiology,1,1,2012,0.062,0,13,False,4.5,Low
Pulmonary tuberculosis,Community Medicine,1,1,2012,0.062,0,13,False,4.5,Low
Pupillary Abnormalities,Ophthalmology,1,1,2012,0.062,0,13,False,4.5,Low
Pupillary Disorders,Ophthalmology,1,1,2012,0.062,0,13,False,4.5,Low
Pure tone audiometry,ENT,1,1,2013,0.062,0,12,False,4.5,Low
REM sleep,Physiology,1,1,2013,0.062,0,12,False,4.5,Low
Radiation Protection,Radiology,1,1,2012,0.062,0,13,False,4.5,Low
Radiation Tolerance,Radiology,1,1,2013,0.062,0,12,False,4.5,Low
Radiation tolerance,Radiology,1,1,2013,0.062,0,12,False,4.5,Low
Radiographic Anatomy Of Skull,Radiology,1,1,2013,0.062,0,12,False,4.5,Low
Radiographic anatomy of skull,Radiology,1,1,2013,0.062,0,12,False,4.5,Low
Radiography Principles,Radiology,1,1,2011,0.062,0,14,False,4.5,Low
Radioisotopes,Radiology,1,1,2012,0.062,0,13,False,4.5,Low
Raised intracranial pressure,Medicine,1,1,2013,0.062,0,12,False,4.5,Low
Rapid Sequence Induction,Anaesthesia,1,1,2013,0.062,0,12,False,4.5,Low
Rapid sequence induction,Anaesthesia,1,1,2013,0.062,0,12,False,4.5,Low
Raynaud Phenomenon,Pathology,1,1,2012,0.062,0,13,False,4.5,Low
Reactive Oxygen Species,Biochemistry,1,1,2011,0.062,0,14,False,4.5,Low
Receptors,Physiology,1,1,2011,0.062,0,14,False,4.5,Low
Recombinant DNA Technology,Biochemistry,1,1,2011,0.062,0,14,False,4.5,Low
Recombinant Dna Technology,Biochemistry,1,1,2011,0.062,0,14,False,4.5,Low
Rectal disorders,Surgery,1,1,2013,0.062,0,12,False,4.5,Low
Redox reactions,Biochemistry,1,1,2013,0.062,0,12,False,4.5,Low
Refsum disease,Biochemistry,1,1,2013,0.062,0,12,False,4.5,Low
Rem Sleep,Physiology,1,1,2013,0.062,0,12,False,4.5,Low
Replantation,Surgery,1,1,2011,0.062,0,14,False,4.5,Low
Reporter Genes,Biochemistry,1,1,2011,0.062,0,14,False,4.5,Low
Respiration,Physiology,1,1,2011,0.062,0,14,False,4.5,Low
Retroperitoneum,Anatomy,1,1,2012,0.062,0,13,False,4.5,Low
Retropharyngeal Abscess,ENT,1,1,2013,0.062,0,12,False,4.5,Low
Rh Incompatibility,OBG,1,1,2013,0.062,0,12,False,4.5,Low
Rhabdoviruses,Microbiology,1,1,2012,0.062,0,13,False,4.5,Low
Rheumatoid Arthritis Complications,Pathology,1,1,2013,0.062,0,12,False,4.5,Low
Rhinosporidiosis,ENT,1,1,2013,0.062,0,12,False,4.5,Low
Road Traffic Injuries,Forensic Medicine,1,1,2011,0.062,0,14,False,4.5,Low
Road traffic injuries,Forensic Medicine,1,1,2011,0.062,0,14,False,4.5,Low
Salivary secretion,Physiology,1,1,2013,0.062,0,12,False,4.5,Low
Scalp and meninges,Anatomy,1,1,2013,0.062,0,12,False,4.5,Low
School Health Services,Community Medicine,1,1,2012,0.062,0,13,False,4.5,Low
School health,Community Medicine,1,1,2012,0.062,0,13,False,4.5,Low
School health services,Community Medicine,1,1,2012,0.062,0,13,False,4.5,Low
Secondary health care,Community Medicine,1,1,2013,0.062,0,12,False,4.5,Low
Secretion Regulation,Physiology,1,1,2012,0.062,0,13,False,4.5,Low
Secretions,Physiology,1,1,2012,0.062,0,13,False,4.5,Low
Sedation,Anaesthesia,1,1,2013,0.062,0,12,False,4.5,Low
Sedative-hypnotics,Pharmacology,1,1,2013,0.062,0,12,False,4.5,Low
Semen Analysis,Pathology,1,1,2013,0.062,0,12,False,4.5,Low
Sensory pathways,Physiology,1,1,2012,0.062,0,13,False,4.5,Low
Shoulder Impingement Syndrome,Orthopedics,1,1,2013,0.062,0,12,False,4.5,Low
Shoulder anatomy,Anatomy,1,1,2013,0.062,0,12,False,4.5,Low
Shoulder muscles,Anatomy,1,1,2012,0.062,0,13,False,4.5,Low
Signs of live birth,Forensic Medicine,1,1,2012,0.062,0,13,False,4.5,Low
Skeletal Anatomy,Anatomy,1,1,2012,0.062,0,13,False,4.5,Low
Skeletal radiology,Radiology,1,1,2012,0.062,0,13,False,4.5,Low
Skin manifestations,Dermatology,1,1,2012,0.062,0,13,False,4.5,Low
Skull Bones,Anatomy,1,1,2012,0.062,0,13,False,4.5,Low
Small intestine imaging,Radiology,1,1,2013,0.062,0,12,False,4.5,Low
Social Cognition,Psychiatry,1,1,2013,0.062,0,12,False,4.5,Low
Social Welfare,Community Medicine,1,1,2012,0.062,0,13,False,4.5,Low
Social cognition,Psychiatry,1,1,2013,0.062,0,12,False,4.5,Low
Soft Tissue Disorders,Orthopedics,1,1,2012,0.062,0,13,False,4.5,Low
Soft tissue disorders,Orthopedics,1,1,2012,0.062,0,13,False,4.5,Low
Solitary Pulmonary Nodule,Radiology,1,1,2013,0.062,0,12,False,4.5,Low
Solitary pulmonary nodule,Radiology,1,1,2013,0.062,0,12,False,4.5,Low
Specific Phobia,Psychiatry,1,1,2013,0.062,0,12,False,4.5,Low
Sperm physiology,Physiology,1,1,2012,0.062,0,13,False,4.5,Low
Sphingolipids,Biochemistry,1,1,2012,0.062,0,13,False,4.5,Low
Spinal Anomalies,Orthopedics,1,1,2013,0.062,0,12,False,4.5,Low
Spinal Injuries,Orthopedics,1,1,2013,0.062,0,12,False,4.5,Low
Spinal Nerve Lesions,Anatomy,1,1,2011,0.062,0,14,False,4.5,Low
Spinal Reflexes,Physiology,1,1,2013,0.062,0,12,False,4.5,Low
Spinal canal stenosis,Orthopedics,1,1,2013,0.062,0,12,False,4.5,Low
Spinal injuries,Orthopedics,1,1,2013,0.062,0,12,False,4.5,Low
Spinal lesions,Radiology,1,1,2012,0.062,0,13,False,4.5,Low
Spinal nerve lesions,Anatomy,1,1,2011,0.062,0,14,False,4.5,Low
Spinal nerves,Anatomy,1,1,2011,0.062,0,14,False,4.5,Low
Spinal reflexes,Physiology,1,1,2013,0.062,0,12,False,4.5,Low
Sports Injuries,Orthopedics,1,1,2011,0.062,0,14,False,4.5,Low
Stages of anaesthesia,Anaesthesia,1,1,2012,0.062,0,13,False,4.5,Low
Standardization Of Rates,Community Medicine,1,1,2011,0.062,0,14,False,4.5,Low
Standardization of Rates,Community Medicine,1,1,2011,0.062,0,14,False,4.5,Low
Status Epilepticus,Pharmacology,1,1,2013,0.062,0,12,False,4.5,Low
Status epilepticus,Pharmacology,1,1,2013,0.062,0,12,False,4.5,Low
Sterile Pyuria,Medicine,1,1,2011,0.062,0,14,False,4.5,Low
Sterilization Methods,Microbiology,1,1,2013,0.062,0,12,False,4.5,Low
Sterilization methods,Microbiology,1,1,2013,0.062,0,12,False,4.5,Low
Streptococcus Pneumoniae,Microbiology,1,1,2011,0.062,0,14,False,4.5,Low
Streptococcus pneumoniae,Microbiology,1,1,2011,0.062,0,14,False,4.5,Low
Stress Incontinence,OBG,1,1,2011,0.062,0,14,False,4.5,Low
Stress physiology,Physiology,1,1,2013,0.062,0,12,False,4.5,Low
Stuporous catatonia,Psychiatry,1,1,2013,0.062,0,12,False,4.5,Low
Subcutaneous mycoses,Microbiology,1,1,2013,0.062,0,12,False,4.5,Low
Substance Induced Psychosis,Psychiatry,1,1,2012,0.062,0,13,False,4.5,Low
Substance induced psychosis,Psychiatry,1,1,2012,0.062,0,13,False,4.5,Low
Sugar Chemistry,Biochemistry,1,1,2013,0.062,0,12,False,4.5,Low
Suicide And Self-Harm,Psychiatry,1,1,2013,0.062,0,12,False,4.5,Low
Suicide and Self-Harm,Psychiatry,1,1,2013,0.062,0,12,False,4.5,Low
Surgical Approaches,ENT,1,1,2013,0.062,0,12,False,4.5,Low
Surgical Physiology,Surgery,1,1,2013,0.062,0,12,False,4.5,Low
Sympathomimetics,Pharmacology,1,1,2012,0.062,0,13,False,4.5,Low
Syndromic deafness,ENT,1,1,2013,0.062,0,12,False,4.5,Low
Synovial fluid analysis,Orthopedics,1,1,2013,0.062,0,12,False,4.5,Low
Systemic Antifungal Agents,Pharmacology,1,1,2013,0.062,0,12,False,4.5,Low
Systemic Retinoids,Dermatology,1,1,2012,0.062,0,13,False,4.5,Low
Systemic antifungal agents,Pharmacology,1,1,2013,0.062,0,12,False,4.5,Low
Systemic circulation,Physiology,1,1,2013,0.062,0,12,False,4.5,Low
Systemic toxicity,Anaesthesia,1,1,2012,0.062,0,13,False,4.5,Low
TNM staging,Surgery,1,1,2013,0.062,0,12,False,4.5,Low
TURP,Surgery,1,1,2011,0.062,0,14,False,4.5,Low
Taeniasis,Microbiology,1,1,2013,0.062,0,12,False,4.5,Low
Tendon injuries,Orthopedics,1,1,2013,0.062,0,12,False,4.5,Low
Tendons & Bursae,Anatomy,1,1,2013,0.062,0,12,False,4.5,Low
Teratology,Community Medicine,1,1,2012,0.062,0,13,False,4.5,Low
Tertiary health care,Community Medicine,1,1,2013,0.062,0,12,False,4.5,Low
Thermal regulation,Pediatrics,1,1,2013,0.062,0,12,False,4.5,Low
Thiamine Metabolism,Biochemistry,1,1,2012,0.062,0,13,False,4.5,Low
Thoracic outlet syndrome,Orthopedics,1,1,2013,0.062,0,12,False,4.5,Low
Thoracic pathology,Pathology,1,1,2013,0.062,0,12,False,4.5,Low
Thrombopoietic Agents,Pharmacology,1,1,2011,0.062,0,14,False,4.5,Low
Thyroid Drugs,Pharmacology,1,1,2013,0.062,0,12,False,4.5,Low
Thyroid drugs,Pharmacology,1,1,2013,0.062,0,12,False,4.5,Low
Thyroid physiology,Physiology,1,1,2012,0.062,0,13,False,4.5,Low
Tissue Repair,Pathology,1,1,2013,0.062,0,12,False,4.5,Low
Tomographic Imaging,Radiology,1,1,2012,0.062,0,13,False,4.5,Low
Topical Anaesthesia,Pharmacology,1,1,2013,0.062,0,12,False,4.5,Low
Topical Therapy,Dermatology,1,1,2013,0.062,0,12,False,4.5,Low
Toxic Alcohol Poisoning,Forensic Medicine,1,1,2012,0.062,0,13,False,4.5,Low
Toxic alcohol poisoning,Forensic Medicine,1,1,2012,0.062,0,13,False,4.5,Low
Toxocariasis,Microbiology,1,1,2011,0.062,0,14,False,4.5,Low
Transient Synovitis,Orthopedics,1,1,2013,0.062,0,12,False,4.5,Low
Transient synovitis,Orthopedics,1,1,2013,0.062,0,12,False,4.5,Low
Transposons,Biochemistry,1,1,2012,0.062,0,13,False,4.5,Low
Treatment Protocols,Dermatology,1,1,2012,0.062,0,13,False,4.5,Low
Tubercular Otitis Media,ENT,1,1,2013,0.062,0,12,False,4.5,Low
Tuberculosis Of Hip,Orthopedics,1,1,2012,0.062,0,13,False,4.5,Low
Tuberculosis of hip,Orthopedics,1,1,2012,0.062,0,13,False,4.5,Low
Tubulointerstitial Diseases,Pathology,1,1,2012,0.062,0,13,False,4.5,Low
Tyrosinemia,Biochemistry,1,1,2012,0.062,0,13,False,4.5,Low
Umbilical Cord Insertion,OBG,1,1,2013,0.062,0,12,False,4.5,Low
Umbilical cord insertion,OBG,1,1,2013,0.062,0,12,False,4.5,Low
Umbilical lesions,Surgery,1,1,2012,0.062,0,13,False,4.5,Low
Uremia,Medicine,1,1,2013,0.062,0,12,False,4.5,Low
Ureteric Anomaly,Pediatrics,1,1,2013,0.062,0,12,False,4.5,Low
Ureteric anomaly,Pediatrics,1,1,2013,0.062,0,12,False,4.5,Low
Urethra,Anatomy,1,1,2012,0.062,0,13,False,4.5,Low
Urinalysis,Biochemistry,1,1,2013,0.062,0,12,False,4.5,Low
Urinary Disorders,Pediatrics,1,1,2013,0.062,0,12,False,4.5,Low
Urinary Obstruction,Surgery,1,1,2012,0.062,0,13,False,4.5,Low
Urinary Pharmacology,Pharmacology,1,1,2013,0.062,0,12,False,4.5,Low
Urinary System Pathology,Pathology,1,1,2013,0.062,0,12,False,4.5,Low
Urinary diversion,Surgery,1,1,2012,0.062,0,13,False,4.5,Low
Urinary pharmacology,Pharmacology,1,1,2013,0.062,0,12,False,4.5,Low
Urinary tract anatomy,OBG,1,1,2012,0.062,0,13,False,4.5,Low
Urine Concentration,Physiology,1,1,2013,0.062,0,12,False,4.5,Low
Urogenital Pharmacology,Pharmacology,1,1,2013,0.062,0,12,False,4.5,Low
Urogenital fistulas,OBG,1,1,2012,0.062,0,13,False,4.5,Low
Urological Neoplasms,Pathology,1,1,2012,0.062,0,13,False,4.5,Low
Urological Pharmacology,Pharmacology,1,1,2013,0.062,0,12,False,4.5,Low
Urological Symptoms,Surgery,1,1,2011,0.062,0,14,False,4.5,Low
Urological neoplasms,Pathology,1,1,2012,0.062,0,13,False,4.5,Low
Uterotonic drugs,OBG,1,1,2011,0.062,0,14,False,4.5,Low
Uterotonics,OBG,1,1,2012,0.062,0,13,False,4.5,Low
VBAC,OBG,1,1,2013,0.062,0,12,False,4.5,Low
Vaccine storage,Community Medicine,1,1,2013,0.062,0,12,False,4.5,Low
Vaginal microbiology,OBG,1,1,2012,0.062,0,13,False,4.5,Low
Vaginal physiology,OBG,1,1,2012,0.062,0,13,False,4.5,Low
Variceal Bleeding,Medicine,1,1,2011,0.062,0,14,False,4.5,Low
Vbac,OBG,1,1,2013,0.062,0,12,False,4.5,Low
Vector Biology,Community Medicine,1,1,2013,0.062,0,12,False,4.5,Low
Venous System,Anatomy,1,1,2013,0.062,0,12,False,4.5,Low
Ventricular System,Anatomy,1,1,2011,0.062,0,14,False,4.5,Low
Vertebral Column,Anatomy,1,1,2012,0.062,0,13,False,4.5,Low
Vinca alkaloids,Pharmacology,1,1,2013,0.062,0,12,False,4.5,Low
Viral Encephalitis,Medicine,1,1,2012,0.062,0,13,False,4.5,Low
Viral Perinatal Transmission,Microbiology,1,1,2011,0.062,0,14,False,4.5,Low
Viral culture,Microbiology,1,1,2012,0.062,0,13,False,4.5,Low
Viral diagnostics,Microbiology,1,1,2012,0.062,0,13,False,4.5,Low
Viral hemorrhagic fevers,Microbiology,1,1,2013,0.062,0,12,False,4.5,Low
Viral hepatitis,Pathology,1,1,2013,0.062,0,12,False,4.5,Low
Viral inclusions,Microbiology,1,1,2012,0.062,0,13,False,4.5,Low
Viral retinitis,Ophthalmology,1,1,2013,0.062,0,12,False,4.5,Low
Visual Disturbances,Ophthalmology,1,1,2013,0.062,0,12,False,4.5,Low
Visual disturbances,Ophthalmology,1,1,2013,0.062,0,12,False,4.5,Low
Visual pathways,Ophthalmology,1,1,2012,0.062,0,13,False,4.5,Low
Vital statistics,Community Medicine,1,1,2013,0.062,0,12,False,4.5,Low
Vitamin E Deficiency,Biochemistry,1,1,2013,0.062,0,12,False,4.5,Low
Vitreous Disorders,Ophthalmology,1,1,2013,0.062,0,12,False,4.5,Low
Volkmann Ischemic Contracture,Orthopedics,1,1,2012,0.062,0,13,False,4.5,Low
Vomiting,Physiology,1,1,2012,0.062,0,13,False,4.5,Low
Wastewater Treatment,Community Medicine,1,1,2012,0.062,0,13,False,4.5,Low
Water Pollution,Community Medicine,1,1,2013,0.062,0,12,False,4.5,Low
Water and electrolyte balance,Pharmacology,1,1,2011,0.062,0,14,False,4.5,Low
Water microbiology,Community Medicine,1,1,2012,0.062,0,13,False,4.5,Low
Weapons,Forensic Medicine,1,1,2012,0.062,0,13,False,4.5,Low
Wernicke'S Encephalopathy,Medicine,1,1,2013,0.062,0,12,False,4.5,Low
Wernicke's Encephalopathy,Medicine,1,1,2013,0.062,0,12,False,4.5,Low
Whole body imaging,Radiology,1,1,2013,0.062,0,12,False,4.5,Low
World Health Organization,Community Medicine,1,1,2011,0.062,0,14,False,4.5,Low
Wound Complications,Surgery,1,1,2012,0.062,0,13,False,4.5,Low
Wound repair,Surgery,1,1,2012,0.062,0,13,False,4.5,Low
Yaws,Community Medicine,1,1,2011,0.062,0,14,False,4.5,Low
Zoonotic Diseases,Community Medicine,1,1,2012,0.062,0,13,False,4.5,Low
Zoonotic diseases,Community Medicine,1,1,2012,0.062,0,13,False,4.5,Low
caput succedaneum,OBG,1,1,2013,0.062,0,12,False,4.5,Low
cerebellar agenesis,Pediatrics,1,1,2013,0.062,0,12,False,4.5,Low
cerebellar vermis deficiency,Anatomy,1,1,2013,0.062,0,12,False,4.5,Low
clinical features,Medicine,1,1,2013,0.062,0,12,False,4.5,Low
complex febrile seizures,Pediatrics,1,1,2013,0.062,0,12,False,4.5,Low
connective Tissue,Biochemistry,1,1,2012,0.062,0,13,False,4.5,Low
diarrhoea,Pediatrics,1,1,2013,0.062,0,12,False,4.5,Low
heat exchange,Pediatrics,1,1,2013,0.062,0,12,False,4.5,Low
hydrocephalus,Anatomy,1,1,2013,0.062,0,12,False,4.5,Low
infant incubator,Pediatrics,1,1,2013,0.062,0,12,False,4.5,Low
infantile spasm,Pharmacology,1,1,2013,0.062,0,12,False,4.5,Low
meningitis,Pediatrics,1,1,2013,0.062,0,12,False,4.5,Low
metabolic disorders,Biochemistry,1,1,2013,0.062,0,12,False,4.5,Low
myelomeningocele,Anatomy,1,1,2013,0.062,0,12,False,4.5,Low
neonatal assessment,Pediatrics,1,1,2013,0.062,0,12,False,4.5,Low
neonatal features,Pediatrics,1,1,2013,0.062,0,12,False,4.5,Low
neonatal meningitis,Pediatrics,1,1,2013,0.062,0,12,False,4.5,Low
occipital defect,Anatomy,1,1,2013,0.062,0,12,False,4.5,Low
perianal crust,Pediatrics,1,1,2013,0.062,0,12,False,4.5,Low
prematurity,Pediatrics,1,1,2013,0.062,0,12,False,4.5,Low
protein deficiency,Medicine,1,1,2013,0.062,0,12,False,4.5,Low
scalp swelling,OBG,1,1,2013,0.062,0,12,False,4.5,Low
simple febrile seizures,Pediatrics,1,1,2013,0.062,0,12,False,4.5,Low
vitamin B6,Biochemistry,1,1,2013,0.062,0,12,False,4.5,Low
Abdominal Plexuses,Anatomy,1,1,2010,0.062,0,15,False,4.4,Low
Alpha-Fetoprotein,Pathology,1,1,2010,0.062,0,15,False,4.4,Low
Alpha-fetoprotein,Pathology,1,1,2010,0.062,0,15,False,4.4,Low
Alzheimer'S Disease Drugs,Pharmacology,1,1,2010,0.062,0,15,False,4.4,Low
Alzheimer's disease drugs,Pharmacology,1,1,2010,0.062,0,15,False,4.4,Low
Androgen Insensitivity Syndrome,OBG,1,1,2010,0.062,0,15,False,4.4,Low
Anti-Gout Drugs,Pharmacology,1,1,2010,0.062,0,15,False,4.4,Low
Anti-gout drugs,Pharmacology,1,1,2010,0.062,0,15,False,4.4,Low
Antiepileptic Drug Contraindications,Pharmacology,1,1,2010,0.062,0,15,False,4.4,Low
Biliary Injuries,Surgery,1,1,2010,0.062,0,15,False,4.4,Low
CSF Analysis,Pathology,1,1,2010,0.062,0,15,False,4.4,Low
Cartilage Physiology,Orthopedics,1,1,2010,0.062,0,15,False,4.4,Low
Cellular Adaptation And Injury,Pathology,1,1,2010,0.062,0,15,False,4.4,Low
Cellular Adaptation and Injury,Pathology,1,1,2010,0.062,0,15,False,4.4,Low
Cervical Precancerous Lesions,OBG,1,1,2010,0.062,0,15,False,4.4,Low
Child Mortality Determinants,Pediatrics,1,1,2010,0.062,0,15,False,4.4,Low
Chromatography,Biochemistry,1,1,2010,0.062,0,15,False,4.4,Low
Cognitive behavioral therapy,Psychiatry,1,1,2010,0.062,0,15,False,4.4,Low
Community Health,Community Medicine,1,1,2010,0.062,0,15,False,4.4,Low
Community Participation,Community Medicine,1,1,2010,0.062,0,15,False,4.4,Low
Congenital Syndromes,Ophthalmology,1,1,2010,0.062,0,15,False,4.4,Low
Depolarizing Neuromuscular Blockers,Anaesthesia,1,1,2010,0.062,0,15,False,4.4,Low
Disease Control Programs,Community Medicine,1,1,2010,0.062,0,15,False,4.4,Low
Drug Induced Pigmentation,Dermatology,1,1,2010,0.062,0,15,False,4.4,Low
Drug therapy,ENT,1,1,2010,0.062,0,15,False,4.4,Low
Electrocution,Forensic Medicine,1,1,2010,0.062,0,15,False,4.4,Low
Emergency psychiatry,Psychiatry,1,1,2010,0.062,0,15,False,4.4,Low
Endotracheal Intubation,Anaesthesia,1,1,2010,0.062,0,15,False,4.4,Low
Epilepsy Syndromes,Pharmacology,1,1,2010,0.062,0,15,False,4.4,Low
Eye Banking,Ophthalmology,1,1,2010,0.062,0,15,False,4.4,Low
Eye Diseases,Ophthalmology,1,1,2010,0.062,0,15,False,4.4,Low
Fetal Conditions,OBG,1,1,2010,0.062,0,15,False,4.4,Low
Firearms,Forensic Medicine,1,1,2010,0.062,0,15,False,4.4,Low
Firearms Injuries,Forensic Medicine,1,1,2010,0.062,0,15,False,4.4,Low
Foot,Anatomy,1,1,2010,0.062,0,15,False,4.4,Low
Foot Anatomy,Anatomy,1,1,2010,0.062,0,15,False,4.4,Low
Genetic Techniques,Biochemistry,1,1,2010,0.062,0,15,False,4.4,Low
Genitourinary Fistulas,OBG,1,1,2010,0.062,0,15,False,4.4,Low
Geriatric Psychiatry,Psychiatry,1,1,2010,0.062,0,15,False,4.4,Low
Gout Arthritis,Medicine,1,1,2010,0.062,0,15,False,4.4,Low
Guillain Barre Syndrome,Medicine,1,1,2010,0.062,0,15,False,4.4,Low
Gynaecological Malignancies,OBG,1,1,2010,0.062,0,15,False,4.4,Low
Health Psychology,Community Medicine,1,1,2010,0.062,0,15,False,4.4,Low
Health psychology,Psychiatry,1,1,2010,0.062,0,15,False,4.4,Low
Hearing Mechanisms,ENT,1,1,2010,0.062,0,15,False,4.4,Low
Histopathology Stains,Pathology,1,1,2010,0.062,0,15,False,4.4,Low
ITP,Surgery,1,1,2010,0.062,0,15,False,4.4,Low
Inner Ear Physiology,ENT,1,1,2010,0.062,0,15,False,4.4,Low
International Law,Forensic Medicine,1,1,2010,0.062,0,15,False,4.4,Low
Interstitial Lung Diseases,Pathology,1,1,2010,0.062,0,15,False,4.4,Low
Intubation Complications,Anaesthesia,1,1,2010,0.062,0,15,False,4.4,Low
Invasive Mole,OBG,1,1,2010,0.062,0,15,False,4.4,Low
Knee Anatomy,Orthopedics,1,1,2010,0.062,0,15,False,4.4,Low
Laryngeal Procedures,ENT,1,1,2010,0.062,0,15,False,4.4,Low
Laryngeal Surgery,ENT,1,1,2010,0.062,0,15,False,4.4,Low
Lung Pathology,Medicine,1,1,2010,0.062,0,15,False,4.4,Low
MHC Class I,Microbiology,1,1,2010,0.062,0,15,False,4.4,Low
MHC molecules,Microbiology,1,1,2010,0.062,0,15,False,4.4,Low
Median Nerve,Anatomy,1,1,2010,0.062,0,15,False,4.4,Low
Metabolic Liver Diseases,Medicine,1,1,2010,0.062,0,15,False,4.4,Low
Mhc Class I,Microbiology,1,1,2010,0.062,0,15,False,4.4,Low
Morbid Obesity Surgery,Surgery,1,1,2010,0.062,0,15,False,4.4,Low
Motor Neuron Disease,Medicine,1,1,2010,0.062,0,15,False,4.4,Low
Mucormycosis,Microbiology,1,1,2010,0.062,0,15,False,4.4,Low
Nasopharyngeal carcinoma,ENT,1,1,2010,0.062,0,15,False,4.4,Low
Neonatal Surgery,Pediatrics,1,1,2010,0.062,0,15,False,4.4,Low
Neuro-Otology,ENT,1,1,2010,0.062,0,15,False,4.4,Low
Opioid Antagonists,Pharmacology,1,1,2010,0.062,0,15,False,4.4,Low
Opioid antagonists,Pharmacology,1,1,2010,0.062,0,15,False,4.4,Low
PAP Smear,OBG,1,1,2010,0.062,0,15,False,4.4,Low
Pancreatic Hormones,Physiology,1,1,2010,0.062,0,15,False,4.4,Low
Pediatric Cardiac Imaging,Radiology,1,1,2010,0.062,0,15,False,4.4,Low
Pediatric Sinusitis,Pediatrics,1,1,2010,0.062,0,15,False,4.4,Low
Perineum Anatomy,Anatomy,1,1,2010,0.062,0,15,False,4.4,Low
Pigmentation,Dermatology,1,1,2010,0.062,0,15,False,4.4,Low
Plasma Cell Dyscrasias,Medicine,1,1,2010,0.062,0,15,False,4.4,Low
Post-Abortion Complications,OBG,1,1,2010,0.062,0,15,False,4.4,Low
Pustular Psoriasis,Dermatology,1,1,2010,0.062,0,15,False,4.4,Low
Receptor Inhibitors,Pharmacology,1,1,2010,0.062,0,15,False,4.4,Low
Road Traffic Accidents,Forensic Medicine,1,1,2010,0.062,0,15,False,4.4,Low
SAH Prognostic Scales,Medicine,1,1,2010,0.062,0,15,False,4.4,Low
Sah Prognostic Scales,Medicine,1,1,2010,0.062,0,15,False,4.4,Low
Scrotal Swellings,Surgery,1,1,2010,0.062,0,15,False,4.4,Low
Secondary Amenorrhea,OBG,1,1,2010,0.062,0,15,False,4.4,Low
Sentinel Lymph Node Biopsy,OBG,1,1,2010,0.062,0,15,False,4.4,Low
Shoulder Clinical Tests,Orthopedics,1,1,2010,0.062,0,15,False,4.4,Low
Shoulder Examination,Orthopedics,1,1,2010,0.062,0,15,False,4.4,Low
Skull Base Anatomy,Anatomy,1,1,2010,0.062,0,15,False,4.4,Low
Social Stratification,Community Medicine,1,1,2010,0.062,0,15,False,4.4,Low
Spinal Cord Injuries,Medicine,1,1,2010,0.062,0,15,False,4.4,Low
Splenic Injury Management,Surgery,1,1,2010,0.062,0,15,False,4.4,Low
Splenic Pathology,Surgery,1,1,2010,0.062,0,15,False,4.4,Low
Splenomegaly,Medicine,1,1,2010,0.062,0,15,False,4.4,Low
Staphylococcus Aureus,Microbiology,1,1,2010,0.062,0,15,False,4.4,Low
Staphylococcus aureus,Microbiology,1,1,2010,0.062,0,15,False,4.4,Low
Streptococcus Agalactiae,Microbiology,1,1,2010,0.062,0,15,False,4.4,Low
Streptococcus agalactiae,Microbiology,1,1,2010,0.062,0,15,False,4.4,Low
Substance Related Disorders,Psychiatry,1,1,2010,0.062,0,15,False,4.4,Low
Suicide risk assessment,Psychiatry,1,1,2010,0.062,0,15,False,4.4,Low
Surgical Management Of Itp,Surgery,1,1,2010,0.062,0,15,False,4.4,Low
Surgical Management of ITP,Surgery,1,1,2010,0.062,0,15,False,4.4,Low
Therapeutic Apheresis,Medicine,1,1,2010,0.062,0,15,False,4.4,Low
Thought disorders,Psychiatry,1,1,2010,0.062,0,15,False,4.4,Low
Thrombolytic Agents,Pharmacology,1,1,2010,0.062,0,15,False,4.4,Low
Thymoma Associations,Medicine,1,1,2010,0.062,0,15,False,4.4,Low
Topical Corticosteroids,Dermatology,1,1,2010,0.062,0,15,False,4.4,Low
Topical corticosteroids,Dermatology,1,1,2010,0.062,0,15,False,4.4,Low
Ureteric Stones,Surgery,1,1,2010,0.062,0,15,False,4.4,Low
Veins,Anatomy,1,1,2010,0.062,0,15,False,4.4,Low
Vestibular schwannoma,ENT,1,1,2010,0.062,0,15,False,4.4,Low
Virulence factors,Microbiology,1,1,2010,0.062,0,15,False,4.4,Low
Vitamin C Deficiency,Biochemistry,1,1,2010,0.062,0,15,False,4.4,Low
