question_number,year,exam,subject,topic,subtopic,question_text,option_1,option_2,option_3,option_4,answer,subject_clean,topic_clean,answer_note,option_5,option_6,option_7,option_8,discarded
1,2022,NEET PG,Anatomy,Abdomen,The structure marked A in the image below gives rise to which of the following structures?,The structure marked A in the image below gives rise to which of the following structures?,Gastrosplenic ligament,Lienorenal ligament,Falciform ligament,Gastrophrenic ligament,3,Anatomy,Abdomen,,,,,,
2,2022,NEET PG,Anatomy,Lower Limb,A patient underwent surgery for the varicose vein. He now complains of sensory loss over the,medial aspect of the leg and foot. Which of the following nerves is most likely to be injured?,Sural nerve,Superficial peroneal nerve,Deep peroneal nerve,Saphenous nerve,4,Anatomy,Lower Limb,,,,,,
3,2022,NEET PG,Anatomy,Histology,Identify the given structure?,Identify the given structure?,Lymph node,Glomerulus,Spleen,Pancreatic islet cells,4,Anatomy,Histology,,,,,,
4,2022,NEET PG,Anaesthesia,Oxygen Therapy and Airway,Identify the mask in the image used for patients with COVID-19 injection.,Identify the mask in the image used for patients with COVID-19 injection.,Venturi mask,Hudson mask,Nebuliser,Non-rebreathing mask,4,Anaesthesia,Oxygen Therapy And Airway,,,,,,
5,2022,NEET PG,Biochemistry,Carbohydrate Metabolism,"A patient from a Mediterranean country visits Africa, where he develops malaria. He is treated","[PAGE 4]
with primaquine and later develops hemolytic anemia. Deficiency of an enzyme involved in
which of the following pathways could be the cause?",Glycolysis,Gluconeogenesis,Hexose monophosphate (HMP) pathway,Luebering-Rapoport pathway,3,Biochemistry,Carbohydrate Metabolism,,,,,,
6,2022,NEET PG,Dermatology,Sexually Transmitted Infections,A patient presents to you with multiple anogenital warts. The biopsy of these lesions showed,"squamous atypia. Which of the following human papillomavirus types are considered
high-risk?",HPV 2,HPV 18,HPV 6,HPV 11,2,General Medicine,Sexually Transmitted Infections,,,,,,
7,2022,NEET PG,ENT,Ear,A 5-year-old child presents with reduced hearing for the past 2-3 months. The otoscopy finding,is given below. What is the most likely diagnosis?,Myringitis bullosa,Serous otitis media,Acute otitis media,Pneumo Tympanum,2,ENT,Ear,,,,,,
8,2022,NEET PG,ENT,Ear,Identify the structure given in the image.,[PAGE 6],Malleus,Incus,Stapes,Vomer,2,ENT,Ear,,,,,,
9,2022,NEET PG,Forensic Medicine,Toxicology - General,"A 56-year-old man presents with fatigue, pallor, and abdominal pain. He reports memory loss","and reveals that he works at a battery recycling plant. On examination, a noticeable foot drop
in both lower extremities is seen. Laboratory testing shows elevated blood lead levels. Which
enzyme is affected in the given scenario?",Aminolevulinic acid (ALA) dehydratase,Uroporphyrinogen III,Uroporphyrinogen I,Pyruvate dehydrogenase,1,Forensic Medicine,Toxicology - General,,,,,,
10,2022,NEET PG,Forensic Medicine,Toxicology - General,A patient came with complaints of hair loss. His wife mentions that she has noticed some,"behavioral changes. The doctor notices a loss of eyebrows on the lateral side. He then
concludes by examining the nails. What is the type of poisoning in this case?",Thallium,Arsenic,Mercury,Lead,1,Forensic Medicine,Toxicology - General,,,,,,
11,2022,NEET PG,Medicine,Neurology,The cerebrospinal fluid (CSF) specimen of a patient is shown below along with the,"microscopy. The report shows mononuclear cytosis, elevated proteins, and low sugars. Which
of the following is the likely etiology?",Tuberculous meningitis,Aseptic meningitis,Bacterial meningitis,Chemical meningitis,1,General Medicine,Neurology,,,,,,
12,2022,NEET PG,Medicine,Neurology,"A female patient presents to you with a unilateral headache. It is associated with nausea,","photophobia, and phonophobia. What is the drug of choice for acute management?",Flunarizine,Sumatriptan,Propranolol,Topiramate,2,General Medicine,Neurology,,,,,,
13,2022,NEET PG,Medicine,Rheumatology / Connective Tissue Disorder,"A patient presents to you with fever, night sweats, ptosis, and bilateral facial nerve palsy.","Investigations showed leukocytosis and bilateral hilar lymphadenopathy. Which of the
following is the most likely diagnosis?",Sarcoidosis,Tuberculosis,Lymphoma,Hypersensitive pneumonitis,1,General Medicine,Rheumatology / Connective Tissue Disorder,,,,,,
14,2022,NEET PG,Medicine,Cardiology,A 25-year-old patient is undergoing tooth extraction for dental caries. Which of the following,does not require prophylaxis against infective endocarditis?,[PAGE 9],Atrial septal defect,Unrepaired cyanotic heart disease,Prosthetic heart valves,2,General Medicine,Cardiology,,,,,,
15,2022,NEET PG,Medicine,Liver,A patient presents to the emergency department with a history of ingestion of ten tablets of,"paracetamol. He has developed oliguria and liver function tests show deranged values. Which
of the following can be used in the management of this condition?",N-acetylcysteine,Dopamine,Ursodeoxycholic acid,Furosemide,1,General Medicine,Liver,,,,,,
16,2022,NEET PG,Medicine,Cardiology,A patient presents to you with an irregularly irregular pulse of 120/minutes and a pulse deficit,of 20. Which of the following would be the jugular venous pressure (JVP) finding?,Absent p wave,Absent a wave,Cannon a wave,Raised JVP with normal waveform,2,General Medicine,Cardiology,,,,,,
17,2022,NEET PG,Medicine,GIT,"A patient with a history of chronic liver disease presents with abdominal distension, jaundice,","and pruritis. Ascitic fluid analysis revealed a neutrophil count >650 per cubic mm. What is the
most likely diagnosis?",Spontaneous bacterial peritonitis,Malignant ascites,Tubercular ascites,Intestinal obstruction,1,General Medicine,Git,,,,,,
18,2022,NEET PG,Medicine,GIT,Laboratory investigations of a patient being evaluated for jaundice show elevated bilirubin and,"alkaline phosphatase levels. Levels of the remaining liver enzymes are normal. What is the
likely diagnosis?",Obstructive jaundice,Hemolytic jaundice,Hepatic jaundice,Prehepatic jaundice,1,General Medicine,Git,,,,,,
19,2022,NEET PG,Medicine,Cardiology,An 11-year-old child with a history of streptococcal pharyngitis presents you with fever and,"arthralgia. There is no past history of rheumatic heart disease or features of carditis or valvular
disease. How often is 6,00,000 IU of benzathine penicillin recommended for prophylaxis of
rheumatic heart disease?",Immediately,Thrice weekly lifelong,"Once in three weeks for 5 years or till the age of 18, whichever is longer","Once in three weeks for 10 years or till the age of 25, whichever is longer",3,General Medicine,Cardiology,,,,,,
20,2022,NEET PG,Medicine,Endocrinology,Which of the following is not seen in MEN 2B syndrome?,Which of the following is not seen in MEN 2B syndrome?,Megacolon,Parathyroid adenoma,Mucosal neuroma,Marfanoid habitus,2,General Medicine,Endocrinology,,,,,,
21,2022,NEET PG,Medicine,Cardiology,A patient with coronary artery disease presents to you with chest pain and palpitations. The,"ECG is shown below. Which of the following can be used in the management?

[PAGE 12]",Oral metoprolol,Oral amiodarone,Intravenous amiodarone,Intravenous metoprolol,3,General Medicine,Cardiology,,,,,,
22,2022,NEET PG,Microbiology,Parasitology,Microfilariae with sheathed tail and two nuclei at the tail is suggestive of?,Microfilariae with sheathed tail and two nuclei at the tail is suggestive of?,Wuchereria bancrofti,Brugia malayi,Loa loa,Onchocerca volvulus,2,Microbiology,Parasitology,,,,,,
23,2022,NEET PG,Gynaecology & Obstetrics,Obstetrics,[PAGE 13],"A pregnant lady with 34 weeks of amenorrhea has the following findings: LDH- 700 IU/L,
platelets – 75,000/mm3, serum bilirubin- 1.5mg/dL, SGOT-200 U/L, SGPT-150U/L, and BP
-140/96 mm Hg. Her coagulation profile and renal function tests are normal. What is the
diagnosis?
LDH- Lactate dehydrogenase
SGOT- Serum glutamic-oxaloacetic transaminase / AST- Asparate transaminase
SGPT- Serum glutamic pyruvic transaminase / ALT- Alanine transaminase",HELLP syndrome,Acute fatty liver of pregnancy,Viral hepatitis,Intrahepatic cholestasis,1,Obstetrics & Gynaecology,Obstetrics,,,,,,
24,2022,NEET PG,Gynaecology & Obstetrics,Obstetrics,"A woman at 26 weeks of gestation presents for routine evaluation. On examination, fundal","height corresponds to 24 weeks. Ultrasonography revealed decreased amniotic fluid. Which of
the following conditions would have led to this presentation?",Renal agenesis,Tracheoesophageal fistula,Cardiac abnormalities,Ureteral stricture,1,Obstetrics & Gynaecology,Obstetrics,,,,,,
25,2022,NEET PG,Gynaecology & Obstetrics,Obstetrics,A type 1 diabetic mother is on magnesium sulfate infusion post – cesarean section for,"preeclampsia. She develops delirium and is drowsy. She has a respiratory rate of 10/min,
random blood glucose level of 240 mg / dL, oliguria, and bilaterally absent knee reflex. What is
the cause of her condition?",[PAGE 14],Diabetic ketoacidosis,Eclampsia,Diabetes insipidus,1,Obstetrics & Gynaecology,Obstetrics,,,,,,
26,2022,NEET PG,Gynaecology & Obstetrics,Gynecology,Identify the type of hymen shown in the image.,Identify the type of hymen shown in the image.,Imperforate hymen,Semilunar hymen,Septate hymen,Annular hymen,3,Obstetrics & Gynaecology,Gynecology,,,,,,
27,2022,NEET PG,Gynaecology & Obstetrics,Gynecology,"While discharging a patient who underwent a vesicovaginal fistula repair, which of the",following would you recommend?,[PAGE 15],Sexual abstinence for 3 weeks and avoid pregnancy for 6 months,Sexual abstinence for 6 weeks and avoid pregnancy for a year,Sexual abstinence for 6 months and avoid pregnancy for 6 years,1,Obstetrics & Gynaecology,Gynecology,,,,,,
28,2022,NEET PG,Gynaecology & Obstetrics,Gynecology,Which of the following is an absolute contraindication for the insertion of the device shown in,the image below?,Menstruation,Trophoblastic disease,Immediately after delivery,Ruptured condom during intercourse,2,Obstetrics & Gynaecology,Gynecology,,,,,,
29,2022,NEET PG,Gynaecology & Obstetrics,Gynecology,A 20 year old woman is evaluated for primary infertility. Hysterosalpingography was done and,reveals the finding shown below. What is the anomaly seen in the image?,Septate uterus,Uterine didelphys,Bicornuate uterus,Unicornuate uterus,1,Obstetrics & Gynaecology,Gynecology,,,,,,
30,2022,NEET PG,Gynaecology & Obstetrics,Obstetrics,A pregnant woman with no other comorbid conditions develops preeclampsia. She enquires,"about the cause of her condition. The doctor explains that it is due to the failure of the invasion
of:",Spiral artery by villous trophoblasts,Radial artery by cytotrophoblasts,Spiral artery by extravillous trophoblasts,Arcuate artery by extravillous trophoblasts,3,Obstetrics & Gynaecology,Obstetrics,,,,,,
31,2022,NEET PG,Gynaecology & Obstetrics,Obstetrics,A woman with an obstetric score of G2P1 comes to the clinic at 14 weeks of gestation for her,"antenatal checkup. A uterine artery doppler was suggested by the doctor. What would it
detect?",Early onset preeclampsia,Late – onset preeclampsia,Fetal growth restriction,Placenta accreta,1,Obstetrics & Gynaecology,Obstetrics,,,,,,
32,2022,NEET PG,Gynaecology & Obstetrics,Obstetrics,"While conducting a delivery, you perform the maneuver shown below. Following this, there is","incomplete separation of the placenta and massive hemorrhage. What is your next step in
management?

[PAGE 18]",Start oxytocin infusion and wait for spontaneous delivery of placenta,Uterine massage,Arrange for blood and use Crede’s method for placental delivery,Manual removal of placenta,4,Obstetrics & Gynaecology,Obstetrics,,,,,,
33,2022,NEET PG,Gynaecology & Obstetrics,Obstetrics,A female patient collapses soon after delivery. There is profuse bleeding and features of,disseminated intravascular coagulation. Which of the following is the most likely etiology?,Amniotic fluid embolism,Uterine prolapse,Peripartum cardiomyopathy,Rupture of the uterus,1,Obstetrics & Gynaecology,Obstetrics,,,,,,
34,2022,NEET PG,Gynaecology & Obstetrics,Obstetrics,You are examining a multigravida in the second stage of labor for the past two hours. On,"examination, contractions are adequate, the cervix is dilated with the head at station 0 with
molding 2+ and caput 2+. The sagittal suture is in the right occipitotransverse position. The
fetal heart rate is 140 beats / minute. Which of the following is carried out for the management
of this patient?",Midpelvic forceps,Vacuum -assisted delivery,Wait for an hour for spontaneous labor,Lower segment cesarean section,4,Obstetrics & Gynaecology,Obstetrics,,,,,,
35,2022,NEET PG,Gynaecology & Obstetrics,Obstetrics,A primigravida presents to the labor room at 40 weeks of gestation with lower abdominal pain.,"She has been in labor for 3 hours. Which of the following will determine if she is in active
labor?",Fetal head 5/5 palpable on abdominal examination,Two contractions lasting for 10 seconds in 10 minutes,More than 5 cm cervical dilatation with complete effacement,Rupture of membranes,3,Obstetrics & Gynaecology,Obstetrics,,,,,,
36,2022,NEET PG,Gynaecology & Obstetrics,Obstetrics,Identify the blue – colored area shown in the image below,[PAGE 20],Obstetric outlet,Anatomical outlet,Pelvic inlet,Midpelvis,4,Obstetrics & Gynaecology,Obstetrics,,,,,,
37,2022,NEET PG,Gynaecology & Obstetrics,Obstetrics,What will be the level of the uterus on the second – day post delivery?,What will be the level of the uterus on the second – day post delivery?,One finger breadth below umbilicus,Two finger breadths below umbilicus,Three finger breadths below umbilicus,Four finger breadths below umbilicus,1,Obstetrics & Gynaecology,Obstetrics,,,,,,
38,2022,NEET PG,Gynaecology & Obstetrics,Obstetrics,A primigravida woman at 12 weeks of gestation comes to the antenatal clinic for nutritional,advice. Which of the following will you recommend?,Additional 300 kcal in 2nd trimester,Additional 300 kcal in 1st trimester,Additional 400 kcal in 3rd trimester,Additional 300 kcal throughout the pregnancy,1,Obstetrics & Gynaecology,Obstetrics,,,,,,
39,2022,NEET PG,Gynaecology & Obstetrics,Obstetrics,A 40 year old G2P1 woman with 18 weeks of amenorrhea comes with a dilated cervix. The,"cervical length is 15 mm. In spite of explaining the risks, she insisted on cerclage. Which of the
following is a contraindication for cervical cerclage?",Ruptured membranes,Prolapse of membranes into the vagina,Fetal fibronectin positive,Advanced maternal age,2,Obstetrics & Gynaecology,Obstetrics,,,,,,
40,2022,NEET PG,Gynaecology & Obstetrics,Obstetrics,A primigravida presents to the emergency room in the early stage of labor with adequate,"uterine contractions. On per vaginal examination, a gynecoid pelvis is felt, the membranes are
ruptured, and the vertex is felt in the right occipito- posterior position. How will you manage
this patient?",Vacuum – assisted delivery,Cesarean section,Normal vaginal delivery,Forceps delivery,3,Obstetrics & Gynaecology,Obstetrics,,,,,,
41,2022,NEET PG,Gynaecology & Obstetrics,Obstetrics,"A pregnant patient, with a history of classical cesarean section in view of fetal growth","retardation in the previous pregnancy, presents to you. She is currently at 35 weeks of
gestation with breech presentation. What is the next step in management?",Cesarean section at 37 weeks,Advice USG and visit after 2 weeks,Internal podalic version followed by vaginal delivery,External cephalic version at 36 weeks,1,Obstetrics & Gynaecology,Obstetrics,,,,,,
42,2022,NEET PG,Gynaecology & Obstetrics,Obstetrics,A primigravida at 22 weeks of gestation presents to you with profuse vaginal bleeding. Her,"blood pressure and glucose levels are within normal limits. Placental implantation at which of
the following sites can cause this?",Internal OS,Fallopian tube,Ovarian,Abdominal,1,Obstetrics & Gynaecology,Obstetrics,,,,,,
43,2022,NEET PG,Gynaecology & Obstetrics,Gynecology,"A female patient presents to you with six weeks of amenorrhea, associated with abdominal","pain and vaginal bleeding with normal blood pressure. Investigations revealed beta – hCG to
be 1400 mIU/mL. An ultrasound scan was done which showed a trilaminar endometrium with
normal adnexa. What is the next best step in the management of this patient ?",Repeat beta – hCG after 48 hours,Repeat ultrasound after 3 days,Measurement of progesterone,Laparoscopy,1,Obstetrics & Gynaecology,Gynecology,,,,,,
44,2022,NEET PG,Gynaecology & Obstetrics,Gynecology,"A 24 year old lactating female with an 18 month old child comes with a history of irregular,",heavy bleeding seeking contraceptive advice. Which is the contraceptive of choice?,Progestasert,Copper – T 380A,Mala,Norethisterone enanthate – depot injection,3,Obstetrics & Gynaecology,Gynecology,,,,,,
45,2022,NEET PG,Gynaecology & Obstetrics,Gynecology,A 25 year old male patient is evaluated for primary infertility. Semen analysis shows,"azoospermia. A testicular biopsy is done and the image is shown below. The shown finding is
consistent with

[PAGE 24]",Sertoli cell only syndrome,Testicular atrophy,Benign testicular neoplasm,Orchitis,1,Obstetrics & Gynaecology,Gynecology,,,,,,
46,2022,NEET PG,Gynaecology & Obstetrics,Obstetrics,"A 20 year old woman presented at 7 weeks of gestation, unwilling to continue the pregnancy.",What are the drugs used for medical termination of pregnancy in this patient?,Misoprostol and Medroxyprogesterone,Misoprostol and Mifepristone,Mifepristone and Methotrexate,Mifepristone and Medroxyprogesterone,2,Obstetrics & Gynaecology,Obstetrics,,,,,,
47,2022,NEET PG,Gynaecology & Obstetrics,Obstetrics,Testosterone helps in the development of various organs in the fetus. Which of the following,"stimulates its production?

[PAGE 25]",LH from maternal pituitary,hCG from placenta,Inhibin from corpus luteum,GnRH from fetal hypothalamus,2,Obstetrics & Gynaecology,Obstetrics,,,,,,
48,2022,NEET PG,Ophthalmology,Glaucoma,What is the diagnosis?,What is the diagnosis?,Intraocular foreign body,Pseudoexfoliation syndrome,Ocular trauma,Vossius ring,2,Ophthalmology,Glaucoma,,,,,,
49,2022,NEET PG,Ophthalmology,Uveitis,[PAGE 26],"A patient presents with a history of penetrating injury to the eye. A diagnosis of sympathetic
ophthalmitis was confirmed. Which of the following will be seen?",Acute anterior uveitis,Pars planitis,Panuveitis,Chronic anterior uveitis,3,Ophthalmology,Uveitis,,,,,,
50,2022,NEET PG,Ophthalmology,Glaucoma,A diabetic patient presents to you with visual acuity of 6/9 in one eye. Further investigations,"revealed preretinal hemorrhages with neovascularization at the optic disc. What is the next
step in management?",Focal laser photocoagulation,Pan-retinal photocoagulation,Grid laser photocoagulation,Scleral buckling,2,Ophthalmology,Glaucoma,,,,,,
51,2022,NEET PG,Ophthalmology,Sclera,A 35-year-old woman is diagnosed with rheumatoid arthritis. What associated complications,"are shown in the image?

[PAGE 27]",Scleromalacia perforans,Ciliary staphyloma,Coloboma,Malignant melanoma,1,Ophthalmology,Sclera,,,,,,
52,2022,NEET PG,Ophthalmology,Cornea,What is the indication of this procedure?,What is the indication of this procedure?,Keratoconus,Vogt’s limbal girdle,Keratoglobus,Corneal dystrophy,1,Ophthalmology,Cornea,,,,,,
53,2022,NEET PG,Ophthalmology,Retina,A 3-year-old boy presents with mental retardation and an inability to walk. The fundoscopy,image is given below. What is the most likely diagnosis?,Tay-Sachs disease,Hunter disease,Hurler syndrome,Gaucher disease,1,Ophthalmology,Retina,,,,,,
54,2022,NEET PG,Orthopaedics,Orthopedics Oncology,[PAGE 29],What could be the diagnosis of a woman with this appearance on X-ray?,A multiple brown tumor,Fibrous dysplasia,Multiple enchondromas,Multiple exostoses,3,Orthopaedics,Orthopedics Oncology,,,,,,
55,2022,NEET PG,Orthopaedics,Miscellaneous,Which of the following is true about the type of fixation shown in the image?,[PAGE 30],"Fracture tibia, ilizarov fixator","Fracture tibia, spanning fixator","Fracture femur, spanning fixator","Periarticular fracture of knee, spanning fixator",4,Orthopaedics,Miscellaneous,,,,,,
56,2022,NEET PG,Orthopaedics,Spine + Pelvis + Lower Limb Traumatology,A male patient presented with a bone fracture following a road traffic accident. After 2 days he,"developed dyspnea, petechiae involving the whole body, and a fall in oxygen saturation. What
is the likely diagnosis?",Fat embolism,Air embolism,Venous thromboembolism,Pulmonary hypertension,1,Orthopaedics,Spine + Pelvis + Lower Limb Traumatology,,,,,,
57,2022,NEET PG,Orthopaedics,Metabolic Disorders,An intrauterine scan at the 13th week of pregnancy showed a fetus with multiple long bone,fractures. What is commonly associated with this finding ?,Achondroplasia,Osteogenesis imperfecta,Cretinism,Marfan syndrome,2,Orthopaedics,Metabolic Disorders,,,,,,
58,2022,NEET PG,Orthopaedics,Pediatric Orthopedics,"What is the most common complication of this condition, if left untreated ?",[PAGE 32],Malunion and stiffness,Non-union and cubitus varus,Cubitus valgus,Myositis ossificans,3,Orthopaedics,Pediatric Orthopedics,,,,,,
59,2022,NEET PG,Orthopaedics,Bone and Joint Infections,A child with a history of recurrent respiratory infections presented with complaints of pain,"around the knee and a high fever. X – ray shows lytic and sclerotic bone. His peripheral blood
smear is shown in the image below. Aspirate from the joint will most likely show:

[PAGE 33]",Staphylococcus aureus,Escherichia,Salmonella,Streptococcus,3,Orthopaedics,Bone And Joint Infections,,,,,,
60,2022,NEET PG,Orthopaedics,General + Upper Limb Traumatology,A boy falls on the left shoulder joint and presents to the emergency department with shoulder,"pain. His left elbow is flexed and is supported by the right hand. Which bone might be most
likely fractured?

[PAGE 34]",1,2,3,4,1,Orthopaedics,General + Upper Limb Traumatology,,,,,,
61,2022,NEET PG,Orthopaedics,Spine + Pelvis + Lower Limb Traumatology,"An RTA patient presented to the emergency department with severe pain in the Ankle, an X","ray was performed, given below. What is the best next step of management?",Neurovascular Assessment and Closed reduction and slab application,Neurovascular Assessment and Closed reduction and cast application,Neurovascular Assessments and Immediate surgery,Neurovascular Assessments and Immediate open reduction,1,Orthopaedics,Spine + Pelvis + Lower Limb Traumatology,,,,,,
62,2022,NEET PG,Anatomy,Histology,Identify the cartilage given below?,Identify the cartilage given below?,Non-articular hyaline cartilage,Articular hyaline cartilage,Yellow cartilage,White fibrocartilage,4,Anatomy,Histology,,,,,,
63,2022,NEET PG,Pathology,Cell Injury,Choose the correct statement regarding the telomerase theory of aging,Choose the correct statement regarding the telomerase theory of aging,Telomere stability is associated with aging,Abnormal telomerase activation is associated with aging,Decreased telomere length is associated with aging,Increased telomere length is associated with aging,3,Pathology,Cell Injury,,,,,,
64,2022,NEET PG,Anatomy,Head and Neck,"A patient presents with a unilateral throbbing headache, photophobia, and excessive","lacrimation. He also complains of hemifacial pain on the clenching of teeth. On examination,
pupillary reaction, light reflex, and accommodation reflex are normal. Which of the following
marked nerves is involved in the above scenario?",1,2,3,4,3,Anatomy,Head And Neck,,,,,,
65,2022,NEET PG,Anaesthesia,Neuromuscular Blockade,The image given below shows neuromuscular monitoring of the patient after anesthesia. What,is the most commonly used nerve for monitoring?,Ulnar nerve,Median nerve,Radial nerve,Metacarpal nerve,1,Anaesthesia,Neuromuscular Blockade,,,,,,
66,2022,NEET PG,Biochemistry,Genetics,Which of the following disorders follows autosomal recessive inheritance pattern?,Which of the following disorders follows autosomal recessive inheritance pattern?,Huntington’s disease,Treacher collins syndrome,Cystic fibrosis,Achondroplasia,3,Biochemistry,Genetics,,,,,,
67,2022,NEET PG,Biochemistry,Lipid Metabolism,Which of the following helps in the transport of fatty acids across the inner mitochondrial,membrane?,Acyl carrier protein,Carnitine,Lecithin-cholesterol acyltransferase,Carnitine and albumin,2,Biochemistry,Lipid Metabolism,,,,,,
68,2022,NEET PG,Biochemistry,Genetics,A single mutation in a nucleotide base pair resulting in a termination codon is known as,________?,Missense mutation,Nonsense mutation,Stop mutation,Silent mutation,2,Biochemistry,Genetics,,,,,,
69,2022,NEET PG,Biochemistry,Introduction,DNA packing is done by which of the following?,DNA packing is done by which of the following?,Histone,Glycoprotein,Nucleic acid,Adenine,1,Biochemistry,Introduction,,,,,,
70,2022,NEET PG,Biochemistry,Carbohydrate Metabolism,An adolescent male patient presents to you with exercise intolerance. He gives a history of,"developing cramps on exertion. Which of the following enzyme deficiencies could be the
cause?",Myophosphorylase,Hexokinase,Glucose-6-phosphatase,Hepatic glycogen phosphorylase,1,Biochemistry,Carbohydrate Metabolism,,,,,,
71,2022,NEET PG,Biochemistry,Vitamins,Which of the following enzyme activities can be estimated in red blood cells to diagnose,vitamin B2 deficiency?,Transketolase,Glutathione reductase,Kynureninase,Pyruvate dehydrogenase,2,Biochemistry,Vitamins,,,,,,
72,2022,NEET PG,Biochemistry,Vitamins,The following is due to the deficiency of?,The following is due to the deficiency of?,Vitamin C,Vitamin A,Vitamin B,Vitamin E,2,Biochemistry,Vitamins,,,,,,
73,2022,NEET PG,Biochemistry,Carbohydrate Metabolism,"A child presents to you with anemia, thrombocytopenia, and bony pain. On examination,","hepatosplenomegaly was noticed. If light microscopy of bone marrow aspirate reveals
“crumpled tissue paper” appearance, what is the enzyme defect?

[PAGE 41]",Glucocerebrosidase,Sphingomyelinase,Hexosaminidase,Glucose6-phosphatase,1,Biochemistry,Carbohydrate Metabolism,,,,,,
74,2022,NEET PG,Biochemistry,Oxidative Phosphorylation,The electron transport chain is a series of redox reactions that result in ATP synthesis. Which,of the following is a cytochrome complex IV inhibitor?,Cyanide,Carbon dioxide,Oligomycin,Ouabain,1,Biochemistry,Oxidative Phosphorylation,,,,,,
75,2022,NEET PG,Dermatology,Cutaneous Infections,A farmer presents to you with swelling on foot and multiple discharging sinuses in the lower,"limb. Granules from the discharge were examined under the microscope, shown below. Which
of the following is true regarding this condition?

[PAGE 42]",Both bacteria and fungi can be causative,Undergoes lymphatic spread,There is lymphocyte accumulation,Involves only superficial tissues,1,General Medicine,Cutaneous Infections,,,,,,
76,2022,NEET PG,Dermatology,Cutaneous Infections,"A farmer presents you with a cauliflower-shaped mass on foot, which developed after a minor",injury. Microscopy shows copper penny bodies. What is the most likely diagnosis?,Chromoblastomycosis,Blastomycosis,Sporotrichosis,Phaeohyphomycosis,1,General Medicine,Cutaneous Infections,,,,,,
77,2022,NEET PG,Dermatology,Skin Appendages and their Disorders,[PAGE 43],Irregular pitting of nails with subungual hyperkeratosis is seen in ___________.,Lichen planus,Psoriasis,Atopic dermatitis,Alopecia areata,2,General Medicine,Skin Appendages And Their Disorders,,,,,,
78,2022,NEET PG,Dermatology,Skin Appendages and their Disorders,A 35-year-old woman presents to you with hair loss for the past three months. She tested,"positive for COVID-19 eight months ago. What is the most likely diagnosis?

[PAGE 44]",Tinea capitis,Telogen effluvium,Trichotillomania,Female – pattern androgenic alopecia,2,General Medicine,Skin Appendages And Their Disorders,,,,,,
79,2022,NEET PG,ENT,Nose and Paranasal Sinuses,"A post-COVID patient, who is a known diabetic, develops unilateral facial pain and loosening",of teeth. Which investigation would you do to confirm the diagnosis of this patient?,MRI,[PAGE 45],Serum ferritin,HbA1c,2,ENT,Nose And Paranasal Sinuses,,,,,,
80,2022,NEET PG,ENT,Ear,"A patient presents with the complaint of inability to close the eye, drooling of saliva, and",deviation of the angle of the mouth. Which of the following nerves is most likely to be affected?,Facial nerve,Trigeminal nerve,Oculomotor nerve,Glossopharyngeal nerve,1,ENT,Ear,,,,,,
81,2022,NEET PG,ENT,Pharynx,An adult man in a restaurant suddenly begins choking on his food. He is conscious. The,"following procedure was performed. Identify the procedure.

[PAGE 46]",Heimlich’s maneuver,Back slap,Chest thrust,Blind insertion of finger,1,ENT,Pharynx,,,,,,
82,2022,NEET PG,Pathology,Hematology: Red Blood Cells,A child presents with recurrent chest infections and abdominal pain. There is a history of 1,"blood transfusion in the past. On examination, he had icterus and mild splenomegaly.
Electrophoresis shows increased HbA2, HbF, and S spike. What is the likely diagnosis?",Beta thalassemia,HbC disease,Sickle cell disease,Acute coronary disease,1,Pathology,Hematology: Red Blood Cells,,,,,,
83,2022,NEET PG,ENT,Pharynx,"A patient presents with a firm, tender, slow-growing mass below the ear as shown in the image","below. What could be the diagnosis?

[PAGE 47]",Bezold abscess,Parotid abscess,Upper cervical lymphadenopathy,Osteoma of the mandible,2,ENT,Pharynx,,,,,,
84,2022,NEET PG,ENT,Nose and Paranasal Sinuses,"A patient comes with a history of asthma and sinusitis. On looking into his medical records,","you notice this has been attributed to Samter’s triad. Which drug should be avoided in this
patient?",Cotrimoxazole,Co-amoxiclav,Aspirin,Chloramphenicol,3,ENT,Nose And Paranasal Sinuses,,,,,,
85,2022,NEET PG,Pathology,Neoplasia,Why do neoplastic cells utilize Warburg metabolism?,Why do neoplastic cells utilize Warburg metabolism?,It decreases glucose utilization by neoplastic cells,It forms metabolic intermediates which are needed for cell growth and multiplication,It provides more energy in the form of increased ATP production,In prevents apoptosis and makes the cancer immortal,2,Pathology,Neoplasia,,,,,,
86,2022,NEET PG,ENT,Ear,A 70-year-old male patient presents with decreased hearing in higher frequencies. It was,"noted that the basilar membrane was affected. Which of the following structures lie near the
affected structure?",Modiolus,Stria vascularis,Oval window,Helicotrema,3,ENT,Ear,,,,,,
87,2022,NEET PG,ENT,Pharynx,A 20-year-old male patient presents with unilateral nasal obstruction and recurrent bleeding for,"the past 1 year. Transnasal endoscopic results are shown below. A contrast – enhanced CT
revealed a mass extending from the posterior choana to the nasopharynx. What is the most
likely diagnosis?

[PAGE 49]",Nasopharyngeal angiofibroma,Antrochoanal polyp,Rhinoscleroma,Concha bullosa,1,ENT,Pharynx,,,,,,
88,2022,NEET PG,Pathology,Hematology: Red Blood Cells,An elderly patient presents with anemia and hemoglobinuria. Investigations reveal increased,"lactate dehydrogenase (LDH). The peripheral smear image is given below. Which of the
following physical examination findings can support the likely diagnosis?

[PAGE 50]",Splenomegaly,Frontal bossing,Mechanical second heart sound,Goitre,1,Pathology,Hematology: Red Blood Cells,,,,,,
89,2022,NEET PG,Pathology,Hematology: White Blood Cells,All of the following statements are true regarding neutrophil extracellular trapping (NET),except that,It is detected in blood during sepsis,It is produced in response to bacterial infection,Mitochondrial DNA is seen,It is chromatin with antibacterial enzymes,3,Pathology,Hematology: White Blood Cells,,,,,,
90,2022,NEET PG,Forensic Medicine,Ballistics,Identify the gun that caused the wound and the range of the shot.,Identify the gun that caused the wound and the range of the shot.,"Shotgun, intermediate range","Shotgun, close range","Pistol, near shot","Pistol, close shot",3,Forensic Medicine,Ballistics,,,,,,
91,2022,NEET PG,Pathology,Renal System,"A patient underwent cystoscopy, which showed multiple yellow-white plaques in the trigone of","the bladder. The histopathology image is given below. What is the diagnosis?

[PAGE 52]",Interstitial cystitis,Malakoplakia,Polypoid cystitis,Acute cystitis,2,Pathology,Renal System,,,,,,
92,2022,NEET PG,Forensic Medicine,Forensic Traumatology,Identify the type of wound from the image.,[PAGE 53],Defense wounds,Antemortem wound,Postmortem wound,Hesitation cuts,1,Forensic Medicine,Forensic Traumatology,,,,,,
93,2022,NEET PG,Pathology,Cell Injury,Which of the following measures are associated with an increased life span?,Which of the following measures are associated with an increased life span?,Moderate of regular exercise for 30 min,Decrease stress,Decreasing calorie intake by 30 percent,Pharmacological intervention with proton pump inhibitors,3,Pathology,Cell Injury,,,,,,
94,2022,NEET PG,Forensic Medicine,Court of Law,"A 45-year-old female patient is told about the benefits and complications of a hysterectomy,",and she agrees to the procedure. What kind of consent is this?,Informed consent,Implied consent,Opt-out,Passive consent,1,Forensic Medicine,Court Of Law,,,,,,
95,2022,NEET PG,Pathology,Respiratory System,A 56-year-old man was diagnosed with COVID-19 and was put on mechanical ventilation. He,passed away after a week. What is the likely post-mortem change seen in the lungs?,Thick layer of fibrin lining the alveoli,Acute and chronic alveolar hemorrhage,Perivascular cuffing,Pulmonary artery hypertrophy with increased resistance,2,Pathology,Respiratory System,,,,,,
96,2022,NEET PG,Forensic Medicine,Asphyxial Deaths,"A dead body is brought for evaluation. On post-mortem examination, a ligature completely","encircled the neck, horizontal, and below the thyroid level was seen. There was no dribbling of
saliva. What is the cause of death?",[PAGE 55],Ligature strangulation,Gagging,Hanging,2,Forensic Medicine,Asphyxial Deaths,,,,,,
97,2022,NEET PG,Forensic Medicine,IPC Sections,A surgeon returns home from a party after many pegs of alcohol and is called to perform an,"emergency operation. During the operation, the assisting staff noticed the surgeon’s
handshaking and the instruments falling. He eventually nicks an artery, and the patient
collapses. Under which of the following terms will this incident be tried?",Criminal negligence,Civil negligence not amounting to criminal negligence,Therapeutic misadventure,Dichotomy,1,Forensic Medicine,Ipc Sections,,,,,,
98,2022,NEET PG,Forensic Medicine,Court of Law,"During the court proceedings, the defense lawyer asks a leading question, which the","prosecutor appeals against. The judge grants the appeal. Leading questions are not allowed in
all of the following except?",Re-examination,Cross-examination,Examination in chief,Dying declaration,2,Forensic Medicine,Court Of Law,,,,,,
99,2022,NEET PG,Pathology,Hematology: Red Blood Cells,A female patient presented with fatigue and a history of piles. Routine complete blood count,"analysis showed hemoglobin of 9 g/dL, MCV 60fL, and RBC count of 5.2 million. A peripheral
smear is given below. Which of the following is the next best investigation for this patient?",HbA2 levels,Serum ferritin levels,Serum folate levels,Serum homocysteine levels,2,Pathology,Hematology: Red Blood Cells,,,,,,
100,2022,NEET PG,Pathology,Hematology: White Blood Cells,"A 56-year-old man presents with dragging pain in the abdomen. On examination, there is","massive splenomegaly. Peripheral smear shows leukocytesis with increased myelocytes,
metamyelocytes and basophils. Which of the following translocations is seen in this condition?",[PAGE 57],t(8;22),t(15;17),t(8;14),1,Pathology,Hematology: White Blood Cells,,,,,,
101,2022,NEET PG,Medicine,Endocrinology,A patient with diabetes mellitus for the past 5 years presents with vomiting and abdominal,"pain. She is non-compliant with medication and appears dehydrated. Investigations revealed a
blood sugar value of 500 mg/dl and the presence of ketone bodies. What is the next best step
in management?",Intravenous fluids with long-acting insulin,Intravenous fluids,Intravenous insulin,Intravenous fluids with regular insulin,4,General Medicine,Endocrinology,,,,,,
102,2022,NEET PG,Medicine,Infections,A patient diagnosed to be retro-positive was started on highly active antiretroviral therapy,(HAART). Which of the following can be used to monitor treatment efficacy?,CD4+ T cell count,Viral load,p24 antigen,Viral serotype,2,General Medicine,Infections,,,,,,
103,2022,NEET PG,Medicine,Cardiology,A hypertensive patient who is non-compliant with medication presents to you with sudden,"onset breathlessness. A chest x-ray was done, which is shown below. How will you manage
this patient?",Intravenous salbutamol,Intravenous nitro-glycerine,Nebulization with salbutamol,Oxygen and antibiotics,2,General Medicine,Cardiology,,,,,,
104,2022,NEET PG,Pediatrics,Neonatology,A 1 day- old neonate has not passed urine since birth. What is the next step in management?,A 1 day- old neonate has not passed urine since birth. What is the next step in management?,a.Continue breast feeding not observed,Admit to NICU’,Start artificial feeding,Start intravenous fluids,1,Paediatrics,Neonatology,,,,,,
105,2022,NEET PG,Medicine,Cardiology,"A patient on anti-depressants presented to you with hypotension. An ECG was done, which",showed wide QRS complexes and right axis deviation. How will you manage this patient?,Antiarrhythmics,Intravenous sodium bicarbonate,Propranolol,Phenytoin,2,General Medicine,Cardiology,,,,,,
106,2022,NEET PG,Medicine,Pulmonology,"A 35-year-old female patient presents to you with fever, breathlessness, and cough with","expectoration. A CT scan was done which is shown below. What is the most likely diagnosis?

[PAGE 60]",Consolidation with air bronchogram,Mediastinal mass,Pleural effusion,Diaphragmatic hernia,1,General Medicine,Pulmonology,,,,,,
107,2022,NEET PG,Pediatrics,Fluid and Electrolyte Disturbances,"A 7 – year old boy presented with abdominal pain, vomiting, oliguria, and periorbital puffiness","following chemotherapy. Investigations reveal hyperuricemia, raised creatinine levels, and
hyperkalemia. What is the next best step in the management of this condition ?",Hydration,Probenecid,Allopurinol,Rasburicase,1,Paediatrics,Fluid And Electrolyte Disturbances,,,,,,
108,2022,NEET PG,Pediatrics,Pediatric Gastroenterology,"A baby presented with abdominal pain. On examination, a mass is palpated in the right lumbar","region. A barium enema is done, and the image is given below. What is the likely diagnosis?",Intussusception,Volvulus,Duodenal atresia,Intestinal obstruction,1,Paediatrics,Pediatric Gastroenterology,,,,,,
109,2022,NEET PG,Medicine,Neurology,A female patient with a negative urine pregnancy test presents to you with galactorrhea. An,"MRI was done which revealed a large pituitary tumor. If the patient is not willing for surgery,

[PAGE 62]
which of the following is the best drug for treatment?",Bromocriptine,Promethazine,Octreotide,Clozapine,1,General Medicine,Neurology,,,,,,
110,2022,NEET PG,Medicine,Nephrology / Kidney Disease,"A woman presents to you with fever, arthralgia, ulcers, fatigue for the past six months, and","new-onset hematuria. Urine examination reveals RBC casts and proteinuria. What is the likely
diagnosis?",Acute interstitial nephritis,Poststreptococcal glomerulonephritis,Lupus nephritis,IgA nephropathy,3,General Medicine,Nephrology / Kidney Disease,,,,,,
111,2022,NEET PG,Medicine,Nephrology / Kidney Disease,A man on diuretics presents with weakness. An ECG was done which showed flat T waves,and prominent U waves. What is the most likely diagnosis?,Hypokalaemia,Hyperkalaemia,Hypomagnesemia,Hypernatremia,1,General Medicine,Nephrology / Kidney Disease,,,,,,
112,2022,NEET PG,Medicine,Nephrology / Kidney Disease,A male patient presents to the emergency department. The arterial blood gas report is as,"follows: pH, 7.2; pCO2, 81 mmHg; and HCO3, 40meq/L. which of the following is the most
likely diagnosis?",Respiratory alkalosis,", 81 mmHg; and HCO3, 40meq/L. which of the following is the most",", 40meq/L. which of the following is the most",Metabolic alkalosis,3,General Medicine,Nephrology / Kidney Disease,,,,,,
113,2022,NEET PG,Medicine,Pulmonology,Multidrug-resistant (MDR) tuberculosis shows resistance to which of the following drugs?,Multidrug-resistant (MDR) tuberculosis shows resistance to which of the following drugs?,"Isoniazid, rifampicin, and fluoroquinolone",Fluoroquinolones,Isoniazid and rifampicin,"Isoniazid, rifampicin, and kanamycin",3,General Medicine,Pulmonology,,,,,,
114,2022,NEET PG,Medicine,Liver,"A patient presents to you with a fever, jaundice, and malaise. What is the most likely diagnosis","based on the serology reports given below?
Anti-HBc (IgM): Positive
HBsAg: Positive

[PAGE 64]
Anti-HBs: Negative
Anti-HCV antibodies: Negative",Acute hepatitis B,Acute hepatitis C,Chronic hepatitis B,Chronic hepatitis C,1,General Medicine,Liver,,,,,,
115,2022,NEET PG,Medicine,Liver,A child presents to the emergency department with a history of ingestion of 10-20 ferrous,"sulphate tablets. Arterial blood gas revealed acidosis. Which of the following can be used in
the management of this condition?",Deferoxamine,Activated charcoal,Dimercaprol,Penicillamine,1,General Medicine,Liver,,,,,,
116,2022,NEET PG,Microbiology,Immunology,A photographer who recently returned from Africa presents to the emergency department with,"abdominal pain, hepatomegaly, and hemorrhagic manifestations. He died despite treatment,
and an autopsy revealed intranuclear Torres bodies in the liver. Which of the following
vaccines with which strain could have prevented it?",17D,Nakayama vaccine,Weigl’s vaccine,Jeryl Lynn strain,1,Microbiology,Immunology,,,,,,
117,2022,NEET PG,Microbiology,Systemic Bacteriology,"A militant presents with rashes all over his body sparing the palms and soles. On examination,",he was febrile and lice were noted. Which of the following is responsible for his condition?,Rickettsia typhi,Rickettsia prowazekii,Rickettsia akari,Rickettsia conorii,2,Microbiology,Systemic Bacteriology,,,,,,
118,2022,NEET PG,Microbiology,Mycology,"A patient presents with itching in the axilla. On microscopic examination of the skin scrapings,","a red pigment-producing fungus with pencil – shaped macroconidia is seen. Which of the
following is the most likely organism?",Trichophyton violaceum,Trichophyton rubrum,Trichophyton tonsurans,Trichophyton schoenleinii,2,Microbiology,Mycology,,,,,,
119,2022,NEET PG,Microbiology,Mycology,A female patient presents with complaints of thick white vaginal secretions. Which of the,following can be used to identify the likely species of the causative agent?,Birds seed agar,Brain heart infusion agar,CHRO Magar,Sabouraud dextrose agar,3,Microbiology,Mycology,,,,,,
120,2022,NEET PG,Microbiology,Mycology,"A 12-year-old boy presents with right upper quadrant pain, calf pain, conjunctival suffusion,","icterus, and fever. Examination shows tender hepatomegaly. What is the most likely
diagnosis?",Chikungunya,Leptospirosis,Dengue hemorrhagic fever,Encephalopathy caused by hepatitis A,2,Microbiology,Mycology,,,,,,
121,2022,NEET PG,Microbiology,Systemic Bacteriology,A newly joined teacher develops rice water stools. The causative agent acts on which of the,following receptors?,GM 1 ganglioside receptor,GM 2 ganglioside receptor,Sphingomyelin,Cerebroganglioside,1,Microbiology,Systemic Bacteriology,,,,,,
122,2022,NEET PG,Microbiology,Systemic Bacteriology,Which of the following is considered to be the best for the detection of Clostridium difficile?,Which of the following is considered to be the best for the detection of Clostridium difficile?,Aerobic culture of stool,Glutamate dehydrogenase and toxin assay,Glutamate dehydrogenase assay,None of the above,2,Microbiology,Systemic Bacteriology,,,,,,
123,2022,NEET PG,Microbiology,Systemic Bacteriology,A diabetic truck driver presents to you with cough and breathlessness. A diagnosis of,"pneumonia was confirmed, and histopathological examination revealed dichotomous
branching, as shown below. What is the likely causative agent?

[PAGE 68]",Rhizopus,Mucor,Candida,Aspergillus,2,Microbiology,Systemic Bacteriology,,,,,,
124,2022,NEET PG,Microbiology,Mycology,A woman with recurrent diarrhea is prescribed a broad-spectrum antibiotic. Which of the,following is not true regarding Clostridium difficile infection?,Oral fidaxomicin is used for treatment,It is toxin mediated,IgM assay is used to confirm the diagnosis,Pseudomembrane is a layer of inflammatory,3,Microbiology,Mycology,,,,,,
125,2022,NEET PG,Pediatrics,Pediatric Endocrinology,[PAGE 69],"An 8-day old newborn was found to have a thyroid – stimulating hormone level of more than
100 mIU/L. Which of the following will be the next best investigation?",Urine iodine excretion,Serum thyroid receptor antibody,Radiotracer uptake with technetium,Perchlorate secretion,3,Paediatrics,Pediatric Endocrinology,,,,,,
126,2022,NEET PG,Pediatrics,Pediatric Neurology,A 10-month old infant was brought with complaints of jerking movement of limbs towards the,"body. On examination, there is a regression of developmental milestones.
Electroencephalogram shows hypsarrhythmia. Which of the following is the drug of choice in
this condition ?",Phenytoin,Adrenocorticotropic hormone,Levetiracetam,Phenobarbitone,2,Paediatrics,Pediatric Neurology,,,,,,
127,2022,NEET PG,Pediatrics,Infectious Diseases,A 2-month old infant born to an HIV- positive mother presents with recurrent diarrhea. What is,the next best step?,Test stool for giardia and give antibiotics,Dried spot sample for HIV DNA PCR,Antibody test for HIV,Aerobic culture,2,Paediatrics,Infectious Diseases,,,,,,
128,2022,NEET PG,Pediatrics,Inborn Errors of Metabolism,An 8-year old child has difficulty walking and getting up from a squatting position. A muscle,"biopsy was done and is as shown in the image. Which of the following is true about this
condition?",Death occurs in 3rd decade,Previous history of viral prodrome,It is a mitochondrial storage disorder,d.Early treatment has excellent prognosis,1,Paediatrics,Inborn Errors Of Metabolism,,,,,,
129,2022,NEET PG,Physiology,Nerve Muscle Physiology,A person after sleeping overnight with the arm under his head now experiences paresis but no,"numbness in the morning. Which of the following is the best explanation for it?

[PAGE 71]",C fibers are more sensitive to pressure than A fibers,A fibers are more sensitive to hypoxia than B fibers,A fibers are more susceptible to pressure changes than C fibers,A fibers are more susceptible to hypoxia than C fibers,3,Physiology,Nerve Muscle Physiology,,,,,,
130,2022,NEET PG,Physiology,Cardiovascular System,Which of the following mechanisms is seen in the baroreceptor reflex?,Which of the following mechanisms is seen in the baroreceptor reflex?,Feedforward,Positive feedback,Negative feedback,Adaptive control regulation,3,Physiology,Cardiovascular System,,,,,,
131,2022,NEET PG,Physiology,General Physiology,The image below depicts which of the following types of cell-to-cell signaling?,The image below depicts which of the following types of cell-to-cell signaling?,Paracrine,Autocrine,Endocrine,Merocrine,1,Physiology,General Physiology,,,,,,
132,2022,NEET PG,Physiology,Excretory System,Which of the following statements is true regarding the given cystometrogram?,Which of the following statements is true regarding the given cystometrogram?,Segment la is due to residual urine,Segment lb is due to Laplace law,Micturition fails to happen in segment ll,The dotted line represents that micturition has occurred,2,Physiology,Excretory System,,,,,,
133,2022,NEET PG,Physiology,The Nervous System,[PAGE 73],"In a patient, the hypothalamic thermostat was reset from point A to point C as shown below.
Which of the following happens in stage A compared to stage B?",Shivering,Sweating,Increased blood flow to skin,Inhibition of chemical thermogenesis,3,Physiology,The Nervous System,,,,,,
134,2022,NEET PG,Physiology,The Nervous System,"A 65-year-old suffered from a stroke 2 days ago. He now presents with involuntary, violent,","and flinging movements of the limbs on one side. What is the likely site of lesion in this
patient?",Subthalamic nuclei,Globus pallidus,Putamen,Caudate nucleus,1,Physiology,The Nervous System,,,,,,
135,2022,NEET PG,Psychiatry,Eating Disorders,"A 16-year-old girl has intense cravings for food. She eats large amounts of food, which is",followed by self-induced vomiting. What is the probable diagnosis?,Anorexia nervosa,Bulimia nervosa,Atypical depression,Binge eating disorder,2,General Medicine,Eating Disorders,,,,,,
136,2022,NEET PG,Psychiatry,Mood Disorders,"A woman, who is 4 days postpartum, presented with tearfulness, mood swings, and",occasional insomnia. What is the likely diagnosis?,Postpartum depression,Postpartum blues,Postpartum psychosis,Postpartum anxiety,2,General Medicine,Mood Disorders,,,,,,
137,2022,NEET PG,Radiology,Basics of Radiology,Identify the image modality given below.,[PAGE 75],Cerebral blood flow scan,PET CT,Sestamibi scan,Full body MDCT,2,Radiology,Basics Of Radiology,,,,,,
138,2022,NEET PG,Radiology,Thoracic Radiology,"A patient is brought to the casualty following a road traffic accident. On examination, the","patient is conscious, BP is 90/60 mm Hg, respiratory rate is 40 breaths per minute, and pulse
rate is 120 bpm. The X ray is shown below. What is the next step in management?

[PAGE 76]",Chest tube insertion,Pericardiocentesis,Thoracotomy,Pleurodesis,1,Radiology,Thoracic Radiology,,,,,,
139,2022,NEET PG,Pediatrics,Fluid and Electrolyte Disturbances,A child presented with a history of loose stools with an increase in frequency of 4 days. On,"examination, he is drowsy, unable to feed, and skin on pinching goes back very slowly.
According to the integrated management of neonatal and childhood illness (IMNCI), this child
will be classified as having",Mild dehydration,Some dehydration,Severe dehydration,[PAGE 77],3,Paediatrics,Fluid And Electrolyte Disturbances,,,,,,
140,2022,NEET PG,Surgery,Urology,A 6- year old boy came with a history of recurrent urinary tract infections. Imaging was done,and is shown below. What is the diagnosis?,Vesicoureteric reflux,Urinary bladder diverticulum,Urinary bladder hernia,Vesicocolic fistula,1,General Surgery,Urology,,,,,,
141,2022,NEET PG,Surgery,Endocrine Surgery,"A 45-year-old female patient underwent a thyroidectomy. Three days after the surgery, she","developed perioral numbness. Which of the following investigations need to be done for her?

[PAGE 78]","Free T3, T4","T3, T4, thyroid–stimulating hormone",Radioiodine scan,"Calcium, phosphate, and parathormone levels",4,General Surgery,Endocrine Surgery,,,,,,
142,2022,NEET PG,Pediatrics,Growth,Which of the following children are considered at risk babies ?,"1. Baby with a birth weight of 2.5 kg
2. Baby on artificial feeds
3. Baby of working mother / single parent
4. Baby with weight <85% of expected weight
5. Birth order of 3 or more","2,3","1,2,3,4","4,5","1,4",1,Paediatrics,Growth,,,,,,
143,2022,NEET PG,Surgery,Others,"A patient presented with blunt trauma to the abdomen. On evaluation, liver injury was noted,","for which primary repair was done. Coagulation function was monitored intraoperatively, using
the method shown below. What is the method used?

[PAGE 79]",Thromboeslastography,Plethysmography,Sonography,Elastography,1,General Surgery,Others,,,,,,
144,2022,NEET PG,Pediatrics,Pediatric Nephrology,Identify the condition:,[PAGE 80],Bladder exstrophy,b.Omphalocele,c.Persistent vitellointestinal duct,Gastroschisis,1,Paediatrics,Pediatric Nephrology,,,,,,
145,2022,NEET PG,Surgery,Endocrine Surgery,"A 59-year-old lady presents with a progressive, painless lump in the breast. What is the cause",for the following skin change?,Infiltration of subdermal lymphatics,Infiltration of the lactiferous duct,Involvement of Cooper’s ligament,Spread of the tumor to the anterior chest wall,1,General Surgery,Endocrine Surgery,,,,,,
146,2022,NEET PG,Pediatrics,Pediatric Respiratory Disorders,A previously healthy child presented with acute – onset dyspnea. A chest X – ray shows,unilateral hyperinflation of the lungs. What is true for this patient ?,Focal area of decreased air entry will be suggestive of foreign body,Flexible bronchoscopy used for removal,In complete obstruction ball and valve mechanism causes hyperinflation,The child has developed acute laryngotracheobronchitis,3,Paediatrics,Pediatric Respiratory Disorders,,,,,,
147,2022,NEET PG,Surgery,Others,"A child had a history of stab injury on the anterior abdominal wall, and the image is shown","below. The child is hemodynamically stable. Which will be the next course of treatment?

[PAGE 82]",Emergency laparotomy,Observation,Intravenous hydration,Wait and watch,1,General Surgery,Others,,,,,,
148,2022,NEET PG,Pediatrics,Musculoskeletal Disorders in Children,"A male child presented with arthralgia and abdominal pain. On examination, there was","palpable purpura over the lower limbs. There is a past history of upper respiratory tract
infection prior to the onset of presenting symptoms. Which of the following is the treatment for
this condition?",Azathioprine,Methotrexate,Cyclosporine,Glucocorticoids,4,Paediatrics,Musculoskeletal Disorders In Children,,,,,,
149,2022,NEET PG,Surgery,Cardiothoracic Vascular Surgery,Which of the following is most likely to be seen due to the rupture of a saccular aneurysm?,Which of the following is most likely to be seen due to the rupture of a saccular aneurysm?,Subdural hemorrhage,Subarachnoid hemorrhage,Intracerebral hemorrhage,Hydrocephalus,2,General Surgery,Cardiothoracic Vascular Surgery,,,,,,
150,2022,NEET PG,Surgery,Cardiothoracic Vascular Surgery,"A patient presents with sudden–onset right leg pain. An investigation was done, and the",obtained image is shown below. What is the investigation?,A digital subtraction angiography,Ultrasound doppler,MR angiography,Plethysmography,2,General Surgery,Cardiothoracic Vascular Surgery,,,,,,
151,2022,NEET PG,Pediatrics,Pediatric Nephrology,A 10 year old presents with edema and anasarca. A diagnosis of minimal change disease is,made. Which of the following is true about this condition?,Light microscopy shows effacement of podocytes,Good response to steroids,[PAGE 84],Non selective proteinuria,2,Paediatrics,Pediatric Nephrology,,,,,,
152,2022,NEET PG,Surgery,Plastic Surgery,"A male patient presented with a 0.3 cm nodule on the left nasolabial fold. It was excised, and a",pathological examination was done. What is the diagnosis?,Basal cell carcinoma,Melanoma,Squamous cell carcinoma,Nevus,1,General Surgery,Plastic Surgery,,,,,,
153,2022,NEET PG,Pediatrics,Pediatric Gastroenterology,[PAGE 85],"A 10-year old child presents with diarrhea and weight loss. On examination, the height and
weight are lesser than expected. Laboratory investigations were positive for class II HLA-DQ2.
Which of the following will you advise the child ?",Fat free diet,Lactose free diet,Low carbohydrate diet,Gluten free diet,4,Paediatrics,Pediatric Gastroenterology,,,,,,
154,2022,NEET PG,Surgery,Head And Neck,A 45- year old patient complained of pain in one side of the neck. She is afraid of eating food,"as it worsens the pain. Ultrasound imaging of the salivary glands is done and shown below.
What is the most likely diagnosis?",Sialolithiasis,Foreign body,Osteoma of the floor of the mouth,Cervical lymphadenopathy,1,General Surgery,Head And Neck,,,,,,
155,2022,NEET PG,Surgery,Urology,A delayed intravenous urogram of a patient is given below. What is the likely diagnosis?,A delayed intravenous urogram of a patient is given below. What is the likely diagnosis?,Pelviureteric junction obstruction,Putty kidney,Staghorn calculus,Cystic kidney,1,General Surgery,Urology,,,,,,
156,2022,NEET PG,Surgery,Others,A young male patient with a history of a motor vehicle accident cannot pass urine. Blood is,"[PAGE 87]
seen at the meatus. What is the most likely site of urethral injury?",Bulbar urethra,Spongy urethra,Membranous urethra,Penile urethra,3,General Surgery,Others,,,,,,
157,2022,NEET PG,Pharmacology,Respiratory Pharmacology,A male patient with chronic obstructive pulmonary disease (COPD) was prescribed,"theophylline. He noticed that his urine output had increased the following day. This action of
the drug is mediated through which of the following receptors?",. Interleukin – 10,Histone deacetylase,Adenosine A1,Beta 2 adrenergic receptors,3,Pharmacology,Respiratory Pharmacology,,,,,,
158,2022,NEET PG,Surgery,Endocrine Surgery,A male patient presented with midline neck swelling. He later developed cervical node,"enlargement. The histopathology of the lesion is shown below. Which of the following
statements is false about this condition?",Excellent prognosis is associated with this condition,It spreads quickly via lymphatics,Nuclear characteristics are used for the identification,Fine needle aspiration cytology (FNAC) is not diagnostic,4,General Surgery,Endocrine Surgery,,,,,,
159,2022,NEET PG,Pharmacology,Endocrine Pharmacology,Which of the following drugs is not likely to cause Pulmonary fibrosis?,Which of the following drugs is not likely to cause Pulmonary fibrosis?,Metformin,Methotrexate,Bleomycin,[PAGE 89],1,Pharmacology,Endocrine Pharmacology,,,,,,
160,2022,NEET PG,Surgery,Urology,A 40-year-old man with a known case of hypertension presented with multiple episodes of,"hematuria and loin pain. His elder brother passed away due to a stroke at the age of 40. The
ultrasound abdomen is shown below. What is the probable diagnosis?",Renal cell carcinoma,Autosomal dominant polycystic kidney disease,Tuberculosis of the kidney,Autosomal recessive polycystic kidney disease,2,General Surgery,Urology,,,,,,
161,2022,NEET PG,Surgery,Gastrointestinal Surgery,"A patient presents with acute–onset, severe abdominal pain. He is hemodynamically stable. A","chest X-ray is shown below. What is the next step in management?

[PAGE 90]",Gastric lavage,Chest tube insertion,Tracheostomy,Resuscitation and laparotomy,4,General Surgery,Gastrointestinal Surgery,,,,,,
162,2022,NEET PG,Pharmacology,Drugs Affecting Blood and Blood formation,"A patient with deep vein thrombosis was started on a new drug. After 2 days, he presented","with the given finding. Which of the following drugs is implicated in causing the above
condition?

[PAGE 91]",Warfarin,Heparin,Dabigatran,Rivarox,1,Pharmacology,Drugs Affecting Blood And Blood Formation,,,,,,
163,2022,NEET PG,Surgery,Plastic Surgery,Calculate the percentage of burns in a preschool child shown in the image below,[PAGE 92],15-20%,25-30%,35-40%,10-15%,2,General Surgery,Plastic Surgery,,,,,,
164,2022,NEET PG,Pharmacology,Anticancer Drugs,"A patient undergoing chemotherapy was given an antiemetic, after which he developed","symptoms like acute dystonia, bradykinesia, and tremors. Which of the following drugs would
have caused these symptoms?",Ondansetron,Metoclopramide,Meclizine,[PAGE 93],2,Pharmacology,Anticancer Drugs,,,,,,
165,2022,NEET PG,Pharmacology,CVS Pharmacology,A young patient started to take a weight loss medication that acts by inhibiting fat absorption,"from food. After a few weeks, she developed easy bruising and increased menstrual bleeding.
Deficiency of which of the following vitamins is responsible for her condition?",Vitamin E,Vitamin K,Vitamin B6,Vitamin D,2,Pharmacology,Cvs Pharmacology,,,,,,
166,2022,NEET PG,Surgery,Head And Neck,A 32-year-old patient who is a chronic alcoholic presents with oral ulcers and a burning,sensation. A picture of the oral cavity is given below. What is the most likely diagnosis?,Leukoplakia,Erythroplakia,Submucosal fibrosis,Malakoplakia,1,General Surgery,Head And Neck,,,,,,
167,2022,NEET PG,Pharmacology,Antimicrobials : Anti Bacterial Drugs,A woman presenting with symptoms of urinary tract infection was prescribed a drug that,causes tendon rupture and arthropathy. What is the mechanism of action of the drug?,DNA gyrase inhibition,Ribosomal inhibition,Cell wall synthesis,Inhibition of folic acid synthesis,1,Pharmacology,Antimicrobials : Anti Bacterial Drugs,,,,,,
168,2022,NEET PG,Surgery,Cardiothoracic Vascular Surgery,"A patient presents with a tender pulsatile mass, as shown in the image below. What will be",done next for this patient?,Ultrasound doppler,Needle aspiration,CT angiogram with percutaneous management,Intravenous antibiotics for 7 days,1,General Surgery,Cardiothoracic Vascular Surgery,,,,,,
169,2022,NEET PG,Pharmacology,CVS Pharmacology,A patient was brought to the emergency with a history of consumption of 8 tablets of digoxin.,"On examination he was unstable and his heart rate was 56 bpm. ECG showed a 3rd-degree
heart block. What is the next step in the management of this patient?",a.Antibody against digoxin,Lidocaine,c.DC cardioversion,d.Phenytoin,1,Pharmacology,Cvs Pharmacology,,,,,,
170,2022,NEET PG,Pharmacology,Renal Pharmacology,"An elderly man, who is a known case of diabetic nephropathy, presented to the emergency","with palpitations and chest discomfort. ECG showed tall T-waves. Laboratory investigations
showed elevated potassium levels. Which of the following drugs will cause the shift of
potassium back into the cell?",Epinephrine,b.Glucagon,c.Atropine,d.Lactic acid,1,Pharmacology,Renal Pharmacology,,,,,,
171,2022,NEET PG,Pharmacology,Endocrine Pharmacology,A patient with a pituitary tumor that overproduced growth hormone underwent surgical removal,"of the tumor. The resection was found to be incomplete. What is the first-line treatment for this
patient?",Leuprolide,Goserelin,Nafarelin,Octreotide,4,Pharmacology,Endocrine Pharmacology,,,,,,
172,2022,NEET PG,Pharmacology,Endocrine Pharmacology,"A middle-aged male patient presents with protrusion of the chin, excessive sweating, impaired","glucose tolerance, and enlargement of hands and feet. Which of the following is a growth
hormone receptor antagonist used to treat this condition?",Octreotide,Pegvisomant,Cabergoline,Olcegepant,2,Pharmacology,Endocrine Pharmacology,,,,,,
173,2022,NEET PG,Surgery,Urology,"A patient presents with prostate carcinoma, which has now spread to the vertebra. What is the",route of spread to the lumbar vertebra?,Prostatic venous plexus,[PAGE 97],Inferior vesical vein,Internal iliac vein,1,General Surgery,Urology,,,,,,
174,2022,NEET PG,Pharmacology,Chemotherapy of Specific Microbial Diseases,A diabetic patient presented with rhinitis and facial swelling. An intranasal biopsy revealed the,"presence of broad-based aseptate hyphae with branching at right angle. Evidence of vascular
invasion was present. What will be the drug of choice for this condition?",Fluconazole,Amphotericin B,Ketoconazole,Griseofulvin,2,Pharmacology,Chemotherapy Of Specific Microbial Diseases,,,,,,
175,2022,NEET PG,Surgery,Cardiothoracic Vascular Surgery,A male patient presents with impotence and bilateral resting pain. The following finding is seen,"in the legs. At which level has the pathology occurred?

[PAGE 98]",Bilateral popliteal arteries,Bilateral internal iliac arteries,Aortoiliac bifurcation,Bilateral femoral arteries,3,General Surgery,Cardiothoracic Vascular Surgery,,,,,,
176,2022,NEET PG,Pharmacology,Antimicrobials : Anti Bacterial Drugs,A tuberculosis patient on anti-tubercular treatment presents with a tingling sensation and,"paresthesia in the lower limbs. He is not a diabetic and occasionally consumes alcohol. Which
of the following vitamins must be supplemented to this patient?",Vitamin B6,Vitamin B12,Vitamin B2,Vitamin B3,1,Pharmacology,Antimicrobials : Anti Bacterial Drugs,,,,,,
177,2022,NEET PG,Surgery,Urology,An elderly male patient presented with a sudden onset of scrotal pain and discharge. Based,"on the image below, what is the likely diagnosis?",Torsion of testis,Acute epididymo-orchitis,Scrotal carcinoma,Fournier’s gangrene,4,General Surgery,Urology,,,,,,
178,2022,NEET PG,Pharmacology,ANS Pharmacology,An elderly woman received a botox injection for the treatment of wrinkles. Which of the,following is the mechanism of action of botulinum toxin?,Inhibits the release of acetylcholine,Release of noradrenaline at synaptic cleft,Selectively and irreversibly inhibits nicotinic receptors,Stimulates muscarinic and nicotinic receptors,1,Pharmacology,Ans Pharmacology,,,,,,
179,2022,NEET PG,Surgery,Others,Identify the fluid shown below on the basis of composition:,"Na+ 131mmol/L
Cl- 111 mmol/L
Lactate 29 mmol/L
K+ 5 mmol/L
Ca2+ 2 mmol/L
Total 279mOsm/L",Haemaccel,Ringer lactate,Isolyte,Isolyte M,2,General Surgery,Others,,,,,,
180,2022,NEET PG,Pharmacology,CVS Pharmacology,Which of the following is a PCSK9 inhibitor?,Which of the following is a PCSK9 inhibitor?,Evolocumab,Ezetimibe,Bempedoic acid,Clofibrate,1,Pharmacology,Cvs Pharmacology,,,,,,
181,2022,NEET PG,Surgery,Others,The image below shows a pressure sore. Which stage does this belong to?,The image below shows a pressure sore. Which stage does this belong to?,Stage 1,Stage 2,Stage 3,Stage 4,4,General Surgery,Others,,,,,,
182,2022,NEET PG,Pharmacology,CNS Pharmacology,"An elderly man presents with rigidity and tremors. On examination, he has blank facial",expressions. Which of the following drugs can be used to manage this condition?,Clozapine,Donepezil,[PAGE 102],Haloperidol,3,Pharmacology,Cns Pharmacology,,,,,,
183,2022,NEET PG,Surgery,Gastrointestinal Surgery,Identify the most common site of an intraperitoneal abscess.,Identify the most common site of an intraperitoneal abscess.,Suprahepatic,Subhepatic,Left lobe of liver,Left side below diaphragm,2,General Surgery,Gastrointestinal Surgery,,,,,,
184,2022,NEET PG,Surgery,Gastrointestinal Surgery,A man complained of recurrent discharge and pain due to lesions around the anus for 3 years.,"What is the diagnosis?

[PAGE 103]",Pilonidal sinus,Carbuncle,Boil,Fistula in ano,4,General Surgery,Gastrointestinal Surgery,,,,,,
185,2022,NEET PG,Surgery,Others,"According to triage, which of the following categories of patients comes under green?","According to triage, which of the following categories of patients comes under green?",Ambulatory patients,Medium risk patients,High-risk patients,Dead patients,1,General Surgery,Others,,,,,,
186,2022,NEET PG,PSM,Concept of Health and Disease,The average life expectancy for a woman in Japan is 87 years. Due to recent advances in,"testing for cervical cancer, there is an increase in life expectancy by 15 years. The healthcare
utility value is 0.8. Which of the following can be calculated from the parameters given?",HALE,DALY,DFLE,QALY,4,Community Medicine,Concept Of Health And Disease,,,,,,
187,2022,NEET PG,PSM,Allied Health Disciplines,You are working in a primary health center (PHC) situated in a high seismic zone. Which of the,"following will you do as part of preparedness for an emergency?
1. Disaster preparedness by making sure all financial and other resources are available
2. Increase public awareness through campaigns and loudspeakers
3. Conduct a simulation for the disaster and assess the response
4. Follow instructions given over the phone or radio by higher officials","1,2,3,4","2,3,4","1,2,3","1,2,4",3,Community Medicine,Allied Health Disciplines,,,,,,
188,2022,NEET PG,PSM,Communicable and Non-communicable Diseases,"Although many animals are implicated in the spread of rabies, dogs are the most common","ones. Also, it usually affects children in developing countries. Knowing this, what is the most
cost-effective and logical way to reduce the incidence of rabies?",Testing all the dogs for rabies,Reduce stray dog population and vaccinate all dogs,Increase the laboratory facilities,Increase capacity of healthcare workers for surveillance,2,Community Medicine,Communicable And Non-Communicable Diseases,,,,,,
189,2022,NEET PG,PSM,National Health Programs,[PAGE 105],Which of the following steps is not included in the STEP approach of WHO?,Therapeutic assessment,Physical assessment,Psychological assessment,Behavioral assessment,1,Community Medicine,National Health Programs,,,,,,
190,2022,NEET PG,PSM,National Health Programs,A male patient diagnosed with tuberculosis took complete treatment. Sputum examination was,"done after the completion of the intensive and the continuation phases. It was found to be
negative. What is the status of the patient?",Cured,Treatment completed,Lost to follow up,Treatment failed,1,Community Medicine,National Health Programs,,,,,,
191,2022,NEET PG,PSM,Epidemiology,A cohort study was conducted with drinkers and non-drinkers of green tea to study its effect on,"diabetes mellitus. The risk ratio was found to be 0.84. Which of the following statements is
correct?",Green tea reduces the risk of diabetes,Green tea increases the risk of diabetes,Data insufficient to establish causal association,[PAGE 106],1,Community Medicine,Epidemiology,,,,,,
192,2022,NEET PG,PSM,Health Care of The Community in India,Which statement refers best to the criteria for starting an urban community health center?,Which statement refers best to the criteria for starting an urban community health center?,Caters to a population of 1-1.5 lakh,Referral center for 2-3 primary health centers,No sub-district and district hospitals present in the area,Should have a 100-bed facility in metro cities,4,Community Medicine,Health Care Of The Community In India,,,,,,
193,2022,NEET PG,PSM,Allied Health Disciplines,"How is a broken vaccine vial disposed of, according to biomedical waste management?","How is a broken vaccine vial disposed of, according to biomedical waste management?",Puncture proof blue bin,White container,Yellow container,Red container,1,Community Medicine,Allied Health Disciplines,,,,,,
194,2022,NEET PG,PSM,National Health Programs,"In an urban area in the state of Madhya Pradesh, a primigravida goes for institutional delivery","after being motivated by an ASHA worker. What are the benefits they will receive (in terms of
money in rupees) under the Janani Suraksha Yojana?
ASHA-Accredited social health activist

[PAGE 107]",1000 for mother and 400 for ASHA,1400 for mother and 600 for ASHA,600 for mother and 400 for ASHA,400 for mother and 600 for ASHA,1,Community Medicine,National Health Programs,,,,,,
195,2022,NEET PG,PSM,International Health,Which of the following agencies provides seed and manure in applied nutrition programs in,schools?,CARE,UNDP,UNICEF,WHO,3,Community Medicine,International Health,,,,,,
196,2022,NEET PG,PSM,Epidemiology,Many children from a particular community coming to a hospital were detected to have acute,"lymphoblastic leukemia (ALL). It was assumed that it is due to the presence of cytotoxic waste
in the water of that community. If a case-control study has to be done to find whether the
chemical and ALL are associated, what will be taken as the control?","Children from the area exposed, but unaffected with the disease",Children from the area not exposed and affected with the disease,"Children coming to your OPD, who do not have the disease",All children with ALL irrespective of exposure status,1,Community Medicine,Epidemiology,,,,,,
197,2022,NEET PG,Dermatology,Integrated Essentials,"A patient presents with an anesthetic patch in the areas on the face, as shown in the image",below. Which of the following nerves is the most commonly involved in this condition?,Abducens nuclei,Facial nerve,Optic nerve,Trigeminal nerve,2,General Medicine,Integrated Essentials,,,,,,
198,2022,NEET PG,PSM,Vaccines and Cold Chain,An auxiliary nurse midwife has to conduct a vaccination camp in a village. She received 2,"open vials, one of which is a pentavalent vaccine and the other is an MR vaccine. What can
she do regarding the utilization of these vials?",Use MR vaccine and discard pentavalent vaccine,Use both,Use pentavalent vaccine and discard MR vaccine,Discard both,3,Community Medicine,Vaccines And Cold Chain,,,,,,
199,2022,NEET PG,Dermatology,Pigmentary Disorders,A female patient with a body mass index of 30 kg/m2 presents to you with a lesion on the,"neck, as shown below. Which of the following conditions is the most likely to be suffering
from?

[PAGE 110]",Hypothyroidism,Metabolic syndrome,Addision’s disease,Hyperparathyroidism,2,General Medicine,Pigmentary Disorders,,,,,,
200,2022,NEET PG,Microbiology,Mycology,A patient with cervical lymphadenopathy and is found to be retropositive. A fungal culture,"depicts a velvety growth with red diffusible pigment on the underside, as shown below. Which
is the most likely causative organism?

[PAGE 111]",Talaromyces marneffei,Blastomyces,Aspergillus,Pneumocystis jirovecii,1,Microbiology,Mycology,,,,,,
1,2023,NEET PG,Microbiology a,Virology,L,"A patient hailing from Delhi presents with fever, arthralgia, and extensive petechial rash for 3
days. Lab investigations revealed a hemoglobin of 9 g/ dL, a white blood cell count of 9000
cells/mm3, a platelet coupnt of 20000 cells/mm3, and a prolonged bleeding time. The clotting
time was normal. What is the most likely diagnosis?",Dengue e,Malaria,Scrub typhus,Typhoid,1,Microbiology,Virology,,,,,,
2,2023,NEET PG,Microbiology,Parasitology,Which of the following statements is true about Trichomonas vaginalis?,Which of the following statements is true about Trichomonas vaginalis?,It cannot be cultured,Twitching motility is seen on wet saline mount,Cysts are seen on wet saline mount of vaginal secretions,It is not a sexually transmitted infection,2,Microbiology,Parasitology,,,,,,
3,2023,NEET PG,Microbiology,Parasitology,A lady from West Rajasthan presented with an ulcer surrounded by erythema on the right leg.,"d
Microscopy of the biopsy from the edge of the ulcer showed organisms with dark staining
nuclei and kinetoplast. What is the most likely causative agent?",d,Babesia a,Trypanosoma,L,1,Microbiology,Parasitology,,,,,,
4,2023,NEET PG,Microbiology,Virology,r,"A child presents with a fever and a rash. Urine examination showed cells with owl's eye
aPppearance. What is the most likely diagnosis?",C ytomegalovirus,Epstein-Barr virus,Herpes simplex virus,Toxoplasma gondii,1,Microbiology,Virology,,,,,,
5,2023,NEET PG,Microbiology,Parasitology,Infection with Clonorchis sinensis is associated with an increased risk of__?,Infection with Clonorchis sinensis is associated with an increased risk of__?,Cervical cancer,Cholangiocarcinoma,r,Bladder carcinoma,2,Microbiology,Parasitology,,,,,,
6,2023,NEET PG,Microbiology d,Mycology,a,"A patient presented with complaints of persistent cough and weight loss. He had a history of
contact with multiple sexual partners. He was diagnosed as HIV positive 6 months back and is
poorly adherent to his medicationLs. The fungal culture of sputum was negative. On Gomori
methamine silver staining, the cells showed darkly stained crescent-shaped cysts. What is the
most likely causative organism?",p,e,Coccidiodes immitis,PPneumocystis jerovecii,4,Microbiology,Mycology,,,,,,
7,2023,NEET PG,Microbiology,Systemic Bacteriology,"A sewage worker presented with abdominal pain, jaundice, conjunctival injection, and blood in",the urine for the past 5 days. Which of the following is the investigation of choice?,Widal test,Microscopic agglutination test,[PAGE 4],Paul-Bunnell test,2,Microbiology,Systemic Bacteriology,,,,,,
8,2023,NEET PG,Microbiology,Virology,e,Which of the following laboratory test is used to diagnose rotavirus diarrhea?,d,Antigen detection in blood d,Antibody detection in serum,a,1,Microbiology,Virology,,,,,,
9,2023,NEET PG,Microbiology,Parasitology,e,"A boy presented with a fever and chills. Rapid test was positive for specific antigen HRP-2.
Which of the following species of Plasmodium is the most likely causative agent?",r,,Plasmodium vivax,Plasmodium ovale,1,Microbiology,Parasitology,,,,,,
10,2023,NEET PG,Microbiology,Systemic Bacteriology,"A child was brought with complaints of high fever, multiple seizures, headache, and neck","[PAGE 5]
rigidity. CSF analysis showed low glucose, high protein, and many polymorphs. The CSF
culture showed pleomorphic gram-negative bacilli. What is true about the causative organism?",It is bacitracin sensitive.,Produces non-lactose fermenting colonies on MacConkey agar,Exhibits satellitism around Staphylococcus aureus colonies r,e,3,Microbiology,Systemic Bacteriology,,,,,,
11,2023,NEET PG,Microbiology,Systemic Bacteriology d,A man presents with a history of dysuria aand urethral discharge after having unprotected,"sexual intercourse. Gram-staining of the purulent discharge is seen in the following image.
What is the treatment of choice for this infection?
L
p
e
r
P",Erythromycin,Azithromycin,Ceftriaxone,Penicillin G,3,Microbiology,Systemic Bacteriology D,,,,,,
12,2023,NEET PG,Radiology,Head & Neck Imaging,A 2-month-old infant is brought to the OPD with a parietal swelling present since birth. The,"r
X-ray image is given below. What could be the probable diagnosis?
e
d
d
a
L",p,e,Caput succedaneum,EPnecephalocele,2,Radiology,Head & Neck Imaging,,,,,,
13,2023,NEET PG,Radiology,Genitourinary Radiology,"A patient presented with abdominal pain and sterile pyuria, and the x-ray showed the following","features. What is the likely diagnosis?

[PAGE 7]
r
e
d
d
a
L",Putty kidney,p,Staghorn calculus,Psoas calcification,1,Radiology,Genitourinary Radiology,,,,,,
14,2023,NEET PG,Anatomy,Pelvis and Perineum,A defect in which of the following forms the structure marked below?,"[PAGE 8]
r
e
d
d
a
L",Internal oblique,External oblique,e,Fascia tranrsversalis,4,Anatomy,Pelvis And Perineum,,,,,,
15,2023,NEET PG,Anatomy,Head and Neck,A student had his jaw locked while yawning. Which of the following muscles is attached to the,articular disc of the temporomandibular joint?,Lateral pterygoid,Temporalis,Medial pterygoid,Masseter,1,Anatomy,Head And Neck,,,,,,
16,2023,NEET PG,Anatomy,Histology,r,"e
The given histology image is of ?
d
d
a
L
p",Leydig cells of testis,Pancreatic islet cells,r,,,Anatomy,Histology,,,,,,
17,2023,NEET PG,Anatomy,Thorax,A defect in which of the following aortic arches causes the defect shown in the image?,"[PAGE 10]
r
e",4th right,d,d,6th left,4,Anatomy,Thorax,,,,,,
18,2023,NEET PG,Anatomy,General Embryology,p,Which of the following structures develops from the structure marked 4?,e,Median umrbilical ligament,Meckel's diverticulum,a,2,Anatomy,General Embryology,,,,,,
19,2023,NEET PG,Anatomy,Abdomen,e,"A patient comes with abdominal pain, jaundice, and portal hypertension. Anastomosis
between which of the following veins is seen?",r,,Superior rectal and phrenic veins,Sigmoid and superior rectal veins,2,Anatomy,Abdomen,,,,,,
20,2023,NEET PG,Biochemistry,Vitamins,Which of the following clotting factors is needed for gamma-glutamyl carboxylase?,[PAGE 12],"Factors II, VIII, IX, X","Factors II, VII, IX, and X","Factors II, VII, IX, XI","Factors II, VIII, X, XI r",2,Biochemistry,Vitamins,,,,,,
21,2023,NEET PG,Biochemistry d,Vitamins,d,"A patient presented with diarrhea, dermatitis, and dementia. Which of the following vitamin
deficiencies would you suspect in this patient?",a,Vitamin B1 deficiency L,Vitamin B6 deficiency,Vitamin B12 deficiency,1,Biochemistry,Vitamins,,,,,,
22,2023,NEET PG,Briochemistry,Carbohydrate Metabolism,"A young boy presents to the OPD with hypoglycemia and muscle cramps, on exertion or while","playing. Then he becomes normal after resting for a while. These episodes are recurrent after
a period of activity. He has decreased serum lactate and glucose levels. Which of the following
diseases is he most likely to be suffering from?",McArdle disease,Hers disease,Cori's disease,Andersen disease,1,Biochemistry,Carbohydrate Metabolism,,,,,,
23,2023,NEET PG,Biochemistry,Vitamins,A family consumes only polished rice. Which of the following combinationsr of vitamin,"deficiency and enzymatic defect will be present in this family?
e",Riboflavin-glutathione reductase,d,Thiamine-transaminase,Riboflavin-transketolase,2,Biochemistry,Vitamins,,,,,,
24,2023,NEET PG,Biochemistry,Vitamins,p,"A chronic alcoholic patient presented to the casualty with confusion, ataxia, and painful eye
movements. What could be the vitamin deficiency seen in this patient?
e",Vitamin B deficiency,r,,Vitamin C deficiency,1,Biochemistry,Vitamins,,,,,,
25,2023,NEET PG,Biochemistry,Carbohydrate Metabolism,A 4-year-old child presents with easy fatigability. The mother also complains that the child has,"increased hunger between meals, which is relieved after food. Liver examination revealed no
glycogen. The enzyme most likely deficient is?",[PAGE 14],Glycogen synthase,Debranching enzyme,Glucose 6 phosphatase,2,Biochemistry,Carbohydrate Metabolism,,,,,,
26,2023,NEET PG,Biochemistry,Vitamins d,A child was bought with pedal edema and cheilosdis. Cardiomegaly was present. What is the,vitamin deficiency associated with this clinical presentation?,Riboflavin a,Thiamine,Pyridoxine,p,2,Biochemistry,Vitamins D,,,,,,
27,2023,NEET PG,Biochemistry,Vitarmins,P,"A chronic alcoholic patient is diagnosed with gouty arthritis. What biochemical changes will be
s een in this patient?",Decreased NADH/NAD+ ratio,Increased urea and urate levels,Increased urate and lactate levels,Increased level of alkaline phosphatase,3,Biochemistry,Vitarmins,,,,,,
28,2023,NEET PG,Biochemistry,Enzymes,"A child presents with erythematous scaly patches in the perioral region, mucosal ulcers, and","impaired epithelial wound healing. The most likely mineral deficiency associated with this
condition is?",r,e,d,Copper deficiency,2,Biochemistry,Enzymes,,,,,,
29,2023,NEET PG,Biochemistry,Vitamins,L,"A patient presenting with bleeding gums and easy bruisability was diagnosed with scurvy. This
is due to p",Low calcium,Defective collagen formation,r,,,Biochemistry,Vitamins,,,,,,
30,2023,NEET PG,Biochemistry,Introduction,Which of the following is seen in low insulin: glucagon ratio?,Which of the following is seen in low insulin: glucagon ratio?,Activation of lipoprotein lipase,Activation of glycogen synthase,[PAGE 16],Activation of hormone-sensitive lipase,4,Biochemistry,Introduction,,,,,,
31,2023,NEET PG,Biochemistry,Amino Acids and Proteins Chemistry,e,"An infant is brought by his parents with complaints that his urine turns black on standing.
Which of the following metabolic disorders is likely?
d",Phenylketonuria,d,Homocystinuria a,Maple syrup urine disease,2,Biochemistry,Amino Acids And Proteins Chemistry,,,,,,
32,2023,NEET PG,Biochemistry,Vitamins,e,"p
Subject: Biochemistry
Topic: Vitamins
Sub-Topic:
e
A child presents with thinning of hair and scaling of the scalp. On taking further history, it is
found that she consumes raw eggs in her diet reg",,Pyridoxine,Biotin,Thiamine,3,Biochemistry,Vitamins,,,,,,
33,2023,NEET PG,Biochemistry,Lipid Metabolism,[PAGE 17],"A child presents with mental retardation, bone pain, and inability to walk. On funduscopic
examination, a cherry red spot is seen. There is no organomegaly. What is the most likely
diagnosis?",Tay-Sachs disease,Niemann-Pick disease r,e,Gaucher disease,1,Biochemistry,Lipid Metabolism,,,,,,
34,2023,NEET PG,Ophthalmology,Neuro Ophthalmology,a,"A female presents with loss of vision in the right halves of both eyes. Where is the lesion
located in the optic pathway? L",Left optic tract,Optic radiation,e,Right optic tract,1,Ophthalmology,Neuro Ophthalmology,,,,,,
35,2023,NEET PG,Ophthalmology,Diseases of Lens,A 65-year-old diabetic woman presents with painless loss of vision. The ocular findings are,"shown in the image below. What is the likely diagnosis and management for this patient?

[PAGE 18]
r
e
d",Zonular cataract and lensectomy,d,Sunflower cataract and lesion extraction,Immature senile cataract and phacoemulsification with IOL,4,Ophthalmology,Diseases Of Lens,,,,,,
36,2023,NEET PG,Ophthalmology,Sclera,e,"A 5-year-old boy presents with a small nodule on the sclera as shown in the image below.
What is the likely diagnosis?
r
P",[PAGE 19],Pinguecula,Dermolipoma,Dermoid,4,Ophthalmology,Sclera,,,,,,
37,2023,NEET PG,Ophthalmology,Cornea d,The eye examination of a 20-year-old male showsd a golden ring on the iris. What is the next,investigation to diagnose the condition?,Alpha-1-antitrypsin a,Alpha-fetoprotein,Serum iron,p,4,Ophthalmology,Cornea D,,,,,,
38,2023,NEET PG,Ophthalmology,Corrnea,P,What is the dye and filter used to diagnose corneal ulcers?,Lissamine dye green filter,Lissamine dye cobalt blue filter,Fluorescein dye - visualized under green filter,Fluorescein dye - visualized under cobalt blue filter,4,Ophthalmology,Corrnea,,,,,,
39,2023,NEET PG,Surgery,Urology,A 55-year-old male presented with verrucous carcinoma around the glans of the penis.,"Examination reveals that the inguinal lymph nodes are not enlarged. What is the appropriate
management for this patient?",r,e,d,Partial penectomy,4,General Surgery,Urology,,,,,,
40,2023,NEET PG,Surgery,Others,L,"Identify the procedure being performed in the image given below.
p
e
r
P",Intraosseous cannula for pain relief,Bone marrow aspiration,Intraosseous route access for giving IV fluids,Intraosseous abscess drainage,3,General Surgery,Others,,,,,,
41,2023,NEET PG,Surgery,Urology,"A diabetic patient presents with sudden-onset perineal pain. On examinatiorn, foul-smelling","discharge, and necrotic tissue as seen in the image is noted. Which of the following is true
about the given condition? e
d
d
a
L",p,Urinary diversion is the next step,Bilateral orchidectomy must be done,r,4,General Surgery,Urology,,,,,,
42,2023,NEET PG,Surgery,Gastrointestinal Surgery,Which of the following is the most common complication following ligation of the first vessel,"during abdominoperineal resection for rectal carcinoma?
(APR Abdominoperineal resection)",Parasympathetic-bladder dysfunction and retrograde ejaculation.,Sympathetic - - bladder dysfunction and impotence.,Sympathetic- retrograde ejaculation and bladder dysfunction.,Sympathetic-Impotence and loss of cutaneous sensation in perineal region,3,General Surgery,Gastrointestinal Surgery,,,,,,
43,2023,NEET PG,Surgery,Plastic Surgery,A patient presents to the clinic with the lesion given in the image. He had a traumatic injury to,"d
the chest one year ago. What is the most likely diagnosis?
d
a
L
p
e",Hemangioma,r,Keloid,Neurofibroma,3,General Surgery,Plastic Surgery,,,,,,
44,2023,NEET PG,Surgery,Gastrointestinal Surgery,A 45-year-old male underwent bilateral laparoscopic hernia repair for inguinal hernia.,"Postoperatively, he complained of pain in the right thigh. Which of the following nerve
entrapment leads to this symptom?

[PAGE 23]",Ilioinguinal nerve,Iliohypogastric nerve,Femoral nerve,Lateral cutaneous nerve of thigh,4,General Surgery,Gastrointestinal Surgery,,,,,,
45,2023,NEET PG,Surgery,Others,d,"A patient was brought to the ER following a road traffic accident. On examination, the patient
opens his eyes to a painful stimulus, speaaks inappropriately, and withdraws his limbs to a
painful stimulus. What is his GCS score?",L,p,E2V3M4,E3V2M2,3,General Surgery,Others,,,,,,
46,2023,NEET PG,Surgery,Hepatobiliary Pancreatic Surgery,A patient presented with fever and abdominal pain with jaundice. Investigations showed the,given findings. Which of the following statements is true regarding this condition?,Surgery is mandatory,Fine-needle aspiration cytology is diagnostic,Angioembolization is the treatment of choice,[PAGE 24],4,General Surgery,Hepatobiliary Pancreatic Surgery,,,,,,
47,2023,NEET PG,Surgery,Oncology,A patient who is a known case of alcohol dependence syndrome presents with sudden and,"p
unintentional weight loss. What is the most likely diagnosis?
-ALP 240 IU/L
-S. Direct bilirubin - 1 mg/dL
e
-AST/ALT -0.5
-Alpha fetoprotein- 600 ng/mL",r,,Hepatocellular carcinoma,Alcoholic hepatitis,3,General Surgery,Oncology,,,,,,
48,2023,NEET PG,Dermatology,Miscellaneous Disorders,"A lady developed a skin reaction, as shown in the image, after using a hair dye. Which of the","[PAGE 25]
following chemicals is responsible for this condition?
r
e
d
d
a
L
p",Pollen e,Chromates,r,p-Phenylenediamine,4,General Medicine,Miscellaneous Disorders,,,,,,
49,2023,NEET PG,Dermatology,Introduction to Dermatology,A female patient presented with acne that is not resolving on oral isotretinoin and antibiotics,therapy. Which of the following is the next best investigation?,Look for dietary triggers.,[PAGE 26],Check for antibiotic resistance,Look for drug triggers,2,General Medicine,Introduction To Dermatology,,,,,,
50,2023,NEET PG,Anaesthesia,Cardiopulmonary Cerebral Resuscitation,d,"Identify the maneuver being performed in the given image.
d
a
L
p
e
r
P","Head tilt, chin lift",Jaw thrust,Head extension,d. In-line manual stabilization,1,Anaesthesia,Cardiopulmonary Cerebral Resuscitation,,,,,,
51,2023,NEET PG,Surgery,Hepatobiliary Pancreatic Surgery,A patient presented with features of chronic pancreatitis with recurrent attacks and has a 10,"mm dilatation of the pancreatic duct with intraductal calculi present. Which of the following is
the surgery of choice?",r,e,d,Coring of pancreas head,2,General Surgery,Hepatobiliary Pancreatic Surgery,,,,,,
52,2023,NEET PG,Dermatology,Sexually Transmitted Infections,L,"A young woman complains of a painless ulcer in the genital area. It is associated with
non-tender inguinal lympphadenopathy. What is the most likely diagnosis?",Chancroid,Syphilis,r,,,General Medicine,Sexually Transmitted Infections,,,,,,
53,2023,NEET PG,Dermatology,Miscellaneous Disorders,Which of the following is associated with the clinical condition shown in the image?,Which of the following is associated with the clinical condition shown in the image?,Cataract,Glaucoma,Malignant melanoma,Basal cell carcinoma,3,General Medicine,Miscellaneous Disorders,,,,,,
54,2023,NEET PG,Anaesthesia L,Pre-Anaesthetic Evaluation,p,"Which of the following is the drug of choice for preoperative antibiotic prophylaxis in a patient
undergoing cardiac surgery?",e,r,P,Cefazolin,4,Anaesthesia,Pre-Anaesthetic Evaluation,,,,,,
55,2023,NEET PG,ENT,Nose and Paranasal Sinuses,A 30-year-old male presents with nonaxial proptosis of the left eye. The patient gives a history,"of a road traffic accident 15 years back. The CT image is given below. What is th e most likely
diagnosis?
r
e
d
d
a
L
p
e
r
P

[PAGE 30]",Frontal mucocele,Frontal meningioma,Juvenile nasopharyngeal angiofibroma,Pseudotumor of orbit r,1,ENT,Nose And Paranasal Sinuses,,,,,,
56,2023,NEET PG,Surgery d,Endocrine Surgery,d,"A woman presented with a BIRADS-5 breast lesion. Which of the following is a good
prognostic factor for this lesion?
a",BRCA-1 positive,L,p,High Ki-67,3,General Surgery,Endocrine Surgery,,,,,,
5,2023,NEET PG,ENT,Larynx,A 55-year-old patient comes with hoarseness of voice and difficulty swallowing. The patient,"was diagnosed with laryngeal carcinoma, and surgical management was done. The
post-operative image of the patient is given below. Which of the following surgery was done on
this patient?

[PAGE 31]
r
e
d
d
a",Partial laryngectomy,L,Standard tracheostomy,Total laryngectomy,4,ENT,Larynx,,,,,,
58,2023,NEET PG,Surgery,Cardiothoracic Vascular Surgery,A patient presents with sudden onset of chest pain shooting to the neck and interscapular,"region. X-ray shows widened mediastinum. BP is 110/90 mmHg in the right upper limb and
160/100 mmHg in the left upper limb. What is the most likely diagnosis?",Acute coronary syndrome,Acute pulmonary embolism,Acute aortic dissection,Esophageal rupture,3,General Surgery,Cardiothoracic Vascular Surgery,,,,,,
59,2023,NEET PG,ENT,Ear,A female patient with hearing loss is examined and is found to be Rinne nergative at 256 Hz,"and 512 Hz, while Rinne positive at 1024 Hz. What is the expected air conduction and bone
conduction gap? e",30-45 dB,15-30 dB,d,>60 dB a,1,ENT,Ear,,,,,,
60,2023,NEET PG,Surgery,Hepatobiliary Pancreatic Surgery,A patient presented with right hypochondriac pain. He had an episode of diarrhea 1 week,"e
prior. CT scan of the abdomen reveals a liver abscess of around 25 ccs. What is the next step
in management?
r",PAIR,S urgery,Medical therapy,Percutaneous drainage,3,General Surgery,Hepatobiliary Pancreatic Surgery,,,,,,
61,2023,NEET PG,Orthopaedics,Pediatric Orthopedics,"A child was brought with bony deformities, as shown in the radiograph below. It could be due","[PAGE 33]
to the deficiency of which of the following?
r
e
d
d
a
L
p
e
r",Vitamin A,V itamin D,Vitamin K,Vitamin C,2,Orthopaedics,Pediatric Orthopedics,,,,,,
62,2023,NEET PG,Surgery,Neurosurgery,A 50-year-old patient with a history of trauma one week back presents with confusion and,"[PAGE 34]
ataxia. He is on treatment for alcohol dependence and his last intake was 2 weeks back. CT
scan reveals the following finding. What is the diagnosis?
r
e
d
d
a
L
p",Extradural hemorrhage,Subdural hemorrhage,r,Subarachnoid hemorrhage,2,General Surgery,Neurosurgery,,,,,,
63,2023,NEET PG,Surgery,Plastic Surgery,Which of the following is false about the given condition?,Which of the following is false about the given condition?,Repeated radical surgery every 24 hours may be required to adequately manage this,This is a case of Meleney's gangrene,L,Hyperbaric oxygen has npo role in the treatment of this condition,4,General Surgery,Plastic Surgery,,,,,,
64,2023,NEET PG,Pharmacology,Antimicrobials : Anti Bacterial Drugs,P,"A bronchial asthma patient on inhalational steroids presented with white patchy lesions on the
tongue and buccal mucosa. What is the drug that can be used to treat this condition?",Clotrimazole,Griseofulvin,Terbinafine,Flucytosine,1,Pharmacology,Antimicrobials : Anti Bacterial Drugs,,,,,,
65,2023,NEET PG,Surgery,Gastrointestinal Surgery,A patient presents with a swelling in the groin region and it is diagnosed as a direct inguinal,hernia. Weakness in which of the following structures is most likely to cause this condition?,Pectineal ligament r,Conjoint tendon e,Reflected part of inguinal ligament,Lacunar ligament,2,General Surgery,Gastrointestinal Surgery,,,,,,
66,2023,NEET PG,Pharmacology a,General Pharmacology,L,"A pregnant woman with a history of bronchial asthma is in the third stage of labor. Which
drugs should be avoided in managing postpartum hemorrhage in this mother?",p,e,Dinoprostone,MPethyl ergometrine,1,Pharmacology,General Pharmacology,,,,,,
67,2023,NEET PG,Orthopaedics,Peripheral Nerve Injuries,In which of the following nerve injuries is the instrument shown below used?,"[PAGE 37]
r
e
d
d
a
L
p",Radial nerve,e,Ulnar nerve,VPolkmann's ischemic contracture,1,Orthopaedics,Peripheral Nerve Injuries,,,,,,
68,2023,NEET PG,Pharmacology,CVS Pharmacology,Name the drug that acts on both the marked areas.,"[PAGE 38]
r
e
d
d
a",L,Omapatrilat p,Losartan,Nesiritide,2,Pharmacology,Cvs Pharmacology,,,,,,
69,2023,NEET PG,Orthopaedics,Unknown,A patient presented with chronic knee pain but has no history of trauma. Identify the condition,"shown in the radiograph below and the appropriate management.

[PAGE 39]
r
e",d,"Bipartite fracture patella, X-ray of other knees d","Fracture of the upper pole of the patella, Cylindrical cast","Avulsion fracture, interfragmentary screw fixation",2,Orthopaedics,General,,,,,,
70,2023,NEET PG,Surgery p,Cardiothoracic Vascular Surgery,e,"Subject: Surgery p
Topic: Cardiothoracic Vascular Surgery
Sub-Topic:
e
A construction worker came to the OPD complaining of white fingers. He has been working in
the cement and concrete industry and",,Exposure to thinners and paints,Continuous exposure to cement and concrete,Continuous exposure to drills and machines,4,General Surgery,Cardiothoracic Vascular Surgery,,,,,,
71,2023,NEET PG,Pharmacology,CVS Pharmacology,[PAGE 40],"A patient with a previous history of myocardial infarction and ventricular arrhythmia is on
treatment for a few months. He developed fatigue, dyspnea, and weight gain. He had also
developed pulmonary fibrosis. Which of the following drugs is responsible for the side effects
mentioned above?",Amiodarone,r,Aspirin,d,1,Pharmacology,Cvs Pharmacology,,,,,,
72,2023,NEET PG,Surgery,Gastrointestinal Surgery a,A 5-year-old child was admitted tLo the hospital for prolapsing rectal mass and painless rectal,"bleeding. Histopathological examination reveals enlarged and inflamed glands filled with
mucin. What is the likely diagnosis?
p",Adenoma,Choristoma,r,,,General Surgery,Gastrointestinal Surgery A,,,,,,
73,2023,NEET PG,Pharmacology,Autacoids,A young female comes to the emergency department after consuming 100 aspirin tablets.,What should be the next step in management?,N-acetyl cysteine to replenish glutathione stores,Pralidoxime,Glucagon to control bradycardia and hypoglycemia,Give sodium bicarbonate to alkalize urine,4,Pharmacology,Autacoids,,,,,,
74,2023,NEET PG,Pharmacology,CVS Pharmacology,A chronic smoker was on nicotine replacement therapy and clonidine tablets for smoking,"d
de-addiction. He stopped taking clonidine tablets and now presents with a headache. What is
the reason behind this condition?",d,Receptor upregulation a,Rebound hypertension,L,3,Pharmacology,Cvs Pharmacology,,,,,,
75,2023,NEET PG,Surgery,Plastic Surgery,r,"Identify the given condition.
P",Venous ulcer,Malignant ulcer,Arterial ulcer,Trophic ulcer,4,General Surgery,Plastic Surgery,,,,,,
76,2023,NEET PG,Pharmacology,Autacoids,d,"A patient with recurrent gout attacks was started on a therapy that inhibits uric acid synthesis.
His symptoms were reduced after therapy. Which drug was he started on?
d",Probenecid,a,Diclofenac L,Allopurinol,4,Pharmacology,Autacoids,,,,,,
77,2023,NEET PG,Pharmacology,Drugs Affecting Blood and Blood formation,r:,"AP patient with a malignancy is undergoing chemotherapy. The platelet counts were reduced
after the previous cycle of chemotherapy. Which of the following drugs can be used to treat
th is patient?",Oprelvekin (IL-11),Filgrastim,Erythropoietin,Amifostine,1,Pharmacology,Drugs Affecting Blood And Blood Formation,,,,,,
78,2023,NEET PG,Pharmacology,CVS Pharmacology,The true statement among the following is___,The true statement among the following is___,The dose of telmisartan should be reduced in renal failure but not in hepatic failure.,r,The dose of candesartan should be reduced in mild-moderate liver failure but not in renal,Losartan acts as a thromboxane A2 antagonist and inhibits platelet aggregation.,4,Pharmacology,Cvs Pharmacology,,,,,,
79,2023,NEET PG,Orthopaedics,Peripheral Nerve Injuries,L,"A patient at the orthopedics OPD complains of troubled sleep at night due to numbness and
tingling sensation involvipng his lateral 3 digits. His symptoms are relieved as he lays his arms
hanging from the bed. Which of the following options correctly describes his condition and the
test used to assess it?",e,r,P,"Carpal tunnel syndrome, Durkan's test",4,Orthopaedics,Peripheral Nerve Injuries,,,,,,
80,2023,NEET PG,Orthopaedics,Metabolic Disorders,A child is brought to the orthopedics OPD with a deformity in the lower limb and,"hyperpigmented skin lesions. The x-ray of her thigh is shown below. What is the most likely
diagnosis?

[PAGE 44]
r
e
d
d",a,Fibrous dysplasia,Paget's disease,p,2,Orthopaedics,Metabolic Disorders,,,,,,
81,2023,NEET PG,Psychiatry,Schizophrenia Spectrum and Other Psychotic Disorders,,"Subject: Psychiatry
r
Topic: Schizophrenia Spectrum and Other Psychotic Disorders
SPub-Topic:
A schizophrenic patient was prescribed drug A after he did not respond to haloperidol and
thioridazine. H",Ziprasidone,Risperidone,Clozapine,Aripiprazole,3,General Medicine,Schizophrenia Spectrum And Other Psychotic Disorders,,,,,,
82,2023,NEET PG,Orthopaedics,Orthopedics Oncology,The given image is an x-ray of a 22-year-old female. What is the probable diagnosis?,"r
e
d
d
a
L",p,Osteochondroma,Giant cell tumor,r,,Orthopaedics,Orthopedics Oncology,,,,,,
83,2023,NEET PG,Physiology,Respiratory System,Identify the marked region in the given spirometry.,"[PAGE 46]
r
e
d
d
a
L",Functional residual capacity,p,e,Expiratory capacity,1,Physiology,Respiratory System,,,,,,
85,2023,NEET PG,Surgery,Neurosurgery,r,"e
A patient comes to the casualty with a severe headache. His BP was found to be 160/100
mmHg. CT scan revealed a subarachnoid hemorrhage. What is the next best step in the
management of this patient?
d",Nimodipine,Angiography,a,Fibrinolytic therapy L,2,General Surgery,Neurosurgery,,,,,,
86,2023,NEET PG,Physiology,General Physiology,A man was brought to the emergency after suddenly becoming unconscious while working in,"r
the field. On examination, his temperature was 105 degrees Fahrenheit, and his skin turgor
was decreased. Which of the following would not be seen in the patient?
P",T achypnea,Hypotension,Sweating,Red hot skin,3,Physiology,General Physiology,,,,,,
87,2023,NEET PG,Physiology,Excretory System,[PAGE 48],"Identify the correctly matched pair of substances with their renal clearance from the graph
below.
r
e
d
d
a
L","A-Glucose, B-PAH, C- Bicarbonate and D - Inulin","A-Glucose, B- Bicarbonate, C-Inulin and D - PAH",e,"A - Inulin, Br - Glucose, C - Bicarbonate and D - PAH",2,Physiology,Excretory System,,,,,,
88,2023,NEET PG,Surgery,Gastrointestinal Surgery,A 20-year-old female patient consumed a cleaning product containing 90% sodium hydroxide.,She is having complete dysphagia. What is the best step in management?,Esophagojejunostomy,Stent placement,[PAGE 49],Gastrojejunostomy,3,General Surgery,Gastrointestinal Surgery,,,,,,
89,2023,NEET PG,Surgery,Endocrine Surgery,e,"A 23-year-old male patient presents with midline swelling in the neck. The swelling moves with
deglutition and protrusion of the tongue. What is the likely diagnosis?
d",Brachial cyst,d,Plunging ranula a,Dermoid cyst,2,General Surgery,Endocrine Surgery,,,,,,
90,2023,NEET PG,Physiology,Nerve Muscle Physiology,e,"Identify the true statement regarding the given nerve action potential curve?
r
P

[PAGE 50]
r
e
d
d
a
L
p
e
r
P",The threshold point is at A,"At point E, the nerve is more excitable",Point C to D is due to the opening of Na+ and closure of K+ channels,Point B to D is a refractory period,4,Physiology,Nerve Muscle Physiology,,,,,,
91,2023,NEET PG,Surgery,Others,"A young patient is admitted with a history of fever for 5 days. BP is 90/60 mmHg, PR-120 bpm,","RR-24 breaths/ min, GCS score-10; laboratory tests show leucocytosis with neutrophilia and
serum creatinine level of 2.6 mg/ dL. An intern doctor wants to calculate the qSOFA score to
predict prognosis and hospitalization duration. Which of the following comprises the qSOFA
score?
r","BP, RR and CBC e","Creatinine, PR, BP","RR, Body temperature, PR",d,4,General Surgery,Others,,,,,,
92,2023,NEET PG,Physiology,General Physiology L,Identify the type of transpport across the cell membrane given below?,Identify the type of transpport across the cell membrane given below?,Simple diffusion,L,Primary active transport,Secondary active transport,2,Physiology,General Physiology L,,,,,,
93,2023,NEET PG,Mredicine,Cardiology,Identify the condition associated with the murmur in the image below.,Identify the condition associated with the murmur in the image below.,Mitral regurgitation,Aortic regurgitation,Aortic stenosis,p,1,General Medicine,Cardiology,,,,,,
94,2023,NEET PG,Psychiatry,Mood Disorders,P,"A woman, who is 4 days postpartum, presented with tearfulness, mood swings, and
occasional insomnia. What is the likely diagnosis?",Postpartum depression,Postpartum blues,Postpartum psychosis,Postpartum anxiety,2,General Medicine,Mood Disorders,,,,,,
95,2023,NEET PG,Psychiatry,"Neurotic, Stress-Related and Somatoform Disorders","A 25-year-old female reported symptoms of anxiety, palpitations, sweating, breathlessness,","chest pain, and a feeling of impending doom. She recalls having experienced 5-6 similar
episodes in the past 6 months, each episode lasting for about 20-30 minutes. W hat is the
likely diagnosis?
r",Depression e,Panic disorder,Generalized anxiety disorder,d,2,General Medicine,"Neurotic, Stress-Related And Somatoform Disorders",,,,,,
96,2023,NEET PG,Medicine,Rheumatology / ConnectiLve Tissue Disorder,A young man came to thpe medical OPD with complaints of early morning backache and,"stiffness, which improves on exercise, and persistent red eyes. On examination, lung
expansion was less than 3 cm. X-ray is shown in the image given below.
e
r
P

[PAGE 55]
r
e
d
d
a
L
p
What is the most probable diagnosis?",e,Paget's disease,HPealed tuberculosis,O steopetrosis,1,General Medicine,Rheumatology / Connectilve Tissue Disorder,,,,,,
97,2023,NEET PG,Medicine,Nephrology / Kidney Disease,A patient with hyperkalemia and elevated urea levels underwent dialysis. Towards the end of,"the session, she became drowsy and had a sudden seizure episode. On examination, the
patient was hypotensive. What is the treatment for this condition?",[PAGE 56],Ethacrynic acid,Nesiritide,IV Mannitol,4,General Medicine,Nephrology / Kidney Disease,,,,,,
98,2023,NEET PG,Medicine,Endocrinology d,"A female patient presents to the emergency depadrtment with severe restlessness, palpitations,","and tremors. She is a known case of bronchial asthma. On examination, the neck looks
swollen. Blood pressure is elevated, and tachycardia is noted. ECG shows atrial fibrillation.
Which of the following drugs is used for imamediate management in this patient?",Diltiazem L,Propranolol,Esmolol,e,1,General Medicine,Endocrinology D,,,,,,
100,2023,NEET PG,Psychiatry,Sexual Disorders,A middle-aged man complains of very early ejaculation during intercourse. rWhat is the,"non-pharmacological management that can be advised to the patient?
e",Cognitive behavioral therapy,d,Squeeze technique,Sensate focus therapy,3,General Medicine,Sexual Disorders,,,,,,
101,2023,NEET PG,Medicine,Liver,p,"A 30-year-old male is found to be positive for HBsAg and HBeAg and is diagnosed with
chronic hepatitis B. The patient’s viral load was 2x 100000 and SGPT is found to be doubled.
e
What is the appropriate management in this patient?
SGPT-Serum glutamate pyruvate transaminase",r,,Pegylated interferon for 52 weeks,Combined pegylated interferon with lamivudine,2,General Medicine,Liver,,,,,,
102,2023,NEET PG,Medicine,Endocrinology,"A 25-year-old male patient complained of palpitations, sweating, and restlessness. He has a","complaint of sweaty palms. Clinical findings are depicted in the image given below.

[PAGE 58]
r
What is the diagnostic test done on this patient? e",Anti-thyroglobulin antibody,Anti-thyroid peroxidase antibody,d,Elevated ultrasensitive thyrotropin levels,3,General Medicine,Endocrinology,,,,,,
103,2023,NEET PG,Medicine,Oncology,p,"A 50-year-old HIV patient presented with a painless lesion, as shown in the image.
e
r
P

[PAGE 59]
r
e
d
d
a
L
What is the most likely diagnosis?
p",Basal cell carcinoma,e,Malignant mrelanoma,P,2,General Medicine,Oncology,,,,,,
104,2023,NEET PG,Physiology,Nerve Muscle Physiology,"A patient came to the hospital after a road traffic accident. He had severe muscle injury, and","his serum K+ level was found to be 5.5 mEq/L. What will happen to the resting membrane
potential in this patient?",No change,[PAGE 60],Becomes more positive,First becomes more positive then negative,3,Physiology,Nerve Muscle Physiology,,,,,,
105,2023,NEET PG,Pediatrics,Pediatric Respiratory Disorders,d,"A newborn presented with chest retractions, dyspnea, and lethargy. The pediatrician
diagnosed the baby with respiratory distress syndrome. This occurs due to the deficiency of:",d,Lecithin a,Sphingomyelin,Dipalmitoylphosphatidylethanolamine,2,Paediatrics,Pediatric Respiratory Disorders,,,,,,
106,2023,NEET PG,Mediciene,Neurology,r,"A patient is brought to the OPD by his wife, complaining about difficulty expressing emotions
aPnd not participating in daily activities. On examination, resting tremors and rigidity are noted.
Given the possible diagnosis, which part of the brain is affected in this patient?",Basal ganglia,Hippocampus,Cerebellum,Premotor cortex,1,General Medicine,Neurology,,,,,,
107,2023,NEET PG,Medicine,Infections,A 45-year-old HIV-positive male complained of persistent cough and weight loss. He has skin,"lesions that appear as umbilicated papules and nodules predominantly on the face, trunk, and
upper extremities. Chest x-ray showed multiple bilateral nodular infiltrates. His sputum
CBNAAT for tuberculosis was negative, and he has a low CD4 count. What is th e probable
diagnosis?
r",e,HIV with disseminated cryptococcosis d,HIV with molluscum contagiosum,HIV with tuberculosis,1,General Medicine,Infections,,,,,,
108,2023,NEET PG,Physiology L,The Nervous System,p,"A patient met with a road traffic accident and developed a cervical spine injury. The fracture
fragment had pierced the lateral aspect of the dorsal column tract. Which of the following
findings is seen ein this patient?",Absence of ipsilateral lower limb proprioception,Absence of fine motor movement of fingers,Absence of ipsilateral arm proprioception,Absence of contralateral lower limb proprioception,3,Physiology,The Nervous System,,,,,,
109,2023,NEET PG,Medicine,Neurology,"A male patient presented to the emergency room with seizures. He has a history of fever,","headache, and confusion. An MRI brain was done, and it showed inflammation involving the
bitemporal lobe. What is the most likely aetiology for this presentation?

[PAGE 62]",Cytomegalovirus,Toxoplasma gondii,Herpes simplex virus,Mycobacterium tuberculosis,3,General Medicine,Neurology,,,,,,
110,2023,NEET PG,Physiology,Cardiovascular System,d,"Identify the true statement regarding the point marked(Red) on the myocardial action potential
curve? a",Due to the opening of Na+ and closure of fast K+ channels,Due to the slow but prolonged opening of Ca2+ channels,p,Due to Na+/K+ ATPase,2,Physiology,Cardiovascular System,,,,,,
111,2023,NEET PG,Medicine,Cardiology a,A male patient presents with senLsory loss and weakness of limbs for 3 months. He also has,"angular stomatitis. On examination, there is loss of proprioception, vibration sensations, UMN
type of lower limb weakness, and absent ankle reflex. What is the most probable diagnosis?
p",Extradural cord compression,Amyotrophic lateral sclerosis,r,,,General Medicine,Cardiology A,,,,,,
112,2023,NEET PG,Pediatrics,Fluid and Electrolyte Disturbances,A 10-year-old child weighing 30 kg presents with a history of loose stools for 2 days. On,"examination, there is severe dehydration. Laboratory investigations are as follows. What is the
initial management as per ISPAD guidelines?
RBS 550mg/dL
pH 7.01

[PAGE 64]
Na+ 158mEq/L
Urine glucose 3+","Manage ABC, NS 20 mL/kg and start insulin after 1 hour","Manage ABC, NS 20 mL/kg along with insulin 0.1 IU/kg/hr","Manage ABC, NS 10 mL/kg along with insulin 0.1 IU/kg/hr e","Manage ABC, NS 10 mL/kg and start insulin after 1 hour",1,Paediatrics,Fluid And Electrolyte Disturbances,,,,,,
113,2023,NEET PG,Pediatrics,Growth,a,"Which of the following is the best sign to indicate adequate growth in an infant with a birth
weight of 2.8 kg?
L",Increase in length of 25 centimetres in the first year,p,Anterior fontaneelle closure by 6 months of age,Weight under the 75th percentile and height under the 25th percentile,1,Paediatrics,Growth,,,,,,
115,2023,NEET PG,Pediatrics,Infectious Diseases,e,"A 3-month-old baby complains of deafness, cataract, and patent ductus arteriosus. Which of
the following is the most likely diagnosis?
d",Congenital herpes simplex virus infection,d,Congenital cytomegalovirus infection a,Congenital rubella syndrome,4,Paediatrics,Infectious Diseases,,,,,,
116,2023,NEET PG,PSM,Nutrition and Health,e,"In a village, it is observed that several farmers have crossed gait and use a stick for support to
stand up and walk. Due to poor yield from farms, they consume meals containing rice and
r
pulses only. Supplementing their diet with which of the following vitamins could have
pPrevented this?",V itamin A,Vitamin D,Vitamin C,Vitamin B,3,Community Medicine,Nutrition And Health,,,,,,
117,2023,NEET PG,PSM,Epidemiology,Research is being conducted to find the association between aniline dye exposure and,"bladder cancer in workers who have worked in the industry for >20 years. Two groups were
formed: one directly involved with dye handling and the other group consisting of office clerks
not directly exposed to the dye. Years of occupation were noted from records. What type of
study is being performed?",r,e,d,Intervention and response,1,Community Medicine,Epidemiology,,,,,,
118,2023,NEET PG,Pediatrics,Pediatric Respiratory Disorders,L,Chloride level in sweat is used in the diagnosis of which disease?,p,e,Gaucher's disease,OPsteogenesis imperfecta,2,Paediatrics,Pediatric Respiratory Disorders,,,,,,
119,2023,NEET PG,Pediatrics,Infectious Diseases,"A child presents with fever and a rash spreading from the face, behind cheeks, and buccal","mucosa to other body parts. On examination, Koplik's spot is present. What is the likely
diagnosis?",Measles,Rubella,Varicella,Mumps,1,Paediatrics,Infectious Diseases,,,,,,
120,2023,NEET PG,PSM,Concept of Health and Disease,The blood pressure of a population was tracked from childhood to adulthood. It was observed,"d
that those who had lower BP in childhood had low BP in adulthood, while those who had
higher BP in childhood had high BP in adulthood. This can be best described as",d,Tracking of blood pressure a,STEPwise approach,L,2,Community Medicine,Concept Of Health And Disease,,,,,,
121,2023,NEET PG,Pediatrics,Infectious Diseases,r,"A 3-week-old infant presents with a cough and sore throat. The mother reports that the infant
dPevelops a paroxysm of cough followed by apnea. The total leucocyte count is >50,000
cells/μL. Which of the following drugs will you prescribe for this patient?",Azithromycin,Amoxicillin,Cotrimoxazole,Clarithromycin,1,Paediatrics,Infectious Diseases,,,,,,
122,2023,NEET PG,PSM,Health Care of The Community in India,"A 30-week primigravida complaints of reduced vision at night. She has been avoiding papaya,","mango, and other fruits throughout her pregnancy as she thinks they could be abortifacients. It
is the primary duty of which of the following workers to provide counseling and information to
the patient?",r,e,d,ASHA,4,Community Medicine,Health Care Of The Community In India,,,,,,
123,2023,NEET PG,ENT,Pharynx,L,"Identify the structure marked in the image.
p
e
r
P",Fossa of Rosenmuller,Tubal tonsil,Opening of the Eustachian tube,Adenoid,1,ENT,Pharynx,,,,,,
124,2023,NEET PG,PSM,Communicable and Non-communicable Diseases,A 22-year-old female comes to the STI clinic with minimal vaginal dischargre. On speculum,"examination, erosions are seen on the cervix. Which of the following kit should be given to this
patient? e",Green,Red,d,Yellow a,3,Community Medicine,Communicable And Non-Communicable Diseases,,,,,,
125,2023,NEET PG,PSM,Concept of Health and Disease,"The years of potential life lost could be attributed to,",e,Years lost to morbidity,r,,Years lost to poor quality of life,2,Community Medicine,Concept Of Health And Disease,,,,,,
126,2023,NEET PG,ENT,Pharynx,The instrument shown in the image is not used for which of the following?,"[PAGE 70]
r
e
d",d,Upper airway examination a,Acute nasopharyngeal obstruction,Prolonged mechanical ventilation,2,ENT,Pharynx,,,,,,
127,2023,NEET PG,PSM,Vaccines and Cold Chain,r,"In a 10-year-old school child, which of the following vaccines is given as a part of the school
imPmunization program?",M easles vaccine,Rotavirus vaccine,TT/Td vaccine,Hepatitis B vaccine,3,Community Medicine,Vaccines And Cold Chain,,,,,,
128,2023,NEET PG,ENT,Pharynx,"A 10-year-old child presents with throat pain, fever, and ear pain. He is diagnosed with",recurrent tonsillitis. Which nerve is responsible for the ear pain in this patient?,Tympanic branch of the glossopharyngeal nerve,Greater auricular nerve r,e,Auricular branch of the vagus nerve,1,ENT,Pharynx,,,,,,
129,2023,NEET PG,PSM,International Health,a,"Which of the following statements is true about cancer treatment according to the Colombo
plan? L",Help with PET scan units for diagnosis of cancer,Human resource strengthening,e,Setting up cobalt therapy units,4,Community Medicine,International Health,,,,,,
130,2023,NEET PG,PSM,Nutrition and Health,A poor farmer with a history of successive crop failure develops progressive spastic,"paraparesis, signs of upper motor neuron paralysis, and gait instability. Name the toxin
responsible for this condition.",Aflatoxin,Beta-oxalyl-amino-alanine,Ergot alkaloids,Fusarium toxin,2,Community Medicine,Nutrition And Health,,,,,,
131,2023,NEET PG,PSM,Vaccines and Cold Chain,r,"e
A young male came to the hospital with a clean-cut wound without any bleeding. The patient
received a full course of tetanus vaccination 10 years ago. What is the best management for
this patient?
d",Human tetanus immunoglobulin and full course of vaccine,d,Single-dose tetanus toxoid a,Full course tetanus toxoid,3,Community Medicine,Vaccines And Cold Chain,,,,,,
132,2023,NEET PG,PSM,Environment and Health,e,How is water collected for bacteriological examination during a disease outbreak?,r,,Water sample container is kept close to the tap avoid spillage,Collect from a gentle stream of water to avoid splashing,4,Community Medicine,Environment And Health,,,,,,
133,2023,NEET PG,PSM,Communicable and Non-communicable Diseases,"A boys' hostel has an outbreak of fever cases with headache, followed by the development of","pleomorphic rashes sparing palms and soles. What is the next best step in the management of

[PAGE 73]
suspected cases?
VZIG-Varicella zoster immunoglobulin","Isolate for 6 days after giving acyclovir, followed by VZIG within 72 hours of exposure.","Isolate for 12 days after giving acyclovir, followed by VZIG within 48 hours of exposure",Isolate for 6 days r,e,3,Community Medicine,Communicable And Non-Communicable Diseases,,,,,,
134,2023,NEET PG,Medicine,Neurology d,A patient who is a known case of hyperteansion on multiple anti-hypertensive medications,"came to OPD. His ECG finding is given below. Which of the following drugs is responsible for
the ECG finding?
L
p
e
r
P",Prazosin,Metoprolol,Hydrochlorothiazide,Spironolactone,4,General Medicine,Neurology D,,,,,,
135,2023,NEET PG,Medicine,Neurology,A 78-year-old woman presents with a progressive decline in daily activity. She gives a history,"of convulsions and visual hallucinations. She does not talk to anyone and keeps looking at the
sky. Pathological examination shows the presence of Lewy bodies within the neurons. What is
r
the most probable diagnosis?
e",Parkinson's disease,d,d,Alzheimer's disease,1,General Medicine,Neurology,,,,,,
136,2023,NEET PG,Medicine,Neurology,p,"A patient came to the medical OPD with complaints of polyuria. He has a history of undergoing
total hypophyseectomy. His Na+ levels are found to be 155 mEq/ L, urine osmolarity was 200
mOsm/L. What is the definitive management in this patient?",r,DDAVP supplementation for lifelong,Upsetting of receptors so no treatment is required,Thiazides for 2 weeks,2,General Medicine,Neurology,,,,,,
137,2023,NEET PG,Medicine,Pulmonology,A 65-year-old chronic smoker came to the medicine outpatient department with complaints of,"[PAGE 75]
upper chest discomfort and drooping of an eyelid. He also complained of pain radiating to the
upper arm and a tingling sensation in the 4th and 5th digits of his left hand. The chest X-ray is
given below.
r
e
d
d
a
L
p
Which of the folleowing is the most likely diagnosis?",Pancoast tumour,Upper lobe pneumonia,Superior vena cava obstruction,Aspergilloma,1,General Medicine,Pulmonology,,,,,,
138,2023,NEET PG,Medicine,Rheumatology / Connective Tissue Disorder,A chronic alcoholic patient presents with acute pain and swelling of the left great toe. There is,"no history of trauma. Synovial fluid analysis shows raised leukocytes. Lab investigations show
normal serum uric acid levels. What is the most likely diagnosis?

[PAGE 76]",Pseudogout,Acute gout,Reactive arthritis,Septic arthritis r,2,General Medicine,Rheumatology / Connective Tissue Disorder,,,,,,
139,2023,NEET PG,Psychiatry d,Substance-Related and Addictive Disorders,d,"A chronic alcoholic is brought to the emergency department with confusion, ataxia, and painful
eye movements. The 6th cranial nerve is also involved. What is the likely diagnosis?",a,Korsakoff psychosis L,Delirium tremens,De Clerambault syndrome,1,General Medicine,Substance-Related And Addictive Disorders,,,,,,
140,2023,NEET PG,Prharmacology,General Pharmacology,A patient given digoxin started having side effects like nausea and vomiting. The serum,"concentration of digoxin was 4 mg/dL. The plasma therapeutic range is 1 mg/dL. If the half-life
of digoxin is 40 hours, how long should one wait before resuming the treatment?",40 hours,80 hours,120 hours,140-180 hours,2,Pharmacology,General Pharmacology,,,,,,
141,2023,NEET PG,Pharmacology,ANS Pharmacology,A patient comes to the casualty with organophosphate poisoning. He was started on atropine,"infusion and pralidoxime. After 2 hours, the patient had a sudden rise in temrperature. What is
the likely cause of fever?",e,d,Due to organophosphate poisoning,Idiopathic,1,Pharmacology,Ans Pharmacology,,,,,,
142,2023,NEET PG,Gynaecology & ObstetrLics,Obstetrics,p,"A partogram of a woman who is in labor is shown below. Oxytocin infusion is already given.
How will you manage the condition?
e
r
P

[PAGE 78]
r
e
d
d
a
L
p
e",Forceps-assisted delivery,VPacuum-assisted delivery,O xytocin infusion,Cesarean section,4,Obstetrics & Gynaecology,Obstetrics,,,,,,
143,2023,NEET PG,Pharmacology,CVS Pharmacology,The mechanism of action of tissue plasminogen activator is,The mechanism of action of tissue plasminogen activator is,Inhibit extrinsic pathway,Inhibits platelet aggregation,Enhance fibrin degradation,Inhibit clot formation,3,Pharmacology,Cvs Pharmacology,,,,,,
144,2023,NEET PG,Gynaecology & Obstetrics,Obstetrics,d,"A woman presents to you at 36 weeks of gestation with complaints of breathlessness and
excessive abdominal distension. Fetal movements are normal. On examination, fetal parts are
d
not easily felt and fetal heartbeat is heard but it is muffled. Her symphysis fundal height is 41
cm. Her abdomen is tense but not tender. What is the most likely diagnosis?
a",Abruptio placenta,L,Polyhydramnios p,Fetal-maternal ascites,3,Obstetrics & Gynaecology,Obstetrics,,,,,,
1,2023,NEET PG,Gynaecology & Obstetrics,Unknown,"For which of the following procedures in the given OT list, can you preferably do a",hysteroscopy?,Tubal ligation,Asherman syndrome,Endocervical polyp,Subserosal fibroid,2,Obstetrics & Gynaecology,General,,,,,,
146,2023,NEET PG,Gynaecology & Obstetrics,Obstetrics,A primigravida presents to you with anemia early in her pregnancy. She is r7 weeks pregnant,"as seen on ultrasound. Her hemoglobin level is 9 g/dL. When should the iron supplements be
started for her? e",10 to 12 weeks,8 to 10 weeks,d,After 20 weeks a,2,Obstetrics & Gynaecology,Obstetrics,,,,,,
147,2023,NEET PG,Gynaecology & Obstetrics,Gynecology,A 23-year-old woman accompanied by her mother-in-law comes to the infertility clinic. She has,"e
been having regular intercourse for 6 months but is not able to conceive. What is the next best
step?",r,,Hysterolaparoscopy,Diagnostic hysteroscopy,2,Obstetrics & Gynaecology,Gynecology,,,,,,
148,2023,NEET PG,Anaesthesia,Cardiopulmonary Cerebral Resuscitation,"During resuscitation, when is the given position indicated?","[PAGE 81]
r
e
d
d
a",L,p,Unconsciousness with pulse and breathing present,Unconsciousness with pulse absent and breathing present,3,Anaesthesia,Cardiopulmonary Cerebral Resuscitation,,,,,,
149,2023,NEET PG,Gynaecology & Obstetrics,Unknown,A 50-year-old woman presents with foul-smelling bloody discharge per vagina mixed with,"mucous. On examination, a necrotizing growth is seen in the cervix with lateral parametrium
involvement. What is the management for this patient?",Chemotherapy,Brachytherapy,Chemoradiation,Surgery,3,Obstetrics & Gynaecology,General,,,,,,
150,2023,NEET PG,Gynaecology & Obstetrics,Gynecology,r,"e
A 28-year-old woman with a history of multiple sexual partners presents with lower abdominal
pain for 1 month. She experiences minimal discharge and complaints of intermenstrual
bleeding. What is the most likely cause?
d",Herpes simplex,d,Candida a,Neisseria gonorrhoea,2,Obstetrics & Gynaecology,Gynecology,,,,,,
151,2023,NEET PG,Gynaecology & Obstetrics,Gynecology,e,"A woman is set to undergo a complete laparoscopic hysterectomy. She wants to know if there
are any disadvantages to this procedure. What are the disadvantages of laproscopis
r
over-open surgery?
P",P rolonged recovery time,Not knowing the extent of thermal burns,Increased bleeding,Increased pain,2,Obstetrics & Gynaecology,Gynecology,,,,,,
152,2023,NEET PG,Gynaecology & Obstetrics,Obstetrics,[PAGE 83],"A 27-year-old pregnant G3P2L2 woman presents to you at 36+6 weeks. Ultrasound is done
and shows the fetus is in a transverse lie. The liquor is adequate, the placenta is normal, and
she has no risk factors. Both her previous deliveries were normal vaginal deliveries. How will
you manage this patient?",Cesarean section,r,Expectant management,d,2,Obstetrics & Gynaecology,Obstetrics,,,,,,
153,2023,NEET PG,Gynaecology & Obstetrics,Gynecology a,A female presents to you with 6 wLeeks of amenorrhea complaining of bleeding per vagina and,"slight abdominal pain. The urine pregnancy test is positive and hCG level is 2800 IU/L. A mass
is seen on the left adnexa measuring 3 x 2.5 cm. She is hemodynamically stable. How will you
manage this patient? p
hCG-Human chorionic gonadotropin",e,r,P,Salpingectomy,2,Obstetrics & Gynaecology,Gynecology A,,,,,,
154,2023,NEET PG,Gynaecology & Obstetrics,Gynecology,A 24-year-old woman who is being treated for infertility with human menopausal gonadotropin,"came with complaints of sudden abdominal pain, nausea, vomiting, and breathlessness. The
finding of the ultrasound is shown below. What is the most likely diagnosis?

[PAGE 84]
r
e
d
d
a",Ovarian hyperstimulation syndrome,Polycystic ovarian syndrome,p,Granulosa cell tumor,1,Obstetrics & Gynaecology,Gynecology,,,,,,
156,2023,NEET PG,Gynaecology & Obstetrics,Gynecology,A woman comes with complaints of pain and swelling in the perineal area. She also has,"complaints of difficulty in walking and sitting. She gives a history of multipler sexual partners.
On examination, a tender swelling is seen with redness on the labia, as shown in the image
given below. What is the most likely diagnosis? e
d
d
a
L
p
e",Chlamydial infection,r,,Herpes infection,2,Obstetrics & Gynaecology,Gynecology,,,,,,
157,2023,NEET PG,Gynaecology & Obstetrics,Gynecology,A 54-year-old woman was diagnosed with advanced cervical cancer. She has a 14-year-old,daughter. What advice would you give her daughter?,[PAGE 86],Screen for BRCA mutation,Screen for PTEN mutation,Perform cervical biopsy,1,Obstetrics & Gynaecology,Gynecology,,,,,,
158,2023,NEET PG,Gynaecology & Obstetrics,Gynecology d,A 17-year-old girl is seen for primary amenorrhead. There is no development of breasts or hair,"in the pubic or axillary region. Her height is 155 cm, and her weight is 48 kg. She has bilateral
inguinal masses. The uterus, fallopian tube, and Ovary are absent on ultrasound examination.
What is the most likely diagnosis? a",Complete androgen insensitivity syndrome,L,p,Polycystic ovary syndrome,2,Obstetrics & Gynaecology,Gynecology D,,,,,,
1,2023,NEET PG,Surgery,Unknown,A 54-year-old woman presents with cervical cancer stage 2A. It is decided to give neoadjuvant,chemotherapy. What does neoadjuvant chemotherapy mean?,Chemotherapy is given along with radiation.,Chemotherapy is given during surgery.,Chemotherapy is given before radical surgery to reduce the bulk of the tumor,Chemotherapy is given after radical surgery for micrometastases,3,General Surgery,General,,,,,,
160,2023,NEET PG,Gynaecology & Obstetrics,Gynecology,A 16-year-old girl presents with cyclical pelvic pain every month. She has nrot achieved,"menarche yet. On examination, a suprapubic bulge can be seen in the lower abdomen. PR
examination reveals a bulging swelling in the anterior aspect. Whaet is the most likely
diagnosis?",d,Vaginal atresia,Imperforate hymen,a,3,Obstetrics & Gynaecology,Gynecology,,,,,,
161,2023,NEET PG,Gynaecology & Obstetrics,Obstetrics,e,"A pregnant woman comes to the clinic. She already has twins by normal delivery. Which of the
following is the correct representation of her obstetric score?",r,,G2P1,G2P2,3,Obstetrics & Gynaecology,Obstetrics,,,,,,
162,2023,NEET PG,Surgery,Gastrointestinal Surgery,A patient presents with sudden onset of hematemesis. He has been taking aspirin for his,"arthritis and drinks alcohol occasionally. He gives a history of occasional abdominal pain. On

[PAGE 88]
examination, there is no abdominal mass or tenderness. What is the likely diagnosis?",Mallory-Weiss tear,Esophagitis,Peptic ulcer r,e,3,General Surgery,Gastrointestinal Surgery,,,,,,
163,2023,NEET PG,Gynaecology & Obstetrics,Obstetrics d,A woman presents to you at 36 weeks of agestation with complaints of feeling lightheadedness,"and dizziness when she lies on her back. She says she feels alright if she lies on her side or
when walks. What is the most likely reason behind this?
IVC- inferior vena cava L",Increased intracranial pressure,IVC compression,e,Excessive venous pooling at the feet,2,Obstetrics & Gynaecology,Obstetrics D,,,,,,
164,2023,NEET PG,Surgery,Oncology,A 40-year-old male patient presents with a swelling that has been slowly growing in the past 2,"years. On examination, it was variable in consistency and fully mobile. What is the most likely
diagnosis?",Dermoid cyst,Parotid tumor d,Sebaceous cyst,Cervical lymph node,2,General Surgery,Oncology,,,,,,
165,2023,NEET PG,Radiology,Radiotherapy,e,"A woman with endometrial carcinoma is undergoing radiotherapy. Which of the following is
true?
r",InPtensity is inversely proportional to the square of the distance from the source,S mall blood vessels are most radioresistant,Rapidly proliferating cells are most radioresistant,Small intestinal mucosa is most radio-resistant,1,Radiology,Radiotherapy,,,,,,
166,2023,NEET PG,Forensic Medicine,Forensic Toxicology,[PAGE 90],"A child before playing consumed fruit from the garden. After some time he developed a high
fever, confusion, photophobia, and unable to urinate. What are the likely causative agent and
the appropriate antidote used in this case?","Datura, Pralidoxime","Datura, Physostigmine",r,"Yellow oleander, Physostigmine",2,Forensic Medicine,Forensic Toxicology,,,,,,
167,2023,NEET PG,Radiology d,Thoracic Radiology,a,"A patient presents with a history of fever and cough for the past 3-5 days. His examination
findings reveal crepitations. Chest X-ray is given below. What is the probable diagnosis?
L
p
e
r
P",Apical segment of Right lower lobe consolidation,Right middle lobe consolidation,Posterior segment of right lower lobe consolidation,Loculated pleural effusion,2,Radiology,Thoracic Radiology,,,,,,
168,2023,NEET PG,Anatomy,Lower Limb,r,"e
Injury at which of the following marked sites causes failure of dorsiflexion?
d
d
a
L
p
e",3,r,1,4,1,Anatomy,Lower Limb,,,,,,
169,2023,NEET PG,Anatomy,Head and Neck,A patient presents with swelling under the left ear lobule and complains of pain. Which of the,"following structures is the likely cause of the pain?

[PAGE 92]",Facial nerve,Greater auricular nerve,Auriculotemporal nerve,Investing layer of deep cervical fascia r,2,Anatomy,Head And Neck,,,,,,
170,2023,NEET PG,Biochemistry d,Lipid Metabolism,d,"A child presents with bone pain and hepatosplenomegaly. A trephine biopsy and aspirate
show the following finding. Which of the following is the most likely enzyme deficient in this
condition? a
L
p
e
r
P",H exosaminidase,Glucocerebrosidase,Sphingomyelinase,"Alpha 1,4-glucosidase",2,Biochemistry,Lipid Metabolism,,,,,,
171,2023,NEET PG,Forensic Medicine,Forensic Thanatology,The method of autopsy carried out en masse to remove from tongue to prostate is.,The method of autopsy carried out en masse to remove from tongue to prostate is.,Virchow technique,Rokitansky technique,r,Letulle technique,4,Forensic Medicine,Forensic Thanatology,,,,,,
172,2023,NEET PG,Forensic Medicine d,Forensic Thanatology,a,"A 42-year-old HIV-positive patient died, and his body was brought for post-mortem. The
method of autopsy to be done is___",L,p,Virchow technique,Rokitansky technique,4,Forensic Medicine,Forensic Thanatology,,,,,,
173,2023,NEET PG,Microbiology,Virology,"A patient presented with a high fever, altered sensorium, headache, neck rigidity, and","seizures. He was diagnosed with HSV encephalitis. Which of the following tests can be used
to confirm the diagnosis?",IgM in CSF,Tzanck smear of CSF,CSF PCR for viral DNA,CSF culture on chick embryo lines,3,Microbiology,Virology,,,,,,
174,2023,NEET PG,Microbiology,Parasitology,r,"e
In a patient presented with a fever and a positive filarial antigen test, what is the next
appropriate method of management?
d",Bone marrow biopsy,d,Detection of microfilariae in the blood smaear,Ultrasound of the scrotum,3,Microbiology,Parasitology,,,,,,
175,2023,NEET PG,Forensic Medicine,Sexual Jurisprudence,e,"p
Subject: Forensic Medicine
Topic: Sexual Jurisprudence
Sub-Topic:
e
A 10-year-old male child came to the casualty with difficulty in walking and pain in the perianal
region. On subjecting the speci",,Florence test,Teichmann test,Acid phosphatase test,1,Forensic Medicine,Sexual Jurisprudence,,,,,,
176,2023,NEET PG,Ophthalmology,Optics,[PAGE 95],"Which of the following refractive errors is associated with the image given below?
r
e
d
d
a",Presbyopia,L,Hypermetropia p,Myopia,2,Ophthalmology,Optics,,,,,,
177,2023,NEET PG,Pathology,Genetics,Which of the following is true regarding the Mendelian mode of inheritance?,Which of the following is true regarding the Mendelian mode of inheritance?,Every 10th patient has a Y-linked disorder,1/3rd of Mendelian disorders is autosomal recessive,Every 5th patient has an X-linked recessive disorder,2/3 r d of Mendelian disorders are autosomal dominant,4,Pathology,Genetics,,,,,,
178,2023,NEET PG,Forensic Medicine,Forensic Toxicology,A patient was brought to casualty with seizures. He had multiple episodes and was taking,"herbal medicines for the same. He was conscious in between the episodes. During the
episodes, he had arching of his back. What is the likely cause?",r,e,d,Datura,1,Forensic Medicine,Forensic Toxicology,,,,,,
179,2023,NEET PG,Ophthalmology,Glaucoma,L,"An infant is brought with complaints of excessive watering of the eyes and photophobia. The
image is given below. Wphat is the likely diagnosis?
e
r
P",Congenital glaucoma,Congenital cataract,Mucopolysaccharidosis,[PAGE 97],1,Ophthalmology,Glaucoma,,,,,,
180,2023,NEET PG,Ophthalmology,Optics,r,"A 60-year-old patient complains of decreased distant vision but now he does not use
e
spectacles for near vision. The image of his ocular examination is given below. What is this
type of refractive error called?",d,Axial myopia,Curvatural myopia,Positional myopia,1,Ophthalmology,Optics,,,,,,
181,2023,NEET PG,Pediatrics,Pediatric Respiratory Disorders,L,"A child is brought to the hospital with respiratory distress and biphasic stridor. The radiograph
is shown below. What is pthe diagnosis?
e
r
P",Acute epiglottitis,Acute laryngotracheobronchitis,Foreign body aspiration,[PAGE 99],2,Paediatrics,Pediatric Respiratory Disorders,,,,,,
182,2023,NEET PG,Pathology,Hematology: Red Blood Cells,r,"A child presents with intermittent jaundice and splenomegaly. There is a history of similar
e
complaints in the elder brother. Peripheral smear shows the following finding. How will you
investigate this condition?
d
d
a
L
p
e",Osmotic frargility test - Hereditary spherocytosis,P,G6PD deficiency - Genetic testing,Paroxysmal nocturnal hemoglobinuria - Flow cytometry,1,Pathology,Hematology: Red Blood Cells,,,,,,
183,2023,NEET PG,Pediatrics,Pediatric Gastroenterology,A 3-month-old baby presents with jaundice and clay-coloured stools. Lab investigation reveals,"that the baby has conjugated hyperbilirubinemia. The liver biopsy shows periductal

[PAGE 100]
proliferation. What is the most likely diagnosis?",Crigler-Najjar syndrome,Rotor syndrome,Dubin-Johnson syndrome r,e,4,Paediatrics,Pediatric Gastroenterology,,,,,,
184,2023,NEET PG,Forensic Medicine,Sexual Jurisprudence d,Section 314 IPC deals with a,Section 314 IPC deals with a,Causing miscarriage with the consent of the mother,Causing miscarriage without the consent of the mother,p,Causing the death of the quick unborn child by an act amounting to culpable homicide,3,Forensic Medicine,Sexual Jurisprudence D,,,,,,
1,2023,NEET PG,Pathology,Hematology: White Blood Cells,"An African child is found to have a mass in the jaw. A biopsy of the mass was done, and it","appears as shown in the image below. The child also had a translocation of t(8;14). What is
the probable diagnosis?

[PAGE 101]
r
e
d",d,Follicular lymphoma a,Multiple myeloma,L,4,Pathology,Hematology: White Blood Cells,,,,,,
186,2023,NEET PG,Pediatrics,Infectious Diseases,r,"An infant presents with hepatosplenomegaly and thrombocytopenia. Neuroimaging with CT
sPhows periventricular calcifications. What is the most likely diagnosis?",Congenital rubella syndrome,Congenital herpes simplex virus infection,Congenital toxoplasmosis,Congenital cytomegalovirus infection,4,Paediatrics,Infectious Diseases,,,,,,
187,2023,NEET PG,Forensic Medicine,Forensic Thanatology,The temperature of a body of a deceased person is found to be 39 degrees Celsius. Which of,the following is the most probable reason?,Cyanide poisoning,r,Corrosive poisoning,d,2,Forensic Medicine,Forensic Thanatology,,,,,,
188,2023,NEET PG,Pathology,Renal System a,"A child presented to the hospital Lwith cola-colored urine, hypertension, and puffiness of eyes.","Laboratory investigations were done, and creatinine was 2.5 mg/dL.
Treatment was started, and despite treatment, the patient did not improve for the next 3
weeks. The creatinine vaplue increased to 4.5 mg/dL. Which among the following electron
microscopic findings will be seen in this patient?",Subendothelial deeposits,Subepithelial deposits,Crescent formation,Mesangial deposits,2,Pathology,Renal System A,,,,,,
189,2023,NEET PG,PSM,Communicable and Non-communicable Diseases,"A 35-year-old homeless man presented with a 1-month history of fever, cough, and weight","loss. Both sputum smears turned out to be negative, but the chest x-ray ordered was
suggestive of tuberculosis. According to the recent NTEP guidelines, which is the next best
line of management?

[PAGE 103]",Repeat sputum smears,Ask for CBNAAT,Ask for line probe assay,Wait until TB culture results to start ATT r,2,Community Medicine,Communicable And Non-Communicable Diseases,,,,,,
190,2023,NEET PG,Forensic Medicine d,Forensic Toxicology,d,"A farmer was sleeping in the field, and he felt a sting on his leg. He saw something moving
away quickly. He then got drowsy and was taken to the hospital. He developed pain around
the site and continued to bleed profusely afrom the wound site. The wound became red with
blisters. Which of the following is the most likely cause?",Viper L,Cobra,Wasp bite,e,1,Forensic Medicine,Forensic Toxicology,,,,,,
191,2023,NEET PG,Pathology,Blood Banking and Transfusion Medicine,,"P
Subject: Pathology
Topic: Blood Banking and Transfusion Medicine
S ub-Topic:
A patient was transfused 4 units of blood 2 hours ago, and now she complains of chest
discomfort. X-ray shows bilateral",ABO incompatibility reactions,Fluid overload,Hypocalcemia,[PAGE 104],2,Pathology,Blood Banking And Transfusion Medicine,,,,,,
192,2023,NEET PG,PSM,Epidemiology,r,"Which of the following is the sensitive indicator to assess the availability, utilization, and
e
effectiveness of healthcare in a community?",d,Maternal mortality rate,Immunization coverage,a,1,Community Medicine,Epidemiology,,,,,,
193,2023,NEET PG,Pathology,Renal System,e,"Subject: Pathology
p
Topic: Renal System
Sub-Topic:
e
A 48-year-old man presents with complaints of facial puffiness, frothy urine, and hypertension.
He gives a history of infection with hepatitis B.",,Membranous nephropathy,FSGS,PSGN-associated disease,2,Pathology,Renal System,,,,,,
194,2023,NEET PG,Pathology,"CVS, Blood Vessels and Vasculitis",[PAGE 105],"A 5-year-old child is brought with fever, fatigue, and left ventricular dysfunction. An
endomyocardial biopsy is shown below. What is the probable diagnosis?
r
e
d
d",Acute rheumatic fever,a,Pyogenic myocarditis L,Lymphocytic myocarditis,4,Pathology,"Cvs, Blood Vessels And Vasculitis",,,,,,
195,2023,NEET PG,Pathology,Respiratory System,r,"An elderly male is known as a smoker presented with chronic cough, significant weight loss,
P
and fatigue. Serum calcium level is raised. A lung biopsy was done, and it showed large
atypical cells with hyperchromasia. What is the probable diagnosis?",Large cell neuroendocrine tumor,Small cell carcinoma,Adenocarcinoma,Squamous cell carcinoma,4,Pathology,Respiratory System,,,,,,
196,2023,NEET PG,Pathology,Hematology: White Blood Cells,An elderly male went for a medical examination. Laboratory investigations showed a marked,"elevation of lymphocytes with marked leukocytosis. The peripheral smear of the patient is
given below. What is the appropriate next step for this patient?
r
e
d
d
a
L",Stem cell transplantation,Bone marrow biopsy,e,Start high-dose chemotherapy,3,Pathology,Hematology: White Blood Cells,,,,,,
198,2023,NEET PG,Pathology,Platelet and Bleeding Disorders,A young patient presents with a large retroperitoneal hemorrhage. He also gives a frequent,"r
history of intermittent swelling of knees on strenuous exercise. There is no history of any
mPucosal bleeding. Which among the following clotting factors is responsible for the condition
mentioned above?",Factors VIII and IX,Factors XI and XII,Von Willebrand factor,Lupus anticoagulant,1,Pathology,Platelet And Bleeding Disorders,,,,,,
199,2023,NEET PG,Pathology,Respiratory System,A chronic smoker who worked in a cement factory for 20 years developed mesothelioma. The,association is likely to be due to ________.,Silicosis,r,Coal workers' pneumoconiosis,d,2,Pathology,Respiratory System,,,,,,
200,2023,NEET PG,PSM,Nutrition and Health a,The average daily dietary nutrienLt intake level sufficient to meet the nutrient requirements of,nearly all (97-98%) healthy individuals in a particular life stage and gender group is known as?,Adequate intake p,Dietary goal,Estimated average requirement,r,,Community Medicine,Nutrition And Health A,,,,,,
1,2021,NEET PG,Anatomy,Unknown,,Pen Test is for which nerve,Median Nerve,Ulnar nerve,PIN,Musculocutaneous,,Anatomy,General,A Median Nerve,,,,,
2,2021,NEET PG,Anatomy,Unknown,,A small boy with multiple fracture of Humerus following which there is loss of sensation,Musculocutaneous nerve,Median nerve,Axillary,Radial nerve,,Anatomy,General,A Musculocutaneous nerve,,,,,
3,2021,NEET PG,Anatomy,Unknown,,Which blood vessel carries deoxygenated blood back to placenta,Umbilical Artery,Umbilical vein,Uterine artery,Descending aorta,,Anatomy,General,,,,,,
4,2021,NEET PG,Anatomy,Unknown,,Structure preventing vertical descent of spleen,Phrenocolic ligament,Hepatogastric ligament,Ligamentum teres,Ligamentum flavum,,Anatomy,Abdomen,,,,,,
5,2021,NEET PG,Anatomy,Unknown,,Which nerve is required for GAG reflex,9th cranial nerve,10th cranial nerve,11th cranial nerve,12th cranial nerve,,Anatomy,General,,,,,,
6,2021,NEET PG,Physiology,Unknown,,The Great saphenous vein graft was used for a patient in CABG. Post surgery the patient is,Saphenous Nerve,Femoral vein,Profunda femoris vein,Popliteal vein,,Physiology,General,,,,,,
7,2021,NEET PG,Physiology,Unknown,,Beta 2 receptors act via following secondary messenger,Adenylate Cyclase,Tyrosine kinase receptors,TGF-beta receptors,Cytokine receptors,,Physiology,General,,,,,,
8,2021,NEET PG,Physiology,Unknown,,A child presented with dehydration and was supplemented with ORS solution for,SGLT 1,SGLT 2,GLUT 1,GLUT 2,,Physiology,General,,,,,,
9,2021,NEET PG,Physiology,Unknown,,"A patient presented with cold skin, fatigue, shortness of breath with activity and enlarged",Tricuspid Regurgitation,Tricuspid Stenosis,Mitral Regurgitation,Mitral Stenosis,,Physiology,General,,,,,,
10,2021,NEET PG,Physiology,Unknown,,"The body fluid compartments of a patient were measured, which showed the following",Interstitial fluid,ECF,ICF,Total body fluid,,Physiology,General,,,,,,
11,2021,NEET PG,Physiology,Unknown,,An elderly female presented with dribbling of urine only on coughing and straining. What,Stress incontinence,Urge incontinence,Overflow incontinence,Neurogenic bladder,,Physiology,Renal,,,,,,
12,2021,NEET PG,Biochemistry,Unknown,,"A young patient presented with muscle spasms, numbness in hands and feet, seizures and",Respiratory Acidosis,Respiratory Alkalosis,Metabolic acidosis,Metabolic Alkalosis,,Biochemistry,General,,,,,,
13,2021,NEET PG,Biochemistry,Unknown,,"A patient on a maize diet presented with diarrhea, dementia and dysentry . Which vitamin",Niacin,Thiamine,Riboflavin,Pyridoxine,,Biochemistry,General,,,,,,
14,2021,NEET PG,Biochemistry,Unknown,,A patient presented with dryness in eye with a gritty sensation along with corneal softening.,Vitamin A deficiency,Riboflavin Deficiency,Viral Keratitis,Follicular conjunctivitis,,Biochemistry,General,,,,,,
15,2021,NEET PG,Biochemistry,Unknown,,Which amino acid needs to be supplemented through diet in patient with cystathionine beta,Cysteine,Methionine,Serine,Tryptophan,,Biochemistry,Protein Metabolism,,,,,,
16,2021,NEET PG,Biochemistry,Unknown,,Corneal Transparency is maintained by which of the following GAGs,Keratan Sulphate,Dermatan Sulphate,Heparan Sulphate,Chondroitin Sulphate,,Biochemistry,General,,,,,,
17,2021,NEET PG,Biochemistry,Unknown,,Which of the following is associated with defect in mismatch repair,Hereditary NPCC,SCID,Bloom Disorder,MUTYH Associated Polyposis,,Biochemistry,General,,,,,,
18,2021,NEET PG,Biochemistry,Unknown,,A patient had dinner at 8 PM in the night and dose his blood sugar test at 7 AM in the,Muscle Glycogen,Liver Glycogen,Gluconeogenesis,Dietary Carbohydrate,,Biochemistry,General,,,,,,
19,2021,NEET PG,Biochemistry,Unknown,,"A patient with tendon xanthomas , Increased LDL and cholesterol .",Type I Hyperlipoproteinemia,Type II Hyperlipoproteinemia,Type III Hyperlipoproteinemia,Abetalipoproteinemia,,Biochemistry,Lipid Metabolism,,,,,,
20,2021,NEET PG,Pathology,Unknown,,A 5 year old child was brought to the physician with a history of black urine . There is no,Homogentistae oxidase,Homogentisate dehydrogenase,Tryptophan Hydroxylase,Tyrosine Transaminase,,Pathology,General,,,,,,
21,2021,NEET PG,Pathology,Unknown,,A Patient presents to you with generalized weakness and easy fatigability. He gives you a,Blood Cancer,Urinary Bladder Cancer,Carcinoma Gall Bladder,Hepatocellular Carcinoma,,Pathology,General,,,,,,
22,2021,NEET PG,Pathology,Unknown,,Chronic Alcoholic patient with history of increasing abdominal girth . On liver biopsy there,Actin,Microtubules,Intermediate filaments,Myofibril,,Pathology,Inflammation & Healing,,,,,,
23,2021,NEET PG,Pathology,Unknown,,All are increased in IDA except?,TIBC,Soluble transferrin receptor,Transferrin saturation,Erythropoietin,,Pathology,General,,,,,,
24,2021,NEET PG,Pathology,Unknown,,"Woman on pap smear having disorganised growth of cells with hyperchromatic nuclei, which",Dysplasia,Metaplasia,Hypertrophy,Carcinoma,,Pathology,General,,,,,,
25,2021,NEET PG,Pathology,Unknown,,Poor prognostic marker in MM is-,S. creatinine,Hypercalcemia,B2 microglobulins,Telomerase,,Pathology,General,,,,,,
26,2021,NEET PG,Pathology,Unknown,,A 34 year old female presenting to the OPD with migratory arthritis and examination,Infective endocarditis,Rheumatic heart disease,SABE,Cardiac failure,,Pathology,General,,,,,,
27,2021,NEET PG,Pathology,Unknown,,"A 18 year old male presented to the OPD with gum bleeding, fever low TLC and low platelet",Aplastic anemia,MDS,PNH,None,,Pathology,General,,,,,,
28,2021,NEET PG,Pathology,Unknown,,HNPCC has defect in,Nucleotide excision,Base pair excision,Point mutation,Mismatch repair gene,,Pathology,General,,,,,,
29,2021,NEET PG,Pharmacology,Unknown,,Patient with general fatigue and tiredness. Primary clinical examination is uneventful.Normal,Follicular,Burkitts,NHL,Mycosis Fungoides,,Pharmacology,General,,,,,,
30,2021,NEET PG,Pharmacology,Unknown,,What is the mechanism of action of Tocilizumab?,Inhibits binding of IL-1,Inhibits binding of IL-6 to its receptor IL-6R,TNF Alpha inhibition,IL-18 inhibition,,Pharmacology,General,,,,,,
31,2021,NEET PG,Pharmacology,Unknown,,What is the mechanism of action of Methotrexate,Inhibition of Dihydrofolate reductase,Inhibits cell replication by acting on G phase of cell cycle,Inhibits pyrimidine synthesis,Inhibits Thymidylate synthase,,Pharmacology,Chemotherapy,,,,,,
32,2021,NEET PG,Pharmacology,Unknown,,Which antitubercular drug inhibits the action of OCPs?,Rifampicin,Ethambutol,Isoniazid,Pyrazinamide,,Pharmacology,Antimicrobials,,,,,,
33,2021,NEET PG,Pharmacology,Unknown,,"A patient is on digoxin therapy with some concomitant medications. At presentation, the",Atenolol,Clarithromycin,KCL,Triamterene,,Pharmacology,Cardiovascular,,,,,,
34,2021,NEET PG,Pharmacology,Unknown,,A patient is taking metronidazole for anaerobic infection. Which of the following should be,Alcohol,Ciprofloxacin,Rifampicin,Colchicine,,Pharmacology,General,,,,,,
35,2021,NEET PG,Pharmacology,Unknown,,Topiramate is used in the treatment of,Migraine,LGS,ADHD,Dementia,,Pharmacology,General,,,,,,
36,2021,NEET PG,Pharmacology,Unknown,,Which of the following drugs is used for the long term management of obesity?,Sibutramine,Fenfluramine,Metformin,Liraglutide,,Pharmacology,General,,,,,,
37,2021,NEET PG,Pharmacology,Unknown,,A child accidentally ingested some fruit which he plucked from a tree while playing . After the,Datura & Physostigmine,Yellow oleander & Physostigmine,Datura & Pralidoxime,Yellow oleander & Pralidoxime,,Pharmacology,General,,,,,,
38,2021,NEET PG,Pharmacology,Unknown,,A 30 year old male presents with a history of consumption of some unknown substance. The,Bradycardia,Tachycardia,Hyperthermia,Hypertension,,Pharmacology,General,,,,,,
39,2021,NEET PG,Pharmacology,Unknown,,A doctor at autopsy noticed the following finding on a cadaver. Which of the following is true,It is due to sulphaemoglobin pigment,This change is seen at 24 hours,It is non bacterial,It is associated with lightning case,,Pharmacology,General,,,,,,
40,2021,NEET PG,Pharmacology,Unknown,,Identify the injury,,,,,,Pharmacology,General,,,,,,
41,2021,NEET PG,Pharmacology,Unknown,,"While recording evidence in the court of law, lawyer asked the witness, “Were you present",Examination in chief,Direct examination,Redirect examination,Cross examination,,Pharmacology,General,,,,,,
42,2021,NEET PG,Pharmacology,Unknown,,"A dead body was recovered from near a pond by the police. During autopsy, the following",Case of torture in hot water,Case of postmortem hanging,Case of immersion in water for 36 hours,Case of colliquative liquefaction,,Pharmacology,General,,,,,,
43,2021,NEET PG,Pharmacology,Unknown,,"A woman gave birth to twins. However, her husband asked for a DNA fingerprinting test as",Superfecundation,Superfetation,Atavism,Posthumus child,,Pharmacology,General,,,,,,
44,2021,NEET PG,Pharmacology,Unknown,,A man was sitting in the balcony which was overlooking a park. He was sitting naked for,Voyeurism,Masochism,Exhibitionism,Fetishism,,Pharmacology,General,,,,,,
45,2021,NEET PG,Pharmacology,Unknown,,A daily wage labourer was working in the farm on a hot summer day and suddenly collapsed.,Sweating,Hot skin,Hypotension,Disorientation,,Pharmacology,General,,,,,,
46,2021,NEET PG,Microbiology,Unknown,,Identify the active principle in the poisonous seed shown below,Abrin,Ricin,Cannabinol,Bhilawanol,,Microbiology,General,,,,,,
47,2021,NEET PG,Microbiology,Unknown,,"A child admitted with fever, rash begins behind ears, conjunctivitis, coryza, cough and koplik",SS enveloped RNA virus,DS enveloped RNA virus,SS naked RNA virus,DS naked RNA virus,,Microbiology,General,,,,,,
48,2021,NEET PG,Microbiology,Unknown,,Name the parasite whose microfilariae have a sheath with no nuclei at the tail end.,Wuchereria Bancrofti,Brugia malayi,Loa loa,None,,Microbiology,Parasitology,,,,,,
49,2021,NEET PG,Microbiology,Unknown,,History of Pastry intake causing food poisoning. What is the causative agent,S aureus,B. cereus,EIEC,Verotoxin E.coli,,Microbiology,General,,,,,,
50,2021,NEET PG,Microbiology,Unknown,,A patient presented with 70% burns. A test was done on a sample collected from the burnt,Pseudomonas aeruginosa,Meningococcus,Streptococcus pyogenes,Pneumococcus,,Microbiology,General,,,,,,
51,2021,NEET PG,Microbiology,Unknown,,"A truck driver presented with a painless, demarcated ulcer on penis with inguinal",Dark field microscopy,Light microscopy,Fluorescent microscopy,Electron microscopy,,Microbiology,General,,,,,,
52,2021,NEET PG,Microbiology,Unknown,,Swab is discarded in which color bin?,Yellow bag,Red bag,White bag,Blue bag,,Microbiology,General,,,,,,
53,2021,NEET PG,Microbiology,Unknown,,A female engineer works for 12- 14 hours a day and gives a history of consuming only fast,Vitamin B12 deficiency,Folic acid deficiency,Vitamin D deficiency,None,,Microbiology,General,,,,,,
54,2021,NEET PG,Microbiology,Unknown,,A patient was suspected of having brucellosis. Serum sample was sent for a standard,Prozone,Postzone,Complement inactivation,Antigen antibody complexes,,Microbiology,General,,,,,,
55,2021,NEET PG,Microbiology,Unknown,,A patient who was on steroids presented with nocturnal cough and chronic urticaria. BAL,Strongyloides stercoralis,Enterobius,Ancylostoma,Capillaria philippinensis,,Microbiology,General,,,,,,
56,2021,NEET PG,Microbiology,Unknown,,Blood spill management,Ethyl Alcohol,Chlorhexidine,Formaldehyde,Sodium Hypochlorite,,Microbiology,General,,,,,,
57,2021,NEET PG,Microbiology,Unknown,,A child presented with bloody stools and abdominal pain. What enrichment medium should,Selenite F broth,Alkaline peptone water,Blood agar,Muller Hinton Broth,,Microbiology,General,,,,,,
58,2021,NEET PG,Microbiology,Unknown,,What is the vector for a parasite which has kinetoplast in one of its morphological forms?,Sand fly,TseTse fly,Female Anopheles Mosquito,Triatomine bug,,Microbiology,Parasitology,,,,,,
59,2021,NEET PG,Microbiology,Unknown,,A known case of AIDS with productive cough and fever was found to have consolidation in,Staphylococcus aureus,Streptococcus pneumoniae,Mycoplasma,Pneumocystis jirovecii,,Microbiology,General,,,,,,
60,2021,NEET PG,Microbiology,Unknown,,"Following admission of a RTA case, there is a spillage of blood on the hospital floor. Which",Sodium Hypochlorite,Ethyl alcohol,Formaldehyde,Chlorhexidine,,Microbiology,General,,,,,,
61,2021,NEET PG,Microbiology,Unknown,,There is an outbreak of buboes in a community . What is the vector,Xenopsylla [Rat Flea],Tse tse fly,Human flea,Sand fly,,Microbiology,General,,,,,,
62,2021,NEET PG,Microbiology,Unknown,,A 11 year old girl is having symptoms of fever and sore throat and to diagnose throat swab,Yellow bag,Red bag,Blue bag,White bag,,Microbiology,General,,,,,,
63,2021,NEET PG,Microbiology,Unknown,,Global Hunger index does not include,Under 5 mortality rate,IMR,Child mortality rate,Child undernutrition,,Microbiology,General,,,,,,
64,2021,NEET PG,Microbiology,Unknown,,A child presented with bluish white spots in the mouth followed by a rash. What is the,Enveloped virus with single stranded RNA,Naked virus with single stranded RNA,Double stranded Naked RNA,Double stranded Enveloped RNA,,Microbiology,General,,,,,,
1,2021,NEET PG,Microbiology,Unknown,,Measles is a childhood infection caused by a virus.,,,,,,Microbiology,Virology,,,,,,
2,2021,NEET PG,Microbiology,Unknown,,Measles signs and symptoms appear around 10 to 14 days after exposure to the virus. Signs,,,,,,Microbiology,Virology,,,,,,
65,2021,NEET PG,Microbiology,Unknown,,"16 month old child, 8kg weight. On assessing in a growth chart, child falls between standard",Assure mother that no malnutrition,Mild malnutrition- home treatment,Moderate malnutrition-teach mother on how to feed,Severe malnutrition: refer to NRC,,Microbiology,General,,,,,,
66,2021,NEET PG,Microbiology,Unknown,,An anganwadi teacher takes weight & height of a 4 yr old & finds out that height for age <-,Chronic malnutrition,Acute malnutrition,Recent malnutrition,No malnutrition,,Microbiology,General,,,,,,
67,2021,NEET PG,Microbiology,Unknown,,A farmer is having ℅ skin rash which increase on sun exposure. There is also redness of,Niacin deficiency,Folic acid deficiency,Vit C deficiency,Vit K deficiency,,Microbiology,General,,,,,,
68,2021,NEET PG,Microbiology,Unknown,,A 45 year old man presents with following skin changes. What relevant history will you,"H/o dietary pattern, dementia, diarrhea",Dietary history,Dementia,Depression,,Microbiology,General,,,,,,
69,2021,NEET PG,Microbiology,Unknown,,A girl child has had recurrent yeast & respiratory virus infection since she was 3 months,TT/Td,Measles/MMR,DPT,Killed IPV,,Microbiology,Virology,,,,,,
70,2021,NEET PG,Microbiology,Unknown,,"In a 10 year school child under school health program, which vaccine has to be given?",BCG,MMR,"TT,Td",DPT,,Microbiology,Immunology,,,,,,
71,2021,NEET PG,Microbiology,Unknown,,There is an outbreak of encephalitis in a community. According to the universal,Live & subcutaneous,Killed & subcutaneous,Live & intramuscular,Killed & intramuscular,,Microbiology,General,,,,,,
3,2021,NEET PG,Microbiology,Unknown,,"The cell culture-derived live, attenuated vaccine using SA 14-14-2 strain of JE virus.",,,,,,Microbiology,Virology,,,,,,
72,2021,NEET PG,Microbiology,Unknown,,Low air velocity will be measured by,Kata thermometer,Globe thermometer,Wet thermometer,Beckmans thermometer,,Microbiology,General,,,,,,
73,2021,NEET PG,Microbiology,Unknown,,School health service is at which level,District,Subcentre,Subdistrict,PHC,,Microbiology,General,,,,,,
74,2021,NEET PG,Microbiology,Unknown,,Post diwali air pollution index chart was created. Air quality index values on 4 different,Poor,Very poor,Severe,Moderate,,Microbiology,General,,,,,,
75,2021,NEET PG,Microbiology,Unknown,,A researcher wants to know whether there is an association of CRP values with risk of,CRP increase disease/cancer risk,CRP has no relationship,CRP decreases & disease decreases,No association in first interval,,Microbiology,General,,,,,,
76,2021,NEET PG,Microbiology,Unknown,,A child known case of HIV. His CD count is 50. Which vaccine is avoided in him/her,MMR,TT,DPT,BCG,,Microbiology,Virology,,,,,,
77,2021,NEET PG,Microbiology,Unknown,,"For functioning of a health centre with reference to evaluation, which is the most",Input,Process,Structure,Outcome,,Microbiology,General,,,,,,
78,2021,NEET PG,Microbiology,Unknown,,A male presented with urethral discharge as shown in figure? What can be the cause?,Gonorrhea,B. Hemophyli Ducreii,Syphillis,HIV,,Microbiology,General,,,,,,
79,2021,NEET PG,Microbiology,Unknown,,A group of people had pastries late at night followed by bouts of vomiting early in the,S. aureus,B cereus,E. coli,Lactobacillus,,Microbiology,General,,,,,,
80,2021,NEET PG,Microbiology,Unknown,,A pregnant woman whose niece contracted varicella in same house was negative for serum,She is susceptible to zoster,She is susceptible to chicken pox,She is immune to chicken pox,She is immune to zoster,,Microbiology,Virology,,,,,,
81,2021,NEET PG,Microbiology,Unknown,,Child learning steps of hand hygiene,Cognitive,Psychomotor,Affective,Affective & cognitive,,Microbiology,General,,,,,,
82,2021,NEET PG,Microbiology,Unknown,,What is the SI Unit of brightness/illuminance,Candella,Luminance,Lumen,Lux,,Microbiology,General,,,,,,
83,2021,NEET PG,Microbiology,Unknown,,Receptor for absorption of glucose in intestine when person is given ORS is,SGLT-1,SGLT-2,GLP-1,GLUT-1,,Microbiology,General,,,,,,
84,2021,NEET PG,ENT,Unknown,,"A 55 year old patient from chattisgarh presents with progressive muscle weakness,",Dietary history,Medical history,Present illness,socioeconomic,,ENT,Nose,,,,,,
85,2021,NEET PG,ENT,Unknown,,A women visited ENT opd with nasal obstruction. On examination greenish black crusts,Polyp,Hypertrophied inferior turbinate,Roomy nasal cavity,Foreign antibody,,ENT,Ear,,,,,,
86,2021,NEET PG,ENT,Unknown,,A 35 year old male presented with epistaxis . Conservative management was done to stop,Endoscopic Sphenopalantine artery lligation,ICA ligation,ECA ligation,Maxillary artery ligation,,ENT,Nose,,,,,,
87,2021,NEET PG,ENT,Unknown,,Which of the following is the topical use of the medicine shown in the image:,Subglottic stenosis,Inlay type I myringoplasty,Post-adenoidectomy to control bleeding,Rhino cerebral mucormycosis,,ENT,General,,,,,,
88,2021,NEET PG,ENT,Unknown,,A post tonsillectomy child was lying in the ward. He started bleeding in the ward. Which of,"Take to OT, remove the clot & re-ligation",Take to OT & pressure packing,Cautery,Conservative management,,ENT,Nose,,,,,,
89,2021,NEET PG,ENT,Unknown,,Patient with a history of chronic middle ear infection now presents with neurological,Extradural Abscess,Cerebral Abscess,Temporal lobe Abscess,Meningitis,,ENT,Nose,,,,,,
90,2021,NEET PG,ENT,Unknown,,A patient was admitted with skull base trauma. The doctor was testing the marked,Vagus,Facial nerve,Glossopharyngeal nerve,Trigeminal nerve,,ENT,Nose,,,,,,
91,2021,NEET PG,Ophthalmology,Unknown,,Identify the papillae of the tongue shown in the image below:,Circumvallate,Fungiform,Filiform,Foliate,,Ophthalmology,General,,,,,,
92,2021,NEET PG,Ophthalmology,Unknown,,A 33 year old female patient presented with inability to see the right side from both the,Injury to Left Optic Tract,Right occipital lobe lesion,Optic chiasma lesion,Right optic nerve lesion,,Ophthalmology,General,,,,,,
93,2021,NEET PG,Ophthalmology,Unknown,,A patient with contact lens since 2 years presented with the below features.,Giant Papillary conjunctivitis,Trachoma,Vernal Keratoconjunctivitis,OSSN,,Ophthalmology,Lens,,,,,,
94,2021,NEET PG,Ophthalmology,Unknown,,A 15 year old girl patient does not want to use specs for myopic astigmatism. What is the,ICL,FEMTO Lasik,LASIK,Spherical Specs,,Ophthalmology,Cornea & Refractive,,,,,,
95,2021,NEET PG,Ophthalmology,Unknown,,A boy working on a hammer & chisel had a Foreing body entering eye. Detrimental,X-ray,B scan orbit,CT Scan,MRI,,Ophthalmology,General,,,,,,
96,2021,NEET PG,Ophthalmology,Unknown,,A child presenting with whitish pupillary reflex was treated with enucleation.,,,,,,Ophthalmology,General,,,,,,
97,2021,NEET PG,Ophthalmology,Unknown,,A one month baby presents with watering and increased corneal size. What is the,Buphthalmos,Hurlers Syndrome,Galactosemia,Cataract,,Ophthalmology,Cornea & Refractive,,,,,,
98,2021,NEET PG,Ophthalmology,Unknown,,An elderly woman presented with gradual painless diminution of vision. The fundus picture,Hard Exudates in Diabetic Retinopathy,Flame shaped haemorrhages in Hypertensive Retinopathy,Soft Exudates in Hypertensive Retinopathy,CRVO,,Ophthalmology,General,,,,,,
99,2021,NEET PG,Ophthalmology,Unknown,,A patient complained of gradual diminution of vision. On examination the patient had dry,Iron,Protein,Niacin,Retinoic Acid,,Ophthalmology,General,,,,,,
100,2021,NEET PG,Ophthalmology,Unknown,,A young boy with thin built and long fingers presents with diminished vision. On,Serine,Tyrosine,Methionine,Cysteine,,Ophthalmology,General,,,,,,
101,2021,NEET PG,Ophthalmology,Unknown,,What is the most likely complication of the condition shown in the image below?,Cataract,Exposure Keratitis,Difficulty in eye movement,Glaucoma,,Ophthalmology,General,,,,,,
102,2021,NEET PG,Ophthalmology,Unknown,,Young male presents with acute redness of eye. His X-Ray spine is shown below. What is,Ankylosing Spondylitis,Psoriatic Arthritis,Rheumatoid Arthritis,Sjogeren Syndrome,,Ophthalmology,General,,,,,,
103,2021,NEET PG,Medicine,Unknown,,"A patient has been diagnosed with Primary Open Angle Glaucoma. On elliciting history, it",Latanoprost,Gemeprost,Carboprost,Alprostadil,,General Medicine,General,A - Latanoprost,,,,,
104,2021,NEET PG,Medicine,Unknown,,Pt. has h/o vomiting & doctor gave antiemetic. Patient developed abnormal movements.,Methyl dopa,Benzhexol,Hyoscine,Cyproheptadine,,General Medicine,Cardiology,B Benzhexol,,,,,
105,2021,NEET PG,Medicine,Unknown,,A 56 yr old pt. Has developed excruciating chest discomfort in past 72 hours relieved on,LMWH,Increase beta blocker dose,IV NTG Drip,Add tap clopidogrel,,General Medicine,General,A LMWH,,,,,
106,2021,NEET PG,Medicine,Unknown,,Known case of HIV with cough of sputum production & fever with examination finding of,,,,,,General Medicine,Cardiology,B. Strep pneumonia,,,,,
107,2021,NEET PG,Medicine,Unknown,,A patient with mediastinal mass was diagnosed with red cell aplasia. What is the probable,Bronchogenic carcinoma,NHL,Thymic neoplasia,T cell ALL,,General Medicine,General,C. Thymic Neoplasia,,,,,
108,2021,NEET PG,Medicine,Unknown,,"A software engineer presented to OPD with complaints of easy fatiguability, He gives a",Folate deficiency,Sideroblastic anemia,Cyanocobalamin deficiency,Acute blood loss,,General Medicine,General,A Folate deficiency,,,,,
109,2021,NEET PG,Surgery,Unknown,,False about pheochromocytoma,Propanolol is prefered drug for hypertension control,VMA are diagnostic test,catecholamines are diagnostic test,,,General Surgery,General,APropanolol is prefered drug for hypertension control,,,,,
110,2021,NEET PG,Surgery,Unknown,,"A 50 yr old pt. With renal insufficiency was recently operated for pyelolithotomy, which",Diclofenac sodium,Naproxen,Indomethacin,Acetaminophen,,General Surgery,Gastrointestinal Surgery,DAcetaminophen,,,,,
111,2021,NEET PG,Surgery,Unknown,,"68/m cough with sputum, bronchial sounds. RR-20/min, urea-44mg/dl, BP-110/70mmhg.",Home Rx,Admit in ICU without MV,Admit in ICU with MV,Room admission,,General Surgery,General,D Room admission,,,,,
112,2021,NEET PG,Surgery,Unknown,,3 patients feel numb finger tips. Facial skin is tightened. ANA +ve. IF nucleolar pattern,Systemic sclerosis,Sjogren’s syndrome,SLE,RA,,General Surgery,General,ASystemic sclerosis,,,,,
113,2021,NEET PG,Surgery,Unknown,,"A hyperventilating patient has ABG value of pH=7.53, pCO2= 20mmHg, HCO3=26meq",Respiratory acidosis,Respiratory alkalosis,Metabolic acidosis,Metabolic alkalosis,,General Surgery,General,B Respiratory alkalosis,,,,,
114,2021,NEET PG,Surgery,Unknown,,Patient presents with breathlessness & wheezing. Absolute Eosinophil count is 500. Milliary,Miliary TB,Tropical pulmonary eosinophilia,Bronchial asthma,Hypersensitivity pneumonitis,,General Surgery,General,BTropical pulmonary eosinophilia,,,,,
115,2021,NEET PG,Surgery,Unknown,,Breathing difficulty with generalized weakness. On auscultation a mid diastolic murmur,TS,MS,MR,TR,,General Surgery,General,ATS,,,,,
116,2021,NEET PG,Surgery,Unknown,,"Patient behaving strangely, & CNS features were described. Urine osm=1000 & plasma",Hyponatremia,Hypernatremia,Hypokalemia,Hyperkalemia,,General Surgery,General,A Hyponatremia,,,,,
117,2021,NEET PG,Surgery,Unknown,,"30 y/F, 70 kg man with serum sodium=120. Calculate total sodium deficit",420,840,1400,280,,General Surgery,General,B840,,,,,
118,2021,NEET PG,Surgery,Unknown,,Hypertension with peripheral edema & CKD,Aliskiren,Chlorthalidone,Prazosin,Beta blocker,,General Surgery,General,B Chlorthalidone,,,,,
119,2021,NEET PG,Surgery,Unknown,,What surgery is shown here in the image,Thiersch wiring,Wells procedure,Aktemeier operation,Hemorrhoidectomy,,General Surgery,General,A Thiersch wiring,,,,,
120,2021,NEET PG,Surgery,Unknown,,Post MRM patient presented with upper limb swelling . What is the most probable cause,Upper limb Lymphedema,Angiosarcoma,Recurrence,Metastasis,,General Surgery,General,A Upper limb Lymphedema,,,,,
121,2021,NEET PG,Surgery,Unknown,,Repair done for direct inguinal hernia,Lichtenstein repair,Bassini's repair,Herniotomy,All,,General Surgery,Gastrointestinal Surgery,ALichtenstein repair,,,,,
122,2021,NEET PG,Surgery,Unknown,,A patient presented with RTA leading to breathlessness and decreased air entry into right,Needle inserted at 2nd ICS in MCL,Needle inserted at 5th ICS in mid axillary,Fluid resuscitation using wide bore cannula,Wide bore needle decompression,,General Surgery,General,B,,,,,
123,2021,NEET PG,Surgery,Unknown,,"After total thyroidectomy, the surgeon is unable to extubate and the patient shows",Bilateral recurrent laryngeal nerve palsy,UL recurrent laryngeal nerve palsy,Hemorrhage,Supra laryngeal nerve palsy,,General Surgery,Cardiothoracic,A,,,,,
124,2021,NEET PG,Surgery,Unknown,,Asymptomatic Varicose veins under CEAP scoring will be,C2a,C2b,C3a,C3b,,General Surgery,Vascular,A C2a,,,,,
125,2021,NEET PG,surgery,Unknown,,60 years old male patient has antral carcinoma which is spreading to the head of the,Gastrectomy + Right lobectomy,Gastrojejunostomy,Palliative care,,,General Surgery,General,C Gastrojejunostomy,,,,,
126,2021,NEET PG,surgery,Unknown,,MC nerve injured during Submandibular gland surgery?,Lingual nerve,Inferior alveolar nerve,Hypoglossal nerve,Nerve to mylohyoid,,General Surgery,General,A Lingual nerve,,,,,
127,2021,NEET PG,surgery,Unknown,,Which statement is true among all?,Associated with mixed aerobic and anaerobic infection,Orchidectomy should be done,Anti- gas gangrene serum should always be used,Urinary diversion done,,General Surgery,General,AAssociated with mixed aerobic and anaerobic infection,,,,,
128,2021,NEET PG,surgery,Unknown,,85 year with Ca prostate with Gleason 6 and PSA <8 ng/ml. Best management?,TURP,Radiation,Radical prostatectomy,Keep on active surveillance,,General Surgery,General,D Keep on active surveillance,,,,,
129,2021,NEET PG,surgery,Unknown,,"Post cholecystectomy, CBD stone detected after 2 years What type of stone is it?",Primary,Secondary,Tertiary,Retained stone,,General Surgery,Urology,A Primary,,,,,
130,2021,NEET PG,surgery,Unknown,,Gas under diaphragm is seen in-,Viscus perforation,Liver abscess,Spontaneous rupture of oesophagus,Empyema Thorax,,General Surgery,General,A Viscus perforation,,,,,
131,2021,NEET PG,surgery,Unknown,,Left hypochondrium contusion SBP- 70 mm Hg PR 110. So what needs to be done next?,FAST,CECT,DPL,Abdomen X-ray,,General Surgery,General,A,,,,,
132,2021,NEET PG,surgery,Unknown,,Mr Ramu faced an accident and had straddle injury and presents with blood at urethral,Foleys catheter insertion,SPC and drain the urine,Do retrograde urethrogram,CECT pelvis is taken,,General Surgery,Urology,B,,,,,
133,2021,NEET PG,surgery,Unknown,,Identify the condition?,Intestinal obstruction,Valvulae conniventes,Haustrations,None,,General Surgery,General,A,,,,,
134,2021,NEET PG,surgery,Unknown,,What is the metabolic finding seen in a baby with CHPS?,Hyperchloremic hypernatremic metabolic alkalosis,Hypochloremic hypernatremic metabolic acidosis,Hypochloremic hyponatremic metabolic alkalosis,Hyperchloremic hyponatremic metabolic alkalosis,,General Surgery,General,C,,,,,
135,2021,NEET PG,surgery,Unknown,,A Pregnant woman came for a routine antenatal checkup . She had a history of twin,G2P2,G2P3,G2P1,G2P0,,General Surgery,General,C G2P1,,,,,
1,2021,NEET PG,surgery,Unknown,,Gravidity is defined as the number of times that a woman has been pregnant.Parity is,,,,,,General Surgery,General,,,,,,
2,2021,NEET PG,surgery,Unknown,,"For example, a woman who is described as 'gravida 2, para 2 (sometimes abbreviated to G2",,,,,,General Surgery,General,,,,,,
3,2021,NEET PG,surgery,Unknown,,"If they are both currently pregnant again, these women would have the obstetric history of",,,,,,General Surgery,General,,,,,,
136,2021,NEET PG,surgery,Unknown,,A Hypertensive patient wants to conceive . Which of the following medicines needs to be,Calcium Channel Blockers,ACE inhibitors,Alpha Methyl dopa,Labetolol,,General Surgery,General,B ACE inhibitors,,,,,
137,2021,NEET PG,surgery,Unknown,,"A 27 year old woman who had delivered a female child 9 months back, came to the",Normal pregnancy,Lactational amenorrhea,Hypothyroidism,Prolactinoma,,General Surgery,General,Option b) lactational amenorrhoea,,,,,
138,2021,NEET PG,surgery,Unknown,,Uterine didelphys will cause all of the following symptoms except?,Transverse lie,Endometriosis,Repeated abortion,Premature labor,,General Surgery,General,B Endometriosis,,,,,
139,2021,NEET PG,surgery,Unknown,,Management of uterine septum?,Laparoscopic resection of septum,Hysteroscopic resection of septum,Uterine metroplasty,Laparotomy and reseaction,,General Surgery,General,B Hysteroscopic resection of septum,,,,,
140,2021,NEET PG,surgery,Unknown,,What is the modality of this test?,Hysterosalpingography,Laparoscopy,Hysteroscopy,Saline infusion sonography,,General Surgery,General,A Hysterosalpingography,,,,,
141,2021,NEET PG,surgery,Unknown,,"A 24 year old female pt. With weeks of amenorrhea, left adnexal mass on USG, B-hcg 2500,",Expectant management,Salpingectomy,Single dose methotrexate,Milking of tube,,General Surgery,General,C Single dose methotrexate,,,,,
142,2021,NEET PG,surgery,Unknown,,"H/o primary infertility, 2 fibroids in the cornua, & both sides tubal blockage, ovulation of",ART,Lap Myomectomy,Hysterectomy,Uterine artery embolization,,General Surgery,General,B Lap Myomectomy,,,,,
143,2021,NEET PG,surgery,Unknown,,Lady using OCP since 5 month. Amenorrhea since last 6 weeks. Which is best to calculate,280 days from LMP,256 days from LMP,CRL by USG,Abdominal girth,,General Surgery,General,C CRL by USG,,,,,
144,2021,NEET PG,surgery,Unknown,,Order of ligation of devascularization in PPH,"Uterine artery, pudendal artery, vaginal artery","Uterine artery, internal iliac, obturator artery","Uterine artery, ovarian artery, internal iliac artery","Uterine artery, ovarian artery, vaginal artery",,General Surgery,General,"C Uterine artery, ovarian artery, internal iliac artery",,,,,
145,2021,NEET PG,surgery,Unknown,,"Patient with post molar evacuation, now has lesion in lungs cannon ball appearance .",Hysterectomy,Emaco regimen,Inj. methotrexate,Multiple dose of Inj. methotrexate,,General Surgery,General,B Emaco regimen,,,,,
146,2021,NEET PG,surgery,Unknown,,Pregnant female with herpetic lesions in the vulva. Management is?,Acyclovir & elective Cs,Induction of labor,Acyclovir & allow spontaneous progression of labor,Wait & watch,,General Surgery,General,A Acyclovir & elective Cs,,,,,
147,2021,NEET PG,surgery,Unknown,,"Patient with infraumbilical flattening & fetal heart rate heard laterally, what is the",Occipitoposterior,Knee,Brow,Right dorsoanterior,,General Surgery,General,A Occipitoposterior,,,,,
148,2021,NEET PG,surgery,Unknown,,Husband asks for paternal testing of his twins. One twin is found to be his son & other is,Superfecundation,Superfoetation,Posthumous child,None of the above,,General Surgery,General,A Superfecundation,,,,,
149,2021,NEET PG,surgery,Unknown,,Teenage patient with transverse vaginal septum with dysmennorhea & chronic pelvic pain.,Endometriosis,Tubovarian abscess,Dermoid cyst,Theca lutein cyst,,General Surgery,General,AEndometriosis,,,,,
150,2021,NEET PG,surgery,Unknown,,28 years old married female anxious about conception. C/o profuse vaginal discharge. No,Candida,Trichomonas,Bacterial vaginosis,Physiological,,General Surgery,General,DPhysiological,,,,,
151,2021,NEET PG,surgery,Unknown,,"H/o recurrent abortions at 8,11& 22 weeks. Cardiac activity is normal in all the three. H/o",Syphilis,APLA,TORCH,GDM,,General Surgery,General,A Syphilis,,,,,
152,2021,NEET PG,surgery,Unknown,,Female missed OCP on 4 different days in 1st 2 weeks of menstrual cycle. What will you,Continue taking pill,Take all 4 pills at once & continue taking pills,Adopt another method of contraception,"Continue current pack, consider additional contraceptive method for remaining days",,General Surgery,General,"D Continue current pack, consider additional contraceptive method for remaining days",,,,,
153,2021,NEET PG,surgery,Unknown,,36 weeks pregnant female on warfarin with mitral stenosis. What should we do,Shift to LMW Heparin,Warfarin,Switch to Aspirin,Asprin + heparin,,General Surgery,Cardiothoracic,A Shift to LMW Heparin,,,,,
154,2021,NEET PG,surgery,Unknown,,Indomethacin when given beyond 36 weeks what will happen,Premature closure of PDA,Still birth,No effect,Teratogenic,,General Surgery,General,A Premature closure of PDA,,,,,
155,2021,NEET PG,surgery,Unknown,,A pt. 2nd degree cervical prolapse C/o dribbling of urine on cough,Stress incontinence,Overflow incontinence,Cystitis,Functional incontinence,,General Surgery,General,A Stress incontinence,,,,,
156,2021,NEET PG,surgery,Unknown,,What does umbilical artery do,Carrying deoxygenated blood from fetus to placenta,Carrying oxygenated blood from placenta to fetus,Provide nutrients,None of the above,,General Surgery,General,A Carrying deoxygenated blood from fetus to placenta,,,,,
157,2021,NEET PG,surgery,Unknown,,"A child with rachitic changes in limbs, which was not responding to Vitamin D.",Vitamin D dependent rickets type 1,Vitamin D dependent rickets type 2,Hypophosphatemic rickets,Chronic renal failure,,General Surgery,General,C,,,,,
158,2021,NEET PG,surgery,Unknown,,Contraindicated vaccine in 3 months old with recurrent respiratory illness-,Inactivated polio,Measles,DPT,DT,,General Surgery,General,B,,,,,
159,2021,NEET PG,surgery,Unknown,,In a child height for age < -2 SD likely cause is-,Chronic malnutrition,Acute malnutrition,Recent infection,No malnutrition,,General Surgery,General,A,,,,,
160,2021,NEET PG,surgery,Unknown,,"Child presents with myoclonus jerk, decrease performance in school. There is history of",Subacute sclerosing panencephalitis,Mesial temporal sclerosis,Polio,Measles,,General Surgery,General,A,,,,,
161,2021,NEET PG,surgery,Unknown,,"Webbed neck, short stature, low posterior hairline. Diagnosis-",Turner syndrome,Downs syndrome,Patau syndrome,Edwards syndrome,,General Surgery,General,A,,,,,
162,2021,NEET PG,surgery,Unknown,,A 12 year old boy presented with weak pulses in upper limbs. His BP was 90/60mmHg. He,PAn,Microscopic polyangiitis,Takayasu arteritis,HSP,,General Surgery,General,C,,,,,
163,2021,NEET PG,surgery,Unknown,,A 10 year old male child presented with generalised edema. His cholesterol was 238mg/dl,Goodpasture syndrome,Urine infection,Nephrotic syndrome,Nephritic syndrome,,General Surgery,General,C,,,,,
164,2021,NEET PG,surgery,Unknown,,X-ray of a 5 year old child is shown in the image below. Bone mineral density is normal.,Rickets,Scurvy,Metaphyseal dysplasia,Osteopetrosis,,General Surgery,General,B,,,,,
165,2021,NEET PG,surgery,Unknown,,"A 26 years old male with backache, morning stiffness, chest expansion and reddening of",Rheumatoid arthritis,Ankylosing spondylitis,Paget’s disease,Osteopetrosis,,General Surgery,General,B,,,,,
166,2021,NEET PG,surgery,Unknown,,60 year old elderly female with previous h/o colles fracture is complaining of backache.,Teriparatide should be started before supplementing bisphosphonates,Bisphosphonates not given for more than a year,Calcium requirement is 1200mg per day,Oral vit D3 given along with orl calcium,,General Surgery,General,A Teriparatide should be started before supplementing bisphosphonates,,,,,
167,2021,NEET PG,surgery,Unknown,,"A patient fell down from bicycle & started having pain around hip, shortening of limb &",Anterior dislocation,Transcervical fracture,Posterior dislocation,IT Fracture,,General Surgery,General,C Posterior dislocation,,,,,
168,2021,NEET PG,surgery,Unknown,,A 20 year old patient presenting with chronic low backache and early morning stiffness,TB spine,Ankylosing spondylitis,Mechanical pain,Disc prolapsed,,General Surgery,General,A,Amoxycillin & Clavulinic acid,Amikacin,Norfloxacin,Metronidazole,
170,2021,NEET PG,surgery,Unknown,,A male patient came to OPD with White Discharge from urethra [Image Shown]. What is,Nisseria gonorrhoeae,Haemophilus ducreyi,Calymmatobacterium granulomatis,Treponema pallidum,,General Surgery,General,ANisseria gonorrhoeae,,,,,
171,2021,NEET PG,surgery,Unknown,,"A woman, anxious to conceive, complains of profuse white discharge per vaginum, which",Candidiasis,Bacterial Vaginosis,Physiological,Trichomoniasis,,General Surgery,General,C Physiological,,,,,
172,2021,NEET PG,surgery,Unknown,,A 30 year old woman came with flaccid bullae on her skin which were easy to rupture.,Pemphigus vegetans,Pemphigus vulgaris,Pemphigus foliaceous,Erythema multiforme,,General Surgery,General,B Pemphigus vulgaris,,,,,
173,2021,NEET PG,surgery,Unknown,,A patient who has been on MBMDT presents with inflammation over pre-existing lesions,Stop ALT and start steroids,Stop ALT and start thalidomide,Continue ALT and start steroids,Continue ALT and give thalidomide,,General Surgery,General,CContinue ALT and start steroids,,,,,
174,2021,NEET PG,surgery,Unknown,,A 13 year old male presented with erythematous edematous plaques on face over his,Cellulitis of face,Type 1 lepra reaction,Erythema Nodosum Leprosum,Erysipelas,,General Surgery,General,B Type 1 lepra reaction,,,,,
175,2021,NEET PG,surgery,Unknown,,What are the associated features of this deficiency disorder?,History of diarrhoea & dementia associated with cognitive impairment,Bitot’s spots,Angular stomatitis,Loss of muscle coordination,,General Surgery,General,A History of diarrhoea & dementia associated with cognitive impairment,,,,,
176,2021,NEET PG,surgery,Unknown,,A young girl presented to the OPD with rough surfaced lesions over her elbows and knees.,Keratosis pilaris,Phrynoderma,Folliculitis,Pyoderma,,General Surgery,General,B Phrynoderma,,,,,
177,2021,NEET PG,surgery,Unknown,,"A male child was brought with a mild painful swelling on his scalp since the last 3 months,",Folliculitis,Abscess,Kerion,Scabies,,General Surgery,General,CKerion,,,,,
178,2021,NEET PG,surgery,Unknown,,"A 23 year old primi gravida stays in the same house as her school going nephew, who",She is susceptible to zoster,She is susceptible to chickenpox,She is immune to chickenpox,She is immune to zoster,,General Surgery,General,B,,,,,
179,2021,NEET PG,surgery,Unknown,,Hair perforation test is positive for,Trichophyton mentagrophytes,Microsporum adouinii,Epidermophyton floccosum,Microsporum gypsum,,General Surgery,General,A Trichophyton mentagrophytes,,,,,
180,2021,NEET PG,surgery,Unknown,,A 30 year old male was intubated for surgery. The best method to confirm the position of,X-ray chest,Auscultation,Capnography,Chest expansion,,General Surgery,General,C,,,,,
181,2021,NEET PG,surgery,Unknown,,The below image procedure is done to maintain airway includes?,"Head tilt, chin lift",Jaw thrust,In line manual stabilization,Head stabilization,,General Surgery,General,A,,,,,
182,2021,NEET PG,surgery,Unknown,,A young male was given regional anaesthesia with 0.25% bupivacaine. The pt. Become,CPCR with 20% Intralipid,CPCR with sod. Bicarbonate,CPCR with dobutamine,CPCR with calcium,,General Surgery,General,A,,,,,
183,2021,NEET PG,surgery,Unknown,,"While doing lumbar puncture, last structure to be encountered will be in a patient who",Arachnoid membrane,Ligamentum flavum,Dura mater,Pia mater,,General Surgery,General,A,,,,,
184,2021,NEET PG,Radiology,Unknown,,A pt. Is undergoing surgery where anaesthesia is maintained on halothane. The pt.,D-tubocurarine,Suxamethonium,Cisatracurium,Rocuronium,,Radiology,General,B,,,,,
185,2021,NEET PG,Radiology,Unknown,,A child present with cyanosis. Diagnosis is,"Cottage loaf heart, Truncus arteriosus","Snowman heart, supracardiac TAPVC","Egg on side, TGA","Boot shaped heart, TOF",,Radiology,General,,,,,,
186,2021,NEET PG,Radiology,Unknown,,A patient presents with abdominal pain & Distension. Dilated Bowel loops are:,Jejunum,Duodenum,Ileum,Transverse colon,,Radiology,General,,,,,,
187,2021,NEET PG,Radiology,Unknown,,A 10 year old child presents with limb pain. Bone mineral density is normal. Diagnosis,Scurvy,Rickets,Pyknodysostosis,Metaphyseal Dysplasia,,Radiology,General,,,,,,
188,2021,NEET PG,Radiology,Unknown,,A 30 year old female with sterile Pyuria. Radiograph is shown. Diagnosis is,Nephrocalcinosis,Putty Kidney,Stag horn calculus,Psoas Calcification,,Radiology,X-ray,,,,,,
189,2021,NEET PG,Radiology,Unknown,,A child undergoes prophylactic irradiation as preparation for BMT for treatment of ALL.,Spermatogonia,Intestinal epithelial cells,Neurons,Bone marrow,,Radiology,General,,,,,,
190,2021,NEET PG,Radiology,Unknown,,RTA- absent air entry on left side. Tenderness in left lower chest wall. Next step in EMR,X-ray,CT,FAST,DPL,,Radiology,General,,,,,,
191,2021,NEET PG,Radiology,Unknown,,Diagnosis,GCT,Osteochondroma,Osteoid Osteoma,Ewings Sarcoma,,Radiology,General,,,,,,
192,2021,NEET PG,Radiology,Unknown,,A patient with ear discharge,Cerebellar abscess,Temporal lobe abscess,Extradural abscess,Meningitis,,Radiology,General,,,,,,
193,2021,NEET PG,Radiology,Unknown,,Infertility patient-USG s/o uterine anomaly. Best to confirm,TVS,Hysteroscopy + Laparoscopy,HSG,Laparoscopy,,Radiology,Ultrasound,,,,,,
194,2021,NEET PG,Radiology,Unknown,,"A 50yr old male with backache & morning stiffness, red eye, ankle swelling",Ankylosing Spondylitis,Healed TB spine,Pagets,Osteopetrosis,,Radiology,General,,,,,,
195,2021,NEET PG,Radiology,Unknown,,"A mother gets her daughter with short stature, webbing of neck etc. USG will show",Hepatomegaly with altered echotexture,Single kidney,Echo showing tricuspid stenosis,Streak ovaries with small uterus,,Radiology,Ultrasound,,,,,,
196,2021,NEET PG,Radiology,Unknown,,"A 60 yr old obese female presents with abdominal pain, distension, there are increased",,,,,,Radiology,General,,,,,,
197,2021,NEET PG,Radiology,Unknown,,A 45 year old patient with hypertension presenting with acute severe chest pain & there is,Cardiac enzymes,MRI,X-ray,TEE,,Radiology,General,,,,,,
198,2021,NEET PG,Radiology,Unknown,,"A female presenting with abdominal pain, distension, organ failure in last 24 hours. CT scan",AST,Lipase,Creatine Kinase,Blood Urea Nitrogen,,Radiology,CT & MRI,,,,,,
199,2021,NEET PG,Radiology,Unknown,,There was patient of Kidney trauma with hematuria. Which of the following investigation is,CT,X-ray,MRI,USG,,Radiology,General,,,,,,
200,2021,NEET PG,Radiology,Unknown,,2 X-rays (Erect & Supine) were given to identify the condition,Empyema Thorax,Liver abscess,Gastric volvulus,Hollow viscus perforation,,Radiology,General,,,,,,
201,2021,NEET PG,Radiology,Unknown,,A baby playing was left unattended by the mother develops distress. Identify where the,Oesophagus,Trachea,Below diaphragm,GI tract,,Radiology,General,,,,,,
202,2021,NEET PG,Psychiatry,Unknown,,Identify the muscle marked causes flexion of hip,Gluteus Muscle,Psoas Muscle,latissimus dorsi,Multifidus,,General Medicine,General,,,,,,
203,2021,NEET PG,Psychiatry,Unknown,,"A 16 year old female patient presented with over familiarity, flight of ideas, elevated mood,",Mania,Schizomania,Hypomania,Cyclothymia,,General Medicine,Cardiology,,,,,,
204,2021,NEET PG,Psychiatry,Unknown,,A 50 year old male suddenly stopped alcohol consumption for 3 days in hospital with,Wernicke's Encephalopathy,Korsakoff's psychosis,Hangover,Delirium Tremens,,General Medicine,General,DDelirium Tremens,,,,,
205,2021,NEET PG,Psychiatry,Unknown,,Which of the following is included in form of thought disorder,Derailment,Obsession,Thought insertion,Delusion,,General Medicine,General,,,,,,
206,2021,NEET PG,Psychiatry,Unknown,,"During the course of psychotherapy, the therapist has mixed conscious and unconscious",Transference,Countertransference,Dissociation,Preoccupation,,General Medicine,Cardiology,,,,,,
1,2025,NEET PG,Parasitology,,,Image-based Enterobius,,,,,,Microbiology,General,,,,,,
2,2025,NEET PG,Genetics,,,Pedigree with kearn syre,,,,,,Biochemistry,Genetics,,,,,,
3,2025,NEET PG,Pathology,,,/ Thyroid carcinoma Medullary,,,,,,Pathology,Neoplasia,,,,,,
4,2025,NEET PG,Microbiology,,,"TB-like symptoms, Histoplasmosis.",,,,,,Microbiology,General,,,,,,
5,2025,NEET PG,Pathology,,,Granuloma with Sarcoidosis.,,,,,,Pathology,Inflammation & Healing,,,,,,
6,2025,NEET PG,Ophthalmology,,,"/ Very tall man, vision Fibrillin.",,,,,,Ophthalmology,General,,,,,,
7,2025,NEET PG,Immunology,,,Most commonly ILD,,,,,,Microbiology,General,,,,,,
8,2025,NEET PG,Microbiology,,,Group C5-9,,,,,,Microbiology,General,,,,,,
9,2025,NEET PG,Microbiology,,,Attachment of Lipoteichoic acid.,,,,,,Microbiology,General,,,,,,
10,2025,NEET PG,Hematology,,,Investigation of Flow cytometry.,,,,,,General Medicine,General,,,,,,
11,2025,NEET PG,Oncology,,,Follicular lymphoma t(14:18).,,,,,,Pathology,Hematopathology,,,,,,
12,2025,NEET PG,Hematology,,,Image-based cell AML M3.,,,,,,General Medicine,General,,,,,,
13,2025,NEET PG,Pathology,,,/ Cell caspase not used in Pyroptosis/apoptosi,,,,,,Pathology,General,,,,,,
14,2025,NEET PG,ENT,,,Image of sinus with angiofibroma,,,,,,ENT,General,,,,,,
15,2025,NEET PG,Medicine,,,Dermatitis Celiac disease.,,,,,,General Medicine,Dermatology,,,,,,
16,2025,NEET PG,Entomology,,,Image: mosquito Anopheles.,,,,,,Microbiology,General,,,,,,
17,2025,NEET PG,Pathology,,,Sialoma Lymphocytic,,,,,,Pathology,General,,,,,,
18,2025,NEET PG,Biochemistry,,,Hexosaminidase GM2 accumulation.,,,,,,Biochemistry,General,,,,,,
19,2025,NEET PG,Microbiology,,,Man with diarrhea Campylobacter,,,,,,Microbiology,General,,,,,,
20,2025,NEET PG,Pathology,,,/ Retraction balls in Diffuse axonal injury.,,,,,,Pathology,General,,,,,,
21,2025,NEET PG,Infectious,,,Disease Cage worker with Weil’s disease.,,,,,,Microbiology,General,,,,,,
22,2025,NEET PG,Virology,,,Painful vesicular Herpes.,,,,,,Microbiology,Virology,,,,,,
23,2025,NEET PG,Pharmacology,,,/ Drug for prophylaxis Rifampin.,,,,,,Pharmacology,General,,,,,,
24,2025,NEET PG,Hematology,,,"/ History of anemia, Hereditary",,,,,,General Medicine,Cardiology,,,,,,
25,2025,NEET PG,Pathology,,,/ Anthony and Schwannoma.,,,,,,Pathology,General,,,,,,
26,2025,NEET PG,Rheumatology,,,"Bifid, Pseudogout.",,,,,,General Medicine,Rheumatology,,,,,,
27,2025,NEET PG,biochem,,,frame shift mutation complete protein,,,,,,Biochemistry,Genetics,,,,,,
28,2025,NEET PG,Pathology,,,/ Gross image of Serous,,,,,,Pathology,General,,,,,,
29,2025,NEET PG,Neurology,,,/ Brain image with Meningococcus,,,,,,General Medicine,General,,,,,,
30,2025,NEET PG,Microbiology,,,Mechanian reaction Bacillus anthracis.,,,,,,Microbiology,Bacteriology,,,,,,
31,2025,NEET PG,Immunology,,,/ Vedolizumab is Interleukin-5.,,,,,,Microbiology,General,,,,,,
32,2025,NEET PG,Microbiology,,,Filament: Nocardia.,,,,,,Microbiology,General,,,,,,
33,2025,NEET PG,Histology,,,Image: transitional Ureter.,,,,,,Anatomy,General,,,,,,
34,2025,NEET PG,Pathology,,,Histopathology: ‘fig’ seminoma,,,,,,Pathology,General,,,,,,
35,2025,NEET PG,Gynecology,,,Postmenopausal Adenomyosis.,,,,,,Gynaecology,General,,,,,,
36,2025,NEET PG,Microbiology,,,"Septate, Aspergillus flavus.",,,,,,Microbiology,Mycology,,,,,,
37,2025,NEET PG,Obstetrics,,,/ Image: manure Lovset manure.,,,,,,Obstetrics,General,,,,,,
38,2025,NEET PG,Cardiology,,,/ Hemosiderin-laden Right heart failure.,,,,,,General Medicine,Cardiology,,,,,,
39,2025,NEET PG,Neurology,,,Image-based Meralgia,,,,,,General Medicine,General,,,,,,
40,2025,NEET PG,Surgery,,,Image: anal fistula Intersphincteric.,,,,,,General Surgery,Gastrointestinal Surgery,,,,,,
41,2025,NEET PG,Surgery,,,"/ Oncology Breast image, T4D.",,,,,,General Surgery,General,,,,,,
42,2025,NEET PG,Rheumatology,,,/ Destruction of Sjögren’s syndrome.,,,,,,General Medicine,General,,,,,,
43,2025,NEET PG,Public,,,"Health 10–19 yrs WIFS 100 μg iron, 400 μg",,,,,,Community Medicine,General,,,,,,
44,2025,NEET PG,Dermatology,,,/ Primary dermatosis Vitamin A.,,,,,,General Medicine,Cardiology,,,,,,
45,2025,NEET PG,Ophthalmology,,,Corneal guttata Fuchs dystrophy.,,,,,,Ophthalmology,Cornea & Refractive,,,,,,
46,2025,NEET PG,Forensic,,,Medicine Image-based Throttling.,,,,,,Forensic Medicine,General,,,,,,
47,2025,NEET PG,Pharmacology,,,/ Diazepam Febrile seizures.,,,,,,Pharmacology,CNS,,,,,,
48,2025,NEET PG,Surgery,,,/ Oncology Palpable Carcinoma,,,,,,General Surgery,General,,,,,,
49,2025,NEET PG,Dermatology,,,/ Hyperpigmentation ACTH.,,,,,,General Medicine,General,,,,,,
50,2025,NEET PG,Microbiology,,,Nocardia: staining Paraffin B,,,,,,Microbiology,General,,,,,,
51,2025,NEET PG,Psychiatry,,,Acute stress acute stress,,,,,,General Medicine,General,,,,,,
52,2025,NEET PG,Pathology,,,holman -miller sinus Angiofibroma.,,,,,,Pathology,General,,,,,,
53,2025,NEET PG,Nutrition,,,Vitamin deficiency Vitamin B12.,,,,,,Biochemistry,General,,,,,,
54,2025,NEET PG,Orthopedics,,,25 yo femur Fat embolism.,,,,,,Orthopaedics,General,,,,,,
55,2025,NEET PG,Pharmacology,,,Pegloticase Pegloticase.,,,,,,Pharmacology,General,,,,,,
56,2025,NEET PG,Surgery,,,"Duodenum surgery, Inferior vena cava",,,,,,General Surgery,General,,,,,,
57,2025,NEET PG,Anesthesia,,,Anesthetic related to Dantrolene.,,,,,,Anaesthesia,General,,,,,,
58,2025,NEET PG,Surgery,,,IBQ (image-based) knote (surgeons ),,,,,,General Surgery,General,,,,,,
59,2025,NEET PG,Pharmacology,,,Amiodarone Blocks potassium,,,,,,Pharmacology,General,,,,,,
60,2025,NEET PG,Toxicology,,,Garlic odor present arsenic,,,,,,Forensic Medicine,General,,,,,,
61,2025,NEET PG,Toxicology,,,/ Amiodarone action Blocks potassium,,,,,,Forensic Medicine,General,,,,,,
63,2025,NEET PG,ENT,,,"/ Neurology Rinne positive right, left CHL hearing",,,,,,ENT,Nose,,,,,,
64,2025,NEET PG,Neurology,,,/ Tardive dyskinesia: Valbenazine.,,,,,,General Medicine,General,,,,,,
65,2025,NEET PG,Forensic,,,Medicine Zasko phenomenon Tendon reflex after,,,,,,Forensic Medicine,General,,,,,,
66,2025,NEET PG,ENT,,,"X-ray, image-based Piriform sinus.",,,,,,ENT,General,,,,,,
67,2025,NEET PG,Microbiology,,,Lupus vulgaris PCR.,,,,,,Microbiology,General,,,,,,
68,2025,NEET PG,Surgery,,,Strasberg Type A.,,,,,,General Surgery,General,,,,,,
69,2025,NEET PG,Infectious,,,"Disease / HIV + TB ATT 2 weeks, then",,,,,,Microbiology,Virology,,,,,,
70,2025,NEET PG,Oncology,,,Anal carcinoma superficial inguinal,,,,,,Pathology,Neoplasia,,,,,,
71,2025,NEET PG,Public,,,"Health Nalgonda technique Alum and lime, bag",,,,,,Community Medicine,General,,,,,,
72,2025,NEET PG,Gastroenterology,,,Achalasia cardia Manometry.,,,,,,General Medicine,General,,,,,,
73,2025,NEET PG,Endocrinology,,,"Hyponatremia, Addison’s disease.",,,,,,General Medicine,Cardiology,,,,,,
74,2025,NEET PG,Dermatology,,,"Image-based: lady, Dermoid cyst.",,,,,,General Medicine,General,,,,,,
75,2025,NEET PG,Gynecology,,,"/ Mediolateral Mucosa, muscle,",,,,,,Gynaecology,General,,,,,,
76,2025,NEET PG,Endocrinology,,,/ Isolated ALP Paget’s disease.,,,,,,General Medicine,General,,,,,,
77,2025,NEET PG,Pediatrics,,,"Image: child, Congenital",,,,,,Paediatrics,General,,,,,,
78,2025,NEET PG,Infectious,,,Disease Defacto present,,,,,,Microbiology,General,,,,,,
79,2025,NEET PG,Epidemiology,,,Question about generation time is,,,,,,Community Medicine,General,,,,,,
80,2025,NEET PG,Anesthesia,,,Preop/intraop drug Phenoxybenzamine.,,,,,,Anaesthesia,General,,,,,,
81,2025,NEET PG,Orthopedics,,,Image-based Perthes’ disease.,,,,,,Orthopaedics,General,,,,,,
82,2025,NEET PG,Dermatology,,,Middle finger wet gangrene,,,,,,General Medicine,Cardiology,,,,,,
84,2025,NEET PG,surgery,,,used for,,,,,,General Surgery,General,,,,,,
85,2025,NEET PG,Anatomy,,,Nerve supply to and facial nerve,,,,,,Anatomy,General,,,,,,
86,2025,NEET PG,Pediatrics,,,Management of Rectal diazepam.,,,,,,Paediatrics,General,,,,,,
87,2025,NEET PG,Gynecology,,,Anti-Müllerian Premature ovarian,,,,,,Gynaecology,General,,,,,,
88,2025,NEET PG,Rheumatology,,,/ Hand exhibits Wet gangrene,,,,,,General Medicine,General,,,,,,
89,2025,NEET PG,Surgery,,,Lower limb swelling Lymphatic blockage.,,,,,,General Surgery,General,,,,,,
90,2025,NEET PG,ENT,,,/ Oncology “Lio sinus” seen in Carotid body tumor.,,,,,,ENT,Nose,,,,,,
91,2025,NEET PG,Endocrinology,,,Carpopedal spasm: Thyroid surgery.,,,,,,General Medicine,General,,,,,,
92,2025,NEET PG,Endocrinology,,,/ Patient on insulin + Empagliflozin.,,,,,,General Medicine,General,,,,,,
93,2025,NEET PG,Anatomy,,,Image-based facial artery or,,,,,,Anatomy,General,,,,,,
94,2025,NEET PG,Anatomy,,,Nerve that does not Vagus.,,,,,,Anatomy,General,,,,,,
95,2025,NEET PG,Neurology,,,Hyponatremia MRI.,,,,,,General Medicine,Cardiology,,,,,,
96,2025,NEET PG,Anatomy,,,"Root value: lateral L2, L3.",,,,,,Anatomy,General,,,,,,
97,2025,NEET PG,Endocrinology,,,"Acromegaly IGF-1, failure to",,,,,,General Medicine,Endocrinology,,,,,,
98,2025,NEET PG,Nephrology,,,/ CKD + Erythropoietin or,,,,,,General Medicine,Nephrology,,,,,,
99,2025,NEET PG,Public,,,Health Calculation: number 42.,,,,,,Community Medicine,General,,,,,,
100,2025,NEET PG,Pediatrics,,,/ Child with visual Craniopharyngioma.,,,,,,Paediatrics,General,,,,,,
101,2025,NEET PG,Uterine,,,Prolapse Management Push-up and,,,,,,Gynaecology,General,,,,,,
102,2025,NEET PG,Shoulder,,,"Dystocia Sequence of Microberts, Ruben,",,,,,,Orthopaedics,General,,,,,,
103,2025,NEET PG,Amniotic,,,Band Associated Sheehan syndrome.,,,,,,Gynaecology,General,,,,,,
106,2025,NEET PG,Thrombosis,,,Prevention of Low molecular,,,,,,General Medicine,General,,,,,,
107,2025,NEET PG,Uterine,,,Prolapse Ligament related Cardinal ligament,,,,,,Gynaecology,General,,,,,,
108,2025,NEET PG,Menstrual,,,Cycle LH and FSH status Decreased.,,,,,,Gynaecology,General,,,,,,
110,2025,NEET PG,Binocular,,,Vision Constituents SMP and fusion.,,,,,,Ophthalmology,General,,,,,,
111,2025,NEET PG,Orbital,,,Cellulitis True statement Ethmoid sinusitis is,,,,,,Ophthalmology,General,,,,,,
115,2025,NEET PG,Shoulder,,,"Pain, Tear in long head of Infraglenoid",,,,,,Orthopaedics,General,,,,,,
116,2025,NEET PG,Fracture,,,"Tibia, Peripheral pulses Immediate",,,,,,Orthopaedics,General,,,,,,
117,2025,NEET PG,Knee,,,"Replacement, Dyspnea and CT pulmonary",,,,,,Orthopaedics,General,,,,,,
118,2025,NEET PG,Diabetic,,,with COVID Type of surveillance Passive.,,,,,,General Medicine,General,,,,,,
122,2025,NEET PG,Programme,,,Measure degree of Evaluation.,,,,,,Community Medicine,General,,,,,,
123,2025,NEET PG,Sepsis,,,Control 20 PHCs standard Cluster RCT.,,,,,,General Medicine,General,,,,,,
126,2025,NEET PG,Cataract,,,Treatment Curator method One cater for four,,,,,,Ophthalmology,General,,,,,,
128,2025,NEET PG,Fetal,,,"Bradycardia, Immediate C section",,,,,,Obstetrics,General,,,,,,
129,2025,NEET PG,Umbilical,,,Cord Number of vein and One vein and two,,,,,,Obstetrics,General,,,,,,
132,2025,NEET PG,Renal,,,"Stones, Cause Increased calcium",,,,,,General Medicine,General,,,,,,
137,2025,NEET PG,Breast,,,"Cancer Early detection, Lead time bias.",,,,,,General Surgery,General,,,,,,
138,2025,NEET PG,Ankle,,,Injury Ligament injured a deltoid muscle,,,,,,Orthopaedics,General,,,,,,
143,2025,NEET PG,PDA,,,Defect in which arch Sixth.(left),,,,,,Paediatrics,General,,,,,,
146,2025,NEET PG,Labor,,,Progress Management LSCS.,,,,,,Obstetrics,General,,,,,,
149,2025,NEET PG,Pleural,,,Tap (Image) Diagnosis Spontaneous,,,,,,General Medicine,General,,,,,,
150,2025,NEET PG,Child,,,Leg Fracture + Metaphyseal Vitamin D,,,,,,Paediatrics,General,,,,,,
